transcript_id,SRR21831518,SRR21831519,SRR21831520,SRR21837144,SRR21837145,SRR21837146
TrSC58v2_2.t1.e1,2,2,4,3,6,19
TrSC58v2_2.t1,0,0,0,10,5,23
TrSC58v2_1.t1.e1,2,0,0,1,0,1
TrSC58v2_1.t1,1,0,0,1,0,2
TrSC58v2_3.t1.e1,14,16,43,54,24,107
TrSC58v2_3.t1,10,13,1,45,18,80
TrSC58v2_11.t1.e1,5,3,5,10,6,18
TrSC58v2_11.t1,0,0,5,8,5,15
TrSC58v2_16.t1.e1,3,11,14,26,5,58
TrSC58v2_16.t1,0,10,13,21,4,48
TrSC58v2_12.t1.e1,17,11,30,40,27,127
TrSC58v2_12.t1,1,10,23,32,21,104
MSTRG.18.1,2,3,15,12,10,19
TrSC58v2_13.t1,4,4,1,1,1,11
TrSC58v2_13.t1.e1,1,0,1,1,2,15
MSTRG.18.3,2,6,7,0,14,40
TrSC58v2_14.t1.e1,2,3,2,6,1,13
TrSC58v2_14.t1,1,1,2,1,1,15
TrSC58v2_15.t1.e1,4,1,4,7,4,17
TrSC58v2_15.t1,1,1,5,1,5,21
TrSC58v2_17.t1.e1,7,2,11,20,26,51
TrSC58v2_17.t1,5,1,10,17,23,44
TrSC58v2_18.t1.e1,1,7,11,12,8,18
TrSC58v2_18.t1,1,5,9,11,7,16
TrSC58v2_9455.t1,0,0,1,1,0,3
TrSC58v2_9455.t1.e1,0,0,1,1,0,3
TrSC58v2_9457.t1,0,0,2,2,0,2
TrSC58v2_9457.t1.e1,0,0,2,3,0,3
TrSC58v2_9456.t1,0,0,2,2,0,2
TrSC58v2_9456.t1.e1,0,0,2,3,0,3
TrSC58v2_8.t1,0,0,0,2,1,1
TrSC58v2_8.t1.e1,0,0,0,2,1,1
TrSC58v2_4.t1,2,0,2,1,1,1
TrSC58v2_4.t1.e1,0,0,2,1,2,1
TrSC58v2_5.t1.e1,3,4,8,23,7,50
TrSC58v2_5.t1,2,3,0,1,1,2
TrSC58v2_6.t1.e1,3,5,2,1,1,9
TrSC58v2_6.t1,2,0,1,1,1,9
TrSC58v2_7.t1.e1,9,4,19,10,7,35
TrSC58v2_7.t1,3,3,3,1,1,30
TrSC58v2_9.t1.e1,8,11,34,61,13,43
TrSC58v2_9.t1,0,8,1,1,10,38
TrSC58v2_10.t1,8,6,19,37,25,96
TrSC58v2_10.t1.e1,6,7,19,42,29,107
TrSC58v2_20.t1.e1,7,10,10,22,13,48
TrSC58v2_20.t1,6,8,5,18,10,36
TrSC58v2_23.t1,0,0,2,2,4,1
TrSC58v2_23.t1.e1,2,2,2,3,5,10
TrSC58v2_19.t1.e1,3,7,21,21,15,32
TrSC58v2_19.t1,2,5,14,18,12,31
TrSC58v2_22.t1.e1,2,0,0,0,0,2
TrSC58v2_22.t1,0,0,0,0,0,1
TrSC58v2_25.t1,0,0,2,0,4,1
TrSC58v2_25.t1.e1,2,2,2,4,5,10
TrSC58v2_27.t1,0,0,2,0,4,4
TrSC58v2_27.t1.e1,2,2,2,4,5,6
TrSC58v2_31.t1.e1,3,4,4,4,12,11
TrSC58v2_31.t1,0,0,3,0,0,9
TrSC58v2_33.t1.e1,5,4,0,6,5,21
TrSC58v2_33.t1,4,1,0,0,5,29
TrSC58v2_34.t1.e1,9,5,12,13,16,35
TrSC58v2_34.t1,0,4,0,12,14,31
TrSC58v2_29.t1.e1,7,4,19,17,20,40
TrSC58v2_29.t1,6,0,13,16,19,31
TrSC58v2_35.t1.e1,13,2,10,35,9,24
TrSC58v2_35.t1,0,1,8,2,6,14
TrSC58v2_36.t1.e1,11,17,26,71,35,108
TrSC58v2_36.t1,10,15,22,63,33,99
TrSC58v2_38.t1.e1,17,8,15,24,6,45
TrSC58v2_38.t1,14,7,0,20,5,40
TrSC58v2_42.t1.e1,12,9,14,42,20,46
TrSC58v2_42.t1,2,7,12,2,18,41
TrSC58v2_44.t1.e1,6,6,9,9,11,35
TrSC58v2_44.t1,0,5,7,8,10,31
TrSC58v2_45.t1.e1,17,4,15,13,9,37
TrSC58v2_45.t1,0,0,14,13,6,33
TrSC58v2_39.t1.e1,19,11,31,14,13,56
TrSC58v2_39.t1,14,10,0,11,11,45
TrSC58v2_46.t1.e1,2,0,0,2,0,9
TrSC58v2_46.t1,0,0,0,0,0,0
TrSC58v2_50.t1.e1,4,8,8,5,6,39
TrSC58v2_50.t1,0,0,7,4,1,3
TrSC58v2_48.t1.e1,4,7,3,13,5,32
TrSC58v2_48.t1,0,1,3,10,4,29
TrSC58v2_49.t1.e1,17,3,10,22,22,97
TrSC58v2_49.t1,14,3,10,19,17,83
TrSC58v2_51.t1.e1,3,1,12,9,7,27
TrSC58v2_51.t1,0,1,11,8,6,22
TrSC58v2_54.t1.e1,6,4,17,16,7,59
TrSC58v2_54.t1,5,0,3,12,5,8
TrSC58v2_55.t1.e1,5,0,0,0,0,7
TrSC58v2_55.t1,4,0,0,0,0,1
TrSC58v2_56.t1.e1,12,3,19,41,17,73
TrSC58v2_56.t1,8,0,13,35,15,65
TrSC58v2_58.t1.e1,2,12,11,9,7,46
TrSC58v2_58.t1,1,0,0,2,1,3
TrSC58v2_59.t1.e1,5,2,20,25,13,39
TrSC58v2_59.t1,2,2,16,20,11,36
TrSC58v2_64.t1.e1,3,5,14,54,28,78
TrSC58v2_64.t1,1,4,11,0,19,61
TrSC58v2_65.t1.e1,4,4,11,12,5,31
TrSC58v2_65.t1,0,0,10,10,3,26
TrSC58v2_66.t1.e1,3,3,14,10,11,39
TrSC58v2_66.t1,0,2,13,2,10,33
TrSC58v2_61.t1.e1,5,4,11,35,11,16
TrSC58v2_61.t1,4,0,0,0,0,14
MSTRG.73.1,5,0,7,8,8,43
TrSC58v2_69.t1.e1,10,22,17,82,28,124
TrSC58v2_69.t1,9,19,14,2,25,104
TrSC58v2_70.t1.e1,3,7,7,14,15,20
TrSC58v2_70.t1,0,5,5,11,11,14
TrSC58v2_71.t1.e1,5,0,8,21,11,15
TrSC58v2_71.t1,0,0,6,17,8,13
TrSC58v2_77.t1.e1,3,7,13,11,9,50
TrSC58v2_77.t1,0,2,3,9,8,47
TrSC58v2_78.t1.e1,4,0,8,33,0,39
TrSC58v2_78.t1,0,0,0,1,0,3
TrSC58v2_74.t1.e1,5,7,25,39,23,83
TrSC58v2_74.t1,4,5,18,2,20,67
TrSC58v2_82.t1.e1,3,4,12,19,5,13
TrSC58v2_82.t1,1,0,0,0,0,0
TrSC58v2_80.t1.e1,4,3,14,16,7,24
TrSC58v2_80.t1,3,1,4,15,6,23
TrSC58v2_83.t1.e1,4,4,3,11,8,27
TrSC58v2_83.t1,0,0,1,9,0,11
TrSC58v2_81.t1.e1,8,8,22,11,25,159
TrSC58v2_81.t1,7,6,16,10,1,3
TrSC58v2_84.t1.e1,4,0,11,9,14,22
TrSC58v2_84.t1,3,0,1,8,10,18
TrSC58v2_85.t1.e1,3,10,4,10,18,47
TrSC58v2_85.t1,0,8,0,7,16,36
TrSC58v2_87.t1.e1,21,16,19,27,14,61
TrSC58v2_87.t1,1,1,16,25,11,55
TrSC58v2_151.t1.e1,7,4,5,4,12,19
TrSC58v2_151.t1,5,0,4,1,2,17
TrSC58v2_152.t1.e1,4,7,4,10,15,53
TrSC58v2_152.t1,1,2,1,9,14,45
TrSC58v2_153.t1.e1,2,3,4,5,4,15
TrSC58v2_153.t1,1,1,0,2,0,2
TrSC58v2_154.t1.e1,4,7,10,15,5,24
TrSC58v2_154.t1,2,2,9,13,4,19
TrSC58v2_155.t1.e1,4,7,13,3,12,30
TrSC58v2_155.t1,3,6,9,3,8,30
TrSC58v2_157.t1.e1,7,13,30,48,28,106
TrSC58v2_157.t1,5,10,23,38,26,101
TrSC58v2_159.t1.e1,4,0,4,0,23,47
TrSC58v2_159.t1,0,0,3,0,0,3
TrSC58v2_162.t1.e1,3,4,9,5,5,24
TrSC58v2_162.t1,1,1,0,1,5,17
TrSC58v2_160.t1.e1,6,4,13,32,11,39
TrSC58v2_160.t1,0,3,11,12,9,31
TrSC58v2_165.t1.e1,6,3,6,8,6,4
TrSC58v2_165.t1,4,3,4,7,2,3
MSTRG.166.1,11,8,14,33,24,51
TrSC58v2_166.t1.e1,7,11,29,53,36,100
TrSC58v2_166.t1,6,0,21,44,34,85
TrSC58v2_167.t1.e1,8,10,8,16,14,40
TrSC58v2_167.t1,0,9,6,13,13,32
TrSC58v2_171.t1.e1,3,5,5,5,4,6
TrSC58v2_171.t1,1,2,4,5,3,6
TrSC58v2_168.t1.e1,9,14,27,14,17,70
TrSC58v2_168.t1,6,11,24,12,14,54
TrSC58v2_170.t1.e1,11,2,5,5,15,46
TrSC58v2_170.t1,9,1,5,55,11,37
TrSC58v2_172.t1.e1,2,4,17,9,9,13
TrSC58v2_172.t1,2,2,0,8,0,11
TrSC58v2_174.t1.e1,6,7,8,13,16,29
TrSC58v2_174.t1,2,0,0,12,3,24
TrSC58v2_173.t1.e1,6,11,16,40,4,27
TrSC58v2_173.t1,5,9,12,36,4,24
TrSC58v2_175.t1.e1,9,8,22,35,20,100
TrSC58v2_175.t1,7,7,21,26,16,85
TrSC58v2_91.t1.e1,0,0,0,0,0,0
TrSC58v2_91.t1,0,0,0,0,0,0
TrSC58v2_96.t1,0,0,6,9,8,21
TrSC58v2_96.t1.e1,0,0,8,14,11,25
TrSC58v2_97.t1,0,0,1,1,1,14
TrSC58v2_97.t1.e1,0,3,11,10,21,18
TrSC58v2_103.t1,0,0,0,1,9,10
TrSC58v2_103.t1.e1,0,7,0,16,10,11
TrSC58v2_106.t1,0,0,4,0,2,30
TrSC58v2_106.t1.e1,0,3,5,29,9,41
TrSC58v2_109.t1,0,11,19,36,10,43
TrSC58v2_109.t1.e1,0,13,26,44,13,49
TrSC58v2_110.t1,0,1,20,18,18,52
TrSC58v2_110.t1.e1,0,15,24,21,21,60
TrSC58v2_113.t1,0,0,1,0,1,8
TrSC58v2_113.t1.e1,0,0,4,2,1,9
TrSC58v2_117.t1,0,0,4,13,5,20
TrSC58v2_117.t1.e1,0,0,5,19,6,23
TrSC58v2_120.t1,0,0,1,0,0,14
TrSC58v2_120.t1.e1,0,8,10,21,13,17
MSTRG.121.1,0,0,0,15,19,58
TrSC58v2_123.t1,0,2,0,7,1,10
TrSC58v2_123.t1.e1,0,5,4,8,3,10
TrSC58v2_124.t1,0,0,4,0,4,5
TrSC58v2_124.t1.e1,0,0,4,9,8,7
TrSC58v2_128.t1,0,0,1,2,1,3
TrSC58v2_128.t1.e1,0,0,5,6,10,27
TrSC58v2_131.t1,0,4,5,2,0,30
TrSC58v2_131.t1.e1,0,5,6,12,0,37
TrSC58v2_132.t1,0,0,8,8,8,14
TrSC58v2_132.t1.e1,0,13,9,10,12,18
TrSC58v2_133.t1,0,2,2,8,16,19
TrSC58v2_133.t1.e1,0,6,6,9,18,21
TrSC58v2_134.t1,0,2,1,1,0,21
TrSC58v2_134.t1.e1,0,5,3,9,0,25
TrSC58v2_138.t1,0,0,3,2,2,25
TrSC58v2_138.t1.e1,0,0,9,9,3,27
TrSC58v2_143.t1,0,0,0,4,8,11
TrSC58v2_143.t1.e1,0,0,5,6,9,13
TrSC58v2_144.t1,0,0,3,4,10,8
TrSC58v2_144.t1.e1,0,7,24,29,11,16
TrSC58v2_147.t1,0,3,4,13,0,1
TrSC58v2_147.t1.e1,0,3,5,16,11,77
TrSC58v2_150.t1,0,0,0,18,4,13
TrSC58v2_150.t1.e1,0,4,3,22,4,16
TrSC58v2_88.t1.e1,19,15,18,26,14,59
TrSC58v2_88.t1,2,1,16,24,11,52
TrSC58v2_89.t1.e1,11,14,18,24,14,57
TrSC58v2_89.t1,8,1,16,22,11,49
TrSC58v2_90.t1.e1,11,8,18,25,14,56
TrSC58v2_90.t1,8,6,16,22,12,49
TrSC58v2_92.t1.e1,10,19,18,50,31,48
TrSC58v2_92.t1,8,0,15,2,3,42
TrSC58v2_93.t1.e1,12,10,28,23,15,45
TrSC58v2_93.t1,0,8,25,21,12,41
TrSC58v2_94.t1.e1,8,9,19,33,21,72
TrSC58v2_94.t1,5,8,16,28,19,65
TrSC58v2_95.t1.e1,7,16,8,6,12,37
TrSC58v2_95.t1,0,0,0,1,10,4
TrSC58v2_98.t1.e1,25,21,47,78,39,155
TrSC58v2_98.t1,1,19,42,75,36,143
MSTRG.101.1,2,24,43,36,19,124
TrSC58v2_99.t1.e1,7,7,13,53,28,46
TrSC58v2_99.t1,5,5,11,36,23,42
TrSC58v2_100.t1.e1,3,5,14,29,17,43
TrSC58v2_100.t1,0,0,12,27,16,35
TrSC58v2_101.t1.e1,4,0,22,8,5,24
TrSC58v2_101.t1,0,0,1,0,4,10
TrSC58v2_102.t1.e1,4,6,6,4,11,39
TrSC58v2_102.t1,3,5,5,0,9,29
TrSC58v2_104.t1.e1,2,4,1,5,1,20
TrSC58v2_104.t1,1,3,1,3,1,19
TrSC58v2_105.t1.e1,7,2,5,19,2,15
TrSC58v2_105.t1,0,1,0,0,1,13
TrSC58v2_107.t1.e1,8,11,21,27,25,76
TrSC58v2_107.t1,6,9,18,24,22,72
TrSC58v2_108.t1.e1,4,7,12,22,22,40
TrSC58v2_108.t1,4,0,9,18,2,33
TrSC58v2_111.t1.e1,25,15,35,77,40,171
TrSC58v2_111.t1,21,12,26,60,32,21
TrSC58v2_112.t1.e1,7,5,13,7,7,31
TrSC58v2_112.t1,1,4,12,1,5,27
TrSC58v2_118.t1.e1,20,21,32,121,93,334
TrSC58v2_118.t1,15,19,29,97,83,285
TrSC58v2_119.t1.e1,3,0,0,9,3,14
TrSC58v2_119.t1,0,0,0,7,3,9
TrSC58v2_121.t1.e1,4,10,12,16,22,36
TrSC58v2_121.t1,0,2,10,6,18,3
TrSC58v2_122.t1.e1,6,6,10,27,5,42
TrSC58v2_122.t1,5,5,10,22,0,33
TrSC58v2_125.t1.e1,3,4,11,10,6,30
TrSC58v2_125.t1,0,0,1,1,1,6
TrSC58v2_126.t1.e1,17,6,17,38,23,89
TrSC58v2_126.t1,15,6,14,34,20,74
TrSC58v2_127.t1.e1,8,6,21,51,16,76
TrSC58v2_127.t1,7,5,16,46,12,63
TrSC58v2_135.t1.e1,6,4,9,28,11,28
TrSC58v2_135.t1,4,0,7,25,9,23
TrSC58v2_136.t1.e1,9,7,4,21,9,30
TrSC58v2_136.t1,2,2,1,19,8,26
TrSC58v2_137.t1.e1,9,9,6,28,11,29
TrSC58v2_137.t1,8,8,5,18,9,25
TrSC58v2_139.t1.e1,4,0,14,5,4,25
TrSC58v2_139.t1,0,0,0,0,4,1
TrSC58v2_140.t1.e1,15,4,22,33,26,147
TrSC58v2_140.t1,0,1,17,31,21,8
TrSC58v2_141.t1.e1,8,5,4,19,4,38
TrSC58v2_141.t1,7,3,0,0,3,30
TrSC58v2_142.t1.e1,6,4,4,6,8,35
TrSC58v2_142.t1,5,0,0,3,7,31
TrSC58v2_145.t1.e1,11,0,4,23,16,32
TrSC58v2_145.t1,2,0,0,22,15,31
TrSC58v2_146.t1.e1,4,8,3,10,4,48
TrSC58v2_146.t1,0,7,0,9,3,11
TrSC58v2_148.t1.e1,4,5,5,5,8,36
TrSC58v2_148.t1,0,4,4,4,7,31
TrSC58v2_149.t1.e1,7,5,12,26,24,50
TrSC58v2_149.t1,5,0,10,20,1,45
MSTRG.556.1,0,0,7,16,3,34
TrSC58v2_550.t1.e1,8,0,7,4,1,13
TrSC58v2_550.t1,1,0,3,8,1,4
MSTRG.559.1,5,7,20,8,11,51
TrSC58v2_552.t1.e1,1,8,4,3,7,11
TrSC58v2_552.t1,1,0,2,1,6,10
TrSC58v2_549.t1.e1,3,15,15,32,19,74
TrSC58v2_549.t1,3,12,13,27,16,66
TrSC58v2_555.t1.e1,4,16,16,26,40,51
TrSC58v2_555.t1,3,11,11,24,31,44
MSTRG.564.1,19,16,10,16,24,83
TrSC58v2_558.t1.e1,5,7,6,7,9,28
TrSC58v2_558.t1,4,1,2,2,9,22
MSTRG.569.1,5,9,8,4,7,40
TrSC58v2_559.t1.e1,11,3,11,19,13,52
TrSC58v2_559.t1,9,2,8,16,12,47
TrSC58v2_560.t1.e1,2,6,10,8,7,30
TrSC58v2_560.t1,0,5,8,7,5,27
MSTRG.570.1,8,18,14,18,10,89
TrSC58v2_562.t1,10,7,8,19,14,56
TrSC58v2_562.t1.e1,15,8,9,26,17,67
TrSC58v2_177.t1,0,1,0,0,1,9
TrSC58v2_177.t1.e1,0,3,0,4,3,11
TrSC58v2_179.t1,0,0,12,0,3,22
TrSC58v2_179.t1.e1,0,0,14,3,4,28
TrSC58v2_182.t1,0,0,1,1,1,2
TrSC58v2_182.t1.e1,0,1,1,2,1,3
TrSC58v2_184.t1,0,0,0,1,1,2
TrSC58v2_184.t1.e1,0,1,1,2,1,2
TrSC58v2_186.t1,0,0,1,1,1,2
TrSC58v2_186.t1.e1,0,1,1,2,1,3
TrSC58v2_188.t1,0,0,1,1,1,2
TrSC58v2_188.t1.e1,0,1,1,1,1,3
TrSC58v2_191.t1,0,0,1,1,1,2
TrSC58v2_191.t1.e1,0,1,1,1,1,2
TrSC58v2_192.t1,0,0,8,13,8,17
TrSC58v2_192.t1.e1,0,4,10,15,12,25
TrSC58v2_199.t1,0,1,0,0,1,14
TrSC58v2_199.t1.e1,0,9,4,2,17,16
TrSC58v2_208.t1,0,0,1,8,8,14
TrSC58v2_208.t1.e1,0,0,10,9,9,15
TrSC58v2_214.t1,0,0,0,1,0,17
TrSC58v2_214.t1.e1,0,0,4,3,4,21
TrSC58v2_221.t1,0,0,1,0,1,3
TrSC58v2_221.t1.e1,0,0,2,0,12,3
TrSC58v2_223.t1,0,0,0,4,0,13
TrSC58v2_223.t1.e1,0,0,3,5,8,14
TrSC58v2_231.t1,0,4,3,1,3,2
TrSC58v2_231.t1.e1,0,4,4,3,4,11
TrSC58v2_233.t1,0,8,15,23,10,46
TrSC58v2_233.t1.e1,0,9,21,25,11,61
TrSC58v2_235.t1,0,5,12,1,5,26
TrSC58v2_235.t1.e1,0,7,14,31,7,30
TrSC58v2_236.t1,0,4,4,14,0,14
TrSC58v2_236.t1.e1,0,5,6,17,20,19
TrSC58v2_237.t1,0,0,0,0,1,0
TrSC58v2_237.t1.e1,0,0,4,4,1,3
TrSC58v2_238.t1,0,0,1,1,0,8
TrSC58v2_238.t1.e1,0,0,13,6,0,9
TrSC58v2_241.t1,0,5,0,9,23,34
TrSC58v2_241.t1.e1,0,7,4,10,25,51
TrSC58v2_242.t1,0,1,0,1,0,14
TrSC58v2_242.t1.e1,0,7,13,8,0,13
TrSC58v2_246.t1,0,0,0,4,0,3
TrSC58v2_246.t1.e1,0,0,0,5,0,14
TrSC58v2_247.t1,0,1,1,0,3,28
TrSC58v2_247.t1.e1,0,3,9,3,4,30
MSTRG.252.1,0,1,2,47,4,18
TrSC58v2_250.t1,0,0,1,11,1,12
TrSC58v2_250.t1.e1,0,0,12,14,7,13
TrSC58v2_252.t1,0,5,1,1,0,3
TrSC58v2_252.t1.e1,0,6,5,3,0,20
TrSC58v2_257.t1,0,0,0,0,2,3
TrSC58v2_257.t1.e1,0,2,7,3,3,41
TrSC58v2_260.t1,0,4,3,5,5,21
TrSC58v2_260.t1.e1,0,6,3,7,8,26
MSTRG.270.1,0,0,0,0,4,32
TrSC58v2_268.t1,0,1,1,10,4,10
TrSC58v2_268.t1.e1,0,4,2,11,5,11
TrSC58v2_274.t1,0,3,7,2,2,40
TrSC58v2_274.t1.e1,0,4,8,13,16,44
TrSC58v2_277.t1,0,6,4,4,7,26
TrSC58v2_277.t1.e1,0,9,4,5,7,46
TrSC58v2_280.t1,0,0,2,0,7,1
TrSC58v2_280.t1.e1,0,0,2,13,8,26
TrSC58v2_291.t1,0,3,0,1,6,35
TrSC58v2_291.t1.e1,0,4,34,37,7,43
TrSC58v2_309.t1,0,2,0,1,0,2
TrSC58v2_309.t1.e1,0,2,0,2,0,3
TrSC58v2_312.t1,0,0,8,0,4,1
TrSC58v2_312.t1.e1,0,8,11,5,21,22
TrSC58v2_314.t1,0,0,4,1,0,17
TrSC58v2_314.t1.e1,0,0,5,4,12,21
TrSC58v2_322.t1,0,1,1,3,0,13
TrSC58v2_322.t1.e1,0,5,14,4,3,15
TrSC58v2_323.t1,0,0,0,1,2,1
TrSC58v2_323.t1.e1,0,0,8,7,8,26
TrSC58v2_324.t1,0,1,2,2,2,14
TrSC58v2_324.t1.e1,0,1,6,20,5,15
TrSC58v2_326.t1,0,0,0,0,1,12
TrSC58v2_326.t1.e1,0,0,8,0,11,13
TrSC58v2_333.t1,0,0,0,0,1,8
TrSC58v2_333.t1.e1,0,0,0,11,6,9
TrSC58v2_340.t1,0,0,3,4,1,33
TrSC58v2_340.t1.e1,0,0,20,5,32,39
TrSC58v2_341.t1,0,0,0,0,0,17
TrSC58v2_341.t1.e1,0,0,0,0,0,21
TrSC58v2_352.t1,0,1,1,0,0,0
TrSC58v2_352.t1.e1,0,10,2,0,4,0
TrSC58v2_358.t1,0,0,0,13,10,34
TrSC58v2_358.t1.e1,0,4,13,15,14,36
TrSC58v2_360.t1,0,2,0,0,0,5
TrSC58v2_360.t1.e1,0,5,4,0,0,16
TrSC58v2_365.t1,0,0,1,6,7,50
TrSC58v2_365.t1.e1,0,0,15,7,7,55
TrSC58v2_373.t1,0,0,1,1,1,6
TrSC58v2_373.t1.e1,0,0,3,3,4,7
TrSC58v2_374.t1,0,0,0,3,0,6
TrSC58v2_374.t1.e1,0,0,0,7,0,6
TrSC58v2_382.t1,0,5,0,0,3,21
TrSC58v2_382.t1.e1,0,7,4,9,6,27
TrSC58v2_385.t1,0,1,0,10,0,1
TrSC58v2_385.t1.e1,0,3,9,11,4,24
TrSC58v2_386.t1,0,1,0,16,19,44
TrSC58v2_386.t1.e1,0,2,0,18,22,55
TrSC58v2_388.t1,0,0,0,0,1,2
TrSC58v2_388.t1.e1,0,0,3,0,1,2
TrSC58v2_390.t1,0,0,0,11,0,17
TrSC58v2_390.t1.e1,0,4,7,12,8,20
TrSC58v2_393.t1,0,5,0,0,2,17
TrSC58v2_393.t1.e1,0,7,0,5,3,19
TrSC58v2_394.t1,0,0,4,7,1,6
TrSC58v2_394.t1.e1,0,11,6,10,11,24
TrSC58v2_402.t1,0,0,0,0,1,0
TrSC58v2_402.t1.e1,0,0,3,0,7,8
TrSC58v2_403.t1,0,0,5,7,0,21
TrSC58v2_403.t1.e1,0,19,6,9,16,27
TrSC58v2_404.t1,0,3,0,5,0,12
TrSC58v2_404.t1.e1,0,4,0,6,0,14
TrSC58v2_405.t1,0,0,1,4,3,12
TrSC58v2_405.t1.e1,0,0,14,4,3,15
TrSC58v2_410.t1,0,0,0,0,0,11
TrSC58v2_410.t1.e1,0,0,0,0,0,4
TrSC58v2_414.t1,0,1,0,2,6,24
TrSC58v2_414.t1.e1,0,9,8,7,6,28
TrSC58v2_415.t1,0,7,15,13,15,40
TrSC58v2_415.t1.e1,0,9,16,15,17,50
TrSC58v2_420.t1,0,0,2,3,1,15
TrSC58v2_420.t1.e1,0,3,2,3,2,19
TrSC58v2_423.t1,0,1,12,1,0,3
TrSC58v2_423.t1.e1,0,4,14,6,4,17
TrSC58v2_424.t1,0,0,1,2,0,5
TrSC58v2_424.t1.e1,0,0,13,10,7,6
MSTRG.434.1,0,4,11,29,12,39
TrSC58v2_432.t1,0,1,0,2,0,10
TrSC58v2_432.t1.e1,0,3,0,5,3,11
TrSC58v2_435.t1,0,0,5,0,1,10
TrSC58v2_435.t1.e1,0,0,6,3,9,12
TrSC58v2_440.t1,0,0,0,16,9,47
TrSC58v2_440.t1.e1,0,10,10,19,11,50
TrSC58v2_447.t1,0,1,1,4,1,8
TrSC58v2_447.t1.e1,0,1,3,5,1,10
TrSC58v2_457.t1,0,3,0,2,1,17
TrSC58v2_457.t1.e1,0,4,0,14,2,17
TrSC58v2_458.t1,0,0,0,4,2,9
TrSC58v2_458.t1.e1,0,5,0,5,3,9
TrSC58v2_461.t1,0,1,9,2,6,23
TrSC58v2_461.t1.e1,0,8,11,3,7,26
TrSC58v2_462.t1,0,3,6,4,0,26
TrSC58v2_462.t1.e1,0,4,9,6,7,30
TrSC58v2_469.t1,0,3,14,1,17,36
TrSC58v2_469.t1.e1,0,4,17,27,21,40
TrSC58v2_470.t1,0,0,2,8,1,13
TrSC58v2_470.t1.e1,0,9,3,10,4,15
TrSC58v2_474.t1,0,11,4,12,8,26
TrSC58v2_474.t1.e1,0,14,6,14,9,31
TrSC58v2_475.t1,0,0,0,0,0,1
TrSC58v2_475.t1.e1,0,3,0,0,0,4
TrSC58v2_476.t1,0,0,0,0,0,1
TrSC58v2_476.t1.e1,0,2,2,4,4,7
TrSC58v2_477.t1,0,0,0,1,0,0
TrSC58v2_477.t1.e1,0,4,0,1,0,2
TrSC58v2_478.t1,0,0,0,0,0,1
TrSC58v2_478.t1.e1,0,2,2,5,5,11
TrSC58v2_479.t1,0,0,0,1,0,1
TrSC58v2_479.t1.e1,0,0,0,3,0,3
TrSC58v2_480.t1,0,0,0,6,0,11
TrSC58v2_480.t1.e1,0,2,2,19,10,13
TrSC58v2_481.t1,0,5,6,2,0,50
TrSC58v2_481.t1.e1,0,7,7,20,36,53
TrSC58v2_483.t1,0,0,0,1,1,1
TrSC58v2_483.t1.e1,0,7,8,7,7,36
TrSC58v2_484.t1,0,0,10,13,9,27
TrSC58v2_484.t1.e1,0,4,11,16,13,30
TrSC58v2_487.t1,0,0,1,4,0,9
TrSC58v2_487.t1.e1,0,0,1,5,4,9
TrSC58v2_490.t1,0,5,1,4,1,24
TrSC58v2_490.t1.e1,0,7,16,5,29,36
TrSC58v2_502.t1,0,9,19,12,19,68
TrSC58v2_502.t1.e1,0,11,22,14,20,76
TrSC58v2_503.t1,0,0,0,2,0,25
TrSC58v2_503.t1.e1,0,5,0,3,16,29
TrSC58v2_504.t1,0,0,1,1,4,15
TrSC58v2_504.t1.e1,0,8,14,17,5,17
MSTRG.513.2,0,0,0,0,0,52
TrSC58v2_513.t1,0,0,1,1,2,45
TrSC58v2_513.t1.e1,0,4,2,25,7,54
TrSC58v2_517.t1,0,0,15,6,8,25
TrSC58v2_517.t1.e1,0,12,19,9,10,28
TrSC58v2_525.t1,0,0,0,1,4,3
TrSC58v2_525.t1.e1,0,0,8,8,5,28
TrSC58v2_529.t1,0,0,5,0,0,0
TrSC58v2_529.t1.e1,0,0,7,5,8,20
TrSC58v2_532.t1,0,0,1,3,2,18
TrSC58v2_532.t1.e1,0,3,3,4,3,20
TrSC58v2_535.t1,0,0,8,3,1,4
TrSC58v2_535.t1.e1,0,0,9,4,3,24
TrSC58v2_546.t1,0,0,4,0,1,2
TrSC58v2_546.t1.e1,0,0,5,18,3,28
TrSC58v2_176.t1.e1,4,9,8,4,4,19
TrSC58v2_176.t1,0,0,1,0,0,18
TrSC58v2_178.t1.e1,2,10,23,22,11,60
TrSC58v2_178.t1,0,10,19,18,11,50
TrSC58v2_180.t1.e1,9,4,14,29,21,63
TrSC58v2_180.t1,6,3,9,26,17,51
TrSC58v2_181.t1.e1,4,8,5,14,9,36
TrSC58v2_181.t1,3,6,1,1,8,31
TrSC58v2_183.t1.e1,1,1,1,3,2,6
TrSC58v2_183.t1,1,1,1,2,2,6
TrSC58v2_185.t1.e1,1,1,1,3,3,7
TrSC58v2_185.t1,1,1,1,2,3,7
TrSC58v2_187.t1.e1,1,1,1,3,3,8
TrSC58v2_187.t1,1,1,1,3,3,8
TrSC58v2_189.t1.e1,9,2,6,18,9,27
TrSC58v2_189.t1,0,0,4,15,8,25
TrSC58v2_190.t1.e1,8,9,10,16,15,56
TrSC58v2_190.t1,6,8,9,12,14,43
MSTRG.193.1,6,8,33,24,39,108
TrSC58v2_193.t1.e1,12,0,2,7,5,8
TrSC58v2_193.t1,1,0,0,0,4,7
TrSC58v2_194.t1.e1,3,5,7,8,4,39
TrSC58v2_194.t1,0,4,6,7,3,29
TrSC58v2_195.t1.e1,4,0,6,20,12,40
TrSC58v2_195.t1,0,0,5,18,0,34
TrSC58v2_196.t1.e1,20,13,11,38,14,34
TrSC58v2_196.t1,0,11,11,35,11,30
TrSC58v2_197.t1.e1,3,6,4,7,12,42
TrSC58v2_197.t1,0,4,0,0,2,0
TrSC58v2_198.t1.e1,8,4,6,24,12,52
TrSC58v2_198.t1,6,3,6,22,10,48
TrSC58v2_200.t1.e1,11,12,19,40,18,128
TrSC58v2_200.t1,10,11,16,28,17,6
TrSC58v2_201.t1.e1,5,3,7,26,16,49
TrSC58v2_201.t1,3,2,6,23,13,39
TrSC58v2_202.t1.e1,9,7,20,27,7,48
TrSC58v2_202.t1,7,5,15,19,5,44
TrSC58v2_203.t1.e1,2,0,2,5,2,4
TrSC58v2_203.t1,0,0,0,1,2,3
TrSC58v2_204.t1.e1,2,0,1,2,5,6
TrSC58v2_204.t1,0,0,0,0,0,4
TrSC58v2_205.t1.e1,3,4,4,16,4,19
TrSC58v2_205.t1,2,0,0,31,3,0
TrSC58v2_206.t1.e1,4,4,8,48,11,31
TrSC58v2_206.t1,0,3,6,0,8,22
TrSC58v2_207.t1.e1,8,5,11,30,7,30
TrSC58v2_207.t1,7,4,0,7,5,25
TrSC58v2_209.t1.e1,6,0,3,1,4,14
TrSC58v2_209.t1,1,0,3,1,3,13
TrSC58v2_210.t1.e1,3,16,6,26,20,44
TrSC58v2_210.t1,3,0,2,20,16,39
TrSC58v2_211.t1.e1,4,0,31,14,12,57
TrSC58v2_211.t1,0,0,1,9,0,2
TrSC58v2_212.t1.e1,3,4,4,0,7,27
TrSC58v2_212.t1,0,0,0,0,6,1
TrSC58v2_213.t1.e1,5,3,10,41,12,48
TrSC58v2_213.t1,3,2,7,33,9,44
TrSC58v2_215.t1.e1,4,0,6,7,16,40
TrSC58v2_215.t1,0,0,5,5,0,0
TrSC58v2_216.t1.e1,10,19,18,15,48,72
TrSC58v2_216.t1,2,1,16,14,5,56
TrSC58v2_217.t1.e1,8,9,9,4,7,43
TrSC58v2_217.t1,0,2,1,3,1,0
TrSC58v2_218.t1.e1,10,11,23,24,21,92
TrSC58v2_218.t1,9,1,18,22,17,84
TrSC58v2_219.t1.e1,4,5,2,8,18,24
TrSC58v2_219.t1,0,4,1,7,15,22
TrSC58v2_220.t1.e1,5,4,5,3,4,22
TrSC58v2_220.t1,1,0,1,3,0,18
TrSC58v2_222.t1.e1,4,13,23,23,27,81
TrSC58v2_222.t1,0,2,19,19,23,78
TrSC58v2_224.t1.e1,3,2,3,7,3,10
TrSC58v2_224.t1,3,0,2,7,2,9
TrSC58v2_225.t1.e1,3,0,8,13,1,4
TrSC58v2_225.t1,0,0,6,9,1,4
TrSC58v2_226.t1.e1,4,20,29,66,37,116
TrSC58v2_226.t1,3,17,20,59,32,105
TrSC58v2_227.t1.e1,8,11,27,98,22,119
TrSC58v2_227.t1,2,10,23,81,28,103
TrSC58v2_228.t1.e1,10,8,11,16,11,25
TrSC58v2_228.t1,1,5,9,2,3,23
TrSC58v2_229.t1.e1,2,4,4,11,8,45
TrSC58v2_229.t1,1,0,3,9,7,35
TrSC58v2_230.t1.e1,2,12,5,2,7,45
TrSC58v2_230.t1,2,2,3,1,6,1
TrSC58v2_232.t1.e1,14,6,60,180,97,420
TrSC58v2_232.t1,10,6,54,124,103,131
TrSC58v2_234.t1.e1,6,6,27,13,24,46
TrSC58v2_234.t1,5,5,3,11,2,17
TrSC58v2_239.t1.e1,4,7,13,30,20,47
TrSC58v2_239.t1,0,5,9,14,17,41
TrSC58v2_240.t1.e1,4,3,4,6,10,27
TrSC58v2_240.t1,0,0,3,6,8,24
TrSC58v2_243.t1.e1,7,0,18,16,6,28
TrSC58v2_243.t1,1,0,1,1,5,23
TrSC58v2_244.t1.e1,4,4,5,8,14,46
TrSC58v2_244.t1,0,0,4,6,0,6
TrSC58v2_245.t1.e1,15,6,14,44,29,55
TrSC58v2_245.t1,12,5,12,40,26,56
TrSC58v2_248.t1.e1,11,0,2,0,8,8
TrSC58v2_248.t1,0,0,1,0,7,7
TrSC58v2_249.t1.e1,1,4,7,9,10,34
TrSC58v2_249.t1,1,3,0,7,9,29
TrSC58v2_251.t1.e1,1,0,14,16,26,27
TrSC58v2_251.t1,1,0,13,11,4,26
MSTRG.256.1,20,11,18,29,17,111
TrSC58v2_253.t1,1,1,0,3,0,6
TrSC58v2_253.t1.e1,2,1,0,4,0,10
TrSC58v2_254.t1,1,0,1,2,0,2
TrSC58v2_254.t1.e1,1,0,1,3,0,5
MSTRG.259.1,64,54,93,180,69,350
MSTRG.260.1,4,3,22,40,23,84
TrSC58v2_258.t1,0,0,0,7,0,1
TrSC58v2_258.t1.e1,7,0,0,8,4,20
TrSC58v2_259.t1,3,0,5,6,5,28
TrSC58v2_259.t1.e1,4,0,6,7,21,31
TrSC58v2_261.t1,0,5,0,2,13,45
TrSC58v2_261.t1.e1,4,6,34,9,16,52
TrSC58v2_262.t1,8,0,8,18,14,41
TrSC58v2_262.t1.e1,11,0,11,22,17,38
TrSC58v2_265.t1,0,0,0,2,7,15
TrSC58v2_265.t1.e1,4,0,0,11,8,17
TrSC58v2_266.t1,0,6,0,15,12,9
TrSC58v2_266.t1.e1,10,7,14,17,15,83
MSTRG.269.1,48,22,76,230,78,304
TrSC58v2_267.t1,17,0,24,60,37,128
TrSC58v2_267.t1.e1,19,25,29,66,41,148
TrSC58v2_269.t1,18,23,45,86,36,187
TrSC58v2_269.t1.e1,22,25,53,97,41,220
TrSC58v2_270.t1,5,10,24,26,39,123
TrSC58v2_270.t1.e1,7,12,24,26,45,131
TrSC58v2_271.t1,0,0,0,3,1,1
TrSC58v2_271.t1.e1,3,4,15,4,3,48
TrSC58v2_272.t1,14,3,3,18,7,30
TrSC58v2_272.t1.e1,15,4,5,21,8,35
TrSC58v2_273.t1,0,0,0,14,1,16
TrSC58v2_273.t1.e1,6,0,11,26,14,18
TrSC58v2_275.t1,3,5,20,24,18,61
TrSC58v2_275.t1.e1,4,6,24,26,21,76
TrSC58v2_276.t1,9,10,15,17,15,41
TrSC58v2_276.t1.e1,10,11,18,21,17,50
TrSC58v2_278.t1,7,5,19,18,22,59
TrSC58v2_278.t1.e1,9,7,21,23,25,74
TrSC58v2_279.t1,0,3,0,17,9,48
TrSC58v2_279.t1.e1,4,5,9,20,9,41
TrSC58v2_281.t1,3,0,1,1,3,10
TrSC58v2_281.t1.e1,3,0,8,3,5,11
TrSC58v2_282.t1,0,0,16,0,13,25
TrSC58v2_282.t1.e1,4,4,23,25,14,31
TrSC58v2_283.t1,0,0,5,12,5,15
TrSC58v2_283.t1.e1,5,9,6,15,5,17
TrSC58v2_284.t1,0,0,5,13,0,18
TrSC58v2_284.t1.e1,4,4,6,15,8,23
TrSC58v2_285.t1,1,0,2,10,8,21
TrSC58v2_285.t1.e1,1,4,5,11,9,22
TrSC58v2_286.t1,6,0,1,1,1,25
TrSC58v2_286.t1.e1,6,0,4,11,4,27
TrSC58v2_287.t1,7,13,27,65,59,138
TrSC58v2_287.t1.e1,9,19,31,67,69,157
TrSC58v2_288.t1,0,1,2,2,0,4
TrSC58v2_288.t1.e1,10,3,11,3,0,28
TrSC58v2_289.t1,4,0,3,0,7,17
TrSC58v2_289.t1.e1,5,8,4,20,9,19
TrSC58v2_290.t1,0,0,12,1,1,14
TrSC58v2_290.t1.e1,4,3,13,2,10,16
TrSC58v2_292.t1,6,3,6,17,13,23
TrSC58v2_292.t1.e1,8,5,8,19,15,25
TrSC58v2_293.t1,0,0,0,4,2,15
TrSC58v2_293.t1.e1,3,0,4,4,5,19
MSTRG.299.1,23,59,78,67,75,276
TrSC58v2_294.t1,10,13,25,72,8,72
TrSC58v2_294.t1.e1,19,14,15,14,31,71
TrSC58v2_295.t1,1,1,3,0,1,1
TrSC58v2_295.t1.e1,2,7,10,11,11,13
TrSC58v2_296.t1,0,0,14,12,13,51
TrSC58v2_296.t1.e1,12,4,16,13,15,63
TrSC58v2_297.t1,4,0,7,7,6,27
TrSC58v2_297.t1.e1,5,4,10,10,9,61
TrSC58v2_298.t1,5,4,7,12,11,210
TrSC58v2_298.t1.e1,35,56,69,107,81,71
TrSC58v2_299.t1,1,33,86,76,58,175
TrSC58v2_299.t1.e1,46,41,3,69,42,160
TrSC58v2_300.t1,2,1,7,4,8,34
TrSC58v2_300.t1.e1,2,3,9,6,10,38
TrSC58v2_301.t1,7,6,6,27,19,62
TrSC58v2_301.t1.e1,9,9,7,29,21,65
TrSC58v2_302.t1,1,0,1,1,1,3
TrSC58v2_302.t1.e1,3,0,3,2,1,3
TrSC58v2_303.t1,1,3,20,22,25,66
TrSC58v2_303.t1.e1,2,7,21,23,27,77
TrSC58v2_304.t1,0,0,3,3,1,15
TrSC58v2_304.t1.e1,9,4,2,3,21,17
TrSC58v2_305.t1,2,1,10,1,6,30
TrSC58v2_305.t1.e1,2,2,7,13,8,34
TrSC58v2_306.t1,2,1,10,9,1,20
TrSC58v2_306.t1.e1,10,8,11,10,1,22
TrSC58v2_307.t1,5,0,0,4,2,13
TrSC58v2_307.t1.e1,5,0,4,7,2,14
TrSC58v2_308.t1,1,3,9,2,13,37
TrSC58v2_308.t1.e1,3,5,10,4,15,43
TrSC58v2_310.t1,1,0,7,0,2,15
TrSC58v2_310.t1.e1,3,0,7,4,14,16
TrSC58v2_311.t1,0,0,20,12,12,60
TrSC58v2_311.t1.e1,11,7,22,13,11,68
TrSC58v2_313.t1,4,8,23,35,18,75
TrSC58v2_313.t1.e1,12,9,26,37,20,84
TrSC58v2_315.t1,1,0,0,1,10,27
TrSC58v2_315.t1.e1,5,7,4,11,11,31
TrSC58v2_316.t1,0,1,1,4,10,1
TrSC58v2_316.t1.e1,15,4,9,5,11,39
TrSC58v2_317.t1,6,11,13,28,23,68
TrSC58v2_317.t1.e1,7,14,19,29,29,75
TrSC58v2_318.t1,0,0,9,10,6,5
TrSC58v2_318.t1.e1,16,0,12,11,7,64
TrSC58v2_319.t1,9,0,9,10,8,36
TrSC58v2_319.t1.e1,13,4,11,13,10,40
TrSC58v2_320.t1,8,0,0,50,28,103
TrSC58v2_320.t1.e1,10,4,92,53,31,107
TrSC58v2_321.t1,1,1,5,2,2,12
TrSC58v2_321.t1.e1,4,19,6,7,2,13
TrSC58v2_325.t1,0,0,1,4,0,16
TrSC58v2_325.t1.e1,4,3,2,5,5,17
TrSC58v2_327.t1,0,2,8,10,14,32
TrSC58v2_327.t1.e1,3,4,9,14,16,24
TrSC58v2_328.t1,12,5,16,30,29,88
TrSC58v2_328.t1.e1,16,6,20,35,35,101
TrSC58v2_329.t1,0,1,10,7,7,40
TrSC58v2_329.t1.e1,5,11,10,8,7,41
TrSC58v2_330.t1,0,2,9,9,12,24
TrSC58v2_330.t1.e1,2,2,10,10,13,24
TrSC58v2_331.t1,4,0,2,19,5,69
TrSC58v2_331.t1.e1,6,0,2,23,7,71
TrSC58v2_332.t1,1,0,0,13,0,2
TrSC58v2_332.t1.e1,2,0,4,14,0,16
TrSC58v2_334.t1,0,0,2,2,14,17
TrSC58v2_334.t1.e1,5,0,18,6,3,19
TrSC58v2_335.t1,2,0,0,1,2,8
TrSC58v2_335.t1.e1,3,0,5,3,7,9
TrSC58v2_336.t1,0,4,6,9,8,1
TrSC58v2_336.t1.e1,4,5,9,10,11,67
TrSC58v2_337.t1,0,0,1,8,7,27
TrSC58v2_337.t1.e1,5,0,5,10,8,30
TrSC58v2_338.t1,4,0,13,23,27,109
TrSC58v2_338.t1.e1,5,3,15,24,33,117
TrSC58v2_339.t1,4,0,8,8,14,35
TrSC58v2_339.t1.e1,5,9,10,8,15,37
TrSC58v2_342.t1,8,0,0,4,0,2
TrSC58v2_342.t1.e1,9,0,6,5,8,23
TrSC58v2_343.t1,0,0,0,1,0,1
TrSC58v2_343.t1.e1,4,0,0,18,8,33
TrSC58v2_344.t1,1,1,2,2,1,1
TrSC58v2_344.t1.e1,1,1,3,2,1,1
TrSC58v2_345.t1,1,1,2,2,1,1
TrSC58v2_345.t1.e1,1,1,3,2,1,1
TrSC58v2_346.t1,1,1,2,2,1,1
TrSC58v2_346.t1.e1,1,1,3,2,1,1
TrSC58v2_347.t1,1,1,2,2,1,2
TrSC58v2_347.t1.e1,1,1,3,2,1,2
TrSC58v2_348.t1,1,1,2,2,1,2
TrSC58v2_348.t1.e1,1,1,3,2,1,2
TrSC58v2_349.t1,2,2,2,1,1,9
TrSC58v2_349.t1.e1,2,12,4,3,1,10
TrSC58v2_350.t1,0,7,12,16,8,51
TrSC58v2_350.t1.e1,3,8,14,19,10,57
TrSC58v2_351.t1,6,4,9,8,8,6
TrSC58v2_351.t1.e1,8,5,12,10,11,91
TrSC58v2_353.t1,0,0,0,1,0,8
TrSC58v2_353.t1.e1,4,0,0,3,0,9
TrSC58v2_354.t1,1,0,1,0,11,25
TrSC58v2_354.t1.e1,9,3,20,24,12,27
MSTRG.357.1,4,0,13,41,7,82
TrSC58v2_355.t1,0,7,10,2,0,48
TrSC58v2_355.t1.e1,13,7,11,50,31,54
TrSC58v2_356.t1,1,8,14,18,16,59
TrSC58v2_356.t1.e1,3,10,17,20,19,71
TrSC58v2_357.t1,1,15,20,1,13,53
TrSC58v2_357.t1.e1,2,16,22,40,14,59
TrSC58v2_359.t1,1,5,17,25,15,81
TrSC58v2_359.t1.e1,1,8,22,30,22,91
TrSC58v2_361.t1,3,0,8,7,7,17
TrSC58v2_361.t1.e1,4,7,10,9,8,22
TrSC58v2_362.t1,18,13,26,57,39,93
TrSC58v2_362.t1.e1,20,16,31,59,44,109
TrSC58v2_363.t1,28,1,52,87,48,223
TrSC58v2_363.t1.e1,35,62,57,100,52,261
TrSC58v2_364.t1,6,0,1,2,0,21
TrSC58v2_364.t1.e1,9,0,1,12,4,28
MSTRG.368.1,9,0,22,22,15,36
MSTRG.369.1,8,23,34,32,45,116
TrSC58v2_366.t1,1,0,4,10,0,35
TrSC58v2_366.t1.e1,1,7,15,12,11,39
TrSC58v2_367.t1,11,21,25,64,30,122
TrSC58v2_367.t1.e1,14,26,33,68,32,131
TrSC58v2_368.t1,2,11,28,33,42,102
TrSC58v2_368.t1.e1,9,12,30,33,43,102
TrSC58v2_369.t1,0,1,0,1,2,2
TrSC58v2_369.t1.e1,4,3,9,15,22,100
TrSC58v2_370.t1,0,3,4,0,0,35
TrSC58v2_370.t1.e1,11,3,5,16,18,39
TrSC58v2_371.t1,10,11,14,1,1,79
TrSC58v2_371.t1.e1,12,13,18,49,42,87
TrSC58v2_372.t1,1,0,4,1,4,3
TrSC58v2_372.t1.e1,1,0,5,10,4,21
TrSC58v2_375.t1,0,0,0,11,8,12
TrSC58v2_375.t1.e1,4,0,4,13,9,13
TrSC58v2_376.t1,1,8,11,1,13,31
TrSC58v2_376.t1.e1,15,10,12,13,15,40
TrSC58v2_377.t1,0,0,3,3,15,26
TrSC58v2_377.t1.e1,9,0,4,3,22,27
TrSC58v2_378.t1,0,0,0,0,1,4
TrSC58v2_378.t1.e1,9,8,0,6,1,12
TrSC58v2_379.t1,0,1,4,1,0,0
TrSC58v2_379.t1.e1,7,7,5,3,0,4
TrSC58v2_380.t1.e1,3,0,9,36,13,44
TrSC58v2_380.t1,0,0,8,9,11,42
TrSC58v2_381.t1.e1,3,0,11,14,18,32
TrSC58v2_381.t1,0,0,0,12,1,27
TrSC58v2_383.t1.e1,3,5,3,3,4,8
TrSC58v2_383.t1,1,4,3,1,2,2
TrSC58v2_384.t1.e1,4,8,9,18,7,88
TrSC58v2_384.t1,1,0,7,15,6,2
TrSC58v2_387.t1.e1,7,4,10,30,27,47
TrSC58v2_387.t1,0,3,0,3,0,45
TrSC58v2_389.t1.e1,9,7,13,10,15,42
TrSC58v2_389.t1,6,2,12,8,2,39
TrSC58v2_391.t1.e1,2,0,6,7,0,9
TrSC58v2_391.t1,1,0,6,6,0,8
TrSC58v2_392.t1.e1,17,24,33,79,47,279
TrSC58v2_392.t1,15,20,24,59,39,220
TrSC58v2_395.t1.e1,4,4,19,10,16,123
TrSC58v2_395.t1,3,0,18,8,11,3
TrSC58v2_396.t1.e1,12,0,20,54,10,56
TrSC58v2_396.t1,11,0,14,3,7,53
TrSC58v2_397.t1.e1,10,9,32,53,30,88
TrSC58v2_397.t1,0,7,28,47,26,73
MSTRG.403.1,9,0,23,25,17,113
TrSC58v2_398.t1.e1,6,2,6,9,12,33
TrSC58v2_398.t1,0,1,5,8,0,1
TrSC58v2_399.t1.e1,8,4,22,20,50,85
TrSC58v2_399.t1,7,0,19,16,0,77
TrSC58v2_400.t1.e1,16,25,83,70,45,127
TrSC58v2_400.t1,14,18,1,61,43,118
TrSC58v2_401.t1.e1,4,4,9,32,16,70
TrSC58v2_401.t1,0,0,6,26,11,56
TrSC58v2_406.t1.e1,3,1,4,10,24,20
TrSC58v2_406.t1,1,1,3,0,0,11
TrSC58v2_407.t1.e1,13,6,7,10,12,28
TrSC58v2_407.t1,9,0,5,9,0,0
TrSC58v2_408.t1.e1,10,0,7,5,0,17
TrSC58v2_408.t1,1,0,5,1,0,4
TrSC58v2_409.t1.e1,34,25,60,131,91,385
TrSC58v2_409.t1,29,23,56,109,76,330
TrSC58v2_411.t1.e1,3,0,7,5,18,19
TrSC58v2_411.t1,2,0,0,10,1,22
TrSC58v2_412.t1.e1,5,7,0,7,9,7
TrSC58v2_412.t1,0,0,0,0,0,5
TrSC58v2_413.t1.e1,2,8,7,16,12,34
TrSC58v2_413.t1,2,2,2,4,10,29
TrSC58v2_416.t1.e1,19,37,53,42,80,229
TrSC58v2_416.t1,2,25,33,68,55,163
TrSC58v2_417.t1.e1,6,3,16,11,4,27
TrSC58v2_417.t1,2,0,3,3,1,25
TrSC58v2_418.t1.e1,8,5,6,28,7,52
TrSC58v2_418.t1,1,1,5,24,0,43
TrSC58v2_419.t1.e1,6,4,19,31,24,85
TrSC58v2_419.t1,5,0,15,27,20,75
TrSC58v2_421.t1.e1,9,24,20,51,24,124
TrSC58v2_421.t1,8,0,18,2,14,2
TrSC58v2_422.t1.e1,38,97,109,112,79,427
TrSC58v2_422.t1,3,2,81,155,97,300
TrSC58v2_425.t1.e1,11,10,33,47,52,96
TrSC58v2_425.t1,9,7,4,5,1,83
TrSC58v2_426.t1.e1,25,3,22,26,23,67
TrSC58v2_426.t1,0,2,21,18,17,61
TrSC58v2_427.t1.e1,4,4,8,30,14,27
TrSC58v2_427.t1,0,3,6,27,10,23
TrSC58v2_428.t1.e1,7,0,12,9,4,46
TrSC58v2_428.t1,0,0,0,7,3,1
TrSC58v2_429.t1.e1,6,7,6,26,12,51
TrSC58v2_429.t1,5,5,5,22,10,34
TrSC58v2_430.t1.e1,4,4,8,23,18,61
TrSC58v2_430.t1,4,4,7,11,16,57
TrSC58v2_431.t1.e1,12,14,16,85,65,209
TrSC58v2_431.t1,10,11,15,60,50,153
TrSC58v2_433.t1.e1,13,4,6,6,19,40
TrSC58v2_433.t1,9,0,6,5,17,38
TrSC58v2_434.t1.e1,6,13,33,46,40,130
TrSC58v2_434.t1,5,9,28,42,34,124
TrSC58v2_436.t1.e1,10,0,8,9,5,32
TrSC58v2_436.t1,2,0,6,8,4,30
TrSC58v2_437.t1.e1,7,4,3,10,8,31
TrSC58v2_437.t1,1,0,2,9,0,1
TrSC58v2_438.t1.e1,12,0,10,51,21,44
TrSC58v2_438.t1,11,0,9,1,17,39
TrSC58v2_439.t1.e1,4,4,9,13,26,56
TrSC58v2_439.t1,0,3,7,12,1,53
TrSC58v2_441.t1.e1,11,20,23,43,24,111
TrSC58v2_441.t1,8,13,18,31,18,74
TrSC58v2_442.t1.e1,9,7,10,24,19,82
TrSC58v2_442.t1,7,7,10,18,15,70
TrSC58v2_443.t1.e1,3,5,0,4,3,23
TrSC58v2_443.t1,1,1,0,3,0,18
TrSC58v2_444.t1.e1,12,4,11,10,7,10
TrSC58v2_444.t1,0,0,9,1,1,9
TrSC58v2_445.t1.e1,2,5,2,11,6,16
TrSC58v2_445.t1,2,1,2,10,4,15
TrSC58v2_446.t1.e1,3,3,3,0,0,3
TrSC58v2_446.t1,0,0,1,0,0,1
TrSC58v2_448.t1.e1,20,21,33,55,33,124
TrSC58v2_448.t1,14,17,23,49,24,110
TrSC58v2_449.t1.e1,11,4,5,12,16,31
TrSC58v2_449.t1,8,3,5,11,2,27
TrSC58v2_450.t1.e1,3,3,9,6,9,27
TrSC58v2_450.t1,0,2,1,5,8,23
TrSC58v2_451.t1.e1,9,8,4,16,0,19
TrSC58v2_451.t1,0,0,0,0,0,0
TrSC58v2_452.t1.e1,14,9,15,41,22,78
TrSC58v2_452.t1,13,7,14,38,19,74
TrSC58v2_453.t1.e1,5,11,6,6,7,20
TrSC58v2_453.t1,0,1,0,5,6,17
TrSC58v2_454.t1.e1,4,3,7,11,0,15
TrSC58v2_454.t1,0,0,2,11,0,13
TrSC58v2_455.t1.e1,4,19,16,36,25,65
TrSC58v2_455.t1,3,20,14,30,26,65
TrSC58v2_456.t1.e1,7,12,23,57,40,114
TrSC58v2_456.t1,6,3,22,51,37,106
TrSC58v2_459.t1.e1,7,10,14,36,15,76
TrSC58v2_459.t1,5,8,9,25,12,69
TrSC58v2_460.t1.e1,3,2,13,17,21,38
TrSC58v2_460.t1,0,1,3,2,3,31
TrSC58v2_463.t1.e1,11,5,10,27,11,74
TrSC58v2_463.t1,8,0,9,24,8,59
TrSC58v2_464.t1.e1,1,0,1,4,1,9
TrSC58v2_464.t1,1,0,1,4,1,8
TrSC58v2_465.t1.e1,22,4,11,28,36,83
TrSC58v2_465.t1,0,1,0,1,2,2
TrSC58v2_466.t1.e1,3,3,16,9,8,32
TrSC58v2_466.t1,0,3,1,7,1,24
TrSC58v2_467.t1.e1,4,3,11,6,6,9
TrSC58v2_467.t1,0,3,1,5,4,8
TrSC58v2_468.t1.e1,4,0,4,9,10,18
TrSC58v2_468.t1,2,0,3,2,1,2
TrSC58v2_471.t1.e1,9,7,9,19,7,22
TrSC58v2_471.t1,8,0,8,16,5,20
TrSC58v2_472.t1.e1,17,3,19,20,31,53
TrSC58v2_472.t1,1,0,17,17,1,49
TrSC58v2_473.t1.e1,5,0,7,6,8,49
TrSC58v2_473.t1,4,0,5,4,0,0
TrSC58v2_482.t1.e1,7,4,8,14,6,33
TrSC58v2_482.t1,6,0,7,11,5,29
TrSC58v2_485.t1.e1,4,6,4,7,2,12
TrSC58v2_485.t1,0,0,0,3,1,9
TrSC58v2_486.t1.e1,1,2,12,0,0,14
TrSC58v2_486.t1,1,1,2,0,0,13
MSTRG.494.1,6,5,8,8,10,40
TrSC58v2_488.t1.e1,10,14,20,58,20,57
TrSC58v2_488.t1,0,12,17,2,14,48
TrSC58v2_489.t1.e1,4,0,5,14,2,24
TrSC58v2_489.t1,0,0,4,2,2,2
TrSC58v2_491.t1.e1,9,0,0,12,8,31
TrSC58v2_491.t1,0,0,0,11,6,11
TrSC58v2_492.t1.e1,6,0,9,20,19,13
TrSC58v2_492.t1,5,0,6,16,17,9
TrSC58v2_493.t1.e1,5,14,12,12,5,53
TrSC58v2_493.t1,0,0,9,9,2,47
TrSC58v2_494.t1.e1,4,11,10,73,9,60
TrSC58v2_494.t1,0,0,1,0,6,0
TrSC58v2_495.t1.e1,4,9,13,21,2,24
TrSC58v2_495.t1,0,7,0,1,1,21
TrSC58v2_496.t1.e1,8,0,3,5,8,23
TrSC58v2_496.t1,0,0,1,1,2,19
TrSC58v2_497.t1.e1,7,7,13,18,19,62
TrSC58v2_497.t1,5,5,9,13,17,47
TrSC58v2_498.t1.e1,6,14,32,33,35,106
TrSC58v2_498.t1,5,10,29,30,28,98
TrSC58v2_499.t1.e1,7,5,13,23,13,68
TrSC58v2_499.t1,6,5,12,19,11,64
TrSC58v2_500.t1.e1,12,20,10,49,28,101
TrSC58v2_500.t1,10,16,12,60,22,85
TrSC58v2_501.t1.e1,7,0,16,24,17,27
TrSC58v2_501.t1,0,0,14,2,15,24
TrSC58v2_505.t1.e1,4,7,16,8,12,2
TrSC58v2_505.t1,0,0,16,7,0,1
TrSC58v2_506.t1.e1,2,4,3,7,6,13
TrSC58v2_506.t1,1,3,2,0,6,12
TrSC58v2_507.t1.e1,13,9,24,25,48,86
TrSC58v2_507.t1,10,8,16,18,0,80
TrSC58v2_508.t1.e1,8,4,6,16,10,40
TrSC58v2_508.t1,0,0,4,13,9,36
TrSC58v2_509.t1.e1,17,5,19,35,22,60
TrSC58v2_509.t1,15,4,17,32,18,55
TrSC58v2_510.t1,28,47,88,4,82,171
TrSC58v2_510.t1.e1,26,58,106,312,88,205
TrSC58v2_511.t1.e1,15,18,30,27,49,118
TrSC58v2_511.t1,11,12,24,22,36,103
TrSC58v2_512.t1.e1,8,4,6,8,7,55
TrSC58v2_512.t1,7,3,5,8,8,5
TrSC58v2_514.t1.e1,12,10,25,13,34,81
TrSC58v2_514.t1,10,7,22,11,30,72
TrSC58v2_515.t1.e1,6,19,9,22,22,181
TrSC58v2_515.t1,5,0,9,19,15,5
TrSC58v2_516.t1.e1,5,13,21,43,15,71
TrSC58v2_516.t1,5,11,15,37,11,84
TrSC58v2_518.t1.e1,1,0,5,9,4,33
TrSC58v2_518.t1,1,0,2,8,4,4
TrSC58v2_519.t1.e1,3,9,20,15,19,60
TrSC58v2_519.t1,2,2,17,13,15,51
TrSC58v2_520.t1.e1,8,21,27,38,62,103
TrSC58v2_520.t1,6,15,25,35,55,95
TrSC58v2_521.t1.e1,11,9,12,37,20,58
TrSC58v2_521.t1,7,7,11,2,17,72
TrSC58v2_522.t1.e1,3,15,3,14,11,46
TrSC58v2_522.t1,3,0,3,2,2,43
TrSC58v2_523.t1.e1,2,3,2,8,4,12
TrSC58v2_523.t1,1,1,1,7,4,11
TrSC58v2_524.t1.e1,24,24,36,81,29,159
TrSC58v2_524.t1,20,20,30,62,28,204
TrSC58v2_526.t1.e1,30,32,112,104,54,293
TrSC58v2_526.t1,21,27,4,100,47,241
TrSC58v2_527.t1.e1,3,0,9,16,18,19
TrSC58v2_527.t1,1,0,8,13,2,18
TrSC58v2_528.t1.e1,7,15,19,21,7,50
TrSC58v2_528.t1,6,0,13,17,6,36
MSTRG.538.1,10,4,0,33,16,64
TrSC58v2_530.t1,1,1,2,1,1,0
TrSC58v2_530.t1.e1,1,1,11,2,7,30
TrSC58v2_531.t1.e1,8,31,8,40,32,68
TrSC58v2_531.t1,0,0,1,33,0,56
TrSC58v2_533.t1.e1,4,12,20,53,27,147
TrSC58v2_533.t1,3,9,18,49,23,134
TrSC58v2_534.t1.e1,35,50,93,151,93,455
TrSC58v2_534.t1,29,43,83,133,81,398
TrSC58v2_536.t1.e1,2,4,4,10,7,38
TrSC58v2_536.t1,0,0,3,8,0,35
TrSC58v2_537.t1.e1,7,2,9,8,8,23
TrSC58v2_537.t1,0,2,8,7,7,22
TrSC58v2_540.t1.e1,6,2,9,8,8,23
TrSC58v2_540.t1,0,2,7,6,7,21
TrSC58v2_541.t1.e1,6,5,18,9,7,32
TrSC58v2_541.t1,5,4,15,8,0,29
TrSC58v2_542.t1.e1,8,7,24,25,32,54
TrSC58v2_542.t1,7,5,21,22,24,101
TrSC58v2_543.t1.e1,5,11,12,18,17,80
TrSC58v2_543.t1,4,8,10,15,14,75
TrSC58v2_544.t1.e1,8,3,14,16,8,26
TrSC58v2_544.t1,0,1,12,3,0,22
TrSC58v2_545.t1.e1,2,1,1,4,8,15
TrSC58v2_545.t1,1,1,1,1,1,14
TrSC58v2_547.t1.e1,4,5,7,0,3,46
TrSC58v2_547.t1,3,4,5,0,1,40
TrSC58v2_548.t1.e1,5,15,10,17,9,69
TrSC58v2_548.t1,1,0,9,15,8,63
TrSC58v2_983.t1.e1,20,28,41,55,53,166
TrSC58v2_983.t1,16,2,36,44,47,159
TrSC58v2_988.t1.e1,4,3,9,10,8,36
TrSC58v2_988.t1,0,3,8,8,7,29
TrSC58v2_989.t1.e1,4,0,9,4,4,27
TrSC58v2_989.t1,0,0,8,3,3,24
TrSC58v2_991.t1.e1,3,4,11,20,12,48
TrSC58v2_991.t1,0,0,0,15,11,44
MSTRG.980.1,59,61,194,217,174,783
TrSC58v2_990.t1.e1,13,3,66,46,19,162
TrSC58v2_990.t1,11,2,1,40,14,103
TrSC58v2_994.t1.e1,8,7,39,28,26,60
TrSC58v2_994.t1,0,7,2,25,21,49
TrSC58v2_992.t1.e1,7,14,37,40,40,157
TrSC58v2_992.t1,5,12,27,40,29,146
TrSC58v2_995.t1.e1,8,4,4,12,9,49
TrSC58v2_995.t1,7,3,4,10,7,40
TrSC58v2_996.t1.e1,17,13,21,46,31,204
TrSC58v2_996.t1,11,9,16,41,27,3
TrSC58v2_999.t1.e1,29,29,48,55,52,181
TrSC58v2_999.t1,26,24,44,67,43,162
TrSC58v2_1000.t1.e1,18,34,57,80,46,232
TrSC58v2_1000.t1,6,9,48,70,41,190
TrSC58v2_1006.t1.e1,1,3,0,5,5,13
TrSC58v2_1006.t1,1,1,0,4,1,11
TrSC58v2_1003.t1.e1,1,3,1,10,2,41
TrSC58v2_1003.t1,1,1,1,1,1,37
TrSC58v2_1008.t1.e1,4,11,9,5,10,40
TrSC58v2_1008.t1,3,8,8,4,9,38
TrSC58v2_1010.t1.e1,3,8,13,21,15,25
TrSC58v2_1010.t1,0,0,11,25,13,20
MSTRG.1005.1,0,0,27,0,22,56
TrSC58v2_1011.t1.e1,11,7,9,10,4,14
TrSC58v2_1011.t1,8,1,3,0,2,6
TrSC58v2_1012.t1.e1,6,8,8,36,17,56
TrSC58v2_1012.t1,0,7,7,33,13,53
TrSC58v2_1013.t1.e1,10,1,15,14,12,63
TrSC58v2_1013.t1,9,1,14,13,11,57
TrSC58v2_1014.t1.e1,3,3,8,11,6,26
TrSC58v2_1014.t1,3,1,6,11,5,24
TrSC58v2_1015.t1.e1,9,5,3,3,7,21
TrSC58v2_1015.t1,0,0,3,1,0,4
MSTRG.1011.1,14,12,7,16,2,78
TrSC58v2_1017.t1,14,11,44,50,30,143
TrSC58v2_1017.t1.e1,18,13,38,58,35,171
TrSC58v2_1019.t1,7,4,18,25,5,50
TrSC58v2_1019.t1.e1,10,6,20,28,7,62
TrSC58v2_1021.t1,4,5,9,16,17,46
TrSC58v2_1021.t1.e1,6,6,13,19,19,50
TrSC58v2_1022.t1,4,13,8,2,7,30
TrSC58v2_1022.t1.e1,5,15,9,34,8,35
TrSC58v2_1020.t1,4,1,8,42,16,42
TrSC58v2_1020.t1.e1,5,1,9,49,24,49
TrSC58v2_1023.t1,3,3,0,17,0,2
TrSC58v2_1023.t1.e1,5,4,20,20,8,60
MSTRG.1019.1,33,8,44,81,26,267
TrSC58v2_1075.t1,12,0,5,7,8,32
TrSC58v2_1075.t1.e1,15,4,7,10,10,36
MSTRG.1073.1,9,8,25,25,15,90
TrSC58v2_1076.t1,1,7,14,25,22,62
TrSC58v2_1076.t1.e1,10,8,18,27,25,65
TrSC58v2_1077.t1,2,1,1,4,2,23
TrSC58v2_1077.t1.e1,5,8,18,5,14,5
TrSC58v2_1079.t1,4,1,1,1,0,8
TrSC58v2_1079.t1.e1,5,8,21,12,0,9
TrSC58v2_1080.t1,2,0,10,15,8,33
TrSC58v2_1080.t1.e1,2,5,13,17,9,43
TrSC58v2_1025.t1,0,0,0,2,0,22
TrSC58v2_1025.t1.e1,0,2,7,11,3,25
TrSC58v2_1037.t1,0,0,2,0,1,15
TrSC58v2_1037.t1.e1,0,0,3,7,3,16
TrSC58v2_1040.t1,0,0,0,7,5,3
TrSC58v2_1040.t1.e1,0,0,3,8,7,44
TrSC58v2_1043.t1,0,0,0,0,0,1
TrSC58v2_1043.t1.e1,0,0,0,0,0,8
TrSC58v2_1044.t1,0,0,0,0,0,3
TrSC58v2_1044.t1.e1,0,0,0,0,0,3
TrSC58v2_1045.t1,0,0,0,0,1,0
TrSC58v2_1045.t1.e1,0,0,0,0,4,0
TrSC58v2_1046.t1,0,0,6,4,7,2
TrSC58v2_1046.t1.e1,0,0,9,4,9,27
TrSC58v2_1051.t1,0,1,3,9,1,21
TrSC58v2_1051.t1.e1,0,2,3,10,4,24
TrSC58v2_1052.t1,0,1,0,7,3,3
TrSC58v2_1052.t1.e1,0,1,3,9,11,17
TrSC58v2_1060.t1,0,1,1,2,4,4
TrSC58v2_1060.t1.e1,0,7,1,3,5,4
TrSC58v2_1063.t1,0,3,7,14,6,12
TrSC58v2_1063.t1.e1,0,7,9,16,6,13
TrSC58v2_1065.t1,0,1,3,4,2,17
TrSC58v2_1065.t1.e1,0,12,1,5,3,18
TrSC58v2_1071.t1,0,1,1,1,1,3
TrSC58v2_1071.t1.e1,0,1,1,1,1,3
TrSC58v2_1024.t1,8,8,21,38,40,99
TrSC58v2_1024.t1.e1,10,10,24,39,45,123
TrSC58v2_1026.t1,0,10,13,14,23,81
TrSC58v2_1026.t1.e1,3,13,16,18,24,89
TrSC58v2_1027.t1,0,0,0,10,0,26
TrSC58v2_1027.t1.e1,4,8,10,12,17,37
TrSC58v2_1028.t1,0,0,0,4,3,11
TrSC58v2_1028.t1.e1,5,8,16,4,4,13
TrSC58v2_1029.t1,3,8,9,29,9,60
TrSC58v2_1029.t1.e1,4,10,12,31,11,69
MSTRG.1026.1,18,6,15,12,5,46
TrSC58v2_1030.t1,15,17,3,105,46,256
TrSC58v2_1030.t1.e1,18,24,99,119,49,299
TrSC58v2_1031.t1,9,3,5,18,13,44
TrSC58v2_1031.t1.e1,12,5,7,21,15,51
TrSC58v2_1032.t1,1,0,10,1,2,29
TrSC58v2_1032.t1.e1,5,3,11,8,15,31
TrSC58v2_1033.t1,5,0,0,1,8,2
TrSC58v2_1033.t1.e1,8,0,0,26,9,9
TrSC58v2_1034.t1,0,6,0,6,1,5
TrSC58v2_1034.t1.e1,8,6,13,8,15,29
TrSC58v2_1035.t1,0,0,0,12,9,1
TrSC58v2_1035.t1.e1,3,10,16,18,12,48
TrSC58v2_1036.t1,11,22,44,47,27,149
TrSC58v2_1036.t1.e1,13,24,48,57,30,189
TrSC58v2_1038.t1,3,7,23,14,21,78
TrSC58v2_1038.t1.e1,4,8,19,17,23,97
TrSC58v2_1039.t1,0,7,5,10,15,55
TrSC58v2_1039.t1.e1,3,9,7,12,16,62
TrSC58v2_1041.t1,13,6,12,29,14,92
TrSC58v2_1041.t1.e1,14,7,14,34,15,96
TrSC58v2_1042.t1,0,0,0,0,0,1
TrSC58v2_1042.t1.e1,4,0,0,4,4,2
TrSC58v2_1047.t1,1,0,6,1,7,12
TrSC58v2_1047.t1.e1,2,0,7,3,8,14
TrSC58v2_1048.t1,0,0,8,0,1,8
TrSC58v2_1048.t1.e1,3,8,9,9,3,10
TrSC58v2_1049.t1,4,4,1,0,4,3
TrSC58v2_1049.t1.e1,4,5,17,8,5,39
TrSC58v2_1050.t1,4,0,23,17,12,62
TrSC58v2_1050.t1.e1,6,0,27,22,13,68
TrSC58v2_1053.t1,0,0,0,2,1,20
TrSC58v2_1053.t1.e1,8,3,7,25,15,21
TrSC58v2_1054.t1,13,13,33,81,88,173
TrSC58v2_1054.t1.e1,14,17,45,94,94,192
TrSC58v2_1055.t1,7,2,9,14,15,39
TrSC58v2_1055.t1.e1,9,24,10,16,17,43
TrSC58v2_1056.t1,1,0,1,1,2,11
TrSC58v2_1056.t1.e1,2,0,2,2,3,12
TrSC58v2_1057.t1,8,13,39,29,43,133
TrSC58v2_1057.t1.e1,10,16,48,32,56,176
MSTRG.1055.1,13,44,67,116,95,258
TrSC58v2_1058.t1,3,13,5,21,9,46
TrSC58v2_1058.t1.e1,4,17,6,20,11,44
TrSC58v2_1059.t1,0,5,18,14,22,62
TrSC58v2_1059.t1.e1,12,5,21,20,23,70
TrSC58v2_1061.t1,1,4,12,8,9,40
TrSC58v2_1061.t1.e1,2,5,15,10,12,44
TrSC58v2_1062.t1,0,1,6,0,3,19
TrSC58v2_1062.t1.e1,3,11,7,3,4,20
TrSC58v2_1064.t1,0,1,2,13,5,5
TrSC58v2_1064.t1.e1,10,1,9,15,7,82
TrSC58v2_1066.t1,1,7,3,33,21,50
TrSC58v2_1066.t1.e1,2,8,43,37,24,53
TrSC58v2_1067.t1,1,0,2,3,5,15
TrSC58v2_1067.t1.e1,3,0,4,3,5,17
TrSC58v2_1068.t1,2,1,3,5,3,20
TrSC58v2_1068.t1.e1,2,8,4,7,4,24
TrSC58v2_1069.t1,2,1,1,5,3,20
TrSC58v2_1069.t1.e1,2,8,7,7,4,24
TrSC58v2_1070.t1,1,4,3,5,3,16
TrSC58v2_1070.t1.e1,2,3,2,6,2,14
TrSC58v2_1072.t1,2,1,3,6,3,20
TrSC58v2_1072.t1.e1,2,8,4,7,4,23
MSTRG.1071.1,20,53,132,253,298,997
TrSC58v2_1073.t1,1,61,17,145,1,1
TrSC58v2_1073.t1.e1,46,42,120,141,197,752
TrSC58v2_1074.t1,78,101,37,94,19,121
TrSC58v2_1074.t1.e1,2,3,33,95,17,106
TrSC58v2_1590.t1,0,1,3,3,0,15
TrSC58v2_1590.t1.e1,4,2,4,15,4,17
TrSC58v2_1593.t1,0,1,0,3,0,12
TrSC58v2_1593.t1.e1,3,1,8,10,7,13
TrSC58v2_1591.t1,0,2,20,14,6,32
TrSC58v2_1591.t1.e1,20,19,23,15,44,34
TrSC58v2_1594.t1,2,1,0,4,7,7
TrSC58v2_1594.t1.e1,6,5,0,4,8,38
TrSC58v2_1595.t1,0,0,8,26,23,8
TrSC58v2_1595.t1.e1,5,11,11,30,21,165
TrSC58v2_1597.t1,0,4,2,29,10,66
TrSC58v2_1597.t1.e1,8,4,16,33,11,81
TrSC58v2_1601.t1,2,2,5,20,6,24
TrSC58v2_1601.t1.e1,7,7,6,22,7,26
TrSC58v2_1600.t1,4,0,12,20,12,39
TrSC58v2_1600.t1.e1,6,4,15,22,14,42
TrSC58v2_1598.t1,19,5,0,10,0,1
TrSC58v2_1598.t1.e1,21,7,8,12,11,79
TrSC58v2_1602.t1,3,1,3,36,25,93
TrSC58v2_1602.t1.e1,4,4,26,42,28,118
TrSC58v2_1603.t1,1,2,3,2,0,8
TrSC58v2_1603.t1.e1,2,2,4,3,4,9
TrSC58v2_1615.t1,4,0,6,5,6,26
TrSC58v2_1615.t1.e1,5,4,7,7,9,40
TrSC58v2_1609.t1,0,0,0,0,0,0
TrSC58v2_1609.t1.e1,0,0,0,0,0,0
TrSC58v2_1604.t1,1,1,0,3,1,5
TrSC58v2_1604.t1.e1,1,1,2,3,2,6
MSTRG.1569.1,2,0,6,11,0,42
TrSC58v2_1605.t1,1,1,1,1,1,1
TrSC58v2_1605.t1.e1,1,2,1,1,3,1
TrSC58v2_1608.t1,1,1,2,0,0,3
TrSC58v2_1608.t1.e1,1,1,2,1,1,3
MSTRG.1571.1,6,5,5,5,7,53
TrSC58v2_1616.t1,0,6,0,7,8,0
TrSC58v2_1616.t1.e1,3,10,16,11,14,55
TrSC58v2_1617.t1,1,2,2,0,1,0
TrSC58v2_1617.t1.e1,1,3,3,7,10,21
TrSC58v2_1618.t1,0,7,5,6,11,16
TrSC58v2_1618.t1.e1,4,13,12,10,14,38
TrSC58v2_1622.t1,0,0,0,2,0,9
TrSC58v2_1622.t1.e1,3,0,0,4,0,13
TrSC58v2_1624.t1,0,1,5,2,3,20
TrSC58v2_1624.t1.e1,3,2,6,9,4,23
TrSC58v2_1625.t1,1,0,1,2,0,8
TrSC58v2_1625.t1.e1,2,2,3,2,0,9
TrSC58v2_1628.t1,0,0,0,0,7,1
TrSC58v2_1628.t1.e1,2,4,4,10,7,48
TrSC58v2_1629.t1,0,1,0,1,0,1
TrSC58v2_1629.t1.e1,2,1,0,1,0,1
TrSC58v2_1630.t1,0,0,2,0,12,20
TrSC58v2_1630.t1.e1,3,4,3,3,16,29
TrSC58v2_1631.t1,1,1,0,1,0,3
TrSC58v2_1631.t1.e1,3,2,0,1,0,3
MSTRG.1588.1,0,0,11,21,0,24
TrSC58v2_1634.t1,0,0,1,0,2,5
TrSC58v2_1634.t1.e1,0,2,7,7,3,7
TrSC58v2_1633.t1.e1,2,4,4,9,14,17
TrSC58v2_1633.t1,0,0,3,11,1,12
TrSC58v2_1635.t1.e1,2,4,4,35,10,33
TrSC58v2_1635.t1,1,0,9,1,2,15
TrSC58v2_1638.t1.e1,4,5,16,33,25,45
TrSC58v2_1638.t1,3,4,11,26,1,55
TrSC58v2_1639.t1.e1,8,7,18,26,25,31
TrSC58v2_1639.t1,6,0,0,17,1,37
TrSC58v2_1640.t1.e1,3,13,7,18,15,63
TrSC58v2_1640.t1,0,0,6,0,1,8
TrSC58v2_1778.t1,1,3,0,8,7,18
TrSC58v2_1778.t1.e1,3,4,3,8,8,19
TrSC58v2_1784.t1,1,1,10,0,3,33
TrSC58v2_1784.t1.e1,1,5,11,12,18,37
TrSC58v2_1787.t1,1,1,2,0,7,25
TrSC58v2_1787.t1.e1,3,2,22,19,8,29
TrSC58v2_1788.t1,1,0,0,7,2,0
TrSC58v2_1788.t1.e1,1,0,5,9,2,12
TrSC58v2_1780.t1,12,0,17,23,27,23
TrSC58v2_1780.t1.e1,8,4,25,20,26,19
MSTRG.1736.3,4,0,17,4,10,149
TrSC58v2_1790.t1,1,9,1,17,0,45
TrSC58v2_1790.t1.e1,6,10,3,24,19,50
TrSC58v2_1791.t1,1,4,9,6,2,64
TrSC58v2_1791.t1.e1,1,18,43,37,43,66
TrSC58v2_1792.t1,5,0,10,8,10,33
TrSC58v2_1792.t1.e1,6,3,11,10,10,37
TrSC58v2_1793.t1,0,3,8,8,9,34
TrSC58v2_1793.t1.e1,8,3,9,9,10,35
TrSC58v2_1794.t1,4,3,5,14,17,63
TrSC58v2_1794.t1.e1,11,9,30,15,19,65
TrSC58v2_1796.t1,1,1,1,1,0,4
TrSC58v2_1796.t1.e1,2,1,2,7,0,4
TrSC58v2_1795.t1,1,6,3,2,8,28
TrSC58v2_1795.t1.e1,4,7,4,25,9,31
TrSC58v2_1808.t1,0,0,0,0,1,7
TrSC58v2_1808.t1.e1,4,3,8,4,8,9
TrSC58v2_1809.t1,0,0,0,0,1,10
TrSC58v2_1809.t1.e1,11,5,0,4,2,10
TrSC58v2_1812.t1,4,11,6,14,16,42
TrSC58v2_1812.t1.e1,5,14,11,17,20,46
TrSC58v2_1813.t1,0,1,6,11,5,9
TrSC58v2_1813.t1.e1,4,10,7,15,6,11
TrSC58v2_1816.t1,0,0,2,7,2,21
TrSC58v2_1816.t1.e1,3,3,3,8,2,22
TrSC58v2_1817.t1,0,3,5,9,0,25
TrSC58v2_1817.t1.e1,6,3,5,9,0,27
TrSC58v2_1814.t1,0,0,12,30,6,46
TrSC58v2_1814.t1.e1,3,7,15,33,9,56
TrSC58v2_1818.t1,7,13,40,75,33,153
TrSC58v2_1818.t1.e1,10,15,54,82,60,172
TrSC58v2_1822.t1,3,10,6,15,19,89
TrSC58v2_1822.t1.e1,4,13,7,16,26,3
TrSC58v2_1823.t1,3,0,4,6,2,13
TrSC58v2_1823.t1.e1,2,0,4,7,2,11
TrSC58v2_1824.t1,5,1,1,5,5,10
TrSC58v2_1824.t1.e1,4,1,1,5,5,10
TrSC58v2_1825.t1,0,4,3,9,12,27
TrSC58v2_1825.t1.e1,11,1,20,8,11,25
TrSC58v2_1826.t1,1,1,1,6,1,23
TrSC58v2_1826.t1.e1,2,10,3,7,2,26
TrSC58v2_1827.t1,4,4,2,12,5,28
TrSC58v2_1827.t1.e1,5,7,13,13,6,31
TrSC58v2_1828.t1,3,0,11,10,23,61
TrSC58v2_1828.t1.e1,4,3,13,11,28,68
TrSC58v2_1831.t1,0,0,0,0,0,1
TrSC58v2_1831.t1.e1,4,0,14,13,4,50
TrSC58v2_1830.t1,6,10,26,42,27,75
TrSC58v2_1830.t1.e1,10,13,34,52,34,82
TrSC58v2_1833.t1,0,0,7,0,1,6
TrSC58v2_1833.t1.e1,3,0,8,8,2,46
TrSC58v2_1832.t1,5,0,29,16,14,45
TrSC58v2_1832.t1.e1,6,7,36,18,14,51
TrSC58v2_1836.t1,0,4,4,10,8,32
TrSC58v2_1836.t1.e1,25,5,5,12,8,36
TrSC58v2_1835.t1,12,14,14,34,15,75
TrSC58v2_1835.t1.e1,14,16,16,39,17,84
TrSC58v2_1839.t1,1,0,0,1,0,1
TrSC58v2_1839.t1.e1,2,9,0,2,5,34
TrSC58v2_1840.t1,0,0,4,0,1,27
TrSC58v2_1840.t1.e1,13,0,6,12,3,32
TrSC58v2_1841.t1,6,1,9,8,5,2
TrSC58v2_1841.t1.e1,7,5,11,18,5,99
TrSC58v2_1844.t1,3,3,7,6,1,29
TrSC58v2_1844.t1.e1,4,3,10,8,5,38
TrSC58v2_564.t1,0,0,1,1,0,2
TrSC58v2_564.t1.e1,0,0,3,2,0,8
TrSC58v2_566.t1,0,0,0,0,0,1
TrSC58v2_566.t1.e1,0,0,4,0,0,5
TrSC58v2_568.t1,0,2,1,9,1,21
TrSC58v2_568.t1.e1,0,2,2,9,2,21
TrSC58v2_572.t1,0,0,1,9,5,25
TrSC58v2_572.t1.e1,0,0,6,12,6,27
TrSC58v2_580.t1,0,0,0,9,9,0
TrSC58v2_580.t1.e1,0,0,8,12,11,59
TrSC58v2_581.t1,0,0,1,15,0,34
TrSC58v2_581.t1.e1,0,0,14,18,6,37
TrSC58v2_587.t1,0,0,0,0,0,13
TrSC58v2_587.t1.e1,0,4,0,4,4,16
TrSC58v2_591.t1,0,0,11,3,8,21
TrSC58v2_591.t1.e1,0,7,13,4,9,25
TrSC58v2_594.t1,0,1,10,2,7,62
TrSC58v2_594.t1.e1,0,3,13,60,9,68
TrSC58v2_607.t1,0,1,8,5,0,3
TrSC58v2_607.t1.e1,0,3,11,6,4,45
TrSC58v2_615.t1,0,0,6,0,2,19
TrSC58v2_615.t1.e1,0,5,23,13,24,23
TrSC58v2_618.t1,0,0,11,7,13,6
TrSC58v2_618.t1.e1,0,4,13,9,16,73
TrSC58v2_625.t1,0,2,1,0,4,15
TrSC58v2_625.t1.e1,0,8,2,4,5,15
TrSC58v2_628.t1,0,0,6,3,1,0
TrSC58v2_628.t1.e1,0,0,7,4,1,7
TrSC58v2_629.t1,0,0,0,1,0,2
TrSC58v2_629.t1.e1,0,2,0,3,0,16
TrSC58v2_634.t1,0,1,1,0,1,4
TrSC58v2_634.t1.e1,0,2,1,0,1,3
TrSC58v2_640.t1,0,0,0,0,2,2
TrSC58v2_640.t1.e1,0,0,0,0,1,2
TrSC58v2_643.t1,0,1,1,0,2,12
TrSC58v2_643.t1.e1,0,2,1,0,2,6
TrSC58v2_645.t1,0,0,1,1,0,1
TrSC58v2_645.t1.e1,0,0,3,1,0,3
TrSC58v2_646.t1,0,0,7,4,1,18
TrSC58v2_646.t1.e1,0,0,8,4,4,19
MSTRG.656.1,0,9,8,32,11,63
TrSC58v2_657.t1,0,0,1,9,0,9
TrSC58v2_657.t1.e1,0,4,3,10,6,10
TrSC58v2_658.t1,0,6,33,38,2,109
TrSC58v2_658.t1.e1,0,8,40,44,60,119
MSTRG.667.1,0,16,4,17,17,21
TrSC58v2_664.t1,0,1,2,11,4,41
TrSC58v2_664.t1.e1,0,10,12,12,5,44
TrSC58v2_665.t1,0,0,0,1,1,21
TrSC58v2_665.t1.e1,0,0,4,2,6,25
TrSC58v2_668.t1,0,0,7,2,1,58
TrSC58v2_668.t1.e1,0,8,8,28,9,71
TrSC58v2_670.t1,0,0,3,0,0,10
TrSC58v2_670.t1.e1,0,0,4,0,3,12
TrSC58v2_677.t1,0,0,1,0,1,2
TrSC58v2_677.t1.e1,0,8,6,23,9,49
TrSC58v2_680.t1,0,0,6,5,0,48
TrSC58v2_680.t1.e1,0,4,8,6,4,56
TrSC58v2_681.t1,0,0,1,3,7,12
TrSC58v2_681.t1.e1,0,0,5,3,8,14
TrSC58v2_682.t1,0,2,4,3,0,6
TrSC58v2_682.t1.e1,0,2,5,4,15,8
TrSC58v2_688.t1,0,3,2,3,10,17
TrSC58v2_688.t1.e1,0,6,3,10,2,18
TrSC58v2_697.t1,0,5,0,7,0,21
TrSC58v2_697.t1.e1,0,6,5,8,0,26
TrSC58v2_701.t1,0,1,0,1,0,2
TrSC58v2_701.t1.e1,0,3,0,1,0,3
TrSC58v2_708.t1,0,0,1,11,0,18
TrSC58v2_708.t1.e1,0,4,3,12,6,19
TrSC58v2_709.t1,0,0,5,8,0,11
TrSC58v2_709.t1.e1,0,0,6,9,8,13
MSTRG.724.1,0,0,7,4,1,41
TrSC58v2_720.t1,0,3,10,14,8,35
TrSC58v2_720.t1.e1,0,3,12,16,11,39
TrSC58v2_729.t1,0,1,6,8,7,2
TrSC58v2_729.t1.e1,0,13,6,8,8,51
TrSC58v2_731.t1,0,0,8,15,6,33
TrSC58v2_731.t1.e1,0,4,9,17,7,41
TrSC58v2_732.t1,0,1,1,1,0,23
TrSC58v2_732.t1.e1,0,1,16,11,5,27
TrSC58v2_733.t1,0,4,4,12,0,14
TrSC58v2_733.t1.e1,0,5,5,15,16,17
TrSC58v2_736.t1,0,1,0,0,1,2
TrSC58v2_736.t1.e1,0,3,0,4,2,11
TrSC58v2_737.t1,0,7,5,7,8,30
TrSC58v2_737.t1.e1,0,8,6,9,9,35
TrSC58v2_741.t1,0,1,1,0,3,17
TrSC58v2_741.t1.e1,0,9,10,3,4,22
TrSC58v2_742.t1,0,0,4,3,2,14
TrSC58v2_742.t1.e1,0,0,5,4,2,19
MSTRG.753.1,0,0,186,0,0,433
TrSC58v2_746.t1,0,3,13,17,15,60
TrSC58v2_746.t1.e1,0,5,18,19,19,68
MSTRG.758.1,0,0,15,2,0,39
TrSC58v2_751.t1,0,0,4,1,7,0
TrSC58v2_751.t1.e1,0,0,5,4,8,10
MSTRG.766.1,0,3,20,31,45,26
MSTRG.770.1,0,0,13,0,5,33
TrSC58v2_762.t1,0,0,0,11,1,37
TrSC58v2_762.t1.e1,0,4,10,14,6,42
TrSC58v2_764.t1,0,0,1,1,8,7
TrSC58v2_764.t1.e1,0,0,17,6,9,21
TrSC58v2_771.t1,0,4,0,8,6,20
TrSC58v2_771.t1.e1,0,5,13,9,7,25
TrSC58v2_775.t1,0,0,7,1,3,12
TrSC58v2_775.t1.e1,0,0,8,14,11,13
TrSC58v2_778.t1,0,1,0,6,7,12
TrSC58v2_778.t1.e1,0,8,0,8,10,14
TrSC58v2_779.t1,0,9,24,13,22,77
TrSC58v2_779.t1.e1,0,11,30,18,23,88
TrSC58v2_782.t1,0,0,1,0,1,3
TrSC58v2_782.t1.e1,0,0,6,0,3,3
TrSC58v2_785.t1,0,1,5,5,2,3
TrSC58v2_785.t1.e1,0,1,6,6,4,4
TrSC58v2_786.t1,0,0,1,0,0,11
TrSC58v2_786.t1.e1,0,0,2,3,0,12
MSTRG.800.1,0,8,0,0,0,0
TrSC58v2_795.t1,0,0,1,1,0,5
TrSC58v2_795.t1.e1,0,0,2,1,0,6
TrSC58v2_796.t1,0,0,10,0,1,2
TrSC58v2_796.t1.e1,0,0,11,7,11,42
TrSC58v2_812.t1,0,0,0,2,1,14
TrSC58v2_812.t1.e1,0,0,0,15,5,16
TrSC58v2_819.t1,0,0,7,10,5,31
TrSC58v2_819.t1.e1,0,0,8,11,7,34
TrSC58v2_826.t1,0,7,8,0,12,2
TrSC58v2_826.t1.e1,0,10,9,11,17,46
TrSC58v2_828.t1,0,0,0,0,0,19
TrSC58v2_828.t1.e1,0,0,0,5,0,22
TrSC58v2_831.t1,0,6,5,8,6,32
TrSC58v2_831.t1.e1,0,6,7,10,8,45
TrSC58v2_832.t1,0,0,1,2,1,2
TrSC58v2_832.t1.e1,0,0,5,5,4,11
TrSC58v2_840.t1,0,0,6,8,12,7
TrSC58v2_840.t1.e1,0,4,7,8,16,81
TrSC58v2_847.t1,0,0,0,6,2,3
TrSC58v2_847.t1.e1,0,4,4,8,3,38
TrSC58v2_848.t1,0,0,10,0,8,2
TrSC58v2_848.t1.e1,0,0,11,3,9,27
TrSC58v2_849.t1,0,0,0,0,0,3
TrSC58v2_849.t1.e1,0,4,5,9,5,12
TrSC58v2_856.t1,0,0,4,0,6,0
TrSC58v2_856.t1.e1,0,0,5,0,8,9
TrSC58v2_858.t1,0,0,0,1,0,1
TrSC58v2_858.t1.e1,0,0,0,2,0,6
TrSC58v2_861.t1,0,0,0,10,0,20
TrSC58v2_861.t1.e1,0,0,4,2,0,22
MSTRG.870.1,0,0,0,3,5,36
TrSC58v2_866.t1,0,5,8,13,2,20
TrSC58v2_866.t1.e1,0,5,9,15,12,23
TrSC58v2_867.t1,0,0,2,10,5,25
TrSC58v2_867.t1.e1,0,0,18,11,5,26
TrSC58v2_869.t1,0,1,4,1,0,4
TrSC58v2_869.t1.e1,0,4,5,6,0,19
TrSC58v2_870.t1,0,0,2,3,1,25
TrSC58v2_870.t1.e1,0,0,8,11,12,27
TrSC58v2_879.t1,0,0,0,1,0,4
TrSC58v2_879.t1.e1,0,0,0,3,0,11
TrSC58v2_880.t1,0,0,0,0,0,0
TrSC58v2_880.t1.e1,0,0,0,0,0,0
TrSC58v2_881.t1,0,0,0,0,0,0
TrSC58v2_881.t1.e1,0,0,0,0,0,0
TrSC58v2_882.t1,0,0,0,0,0,0
TrSC58v2_882.t1.e1,0,0,0,0,0,0
TrSC58v2_883.t1,0,0,0,0,0,0
TrSC58v2_883.t1.e1,0,0,0,0,0,0
TrSC58v2_884.t1,0,0,0,0,0,0
TrSC58v2_884.t1.e1,0,0,0,0,0,0
TrSC58v2_885.t1,0,0,0,0,0,0
TrSC58v2_885.t1.e1,0,0,0,0,0,0
TrSC58v2_886.t1,0,3,19,17,3,36
TrSC58v2_886.t1.e1,0,10,24,19,31,38
TrSC58v2_899.t1,0,7,7,0,14,14
TrSC58v2_899.t1.e1,0,8,9,11,18,18
TrSC58v2_904.t1,0,0,1,3,0,14
TrSC58v2_904.t1.e1,0,10,3,3,0,15
TrSC58v2_909.t1,0,1,1,1,1,12
TrSC58v2_909.t1.e1,0,13,2,4,2,13
TrSC58v2_910.t1,0,0,0,5,6,11
TrSC58v2_910.t1.e1,0,5,5,7,8,15
TrSC58v2_911.t1,0,0,6,6,3,15
TrSC58v2_911.t1.e1,0,3,7,1,4,16
TrSC58v2_913.t1,0,0,1,0,7,8
TrSC58v2_913.t1.e1,0,0,5,9,9,9
TrSC58v2_915.t1,0,2,0,9,5,8
TrSC58v2_915.t1.e1,0,3,7,11,7,37
TrSC58v2_917.t1,0,6,3,6,10,22
TrSC58v2_917.t1.e1,0,7,3,6,2,23
TrSC58v2_930.t1,0,0,6,2,0,20
TrSC58v2_930.t1.e1,0,4,7,3,20,23
TrSC58v2_931.t1,0,0,4,14,0,11
TrSC58v2_931.t1.e1,0,4,5,21,8,13
TrSC58v2_939.t1.e1,0,0,0,0,0,0
TrSC58v2_939.t1,0,0,0,0,0,0
TrSC58v2_940.t1.e1,0,0,0,1,0,0
TrSC58v2_940.t1,0,0,0,1,0,0
TrSC58v2_941.t1,0,0,0,1,0,0
TrSC58v2_941.t1.e1,0,0,0,1,0,0
TrSC58v2_942.t1,0,0,1,3,2,5
TrSC58v2_942.t1.e1,0,8,2,3,16,7
TrSC58v2_945.t1.e1,0,0,0,0,0,0
TrSC58v2_945.t1,0,0,0,0,0,0
TrSC58v2_946.t1,0,0,1,2,1,1
TrSC58v2_946.t1.e1,0,0,1,2,1,1
TrSC58v2_947.t1,0,0,0,0,0,1
TrSC58v2_947.t1.e1,0,1,0,3,0,1
TrSC58v2_948.t1,0,0,1,2,1,0
TrSC58v2_948.t1.e1,0,0,1,2,1,2
TrSC58v2_951.t1,0,0,0,1,1,1
TrSC58v2_951.t1.e1,0,0,0,1,1,1
TrSC58v2_952.t1,0,0,0,0,1,0
TrSC58v2_952.t1.e1,0,0,0,0,1,0
TrSC58v2_953.t1,0,0,0,1,1,1
TrSC58v2_953.t1.e1,0,0,0,1,1,1
TrSC58v2_954.t1.e1,0,0,0,0,0,0
TrSC58v2_954.t1,0,0,0,0,0,0
TrSC58v2_955.t1.e1,0,0,0,0,0,0
TrSC58v2_955.t1,0,0,0,0,0,0
TrSC58v2_956.t1,0,1,0,1,0,1
TrSC58v2_956.t1.e1,0,1,0,1,0,1
TrSC58v2_957.t1,0,1,0,1,1,1
TrSC58v2_957.t1.e1,0,4,0,1,1,1
TrSC58v2_958.t1,0,0,0,1,0,1
TrSC58v2_958.t1.e1,0,0,0,1,0,1
TrSC58v2_959.t1,0,0,0,18,4,24
TrSC58v2_959.t1.e1,0,4,12,20,5,28
TrSC58v2_962.t1,0,0,0,0,4,22
TrSC58v2_962.t1.e1,0,0,8,5,5,27
TrSC58v2_963.t1,0,0,0,0,0,15
TrSC58v2_963.t1.e1,0,5,12,0,0,19
TrSC58v2_964.t1,0,0,4,6,3,35
TrSC58v2_964.t1.e1,0,19,6,21,4,37
TrSC58v2_966.t1,0,0,2,4,2,5
TrSC58v2_966.t1.e1,0,0,2,4,2,6
TrSC58v2_967.t1,0,1,2,0,0,39
TrSC58v2_967.t1.e1,0,7,4,4,0,47
TrSC58v2_969.t1,0,1,9,7,5,26
TrSC58v2_969.t1.e1,0,2,11,9,8,30
TrSC58v2_970.t1,0,1,1,0,1,6
TrSC58v2_970.t1.e1,0,4,7,0,3,6
TrSC58v2_971.t1,0,0,11,17,11,46
TrSC58v2_971.t1.e1,0,0,13,20,13,78
TrSC58v2_974.t1,0,0,0,0,0,0
TrSC58v2_974.t1.e1,0,0,0,4,0,0
TrSC58v2_975.t1,0,0,3,2,0,8
TrSC58v2_975.t1.e1,0,11,4,19,0,8
TrSC58v2_563.t1,4,1,1,3,1,15
TrSC58v2_563.t1.e1,4,2,11,4,3,19
TrSC58v2_565.t1,2,6,2,1,6,53
TrSC58v2_565.t1.e1,3,7,39,20,7,59
TrSC58v2_567.t1,4,7,5,7,7,1
TrSC58v2_567.t1.e1,5,8,7,10,9,24
TrSC58v2_569.t1,16,12,0,0,20,80
TrSC58v2_569.t1.e1,18,17,82,54,26,122
TrSC58v2_570.t1,11,23,19,38,26,96
TrSC58v2_570.t1.e1,14,27,28,43,32,104
TrSC58v2_571.t1,0,0,0,8,7,25
TrSC58v2_571.t1.e1,3,6,2,9,8,29
TrSC58v2_573.t1,1,0,0,8,0,3
TrSC58v2_573.t1.e1,3,8,5,9,19,103
TrSC58v2_574.t1,9,1,18,15,6,39
TrSC58v2_574.t1.e1,10,2,20,15,7,47
TrSC58v2_575.t1,1,3,1,11,2,12
TrSC58v2_575.t1.e1,14,4,4,13,12,15
TrSC58v2_576.t1,4,8,5,36,17,81
TrSC58v2_576.t1.e1,5,9,33,42,19,92
TrSC58v2_577.t1,7,11,23,60,38,114
TrSC58v2_577.t1.e1,9,15,23,70,41,167
TrSC58v2_578.t1,1,1,9,6,6,26
TrSC58v2_578.t1.e1,1,2,10,33,6,28
TrSC58v2_579.t1,4,0,12,38,17,39
TrSC58v2_579.t1.e1,5,11,16,43,19,44
TrSC58v2_582.t1.e1,7,5,9,13,8,15
TrSC58v2_582.t1,6,0,8,12,7,14
TrSC58v2_583.t1.e1,9,3,9,8,18,32
TrSC58v2_583.t1,0,1,8,5,0,29
TrSC58v2_584.t1.e1,6,4,15,22,8,31
TrSC58v2_584.t1,1,3,0,16,1,27
TrSC58v2_585.t1.e1,4,4,8,5,10,47
TrSC58v2_585.t1,0,0,5,3,7,2
TrSC58v2_586.t1.e1,4,9,8,6,4,24
TrSC58v2_586.t1,2,9,1,5,0,23
TrSC58v2_588.t1.e1,4,0,12,20,26,74
TrSC58v2_588.t1,3,0,8,15,17,68
TrSC58v2_589.t1.e1,10,1,25,21,8,66
TrSC58v2_589.t1,8,1,2,17,7,0
TrSC58v2_590.t1.e1,4,9,26,10,3,21
TrSC58v2_590.t1,0,2,2,9,3,18
TrSC58v2_592.t1.e1,8,19,26,9,7,54
TrSC58v2_592.t1,1,1,24,8,1,44
TrSC58v2_593.t1,12,7,17,42,24,105
TrSC58v2_593.t1.e1,7,8,20,44,22,98
MSTRG.603.2,63,27,93,164,111,369
TrSC58v2_595.t1.e1,17,5,7,15,8,34
TrSC58v2_595.t1,0,0,5,11,6,30
TrSC58v2_596.t1.e1,69,64,127,175,107,610
TrSC58v2_596.t1,50,54,105,140,93,449
TrSC58v2_597.t1.e1,2,1,2,3,6,11
TrSC58v2_597.t1,0,1,1,2,4,11
TrSC58v2_598.t1.e1,1,2,5,10,10,24
TrSC58v2_598.t1,1,1,4,4,3,2
TrSC58v2_599.t1,36,16,73,60,62,340
TrSC58v2_599.t1.e1,16,51,74,66,56,298
TrSC58v2_600.t1.e1,3,0,6,4,8,20
TrSC58v2_600.t1,2,0,2,3,0,18
TrSC58v2_601.t1.e1,9,6,19,20,9,50
TrSC58v2_601.t1,8,5,16,0,6,45
TrSC58v2_602.t1.e1,11,0,5,10,9,37
TrSC58v2_602.t1,0,0,0,9,7,32
TrSC58v2_603.t1.e1,8,3,1,10,6,11
TrSC58v2_603.t1,7,1,1,3,1,10
TrSC58v2_604.t1.e1,8,31,44,46,40,188
TrSC58v2_604.t1,8,28,43,41,38,176
TrSC58v2_605.t1.e1,9,19,12,21,5,35
TrSC58v2_605.t1,8,0,10,3,4,29
TrSC58v2_606.t1.e1,12,5,14,17,26,104
TrSC58v2_606.t1,9,4,11,13,19,82
TrSC58v2_608.t1.e1,6,5,7,39,17,59
TrSC58v2_608.t1,5,5,5,1,13,56
TrSC58v2_609.t1.e1,8,6,6,12,19,48
TrSC58v2_609.t1,0,3,4,0,1,45
TrSC58v2_610.t1.e1,15,19,29,50,29,82
TrSC58v2_610.t1,1,1,1,2,1,75
TrSC58v2_611.t1.e1,19,18,38,52,23,244
TrSC58v2_611.t1,15,13,32,41,20,8
TrSC58v2_612.t1.e1,5,0,24,14,12,60
TrSC58v2_612.t1,3,0,13,11,9,47
TrSC58v2_613.t1.e1,6,7,11,46,56,152
TrSC58v2_613.t1,5,5,9,42,45,80
TrSC58v2_614.t1.e1,7,8,12,14,0,14
TrSC58v2_614.t1,1,1,1,11,0,13
TrSC58v2_616.t1.e1,11,11,37,62,28,138
TrSC58v2_616.t1,8,9,0,50,24,117
TrSC58v2_617.t1.e1,3,3,13,13,8,29
TrSC58v2_617.t1,0,3,1,0,0,27
TrSC58v2_619.t1.e1,4,11,6,10,15,77
TrSC58v2_619.t1,3,0,5,0,12,1
TrSC58v2_620.t1.e1,21,0,18,32,20,102
TrSC58v2_620.t1,0,0,17,28,18,99
TrSC58v2_621.t1.e1,4,0,8,10,4,27
TrSC58v2_621.t1,1,0,0,9,1,23
TrSC58v2_622.t1.e1,9,6,20,16,14,78
TrSC58v2_622.t1,6,5,17,14,13,19
MSTRG.629.1,11,3,8,24,7,32
TrSC58v2_623.t1.e1,4,5,53,16,28,79
TrSC58v2_623.t1,0,3,0,14,2,72
TrSC58v2_624.t1.e1,12,10,18,14,6,73
TrSC58v2_624.t1,11,7,16,11,4,10
TrSC58v2_626.t1.e1,3,8,27,42,31,127
TrSC58v2_626.t1,2,7,24,36,25,117
TrSC58v2_627.t1.e1,4,17,20,26,22,76
TrSC58v2_627.t1,3,14,16,21,17,66
TrSC58v2_630.t1.e1,15,4,19,69,58,109
TrSC58v2_630.t1,11,0,15,47,45,95
TrSC58v2_631.t1.e1,3,3,5,10,2,16
TrSC58v2_631.t1,0,2,3,7,2,12
TrSC58v2_632.t1.e1,3,3,5,9,3,19
TrSC58v2_632.t1,0,2,3,8,2,17
TrSC58v2_633.t1.e1,3,2,4,10,3,21
TrSC58v2_633.t1,0,2,3,7,2,17
TrSC58v2_635.t1.e1,4,2,5,8,0,9
TrSC58v2_635.t1,0,1,0,0,0,10
TrSC58v2_636.t1.e1,1,0,4,11,5,14
TrSC58v2_636.t1,0,0,4,9,0,12
TrSC58v2_637.t1.e1,4,5,9,21,8,54
TrSC58v2_637.t1,3,4,8,15,7,38
MSTRG.646.1,12,5,30,28,15,78
TrSC58v2_641.t1.e1,8,7,5,12,2,18
TrSC58v2_641.t1,0,0,4,0,3,21
TrSC58v2_642.t1.e1,5,0,4,19,11,19
TrSC58v2_642.t1,0,0,3,17,1,17
TrSC58v2_644.t1.e1,4,2,1,0,0,1
TrSC58v2_644.t1,0,1,1,0,0,2
TrSC58v2_647.t1,1,0,3,1,3,2
TrSC58v2_647.t1.e1,3,0,4,16,3,51
TrSC58v2_648.t1,7,5,0,1,14,33
TrSC58v2_648.t1.e1,9,7,19,26,17,42
TrSC58v2_649.t1,14,14,33,54,34,134
TrSC58v2_649.t1.e1,15,21,35,61,37,147
TrSC58v2_650.t1,0,0,3,0,0,7
TrSC58v2_650.t1.e1,2,0,6,7,0,9
TrSC58v2_651.t1,0,0,5,16,3,27
TrSC58v2_651.t1.e1,3,4,8,19,5,30
TrSC58v2_652.t1,2,1,0,14,3,1
TrSC58v2_652.t1.e1,2,10,11,16,13,31
TrSC58v2_653.t1,3,0,13,18,9,58
TrSC58v2_653.t1.e1,4,11,14,21,12,67
TrSC58v2_654.t1,0,1,5,3,3,38
TrSC58v2_654.t1.e1,8,4,6,20,5,43
TrSC58v2_655.t1,2,0,5,2,0,4
TrSC58v2_655.t1.e1,3,4,1,15,9,62
TrSC58v2_656.t1,1,0,0,17,1,52
TrSC58v2_656.t1.e1,10,0,8,18,41,58
TrSC58v2_659.t1,2,1,0,3,2,4
TrSC58v2_659.t1.e1,8,2,4,4,2,5
TrSC58v2_660.t1,10,15,19,53,21,111
TrSC58v2_660.t1.e1,13,18,20,47,26,132
TrSC58v2_661.t1,3,0,17,26,12,2
TrSC58v2_661.t1.e1,4,0,17,30,17,98
TrSC58v2_662.t1,1,0,1,11,11,42
TrSC58v2_662.t1.e1,5,3,16,13,14,49
TrSC58v2_663.t1,6,5,18,7,13,52
TrSC58v2_663.t1.e1,9,7,19,8,16,60
TrSC58v2_669.t1,3,8,7,19,9,1
TrSC58v2_669.t1.e1,5,9,8,27,11,101
TrSC58v2_671.t1,1,3,27,27,14,70
TrSC58v2_671.t1.e1,2,4,33,30,17,81
TrSC58v2_672.t1,1,1,3,5,2,7
TrSC58v2_672.t1.e1,1,1,4,6,3,12
TrSC58v2_673.t1,1,1,8,8,4,17
TrSC58v2_673.t1.e1,2,1,8,10,5,22
TrSC58v2_674.t1,1,1,2,4,2,6
TrSC58v2_674.t1.e1,1,1,3,4,3,8
TrSC58v2_675.t1,1,1,2,4,2,6
TrSC58v2_675.t1.e1,1,1,3,4,3,8
TrSC58v2_676.t1,2,3,6,10,4,20
TrSC58v2_676.t1.e1,3,3,14,11,6,24
TrSC58v2_678.t1,0,4,0,7,4,4
TrSC58v2_678.t1.e1,4,5,0,9,5,64
TrSC58v2_679.t1,10,29,23,60,35,191
TrSC58v2_679.t1.e1,12,33,26,68,43,236
TrSC58v2_683.t1,0,0,5,7,7,31
TrSC58v2_683.t1.e1,6,7,6,8,8,33
TrSC58v2_684.t1,6,3,15,27,6,6
TrSC58v2_684.t1.e1,8,17,18,30,7,71
TrSC58v2_685.t1,0,0,7,8,0,21
TrSC58v2_685.t1.e1,10,4,9,11,5,35
TrSC58v2_686.t1,2,0,0,7,9,36
TrSC58v2_686.t1.e1,9,3,12,10,11,38
TrSC58v2_687.t1,0,3,3,9,8,12
TrSC58v2_687.t1.e1,25,4,4,10,9,13
TrSC58v2_689.t1,1,0,0,0,0,28
TrSC58v2_689.t1.e1,2,5,9,14,5,29
TrSC58v2_690.t1,0,5,0,14,9,33
TrSC58v2_690.t1.e1,11,6,4,15,11,38
TrSC58v2_691.t1,1,0,0,1,2,7
TrSC58v2_691.t1.e1,1,0,0,13,3,8
TrSC58v2_692.t1,4,3,8,9,5,54
TrSC58v2_692.t1.e1,5,3,9,10,7,56
TrSC58v2_693.t1,0,10,20,31,2,69
TrSC58v2_693.t1.e1,3,12,22,35,35,79
TrSC58v2_694.t1,4,4,2,19,14,35
TrSC58v2_694.t1.e1,5,5,18,24,15,43
TrSC58v2_695.t1,2,4,0,1,1,3
TrSC58v2_695.t1.e1,2,5,0,6,19,10
TrSC58v2_696.t1,2,2,1,2,4,20
TrSC58v2_696.t1.e1,3,5,5,12,5,22
TrSC58v2_698.t1,0,2,6,17,9,43
TrSC58v2_698.t1.e1,5,9,9,25,12,47
TrSC58v2_699.t1,0,8,7,7,0,26
TrSC58v2_699.t1.e1,15,10,7,8,18,34
TrSC58v2_700.t1,1,4,11,4,13,53
TrSC58v2_700.t1.e1,4,4,13,54,18,60
TrSC58v2_702.t1,5,7,13,21,9,64
TrSC58v2_702.t1.e1,6,7,14,27,11,77
TrSC58v2_703.t1,0,0,5,13,14,34
TrSC58v2_703.t1.e1,7,0,6,15,16,37
TrSC58v2_704.t1,4,10,28,47,49,148
TrSC58v2_704.t1.e1,6,12,32,45,53,169
TrSC58v2_705.t1,0,1,3,4,5,3
TrSC58v2_705.t1.e1,5,2,18,5,6,24
TrSC58v2_706.t1,9,12,12,23,12,86
TrSC58v2_706.t1.e1,12,14,13,31,13,96
TrSC58v2_707.t1,5,9,28,33,30,73
TrSC58v2_707.t1.e1,7,11,30,34,35,88
TrSC58v2_710.t1,2,3,0,7,1,17
TrSC58v2_710.t1.e1,3,3,0,7,1,19
TrSC58v2_711.t1,1,0,1,9,1,25
TrSC58v2_711.t1.e1,1,0,12,10,4,29
TrSC58v2_712.t1,2,4,0,6,1,3
TrSC58v2_712.t1.e1,17,6,12,7,14,45
TrSC58v2_713.t1,0,0,0,6,0,8
TrSC58v2_713.t1.e1,7,0,4,8,4,10
TrSC58v2_714.t1,0,0,9,2,3,5
TrSC58v2_714.t1.e1,4,0,10,45,25,49
TrSC58v2_715.t1,0,0,6,1,1,30
TrSC58v2_715.t1.e1,5,0,6,12,2,34
TrSC58v2_716.t1,4,0,8,4,2,2
TrSC58v2_716.t1.e1,5,0,9,5,3,52
MSTRG.723.1,6,4,8,16,20,42
TrSC58v2_717.t1,0,10,30,33,23,4
TrSC58v2_717.t1.e1,25,13,37,38,24,138
TrSC58v2_718.t1,5,9,35,0,0,131
TrSC58v2_718.t1.e1,7,27,40,89,60,157
TrSC58v2_719.t1,0,0,0,10,7,26
TrSC58v2_719.t1.e1,3,12,3,12,8,28
TrSC58v2_721.t1,6,0,8,19,23,68
TrSC58v2_721.t1.e1,8,20,9,27,27,71
TrSC58v2_722.t1,3,5,10,18,0,29
TrSC58v2_722.t1.e1,4,7,13,20,0,42
TrSC58v2_723.t1,2,0,0,12,3,25
TrSC58v2_723.t1.e1,4,3,4,13,4,28
TrSC58v2_724.t1,0,0,1,1,0,1
TrSC58v2_724.t1.e1,9,5,10,2,0,18
TrSC58v2_725.t1,3,1,0,10,6,20
TrSC58v2_725.t1.e1,3,3,5,11,6,21
TrSC58v2_726.t1,5,0,6,10,11,1
TrSC58v2_726.t1.e1,7,5,7,15,13,63
TrSC58v2_727.t1,3,5,2,11,11,42
TrSC58v2_727.t1.e1,9,5,10,12,12,42
TrSC58v2_728.t1,1,4,7,1,6,15
TrSC58v2_728.t1.e1,6,5,8,5,7,18
TrSC58v2_730.t1,0,0,0,0,1,0
TrSC58v2_730.t1.e1,8,3,8,11,7,4
MSTRG.742.1,3,6,18,9,11,50
TrSC58v2_734.t1.e1,4,7,9,11,7,40
TrSC58v2_734.t1,3,0,8,9,6,19
TrSC58v2_735.t1.e1,4,3,4,12,9,51
TrSC58v2_735.t1,3,1,4,9,7,45
TrSC58v2_738.t1.e1,6,0,8,11,3,46
TrSC58v2_738.t1,4,0,7,0,2,1
TrSC58v2_739.t1.e1,6,5,6,11,7,44
TrSC58v2_739.t1,4,4,5,10,6,26
TrSC58v2_740.t1.e1,3,12,15,14,8,34
TrSC58v2_740.t1,1,0,1,12,7,30
TrSC58v2_743.t1.e1,8,11,8,14,0,41
TrSC58v2_743.t1,6,10,2,11,0,37
TrSC58v2_744.t1.e1,54,64,26,122,76,203
TrSC58v2_744.t1,2,2,31,89,54,140
TrSC58v2_745.t1.e1,75,63,22,166,120,366
TrSC58v2_745.t1,6,21,10,18,23,76
TrSC58v2_747.t1.e1,3,8,5,11,8,27
TrSC58v2_747.t1,0,0,5,9,0,25
TrSC58v2_748.t1.e1,18,9,25,31,25,56
TrSC58v2_748.t1,0,8,0,28,1,46
TrSC58v2_749.t1.e1,10,3,27,56,32,83
TrSC58v2_749.t1,7,1,24,1,21,77
TrSC58v2_750.t1,2,0,2,2,0,0
TrSC58v2_750.t1.e1,2,3,5,1,11,4
MSTRG.758.2,1,0,0,2,0,30
MSTRG.758.4,1,0,0,19,0,4
TrSC58v2_752.t1.e1,1,2,5,0,5,9
TrSC58v2_752.t1,1,1,1,0,2,7
TrSC58v2_753.t1.e1,8,13,4,8,17,19
TrSC58v2_753.t1,0,0,3,7,14,15
MSTRG.761.1,3,6,12,15,13,58
TrSC58v2_754.t1.e1,9,4,16,19,5,42
TrSC58v2_754.t1,0,3,13,17,5,36
TrSC58v2_755.t1.e1,3,3,9,13,19,55
TrSC58v2_755.t1,3,2,7,12,1,50
TrSC58v2_756.t1.e1,13,10,30,44,27,132
TrSC58v2_756.t1,9,9,28,40,21,118
MSTRG.766.2,8,7,27,23,7,148
TrSC58v2_757.t1.e1,2,1,4,8,2,13
TrSC58v2_757.t1,0,1,5,0,6,15
TrSC58v2_758.t1.e1,2,6,16,22,14,62
TrSC58v2_758.t1,1,5,14,18,11,1
TrSC58v2_759.t1.e1,6,0,19,16,8,53
TrSC58v2_759.t1,5,0,0,4,7,42
TrSC58v2_760.t1.e1,4,5,10,22,9,64
TrSC58v2_760.t1,3,1,8,19,7,47
TrSC58v2_761.t1.e1,24,22,103,135,91,514
TrSC58v2_761.t1,17,15,26,122,73,4
TrSC58v2_763.t1.e1,4,7,26,22,14,53
TrSC58v2_763.t1,0,5,22,18,9,46
TrSC58v2_765.t1.e1,3,5,28,17,11,55
TrSC58v2_765.t1,0,3,19,14,8,50
TrSC58v2_766.t1.e1,6,8,4,48,7,52
TrSC58v2_766.t1,5,0,0,1,6,47
TrSC58v2_767.t1.e1,5,0,7,6,12,23
TrSC58v2_767.t1,4,0,6,5,8,20
MSTRG.778.1,22,30,66,126,75,236
TrSC58v2_768.t1.e1,4,4,18,15,7,37
TrSC58v2_768.t1,0,1,13,13,6,27
TrSC58v2_769.t1.e1,4,3,7,8,10,27
TrSC58v2_769.t1,3,1,1,0,8,24
TrSC58v2_770.t1.e1,8,4,21,9,8,42
TrSC58v2_770.t1,0,4,2,8,7,40
TrSC58v2_772.t1.e1,5,0,7,8,11,40
TrSC58v2_772.t1,3,0,0,0,1,1
TrSC58v2_773.t1.e1,4,2,4,3,3,17
TrSC58v2_773.t1,4,1,4,1,3,15
TrSC58v2_774.t1.e1,7,11,41,30,31,79
TrSC58v2_774.t1,7,2,2,28,28,65
TrSC58v2_776.t1.e1,1,4,5,35,8,37
TrSC58v2_776.t1,1,0,5,3,2,32
TrSC58v2_777.t1.e1,7,3,0,12,8,34
TrSC58v2_777.t1,1,0,0,10,0,3
TrSC58v2_780.t1.e1,9,0,4,4,0,17
TrSC58v2_780.t1,0,0,0,3,0,2
TrSC58v2_781.t1.e1,4,0,8,4,9,25
TrSC58v2_781.t1,4,0,0,4,8,1
TrSC58v2_783.t1.e1,35,44,62,104,59,272
TrSC58v2_783.t1,26,34,44,74,47,187
TrSC58v2_784.t1.e1,7,16,34,72,33,111
TrSC58v2_784.t1,5,14,32,1,28,93
TrSC58v2_787.t1.e1,7,14,22,13,19,33
TrSC58v2_787.t1,0,1,1,1,2,37
TrSC58v2_788.t1.e1,1,1,1,1,3,7
TrSC58v2_788.t1,1,1,1,1,2,6
TrSC58v2_789.t1.e1,2,1,7,12,8,47
TrSC58v2_789.t1,0,2,6,10,7,29
TrSC58v2_790.t1.e1,2,1,5,9,6,16
TrSC58v2_790.t1,1,2,6,10,7,17
TrSC58v2_791.t1.e1,3,2,4,3,4,12
TrSC58v2_791.t1,1,2,4,4,5,13
TrSC58v2_792.t1.e1,3,3,12,12,6,30
TrSC58v2_792.t1,1,3,10,10,4,27
TrSC58v2_793.t1.e1,5,3,31,39,26,79
TrSC58v2_793.t1,4,3,1,36,21,76
TrSC58v2_794.t1.e1,4,11,4,14,3,17
TrSC58v2_794.t1,0,1,0,1,3,16
TrSC58v2_797.t1.e1,8,1,5,0,14,23
TrSC58v2_797.t1,6,1,4,0,10,19
TrSC58v2_798.t1.e1,12,6,6,13,7,13
TrSC58v2_798.t1,0,0,5,9,5,11
TrSC58v2_799.t1.e1,5,12,22,25,13,93
TrSC58v2_799.t1,3,10,17,21,11,61
TrSC58v2_800.t1,4,25,2,71,42,154
TrSC58v2_800.t1.e1,65,34,64,81,44,176
TrSC58v2_807.t1,7,3,1,15,15,45
TrSC58v2_807.t1.e1,8,4,26,19,19,55
TrSC58v2_808.t1,24,29,52,53,57,205
TrSC58v2_808.t1.e1,29,31,64,59,66,240
TrSC58v2_809.t1,11,30,42,57,64,143
TrSC58v2_809.t1.e1,13,34,52,64,75,163
TrSC58v2_810.t1,1,0,2,0,1,16
TrSC58v2_810.t1.e1,3,0,5,4,2,20
TrSC58v2_811.t1,0,0,19,18,9,51
TrSC58v2_811.t1.e1,4,0,28,23,14,63
TrSC58v2_813.t1,1,0,7,3,1,16
TrSC58v2_813.t1.e1,2,0,7,3,15,16
TrSC58v2_814.t1,7,6,1,6,4,31
TrSC58v2_814.t1.e1,8,8,29,7,4,35
TrSC58v2_815.t1,8,13,21,16,14,76
TrSC58v2_815.t1.e1,9,14,23,23,20,80
TrSC58v2_816.t1,3,1,5,16,0,23
TrSC58v2_816.t1.e1,5,1,6,22,6,27
TrSC58v2_817.t1,14,13,19,56,4,137
TrSC58v2_817.t1.e1,19,16,22,62,74,154
MSTRG.821.1,3,15,24,23,24,115
TrSC58v2_818.t1,0,3,7,35,35,80
TrSC58v2_818.t1.e1,4,4,9,40,37,91
TrSC58v2_820.t1,8,9,25,27,11,56
TrSC58v2_820.t1.e1,11,12,32,31,12,62
TrSC58v2_821.t1,6,12,22,27,31,79
TrSC58v2_821.t1.e1,8,16,29,30,35,87
TrSC58v2_822.t1,4,6,7,5,0,30
TrSC58v2_822.t1.e1,4,8,7,7,5,37
TrSC58v2_823.t1,9,0,19,24,7,45
TrSC58v2_823.t1.e1,11,4,28,27,10,52
TrSC58v2_824.t1,0,0,10,17,10,58
TrSC58v2_824.t1.e1,3,0,11,17,14,68
TrSC58v2_825.t1,2,0,0,0,1,14
TrSC58v2_825.t1.e1,6,0,5,11,2,16
TrSC58v2_827.t1,2,0,1,5,9,17
TrSC58v2_827.t1.e1,3,0,1,7,11,19
TrSC58v2_829.t1,0,4,14,8,18,53
TrSC58v2_829.t1.e1,4,5,15,12,21,59
TrSC58v2_830.t1,0,0,1,0,1,0
TrSC58v2_830.t1.e1,3,5,4,4,2,21
MSTRG.835.1,3,12,7,22,5,63
TrSC58v2_833.t1,29,32,82,107,63,356
TrSC58v2_833.t1.e1,33,35,67,126,74,314
TrSC58v2_834.t1,3,0,0,10,3,34
TrSC58v2_834.t1.e1,4,0,4,12,4,38
TrSC58v2_835.t1,0,3,6,3,14,28
TrSC58v2_835.t1.e1,4,4,22,3,15,31
TrSC58v2_836.t1,6,0,10,25,15,65
TrSC58v2_836.t1.e1,8,12,11,33,17,72
TrSC58v2_837.t1,11,9,14,31,17,85
TrSC58v2_837.t1.e1,13,11,20,33,20,97
TrSC58v2_838.t1,0,4,8,40,20,100
TrSC58v2_838.t1.e1,7,6,55,46,26,114
TrSC58v2_839.t1,1,0,11,18,17,23
TrSC58v2_839.t1.e1,4,0,12,21,19,30
TrSC58v2_841.t1,1,0,8,8,10,33
TrSC58v2_841.t1.e1,3,0,9,11,12,40
TrSC58v2_842.t1,0,0,1,0,0,21
TrSC58v2_842.t1.e1,7,0,1,0,8,23
TrSC58v2_843.t1,8,13,23,41,35,88
TrSC58v2_843.t1.e1,10,14,23,45,43,94
TrSC58v2_844.t1,11,18,19,26,27,91
TrSC58v2_844.t1.e1,12,21,22,30,29,106
TrSC58v2_845.t1,28,18,46,58,31,160
TrSC58v2_845.t1.e1,32,20,54,66,34,179
TrSC58v2_846.t1,6,0,0,0,8,13
TrSC58v2_846.t1.e1,8,0,8,3,9,16
TrSC58v2_850.t1,1,1,10,36,17,98
TrSC58v2_850.t1.e1,13,14,12,44,20,117
TrSC58v2_851.t1,0,0,11,5,0,44
TrSC58v2_851.t1.e1,4,0,8,6,0,39
TrSC58v2_852.t1,0,1,9,1,11,18
TrSC58v2_852.t1.e1,4,3,12,28,14,21
TrSC58v2_853.t1,0,7,10,8,3,1
TrSC58v2_853.t1.e1,3,10,13,11,11,49
TrSC58v2_854.t1,10,0,28,0,5,109
TrSC58v2_854.t1.e1,15,0,33,64,68,124
TrSC58v2_855.t1,1,0,8,18,11,30
TrSC58v2_855.t1.e1,4,9,10,23,16,33
TrSC58v2_857.t1,0,4,7,5,3,26
TrSC58v2_857.t1.e1,4,4,8,6,5,33
TrSC58v2_859.t1,4,0,7,3,1,19
TrSC58v2_859.t1.e1,4,0,8,4,11,21
TrSC58v2_860.t1,4,21,31,32,31,135
TrSC58v2_860.t1.e1,6,23,36,34,33,142
TrSC58v2_862.t1,14,4,17,26,23,59
TrSC58v2_862.t1.e1,14,5,20,31,25,68
TrSC58v2_863.t1,0,0,0,3,4,13
TrSC58v2_863.t1.e1,4,13,10,4,5,14
TrSC58v2_864.t1,1,3,15,7,8,36
TrSC58v2_864.t1.e1,2,3,3,9,9,40
TrSC58v2_865.t1,44,3,33,78,54,236
TrSC58v2_865.t1.e1,9,28,36,96,58,253
TrSC58v2_868.t1,3,6,24,20,14,72
TrSC58v2_868.t1.e1,4,8,28,24,17,80
TrSC58v2_871.t1,3,0,6,24,8,27
TrSC58v2_871.t1.e1,5,12,6,28,11,30
TrSC58v2_872.t1,2,9,0,12,12,56
TrSC58v2_872.t1.e1,2,10,28,13,14,62
TrSC58v2_873.t1,0,0,0,10,8,31
TrSC58v2_873.t1.e1,4,0,7,11,10,34
TrSC58v2_874.t1,14,9,35,44,5,132
TrSC58v2_874.t1.e1,16,10,39,51,46,143
TrSC58v2_875.t1,1,9,19,35,36,66
TrSC58v2_875.t1.e1,1,10,22,40,43,72
TrSC58v2_876.t1,0,1,9,11,1,19
TrSC58v2_876.t1.e1,4,1,10,13,4,22
TrSC58v2_877.t1,1,3,9,8,0,47
TrSC58v2_877.t1.e1,9,4,9,11,25,56
TrSC58v2_878.t1,1,3,1,7,1,18
TrSC58v2_878.t1.e1,6,4,2,8,4,20
TrSC58v2_887.t1,1,5,10,13,0,32
TrSC58v2_887.t1.e1,4,7,12,17,12,75
TrSC58v2_888.t1,0,0,0,16,1,32
TrSC58v2_888.t1.e1,4,0,16,19,37,36
TrSC58v2_889.t1,1,11,11,12,0,39
TrSC58v2_889.t1.e1,2,13,13,13,0,42
TrSC58v2_890.t1,1,3,5,3,6,38
TrSC58v2_890.t1.e1,2,3,6,27,6,40
TrSC58v2_891.t1,2,0,3,12,10,4
TrSC58v2_891.t1.e1,7,11,27,16,11,35
TrSC58v2_892.t1,0,0,5,0,7,20
TrSC58v2_892.t1.e1,4,0,8,24,9,23
TrSC58v2_893.t1,0,4,2,14,14,55
TrSC58v2_893.t1.e1,4,5,36,17,17,78
TrSC58v2_894.t1,0,9,11,16,10,36
TrSC58v2_894.t1.e1,4,12,15,19,13,39
TrSC58v2_895.t1,0,5,0,13,9,34
TrSC58v2_895.t1.e1,3,7,22,15,11,45
TrSC58v2_896.t1,2,11,29,34,5,97
TrSC58v2_896.t1.e1,21,16,35,41,55,102
TrSC58v2_897.t1,5,0,3,3,10,27
TrSC58v2_897.t1.e1,6,4,4,4,13,34
TrSC58v2_898.t1,5,4,9,0,4,26
TrSC58v2_898.t1.e1,6,5,11,8,6,30
TrSC58v2_900.t1,13,11,27,29,37,89
TrSC58v2_900.t1.e1,18,14,28,29,39,99
TrSC58v2_901.t1,0,3,14,5,10,3
TrSC58v2_901.t1.e1,4,3,15,6,8,131
TrSC58v2_902.t1,1,0,3,2,5,32
TrSC58v2_902.t1.e1,6,8,6,18,6,33
TrSC58v2_903.t1,2,1,12,24,11,40
TrSC58v2_903.t1.e1,11,1,13,26,12,43
MSTRG.905.1,8,10,14,63,30,83
TrSC58v2_905.t1,7,3,4,10,9,22
TrSC58v2_905.t1.e1,10,5,4,12,13,24
TrSC58v2_906.t1,0,5,12,4,3,1
TrSC58v2_906.t1.e1,4,6,13,5,4,32
TrSC58v2_907.t1,0,5,6,12,19,55
TrSC58v2_907.t1.e1,4,7,7,16,23,57
TrSC58v2_908.t1,4,0,7,15,14,32
TrSC58v2_908.t1.e1,6,5,9,17,14,34
TrSC58v2_912.t1,0,1,10,0,4,5
TrSC58v2_912.t1.e1,4,2,11,29,5,67
TrSC58v2_914.t1,1,0,6,3,1,21
TrSC58v2_914.t1.e1,3,3,6,18,1,22
TrSC58v2_916.t1,9,2,17,16,11,29
TrSC58v2_916.t1.e1,11,3,20,19,11,43
TrSC58v2_918.t1,5,6,5,22,7,14
TrSC58v2_918.t1.e1,5,7,6,26,8,110
TrSC58v2_919.t1,4,5,1,9,6,24
TrSC58v2_919.t1.e1,5,6,6,10,7,24
TrSC58v2_920.t1,5,13,15,23,4,65
TrSC58v2_920.t1.e1,6,16,21,28,4,73
TrSC58v2_921.t1,6,5,1,43,0,38
TrSC58v2_921.t1.e1,7,6,8,5,23,42
TrSC58v2_922.t1,0,3,15,16,17,45
TrSC58v2_922.t1.e1,16,4,18,19,19,50
TrSC58v2_923.t1,11,3,2,1,2,0
TrSC58v2_923.t1.e1,13,3,35,2,3,42
TrSC58v2_924.t1,1,0,0,1,0,1
TrSC58v2_924.t1.e1,4,4,0,8,0,4
MSTRG.927.1,40,74,186,225,155,606
TrSC58v2_925.t1,36,45,109,120,87,437
TrSC58v2_925.t1.e1,30,36,91,106,60,320
TrSC58v2_926.t1,26,11,26,25,20,120
TrSC58v2_926.t1.e1,12,11,24,23,18,109
TrSC58v2_927.t1,0,1,1,0,0,0
TrSC58v2_927.t1.e1,3,1,6,4,5,16
TrSC58v2_928.t1,0,6,11,2,11,3
TrSC58v2_928.t1.e1,7,7,14,55,12,114
TrSC58v2_929.t1,0,0,1,1,2,19
TrSC58v2_929.t1.e1,4,4,8,19,17,23
TrSC58v2_932.t1,1,5,14,11,0,35
TrSC58v2_932.t1.e1,4,7,17,12,7,41
TrSC58v2_933.t1,15,12,30,70,35,164
TrSC58v2_933.t1.e1,15,14,35,78,41,189
TrSC58v2_934.t1,0,0,0,0,2,11
TrSC58v2_934.t1.e1,7,4,7,4,11,14
TrSC58v2_935.t1,0,0,5,5,0,12
TrSC58v2_935.t1.e1,4,4,6,6,0,13
TrSC58v2_936.t1,0,0,2,0,0,15
TrSC58v2_936.t1.e1,7,0,3,10,11,17
TrSC58v2_937.t1.e1,39,10,28,70,36,104
TrSC58v2_937.t1,0,1,25,3,34,95
TrSC58v2_938.t1.e1,4,5,14,19,9,37
TrSC58v2_938.t1,0,1,10,16,0,31
TrSC58v2_943.t1.e1,18,7,9,12,14,62
TrSC58v2_943.t1,15,0,8,9,12,51
TrSC58v2_944.t1.e1,10,14,39,1,73,86
TrSC58v2_944.t1,8,13,24,41,5,73
MSTRG.947.1,52,65,126,194,137,567
TrSC58v2_949.t1.e1,7,1,7,11,10,2
TrSC58v2_949.t1,2,1,26,0,0,1
TrSC58v2_950.t1.e1,7,4,8,52,50,86
TrSC58v2_950.t1,0,0,7,4,0,77
MSTRG.949.1,18,20,60,67,59,221
TrSC58v2_960.t1.e1,8,3,0,12,9,17
TrSC58v2_960.t1,0,1,0,2,1,1
TrSC58v2_961.t1.e1,5,8,5,24,3,55
TrSC58v2_961.t1,0,0,4,21,2,51
TrSC58v2_965.t1.e1,8,7,6,32,24,61
TrSC58v2_965.t1,0,5,5,35,21,54
TrSC58v2_968.t1.e1,11,8,16,23,29,82
TrSC58v2_968.t1,2,8,15,22,26,74
TrSC58v2_972.t1.e1,3,8,4,15,15,36
TrSC58v2_972.t1,2,0,3,14,12,34
TrSC58v2_973.t1.e1,8,2,12,31,4,63
TrSC58v2_973.t1,0,1,10,1,0,2
TrSC58v2_976.t1.e1,4,5,15,15,7,36
TrSC58v2_976.t1,0,0,0,2,6,29
TrSC58v2_977.t1.e1,7,9,5,8,8,31
TrSC58v2_977.t1,5,6,4,5,5,21
TrSC58v2_978.t1.e1,14,3,17,13,8,52
TrSC58v2_978.t1,2,1,16,12,1,50
TrSC58v2_979.t1.e1,28,8,18,17,19,89
TrSC58v2_979.t1,15,0,13,15,15,1
TrSC58v2_980.t1.e1,6,0,11,19,15,47
TrSC58v2_980.t1,0,0,0,0,13,1
TrSC58v2_981.t1.e1,3,3,4,10,4,19
TrSC58v2_981.t1,1,0,3,1,4,18
TrSC58v2_1847.t1,1,0,9,3,4,25
TrSC58v2_1847.t1.e1,10,0,10,25,5,28
TrSC58v2_1848.t1,5,1,0,13,5,47
TrSC58v2_1848.t1.e1,6,16,20,14,7,57
TrSC58v2_1849.t1,0,0,3,11,1,3
TrSC58v2_1849.t1.e1,4,21,25,14,10,72
TrSC58v2_1845.t1,8,0,14,32,16,51
TrSC58v2_1845.t1.e1,9,8,17,36,18,57
TrSC58v2_1850.t1,0,0,6,0,6,52
TrSC58v2_1850.t1.e1,5,0,9,29,9,52
TrSC58v2_1851.t1,0,4,7,15,15,57
TrSC58v2_1851.t1.e1,8,5,9,21,19,67
TrSC58v2_1852.t1,0,0,0,15,11,22
TrSC58v2_1852.t1.e1,6,4,4,16,13,25
TrSC58v2_1853.t1,5,0,1,3,0,12
TrSC58v2_1853.t1.e1,5,0,8,3,0,14
TrSC58v2_1854.t1,7,0,5,19,0,27
TrSC58v2_1854.t1.e1,7,0,6,18,10,30
TrSC58v2_1927.t1.e1,4,4,4,21,11,32
TrSC58v2_1927.t1,0,0,0,1,0,25
TrSC58v2_1926.t1.e1,5,10,11,17,8,35
TrSC58v2_1926.t1,4,7,9,13,7,29
TrSC58v2_1928.t1.e1,9,15,14,55,11,78
TrSC58v2_1928.t1,7,13,11,0,9,71
TrSC58v2_1929.t1.e1,2,18,30,42,28,126
TrSC58v2_1929.t1,1,16,27,33,22,111
TrSC58v2_1931.t1.e1,4,11,6,23,12,43
TrSC58v2_1931.t1,0,8,5,19,8,47
TrSC58v2_1933.t1.e1,8,33,13,13,12,53
TrSC58v2_1933.t1,8,0,11,12,2,49
TrSC58v2_1930.t1.e1,29,38,80,108,86,294
TrSC58v2_1930.t1,23,34,69,94,73,323
TrSC58v2_1935.t1.e1,5,7,11,11,13,45
TrSC58v2_1935.t1,0,6,8,10,10,36
TrSC58v2_1936.t1.e1,15,3,10,18,4,41
TrSC58v2_1936.t1,2,0,9,0,2,34
TrSC58v2_1642.t1,0,0,2,1,1,1
TrSC58v2_1642.t1.e1,0,0,6,7,7,21
TrSC58v2_1645.t1,0,0,1,0,0,11
TrSC58v2_1645.t1.e1,0,0,1,13,0,14
TrSC58v2_1647.t1,0,0,0,0,1,0
TrSC58v2_1647.t1.e1,0,5,11,0,10,16
TrSC58v2_1649.t1,0,0,0,0,0,1
TrSC58v2_1649.t1.e1,0,4,0,5,4,14
TrSC58v2_1655.t1,0,0,0,0,1,1
TrSC58v2_1655.t1.e1,0,0,4,0,4,13
TrSC58v2_1657.t1,0,0,0,0,0,5
TrSC58v2_1657.t1.e1,0,0,6,4,12,6
TrSC58v2_1658.t1,0,7,9,6,20,35
TrSC58v2_1658.t1.e1,0,10,12,7,25,39
TrSC58v2_1670.t1,0,0,6,6,10,22
TrSC58v2_1670.t1.e1,0,0,7,8,11,24
TrSC58v2_1671.t1,0,0,0,1,11,1
TrSC58v2_1671.t1.e1,0,4,0,22,13,24
TrSC58v2_1679.t1,0,0,0,0,10,23
TrSC58v2_1679.t1.e1,0,8,0,12,13,26
TrSC58v2_1690.t1,0,0,4,2,3,9
TrSC58v2_1690.t1.e1,0,0,5,2,3,10
TrSC58v2_1694.t1,0,1,2,1,1,1
TrSC58v2_1694.t1.e1,0,1,13,4,1,18
TrSC58v2_1702.t1,0,7,0,0,0,9
TrSC58v2_1702.t1.e1,0,7,4,6,3,10
TrSC58v2_1703.t1,0,0,1,3,4,2
TrSC58v2_1703.t1.e1,0,0,3,4,4,19
TrSC58v2_1704.t1,0,3,6,11,4,31
TrSC58v2_1704.t1.e1,0,22,8,12,20,35
TrSC58v2_1705.t1,0,0,6,0,15,36
TrSC58v2_1705.t1.e1,0,0,7,0,17,42
TrSC58v2_1707.t1,0,6,8,7,1,30
TrSC58v2_1707.t1.e1,0,8,9,8,6,34
TrSC58v2_1708.t1,0,0,12,14,18,61
TrSC58v2_1708.t1.e1,0,4,17,19,15,66
TrSC58v2_1711.t1,0,0,6,8,0,11
TrSC58v2_1711.t1.e1,0,13,9,9,0,13
TrSC58v2_1712.t1,0,0,1,4,5,14
TrSC58v2_1712.t1.e1,0,0,2,4,6,17
TrSC58v2_1713.t1,0,0,0,0,0,2
TrSC58v2_1713.t1.e1,0,0,0,3,0,16
TrSC58v2_1715.t1,0,0,0,0,0,1
TrSC58v2_1715.t1.e1,0,0,5,12,0,14
TrSC58v2_1716.t1,0,0,4,5,4,22
TrSC58v2_1716.t1.e1,0,0,5,7,5,26
TrSC58v2_1718.t1,0,2,10,1,0,43
TrSC58v2_1718.t1.e1,0,3,13,13,7,48
TrSC58v2_1720.t1,0,9,1,2,1,23
TrSC58v2_1720.t1.e1,0,11,27,3,19,26
TrSC58v2_1723.t1,0,0,0,11,1,1
TrSC58v2_1723.t1.e1,0,11,0,14,4,57
TrSC58v2_1725.t1,0,0,1,0,0,1
TrSC58v2_1725.t1.e1,0,0,4,0,0,13
TrSC58v2_1729.t1,0,0,0,0,6,3
TrSC58v2_1729.t1.e1,0,0,0,0,6,4
TrSC58v2_1730.t1,0,4,3,0,2,2
TrSC58v2_1730.t1.e1,0,0,11,4,6,14
TrSC58v2_1732.t1,0,3,0,8,0,31
TrSC58v2_1732.t1.e1,0,4,0,9,12,31
TrSC58v2_1734.t1,0,0,11,2,3,37
TrSC58v2_1734.t1.e1,0,14,13,13,4,40
TrSC58v2_1737.t1,0,4,5,0,3,8
TrSC58v2_1737.t1.e1,0,5,6,7,10,9
TrSC58v2_1739.t1,0,4,9,11,1,9
TrSC58v2_1739.t1.e1,0,5,10,15,4,11
TrSC58v2_1744.t1,0,0,1,9,0,16
TrSC58v2_1744.t1.e1,0,0,7,14,24,28
TrSC58v2_1746.t1,0,3,9,7,3,55
TrSC58v2_1746.t1.e1,0,4,11,10,35,0
TrSC58v2_1747.t1,0,0,0,1,4,9
TrSC58v2_1747.t1.e1,0,3,4,21,5,11
TrSC58v2_1748.t1,0,8,14,10,2,45
TrSC58v2_1748.t1.e1,0,10,17,13,3,52
TrSC58v2_1749.t1,0,0,0,0,0,12
TrSC58v2_1749.t1.e1,0,3,18,4,3,17
TrSC58v2_1750.t1,0,0,22,1,3,32
TrSC58v2_1750.t1.e1,0,23,24,25,4,35
TrSC58v2_1752.t1,0,12,14,9,5,41
TrSC58v2_1752.t1.e1,0,14,16,10,7,47
TrSC58v2_1753.t1,0,0,0,1,6,38
TrSC58v2_1753.t1.e1,0,19,8,11,7,41
TrSC58v2_1760.t1,0,0,0,4,2,3
TrSC58v2_1760.t1.e1,0,0,3,4,23,36
TrSC58v2_1768.t1,0,3,1,7,1,12
TrSC58v2_1768.t1.e1,0,14,1,7,3,12
TrSC58v2_1775.t1,0,0,0,4,0,15
TrSC58v2_1775.t1.e1,0,0,20,5,4,13
TrSC58v2_1641.t1.e1,6,15,9,40,11,86
TrSC58v2_1641.t1,5,13,8,0,8,80
TrSC58v2_1643.t1.e1,1,0,0,16,13,18
TrSC58v2_1643.t1,1,0,0,2,2,1
TrSC58v2_1644.t1.e1,1,7,8,13,0,9
TrSC58v2_1644.t1,1,6,0,12,0,9
TrSC58v2_1646.t1.e1,4,6,4,8,4,8
TrSC58v2_1646.t1,0,1,0,0,1,7
TrSC58v2_1648.t1.e1,10,25,10,41,35,97
TrSC58v2_1648.t1,7,19,8,36,30,83
TrSC58v2_1650.t1.e1,3,12,4,8,11,13
TrSC58v2_1650.t1,1,0,0,6,2,11
TrSC58v2_1651.t1.e1,4,0,12,16,6,42
TrSC58v2_1651.t1,3,0,9,12,8,37
TrSC58v2_1652.t1.e1,6,0,8,22,20,66
TrSC58v2_1652.t1,5,0,6,1,1,46
TrSC58v2_1653.t1.e1,5,6,11,17,4,20
TrSC58v2_1653.t1,1,1,9,1,3,19
MSTRG.1608.1,52,71,119,145,58,339
MSTRG.1608.2,33,17,18,54,40,164
TrSC58v2_1654.t1.e1,37,29,50,70,48,201
TrSC58v2_1654.t1,29,41,64,116,69,302
TrSC58v2_1656.t1.e1,7,11,27,20,20,82
TrSC58v2_1656.t1,6,0,17,15,18,65
TrSC58v2_1659.t1.e1,3,5,22,15,8,21
TrSC58v2_1659.t1,0,0,1,13,5,15
TrSC58v2_1660.t1.e1,8,0,6,2,12,7
TrSC58v2_1660.t1,0,0,1,1,1,2
TrSC58v2_1661.t1.e1,11,2,8,25,10,60
TrSC58v2_1661.t1,0,0,8,19,9,48
TrSC58v2_1662.t1.e1,7,2,8,26,11,45
TrSC58v2_1662.t1,0,0,7,21,10,41
TrSC58v2_1663.t1.e1,4,3,16,11,13,32
TrSC58v2_1663.t1,3,1,13,11,11,28
TrSC58v2_1664.t1.e1,2,19,15,10,7,44
TrSC58v2_1664.t1,1,1,12,8,1,38
TrSC58v2_1665.t1.e1,11,8,9,23,5,55
TrSC58v2_1665.t1,0,6,8,19,5,49
TrSC58v2_1666.t1.e1,4,16,8,17,5,22
TrSC58v2_1666.t1,0,0,0,1,4,20
TrSC58v2_1667.t1.e1,8,11,9,14,23,52
TrSC58v2_1667.t1,5,8,9,10,11,48
TrSC58v2_1668.t1.e1,4,24,25,44,31,59
TrSC58v2_1668.t1,0,0,20,3,2,55
TrSC58v2_1669.t1.e1,83,88,99,222,131,414
TrSC58v2_1669.t1,53,60,78,148,94,626
TrSC58v2_1672.t1.e1,1,1,7,23,7,34
TrSC58v2_1672.t1,1,1,0,3,1,32
TrSC58v2_1673.t1.e1,8,4,22,15,14,43
TrSC58v2_1673.t1,0,0,15,12,18,33
MSTRG.1627.1,17,16,56,95,122,255
TrSC58v2_1674.t1.e1,5,8,10,22,12,2
TrSC58v2_1674.t1,3,0,9,0,10,54
TrSC58v2_1675.t1.e1,5,9,8,14,4,38
TrSC58v2_1675.t1,4,8,6,11,0,32
TrSC58v2_1676.t1.e1,8,19,27,59,29,113
TrSC58v2_1676.t1,6,16,21,56,24,109
TrSC58v2_1677.t1.e1,4,18,10,19,5,21
TrSC58v2_1677.t1,2,2,9,18,0,20
TrSC58v2_1678.t1.e1,5,5,16,10,23,75
TrSC58v2_1678.t1,4,0,11,10,17,60
TrSC58v2_1680.t1.e1,8,4,18,27,28,75
TrSC58v2_1680.t1,0,3,16,24,22,60
TrSC58v2_1681.t1.e1,5,8,0,9,12,49
TrSC58v2_1681.t1,5,0,0,0,8,39
TrSC58v2_1682.t1.e1,6,0,9,5,9,50
TrSC58v2_1682.t1,0,0,8,4,7,49
TrSC58v2_1683.t1.e1,5,19,40,32,48,60
TrSC58v2_1683.t1,3,14,2,26,2,53
TrSC58v2_1684.t1.e1,11,4,9,17,27,42
TrSC58v2_1684.t1,0,0,8,15,2,38
TrSC58v2_1685.t1.e1,3,0,8,27,9,19
TrSC58v2_1685.t1,1,0,6,0,7,17
TrSC58v2_1686.t1.e1,7,3,4,0,0,20
TrSC58v2_1686.t1,1,1,0,0,0,1
TrSC58v2_1687.t1.e1,6,0,30,24,10,63
TrSC58v2_1687.t1,4,0,2,3,8,0
TrSC58v2_1688.t1.e1,3,4,0,2,6,8
TrSC58v2_1688.t1,1,0,0,1,1,6
TrSC58v2_1689.t1.e1,10,11,11,37,19,76
TrSC58v2_1689.t1,7,7,8,35,16,70
TrSC58v2_1691.t1.e1,3,4,7,6,9,24
TrSC58v2_1691.t1,1,1,7,5,8,22
TrSC58v2_1692.t1.e1,25,17,54,98,50,225
TrSC58v2_1692.t1,18,14,46,92,47,200
TrSC58v2_1693.t1.e1,7,9,11,27,23,74
TrSC58v2_1693.t1,5,6,8,24,19,59
TrSC58v2_1695.t1.e1,2,4,13,9,4,16
TrSC58v2_1695.t1,1,0,11,8,3,15
TrSC58v2_1696.t1,0,0,0,7,0,17
TrSC58v2_1696.t1.e1,4,7,0,8,2,18
TrSC58v2_1697.t1.e1,21,7,30,40,85,93
TrSC58v2_1697.t1,19,0,26,36,1,86
TrSC58v2_1698.t1.e1,5,4,17,20,18,29
TrSC58v2_1698.t1,0,3,0,19,16,25
TrSC58v2_1699.t1.e1,3,8,6,14,7,51
TrSC58v2_1699.t1,1,6,0,4,1,2
TrSC58v2_1700.t1.e1,4,0,16,14,5,27
TrSC58v2_1700.t1,3,0,14,11,0,24
TrSC58v2_1701.t1.e1,4,0,8,7,4,19
TrSC58v2_1701.t1,0,0,0,0,0,19
TrSC58v2_1706.t1.e1,2,5,7,23,32,29
TrSC58v2_1706.t1,2,4,6,3,2,23
TrSC58v2_1709.t1.e1,6,3,9,21,23,37
TrSC58v2_1709.t1,0,0,0,2,1,33
TrSC58v2_1710.t1.e1,3,3,9,4,9,31
TrSC58v2_1710.t1,0,2,6,3,7,28
TrSC58v2_1714.t1.e1,10,14,9,19,32,63
TrSC58v2_1714.t1,8,9,8,17,2,56
MSTRG.1668.1,3,12,12,11,53,58
TrSC58v2_1717.t1.e1,4,6,19,13,11,45
TrSC58v2_1717.t1,3,5,9,10,8,39
TrSC58v2_1719.t1.e1,13,5,31,37,34,198
TrSC58v2_1719.t1,11,4,30,32,29,36
TrSC58v2_1721.t1.e1,5,5,11,47,21,79
TrSC58v2_1721.t1,4,4,0,2,17,68
TrSC58v2_1722.t1.e1,6,8,38,56,32,73
TrSC58v2_1722.t1,4,5,0,0,26,67
MSTRG.1677.1,10,3,10,6,4,42
TrSC58v2_1724.t1,0,11,13,20,12,39
TrSC58v2_1724.t1.e1,3,16,15,20,14,39
TrSC58v2_1726.t1,1,1,2,5,2,12
TrSC58v2_1726.t1.e1,2,3,2,5,2,13
TrSC58v2_1727.t1,5,2,10,17,6,43
TrSC58v2_1727.t1.e1,7,24,13,19,7,46
TrSC58v2_1728.t1,1,1,7,9,14,38
TrSC58v2_1728.t1.e1,2,3,8,11,17,45
TrSC58v2_1731.t1,6,16,21,49,40,138
TrSC58v2_1731.t1.e1,8,19,23,57,40,151
TrSC58v2_1733.t1,1,0,3,9,6,20
TrSC58v2_1733.t1.e1,1,10,4,11,6,21
TrSC58v2_1735.t1,0,3,0,0,6,37
TrSC58v2_1735.t1.e1,3,5,0,4,8,40
TrSC58v2_1736.t1,4,2,6,18,14,4
TrSC58v2_1736.t1.e1,6,2,8,22,20,78
TrSC58v2_1738.t1,5,0,1,9,0,11
TrSC58v2_1738.t1.e1,7,0,6,11,8,22
TrSC58v2_1740.t1,3,0,0,12,0,20
TrSC58v2_1740.t1.e1,4,0,11,14,24,22
TrSC58v2_1741.t1,5,5,6,5,7,43
TrSC58v2_1741.t1.e1,7,6,8,6,9,47
TrSC58v2_1742.t1,1,0,7,2,1,2
TrSC58v2_1742.t1.e1,1,0,8,2,10,19
TrSC58v2_1743.t1,3,1,0,0,1,23
TrSC58v2_1743.t1.e1,4,8,16,23,8,27
TrSC58v2_1745.t1,6,0,4,0,0,15
TrSC58v2_1745.t1.e1,8,0,5,0,4,18
TrSC58v2_1751.t1,3,0,1,10,14,35
TrSC58v2_1751.t1.e1,4,7,2,11,16,38
TrSC58v2_1754.t1,0,2,0,20,4,11
TrSC58v2_1754.t1.e1,18,5,29,25,53,159
TrSC58v2_1755.t1,6,9,5,1,17,50
TrSC58v2_1755.t1.e1,7,12,7,27,20,58
TrSC58v2_1756.t1,1,4,14,3,0,4
TrSC58v2_1756.t1.e1,6,5,16,14,3,47
TrSC58v2_1757.t1,1,0,10,12,1,21
TrSC58v2_1757.t1.e1,3,3,10,12,14,23
TrSC58v2_1758.t1,5,1,8,10,9,22
TrSC58v2_1758.t1.e1,5,2,9,11,10,26
TrSC58v2_1759.t1,9,16,37,51,23,90
TrSC58v2_1759.t1.e1,9,16,44,64,24,112
TrSC58v2_1761.t1,3,4,10,8,11,21
TrSC58v2_1761.t1.e1,4,5,14,12,11,23
TrSC58v2_1762.t1,2,3,10,19,14,42
TrSC58v2_1762.t1.e1,17,15,10,20,15,44
TrSC58v2_1763.t1,5,8,9,11,11,38
TrSC58v2_1763.t1.e1,8,10,10,13,14,42
TrSC58v2_1764.t1,13,0,0,7,5,53
TrSC58v2_1764.t1.e1,9,4,0,25,7,59
TrSC58v2_1765.t1,9,6,6,8,5,22
TrSC58v2_1765.t1.e1,12,8,7,9,5,25
TrSC58v2_1766.t1,0,0,0,5,4,17
TrSC58v2_1766.t1.e1,9,6,7,6,1,23
TrSC58v2_1767.t1,0,6,8,2,16,2
TrSC58v2_1767.t1.e1,4,8,10,41,19,67
TrSC58v2_1769.t1,0,1,0,1,5,9
TrSC58v2_1769.t1.e1,3,1,0,1,7,9
TrSC58v2_1770.t1,1,4,4,13,17,70
TrSC58v2_1770.t1.e1,2,5,4,16,21,78
TrSC58v2_1771.t1,0,2,18,18,2,54
TrSC58v2_1771.t1.e1,3,23,22,19,33,55
TrSC58v2_1772.t1,4,1,2,16,0,23
TrSC58v2_1772.t1.e1,5,2,6,17,4,25
TrSC58v2_1773.t1,0,0,2,2,0,30
TrSC58v2_1773.t1.e1,4,4,24,21,19,35
TrSC58v2_1774.t1,1,0,8,2,0,10
TrSC58v2_1774.t1.e1,1,4,9,2,0,12
TrSC58v2_1776.t1,0,0,3,4,2,25
TrSC58v2_1776.t1.e1,4,0,8,23,10,28
TrSC58v2_1777.t1,12,32,58,16,53,268
TrSC58v2_1777.t1.e1,12,38,67,108,67,214
TrSC58v2_2020.t1.e1,5,5,4,19,37,75
TrSC58v2_2020.t1,0,1,0,16,0,1
TrSC58v2_2021.t1.e1,4,7,4,11,14,38
TrSC58v2_2021.t1,0,0,3,8,11,35
TrSC58v2_2019.t1.e1,11,5,21,37,25,132
TrSC58v2_2019.t1,9,0,16,35,21,109
TrSC58v2_2022.t1.e1,7,4,22,20,7,34
TrSC58v2_2022.t1,5,0,16,21,6,22
TrSC58v2_2023.t1.e1,5,3,4,7,6,12
TrSC58v2_2023.t1,0,1,3,8,5,11
TrSC58v2_2024.t1.e1,5,0,5,14,11,61
TrSC58v2_2024.t1,4,0,4,11,8,49
TrSC58v2_2025.t1,0,0,0,0,0,1
TrSC58v2_2025.t1.e1,1,0,0,0,0,1
TrSC58v2_2026.t1,1,0,0,1,1,2
TrSC58v2_2026.t1.e1,2,0,0,1,2,5
MSTRG.1965.1,2,8,4,20,5,39
TrSC58v2_2027.t1,3,0,0,2,2,4
TrSC58v2_2027.t1.e1,4,0,1,2,2,4
TrSC58v2_2032.t1,4,0,0,5,0,7
TrSC58v2_2032.t1.e1,5,0,2,6,2,8
TrSC58v2_2033.t1,0,2,0,2,7,22
TrSC58v2_2033.t1.e1,10,8,11,24,7,24
TrSC58v2_2034.t1,0,0,0,7,10,19
TrSC58v2_2034.t1.e1,3,2,16,9,12,22
TrSC58v2_2035.t1,1,10,24,5,5,70
TrSC58v2_2035.t1.e1,5,12,26,6,6,82
TrSC58v2_2036.t1,11,15,33,24,22,4
TrSC58v2_2036.t1.e1,8,19,42,29,28,132
TrSC58v2_2037.t1,1,10,19,36,46,115
TrSC58v2_2037.t1.e1,2,13,20,39,55,129
TrSC58v2_2038.t1,4,7,14,29,22,55
TrSC58v2_2038.t1.e1,5,8,19,32,25,60
TrSC58v2_2039.t1,4,9,15,19,0,43
TrSC58v2_2039.t1.e1,5,10,20,20,20,48
TrSC58v2_2041.t1,1,0,2,34,18,80
TrSC58v2_2041.t1.e1,19,32,40,37,21,85
MSTRG.1979.1,18,33,55,140,39,242
MSTRG.1980.1,15,5,31,70,45,227
TrSC58v2_2043.t1,0,7,9,21,1,52
TrSC58v2_2043.t1.e1,4,9,10,23,32,56
TrSC58v2_1859.t1,0,1,1,0,2,19
TrSC58v2_1859.t1.e1,0,3,3,4,3,21
TrSC58v2_1860.t1,0,0,3,4,5,8
TrSC58v2_1860.t1.e1,0,12,24,6,6,10
TrSC58v2_1861.t1,0,6,0,12,8,24
TrSC58v2_1861.t1.e1,0,8,9,12,11,19
TrSC58v2_1867.t1,0,0,1,1,4,3
TrSC58v2_1867.t1.e1,0,0,4,3,5,10
TrSC58v2_1873.t1,0,12,33,39,26,140
TrSC58v2_1873.t1.e1,0,16,35,49,34,163
TrSC58v2_1885.t1,0,0,2,0,1,5
TrSC58v2_1885.t1.e1,0,4,3,15,22,51
TrSC58v2_1886.t1,0,0,3,5,3,7
TrSC58v2_1886.t1.e1,0,2,6,5,4,7
TrSC58v2_1889.t1,0,3,14,8,9,33
TrSC58v2_1889.t1.e1,0,4,19,9,11,41
TrSC58v2_1891.t1,0,0,0,3,2,10
TrSC58v2_1891.t1.e1,0,0,9,10,5,11
TrSC58v2_1893.t1,0,1,1,10,1,31
TrSC58v2_1893.t1.e1,0,4,4,11,4,36
TrSC58v2_1899.t1,0,0,1,4,5,9
TrSC58v2_1899.t1.e1,0,0,8,6,6,10
TrSC58v2_1901.t1,0,0,0,0,0,18
TrSC58v2_1901.t1.e1,0,0,8,32,3,20
TrSC58v2_1905.t1,0,0,1,0,3,0
TrSC58v2_1905.t1.e1,0,0,1,0,4,0
TrSC58v2_1906.t1,0,0,4,8,7,16
TrSC58v2_1906.t1.e1,0,4,5,11,9,20
MSTRG.1856.1,0,30,0,19,77,207
TrSC58v2_1908.t1,0,0,0,3,3,21
TrSC58v2_1908.t1.e1,0,0,5,17,5,18
TrSC58v2_1909.t1,0,0,0,4,0,9
TrSC58v2_1909.t1.e1,0,0,12,3,0,10
TrSC58v2_1912.t1,0,0,0,0,1,14
TrSC58v2_1912.t1.e1,0,0,8,3,6,16
TrSC58v2_1913.t1,0,0,0,0,4,12
TrSC58v2_1913.t1.e1,0,0,0,5,15,14
TrSC58v2_1921.t1,0,0,5,15,5,27
TrSC58v2_1921.t1.e1,0,0,7,19,6,32
TrSC58v2_1857.t1,1,0,7,2,0,14
TrSC58v2_1857.t1.e1,2,0,7,12,7,15
TrSC58v2_1858.t1,11,7,20,26,21,82
TrSC58v2_1858.t1.e1,16,8,25,32,27,96
TrSC58v2_1862.t1,6,2,8,3,1,2
TrSC58v2_1862.t1.e1,2,10,10,3,1,24
TrSC58v2_1863.t1,5,17,21,34,18,91
TrSC58v2_1863.t1.e1,6,18,25,42,22,100
TrSC58v2_1864.t1,2,3,0,2,12,86
TrSC58v2_1864.t1.e1,5,4,30,48,13,103
TrSC58v2_1865.t1,7,5,8,7,20,66
TrSC58v2_1865.t1.e1,11,7,9,10,25,72
TrSC58v2_1866.t1,4,0,1,0,9,25
TrSC58v2_1866.t1.e1,6,0,3,0,11,29
TrSC58v2_1868.t1,6,0,1,5,1,16
TrSC58v2_1868.t1.e1,5,0,10,6,1,19
TrSC58v2_1869.t1,14,4,27,67,24,82
TrSC58v2_1869.t1.e1,16,4,30,6,27,90
TrSC58v2_1870.t1,1,1,3,3,3,47
TrSC58v2_1870.t1.e1,1,2,3,20,19,50
TrSC58v2_1871.t1,0,1,0,10,4,2
TrSC58v2_1871.t1.e1,3,2,0,11,5,28
TrSC58v2_1872.t1,1,0,8,21,0,50
TrSC58v2_1872.t1.e1,17,12,10,24,44,63
TrSC58v2_1874.t1,0,0,1,5,2,7
TrSC58v2_1874.t1.e1,3,0,1,6,3,10
MSTRG.1820.1,24,11,82,50,71,214
TrSC58v2_1875.t1,0,0,29,42,3,106
TrSC58v2_1875.t1.e1,23,23,30,48,71,125
TrSC58v2_1876.t1,0,12,15,19,11,66
TrSC58v2_1876.t1.e1,4,17,16,23,12,13
TrSC58v2_1877.t1,4,1,0,9,6,25
TrSC58v2_1877.t1.e1,5,2,0,11,8,28
TrSC58v2_1878.t1,8,15,34,57,30,249
TrSC58v2_1878.t1.e1,11,18,45,68,37,189
TrSC58v2_1879.t1,3,3,16,11,5,75
TrSC58v2_1879.t1.e1,5,4,20,15,6,85
TrSC58v2_1880.t1,16,14,30,50,32,207
TrSC58v2_1880.t1.e1,18,18,38,59,38,262
MSTRG.1828.1,20,24,89,153,117,463
TrSC58v2_1881.t1,0,1,14,21,1,49
TrSC58v2_1881.t1.e1,7,13,16,23,11,45
TrSC58v2_1882.t1,3,1,0,8,3,32
TrSC58v2_1882.t1.e1,3,6,0,8,12,15
TrSC58v2_1883.t1,1,1,0,6,5,10
TrSC58v2_1883.t1.e1,2,6,8,6,6,10
TrSC58v2_1884.t1,5,5,19,22,19,71
TrSC58v2_1884.t1.e1,6,7,22,27,23,78
TrSC58v2_1887.t1,5,0,15,11,18,50
TrSC58v2_1887.t1.e1,6,3,18,14,21,56
TrSC58v2_1888.t1,3,5,2,13,0,39
TrSC58v2_1888.t1.e1,4,6,5,11,8,42
MSTRG.1838.1,4,0,13,10,8,40
TrSC58v2_1890.t1,7,10,19,25,19,4
TrSC58v2_1890.t1.e1,8,13,27,30,19,129
TrSC58v2_1892.t1,6,15,35,45,13,86
TrSC58v2_1892.t1.e1,8,19,35,52,16,95
TrSC58v2_1894.t1,0,1,12,9,5,49
TrSC58v2_1894.t1.e1,4,1,12,10,6,53
TrSC58v2_1895.t1,6,0,4,0,3,20
TrSC58v2_1895.t1.e1,7,12,5,8,5,16
TrSC58v2_1896.t1,0,0,0,0,0,14
TrSC58v2_1896.t1.e1,4,0,12,24,0,17
TrSC58v2_1897.t1,14,8,8,11,8,44
TrSC58v2_1897.t1.e1,16,9,12,13,9,51
TrSC58v2_1898.t1,4,1,7,23,0,48
TrSC58v2_1898.t1.e1,4,6,9,19,11,52
TrSC58v2_1900.t1,0,0,1,7,7,25
TrSC58v2_1900.t1.e1,7,0,2,9,8,28
TrSC58v2_1902.t1,10,0,16,30,14,58
TrSC58v2_1902.t1.e1,14,31,23,32,18,68
TrSC58v2_1903.t1,2,10,11,41,15,96
TrSC58v2_1903.t1.e1,2,14,13,8,18,103
TrSC58v2_1904.t1,11,6,31,15,14,75
TrSC58v2_1904.t1.e1,13,9,39,20,16,89
TrSC58v2_1907.t1,0,2,11,11,2,2
TrSC58v2_1907.t1.e1,7,3,36,36,2,2
TrSC58v2_1910.t1,1,1,0,1,0,16
TrSC58v2_1910.t1.e1,1,3,0,3,4,17
TrSC58v2_1911.t1,0,0,0,3,1,2
TrSC58v2_1911.t1.e1,3,0,4,4,11,35
TrSC58v2_1914.t1.e1,9,0,7,22,12,55
TrSC58v2_1914.t1,1,0,5,1,8,39
TrSC58v2_1915.t1.e1,29,39,68,126,88,333
TrSC58v2_1915.t1,23,30,58,108,81,286
MSTRG.1865.1,4,13,48,77,56,119
TrSC58v2_1916.t1.e1,5,0,17,14,9,6
TrSC58v2_1916.t1,4,0,0,12,7,50
TrSC58v2_1917.t1.e1,5,18,34,17,19,56
TrSC58v2_1917.t1,4,3,2,14,1,44
TrSC58v2_1918.t1.e1,6,7,14,20,10,57
TrSC58v2_1918.t1,5,3,12,19,8,51
TrSC58v2_1919.t1.e1,10,6,12,32,9,52
TrSC58v2_1919.t1,1,2,10,1,7,36
TrSC58v2_1920.t1.e1,9,6,18,17,19,47
TrSC58v2_1920.t1,0,0,0,14,2,41
MSTRG.1871.1,24,17,11,36,55,98
TrSC58v2_1922.t1.e1,7,5,19,19,11,86
TrSC58v2_1922.t1,5,4,17,14,8,71
TrSC58v2_1923.t1.e1,6,2,0,6,2,16
TrSC58v2_1923.t1,0,1,0,5,1,15
TrSC58v2_1924.t1.e1,13,0,11,8,15,67
TrSC58v2_1924.t1,12,0,10,7,13,58
TrSC58v2_1925.t1.e1,9,11,4,17,5,19
TrSC58v2_1925.t1,7,0,0,13,3,16
TrSC58v2_2046.t1,1,0,0,0,2,4
TrSC58v2_2046.t1.e1,1,0,0,0,6,19
TrSC58v2_2045.t1,0,5,12,20,10,50
TrSC58v2_2045.t1.e1,4,6,15,24,15,62
TrSC58v2_2048.t1,1,1,0,2,0,36
TrSC58v2_2048.t1.e1,5,1,8,23,0,40
TrSC58v2_2044.t1,1,5,8,18,14,71
TrSC58v2_2044.t1.e1,3,7,11,21,17,80
TrSC58v2_2049.t1,0,0,8,1,6,23
TrSC58v2_2049.t1.e1,13,27,21,19,11,26
TrSC58v2_2047.t1,15,11,43,93,62,171
TrSC58v2_2047.t1.e1,18,13,48,101,57,192
TrSC58v2_2050.t1,8,4,14,19,24,68
TrSC58v2_2050.t1.e1,8,5,19,22,28,74
TrSC58v2_2076.t1,1,0,0,1,2,12
TrSC58v2_2076.t1.e1,2,0,0,3,2,10
TrSC58v2_1945.t1,0,0,0,1,1,25
TrSC58v2_1945.t1.e1,0,7,8,21,19,27
TrSC58v2_1950.t1,0,5,11,22,21,39
TrSC58v2_1950.t1.e1,0,7,14,29,24,47
TrSC58v2_1963.t1,0,0,0,7,4,12
TrSC58v2_1963.t1.e1,0,0,2,8,4,13
TrSC58v2_1966.t1,0,3,0,7,4,31
TrSC58v2_1966.t1.e1,0,4,15,9,5,36
TrSC58v2_1969.t1,0,0,0,1,2,12
TrSC58v2_1969.t1.e1,0,0,6,7,2,14
TrSC58v2_1971.t1,0,1,0,7,1,6
TrSC58v2_1971.t1.e1,0,2,0,8,4,7
TrSC58v2_1974.t1,0,8,2,12,2,20
TrSC58v2_1974.t1.e1,0,8,6,13,5,23
TrSC58v2_1985.t1,0,3,2,16,1,35
TrSC58v2_1985.t1.e1,0,3,26,21,18,41
TrSC58v2_1986.t1,0,1,1,3,0,2
TrSC58v2_1986.t1.e1,0,6,4,4,5,18
TrSC58v2_1993.t1,0,0,0,13,0,5
TrSC58v2_1993.t1.e1,0,0,12,14,0,39
TrSC58v2_1996.t1,0,0,3,2,1,16
TrSC58v2_1996.t1.e1,0,0,4,10,1,18
TrSC58v2_2013.t1,0,0,0,1,1,1
TrSC58v2_2013.t1.e1,0,0,0,9,1,1
MSTRG.1952.1,0,0,0,0,8,18
TrSC58v2_2014.t1,0,0,1,0,0,1
TrSC58v2_2014.t1.e1,0,0,2,0,0,9
TrSC58v2_2015.t1,0,1,2,8,1,3
TrSC58v2_2015.t1.e1,0,2,11,11,10,32
TrSC58v2_1938.t1.e1,1,7,6,20,12,39
TrSC58v2_1938.t1,1,0,5,16,0,24
TrSC58v2_1939.t1.e1,4,8,16,11,10,42
TrSC58v2_1939.t1,3,7,12,10,7,37
TrSC58v2_1940.t1.e1,13,7,9,39,26,69
TrSC58v2_1940.t1,11,6,6,37,23,60
TrSC58v2_1941.t1.e1,3,4,8,10,12,26
TrSC58v2_1941.t1,1,3,7,9,11,25
TrSC58v2_1942.t1.e1,4,4,12,16,19,35
TrSC58v2_1942.t1,0,3,10,2,1,0
TrSC58v2_1943.t1.e1,17,17,34,83,40,170
TrSC58v2_1943.t1,13,14,30,3,34,126
TrSC58v2_1944.t1.e1,3,4,4,17,14,36
TrSC58v2_1944.t1,3,0,3,14,12,34
TrSC58v2_1946.t1.e1,11,31,36,28,22,71
TrSC58v2_1946.t1,2,0,30,25,20,68
TrSC58v2_1947.t1.e1,4,12,21,30,19,91
TrSC58v2_1947.t1,0,9,18,27,14,83
TrSC58v2_1948.t1.e1,3,3,8,9,10,35
TrSC58v2_1948.t1,3,1,7,8,3,26
TrSC58v2_1949.t1.e1,4,2,5,9,3,13
TrSC58v2_1949.t1,0,0,4,1,3,10
TrSC58v2_1951.t1.e1,7,7,17,8,12,28
TrSC58v2_1951.t1,1,0,14,6,0,24
TrSC58v2_1952.t1.e1,4,4,7,17,11,32
TrSC58v2_1952.t1,3,0,6,1,1,29
TrSC58v2_1953.t1.e1,9,4,30,26,13,52
TrSC58v2_1953.t1,6,4,26,21,10,45
TrSC58v2_1954.t1.e1,7,5,15,20,16,82
TrSC58v2_1954.t1,0,5,11,15,12,4
TrSC58v2_1955.t1.e1,7,5,38,21,14,43
TrSC58v2_1955.t1,6,0,1,8,12,40
TrSC58v2_1956.t1.e1,9,13,14,52,24,82
TrSC58v2_1956.t1,8,11,13,44,21,74
TrSC58v2_1957.t1.e1,5,17,25,23,31,75
TrSC58v2_1957.t1,4,12,23,19,26,68
TrSC58v2_1958.t1.e1,15,6,39,27,9,56
TrSC58v2_1958.t1,13,5,0,24,8,53
TrSC58v2_1959.t1.e1,7,5,13,26,30,53
TrSC58v2_1959.t1,5,5,9,24,0,48
TrSC58v2_1960.t1.e1,5,4,4,13,4,41
TrSC58v2_1960.t1,5,0,1,1,0,0
TrSC58v2_1961.t1.e1,3,3,18,13,10,63
TrSC58v2_1961.t1,2,0,15,10,9,54
TrSC58v2_1962.t1.e1,5,12,11,8,9,12
TrSC58v2_1962.t1,3,10,7,6,0,11
TrSC58v2_1964.t1.e1,7,10,20,25,12,70
TrSC58v2_1964.t1,6,1,17,18,10,66
TrSC58v2_1965.t1.e1,3,0,4,9,10,15
TrSC58v2_1965.t1,0,0,0,1,1,11
TrSC58v2_1967.t1.e1,11,4,9,60,16,56
TrSC58v2_1967.t1,9,0,6,2,0,50
TrSC58v2_1968.t1.e1,3,4,7,17,10,77
TrSC58v2_1968.t1,1,0,5,15,7,3
TrSC58v2_1970.t1.e1,14,0,6,3,4,7
TrSC58v2_1970.t1,0,0,1,1,0,6
TrSC58v2_1972.t1.e1,5,3,8,16,0,46
TrSC58v2_1972.t1,0,0,0,13,0,1
TrSC58v2_1973.t1.e1,5,8,23,18,17,56
TrSC58v2_1973.t1,0,6,18,15,13,46
TrSC58v2_1975.t1.e1,2,0,0,2,0,4
TrSC58v2_1975.t1,0,0,0,2,0,4
TrSC58v2_1976.t1.e1,27,8,19,13,15,35
TrSC58v2_1976.t1,1,7,2,11,12,27
TrSC58v2_1977.t1.e1,6,0,24,10,10,36
TrSC58v2_1977.t1,1,0,2,2,1,33
TrSC58v2_1978.t1.e1,10,0,8,10,13,38
TrSC58v2_1978.t1,1,0,0,8,2,2
TrSC58v2_1979.t1.e1,3,0,4,12,6,16
TrSC58v2_1979.t1,0,0,2,1,4,15
TrSC58v2_1980.t1.e1,6,3,3,9,8,22
TrSC58v2_1980.t1,0,0,2,0,1,1
TrSC58v2_1981.t1.e1,3,2,15,11,12,57
TrSC58v2_1981.t1,3,0,13,10,10,50
TrSC58v2_1982.t1.e1,7,9,13,24,39,114
TrSC58v2_1982.t1,0,8,9,22,1,3
TrSC58v2_1983.t1.e1,12,5,30,25,27,93
TrSC58v2_1983.t1,8,4,20,33,24,76
TrSC58v2_1984.t1.e1,4,8,7,9,3,32
TrSC58v2_1984.t1,1,0,2,10,2,27
TrSC58v2_1987.t1.e1,4,3,10,2,16,15
TrSC58v2_1987.t1,0,1,0,0,1,13
TrSC58v2_1988.t1.e1,10,11,14,24,17,93
TrSC58v2_1988.t1,7,8,12,0,13,66
TrSC58v2_1989.t1.e1,3,0,4,5,10,9
TrSC58v2_1989.t1,3,0,4,2,3,8
TrSC58v2_1990.t1.e1,4,6,12,7,7,30
TrSC58v2_1990.t1,1,3,10,6,3,26
TrSC58v2_1991.t1.e1,6,0,7,12,3,17
TrSC58v2_1991.t1,0,0,6,0,0,14
TrSC58v2_1992.t1.e1,6,9,13,5,4,69
TrSC58v2_1992.t1,0,0,9,0,0,1
TrSC58v2_1994.t1.e1,10,12,6,8,3,29
TrSC58v2_1994.t1,1,11,5,7,2,26
TrSC58v2_1995.t1.e1,9,8,17,22,12,51
TrSC58v2_1995.t1,7,0,13,17,9,43
TrSC58v2_1997.t1.e1,2,0,0,2,0,0
TrSC58v2_1997.t1,1,0,0,0,0,0
TrSC58v2_1998.t1,2,0,0,0,2,5
TrSC58v2_1998.t1.e1,1,0,0,3,2,6
TrSC58v2_2011.t1.e1,5,7,11,26,14,47
TrSC58v2_2011.t1,4,6,10,0,12,41
TrSC58v2_2012.t1.e1,1,0,0,2,5,3
TrSC58v2_2012.t1,1,0,0,1,1,3
TrSC58v2_2016.t1.e1,4,7,25,5,6,47
TrSC58v2_2016.t1,0,6,2,3,5,5
TrSC58v2_2017.t1.e1,16,5,24,32,45,99
TrSC58v2_2017.t1,14,1,22,29,43,90
TrSC58v2_2018.t1.e1,3,8,18,22,20,36
TrSC58v2_2018.t1,0,0,16,19,17,31
MSTRG.1958.1,11,8,25,14,5,86
TrSC58v2_2052.t1,0,0,0,1,1,2
TrSC58v2_2052.t1.e1,0,3,4,8,2,25
TrSC58v2_2055.t1,0,0,0,0,0,18
TrSC58v2_2055.t1.e1,0,0,5,3,4,19
TrSC58v2_2061.t1,0,0,9,2,1,8
TrSC58v2_2061.t1.e1,0,4,12,3,7,9
TrSC58v2_2066.t1,0,0,0,1,3,6
TrSC58v2_2066.t1.e1,0,0,0,1,8,16
TrSC58v2_2067.t1,0,0,0,5,0,2
TrSC58v2_2067.t1.e1,0,0,0,4,0,2
TrSC58v2_2068.t1,0,0,1,0,0,1
TrSC58v2_2068.t1.e1,0,0,1,1,0,1
TrSC58v2_2071.t1,0,0,0,1,5,5
TrSC58v2_2071.t1.e1,0,0,0,1,3,4
TrSC58v2_2072.t1,0,0,0,0,0,0
TrSC58v2_2072.t1.e1,0,0,0,0,0,1
TrSC58v2_2073.t1,0,1,0,1,0,0
TrSC58v2_2073.t1.e1,0,1,4,1,9,12
TrSC58v2_2074.t1,0,8,1,1,0,0
TrSC58v2_2074.t1.e1,0,3,6,5,1,1
TrSC58v2_2051.t1,0,4,0,9,11,55
TrSC58v2_2051.t1.e1,4,5,8,13,13,63
TrSC58v2_2053.t1,0,4,6,17,28,52
TrSC58v2_2053.t1.e1,12,5,9,18,31,60
TrSC58v2_2054.t1,6,0,3,0,9,28
TrSC58v2_2054.t1.e1,8,0,4,8,11,31
TrSC58v2_2056.t1,2,5,10,19,8,31
TrSC58v2_2056.t1.e1,17,6,11,20,8,35
TrSC58v2_2057.t1,0,4,25,3,25,80
TrSC58v2_2057.t1.e1,5,5,24,42,28,72
TrSC58v2_2058.t1,0,0,8,11,7,53
TrSC58v2_2058.t1.e1,4,4,10,14,9,66
TrSC58v2_2059.t1,5,0,7,28,52,5
TrSC58v2_2059.t1.e1,6,6,9,32,6,131
TrSC58v2_2060.t1,0,8,9,21,17,48
TrSC58v2_2060.t1.e1,8,10,11,23,24,51
TrSC58v2_2062.t1,12,5,15,41,33,86
TrSC58v2_2062.t1.e1,15,6,19,42,33,92
TrSC58v2_2063.t1,18,17,39,153,97,292
TrSC58v2_2063.t1.e1,22,20,42,133,101,354
TrSC58v2_2064.t1,10,15,35,44,26,109
TrSC58v2_2064.t1.e1,12,18,37,46,29,119
TrSC58v2_2065.t1,1,32,40,64,69,192
TrSC58v2_2065.t1.e1,11,40,47,88,48,133
TrSC58v2_2069.t1,1,0,0,1,3,1
TrSC58v2_2069.t1.e1,1,0,0,2,3,21
TrSC58v2_2070.t1,5,0,1,1,4,17
TrSC58v2_2070.t1.e1,6,6,4,2,7,19
TrSC58v2_2075.t1,0,4,0,6,0,26
TrSC58v2_2075.t1.e1,9,5,2,8,6,26
TrSC58v2_1083.t1,0,1,2,1,1,2
TrSC58v2_1083.t1.e1,0,2,6,20,8,46
TrSC58v2_1084.t1,0,2,0,5,0,10
TrSC58v2_1084.t1.e1,0,3,0,7,10,12
TrSC58v2_1086.t1,0,1,2,7,2,27
TrSC58v2_1086.t1.e1,0,2,3,8,5,33
TrSC58v2_1091.t1,0,0,1,1,2,12
TrSC58v2_1091.t1.e1,0,0,3,6,2,16
TrSC58v2_1092.t1,0,0,2,0,4,4
TrSC58v2_1092.t1.e1,0,0,15,25,22,60
TrSC58v2_1093.t1,0,0,2,0,3,19
TrSC58v2_1093.t1.e1,0,0,8,19,3,22
TrSC58v2_1095.t1,0,1,2,0,0,28
TrSC58v2_1095.t1.e1,0,3,2,4,14,34
TrSC58v2_1098.t1,0,0,2,2,8,14
TrSC58v2_1098.t1.e1,0,0,6,4,9,14
MSTRG.1099.1,0,10,9,11,2,33
TrSC58v2_1101.t1,0,1,1,1,0,1
TrSC58v2_1101.t1.e1,0,1,1,1,0,1
TrSC58v2_1102.t1,0,0,2,3,5,22
TrSC58v2_1102.t1.e1,0,0,2,7,6,25
TrSC58v2_1107.t1,0,1,0,0,0,1
TrSC58v2_1107.t1.e1,0,2,8,0,0,2
TrSC58v2_1110.t1,0,0,0,1,0,7
TrSC58v2_1110.t1.e1,0,0,4,3,4,6
TrSC58v2_1111.t1,0,0,0,0,0,4
TrSC58v2_1111.t1.e1,0,0,0,3,0,4
TrSC58v2_1112.t1,0,0,0,1,0,3
TrSC58v2_1112.t1.e1,0,0,0,2,0,9
TrSC58v2_1114.t1,0,0,4,0,0,14
TrSC58v2_1114.t1.e1,0,0,5,0,4,17
TrSC58v2_1128.t1,0,0,3,1,1,1
TrSC58v2_1128.t1.e1,0,0,4,2,2,3
TrSC58v2_1138.t1,0,0,0,0,0,0
TrSC58v2_1138.t1.e1,0,0,0,1,1,0
TrSC58v2_1140.t1,0,0,0,0,0,0
TrSC58v2_1140.t1.e1,0,0,0,0,0,0
TrSC58v2_1143.t1,0,0,0,5,1,6
TrSC58v2_1143.t1.e1,0,0,0,6,2,6
TrSC58v2_1146.t1,0,2,5,3,1,21
TrSC58v2_1146.t1.e1,0,3,7,4,7,23
TrSC58v2_1148.t1,0,0,7,0,0,24
TrSC58v2_1148.t1.e1,0,4,9,5,8,27
MSTRG.1148.1,0,0,0,121,0,263
TrSC58v2_1154.t1,0,0,4,1,3,3
TrSC58v2_1154.t1.e1,0,0,4,4,3,24
TrSC58v2_1155.t1,0,0,5,17,11,0
TrSC58v2_1155.t1.e1,0,7,8,22,13,83
TrSC58v2_1156.t1,0,1,1,1,0,1
TrSC58v2_1156.t1.e1,0,1,4,3,0,18
TrSC58v2_1164.t1,0,0,0,5,0,0
TrSC58v2_1164.t1.e1,0,0,6,7,3,45
TrSC58v2_1165.t1,0,0,2,7,1,2
TrSC58v2_1165.t1.e1,0,10,4,8,10,21
TrSC58v2_1166.t1,0,3,10,14,12,47
TrSC58v2_1166.t1.e1,0,4,13,18,13,52
TrSC58v2_1169.t1,0,0,3,5,6,19
TrSC58v2_1169.t1.e1,0,5,3,5,8,22
TrSC58v2_1172.t1,0,0,3,1,0,4
TrSC58v2_1172.t1.e1,0,0,4,1,12,6
TrSC58v2_1173.t1,0,0,4,0,0,9
TrSC58v2_1173.t1.e1,0,0,5,3,4,11
TrSC58v2_1177.t1,0,0,1,0,0,15
TrSC58v2_1177.t1.e1,0,0,15,0,3,17
TrSC58v2_1178.t1,0,1,0,0,0,7
TrSC58v2_1178.t1.e1,0,1,10,0,0,8
TrSC58v2_1180.t1,0,0,0,0,0,0
TrSC58v2_1180.t1.e1,0,0,4,0,0,10
TrSC58v2_1188.t1,0,1,0,3,0,20
TrSC58v2_1188.t1.e1,0,1,4,3,4,21
TrSC58v2_1189.t1,0,2,3,5,0,14
TrSC58v2_1189.t1.e1,0,3,3,7,9,15
TrSC58v2_1191.t1,0,0,0,0,1,3
TrSC58v2_1191.t1.e1,0,0,0,0,3,14
TrSC58v2_1198.t1,0,0,0,10,0,6
TrSC58v2_1198.t1.e1,0,0,3,11,4,43
TrSC58v2_1200.t1,0,1,2,3,3,5
TrSC58v2_1200.t1.e1,0,2,2,4,4,5
TrSC58v2_1202.t1,0,1,1,3,0,8
TrSC58v2_1202.t1.e1,0,4,8,3,3,9
TrSC58v2_1209.t1,0,0,0,1,0,14
TrSC58v2_1209.t1.e1,0,4,11,2,7,17
TrSC58v2_1216.t1,0,0,11,1,0,4
TrSC58v2_1216.t1.e1,0,4,13,29,21,53
TrSC58v2_1217.t1,0,0,5,4,11,26
TrSC58v2_1217.t1.e1,0,0,5,6,15,31
TrSC58v2_1219.t1,0,0,0,0,1,0
TrSC58v2_1219.t1.e1,0,0,0,0,8,3
TrSC58v2_1220.t1,0,0,3,1,1,12
TrSC58v2_1220.t1.e1,0,4,5,10,7,13
TrSC58v2_1222.t1,0,0,4,6,3,1
TrSC58v2_1222.t1.e1,0,8,6,7,4,30
TrSC58v2_1223.t1,0,3,1,0,3,13
TrSC58v2_1223.t1.e1,0,4,7,0,4,15
TrSC58v2_1228.t1,0,0,5,2,0,16
TrSC58v2_1228.t1.e1,0,0,6,3,6,19
TrSC58v2_1229.t1.e1,0,0,0,0,0,0
TrSC58v2_1229.t1,0,0,0,0,0,0
TrSC58v2_1230.t1.e1,0,0,0,0,0,0
TrSC58v2_1230.t1,0,0,0,0,0,0
TrSC58v2_1231.t1.e1,0,0,0,0,0,0
TrSC58v2_1231.t1,0,0,0,0,0,0
TrSC58v2_1236.t1,0,4,3,13,14,32
TrSC58v2_1236.t1.e1,0,4,4,18,17,37
TrSC58v2_1237.t1,0,0,1,5,0,9
TrSC58v2_1237.t1.e1,0,0,6,5,0,11
TrSC58v2_1240.t1,0,0,4,7,16,13
TrSC58v2_1240.t1.e1,0,0,5,8,16,25
TrSC58v2_1242.t1,0,1,1,5,1,18
TrSC58v2_1242.t1.e1,0,3,12,9,10,21
TrSC58v2_1243.t1,0,0,5,12,0,25
TrSC58v2_1243.t1.e1,0,0,6,14,9,29
TrSC58v2_1247.t1,0,1,1,1,1,29
TrSC58v2_1247.t1.e1,0,2,8,27,11,35
TrSC58v2_1257.t1,0,0,12,0,7,32
TrSC58v2_1257.t1.e1,0,0,14,9,8,35
TrSC58v2_1258.t1,0,1,0,0,1,8
TrSC58v2_1258.t1.e1,0,2,0,0,2,9
TrSC58v2_1259.t1,0,0,0,0,0,1
TrSC58v2_1259.t1.e1,0,0,1,0,0,1
TrSC58v2_1260.t1,0,0,0,0,0,1
TrSC58v2_1260.t1.e1,0,0,1,0,0,1
TrSC58v2_1261.t1,0,0,0,0,0,1
TrSC58v2_1261.t1.e1,0,0,1,0,0,1
TrSC58v2_1262.t1,0,0,0,0,0,1
TrSC58v2_1262.t1.e1,0,0,1,0,0,1
TrSC58v2_1263.t1,0,0,0,0,0,1
TrSC58v2_1263.t1.e1,0,0,1,0,0,1
TrSC58v2_1264.t1,0,0,1,0,0,1
TrSC58v2_1264.t1.e1,0,0,2,0,0,2
TrSC58v2_1266.t1,0,4,0,3,4,7
TrSC58v2_1266.t1.e1,0,5,0,4,4,7
TrSC58v2_1270.t1,0,0,1,6,0,20
TrSC58v2_1270.t1.e1,0,0,11,7,8,23
TrSC58v2_1271.t1,0,2,3,13,0,29
TrSC58v2_1271.t1.e1,0,4,4,14,10,31
TrSC58v2_1272.t1,0,0,2,0,6,23
TrSC58v2_1272.t1.e1,0,4,7,0,8,25
TrSC58v2_1273.t1,0,0,2,0,1,8
TrSC58v2_1273.t1.e1,0,0,4,4,7,21
TrSC58v2_1274.t1,0,1,6,3,12,45
TrSC58v2_1274.t1.e1,0,3,7,19,15,61
TrSC58v2_1277.t1,0,1,5,6,7,2
TrSC58v2_1277.t1.e1,0,5,6,7,8,25
TrSC58v2_1282.t1,0,1,7,1,1,5
TrSC58v2_1282.t1.e1,0,1,8,7,3,6
TrSC58v2_1285.t1,0,0,0,0,4,21
TrSC58v2_1285.t1.e1,0,0,4,4,6,24
TrSC58v2_1287.t1,0,1,11,5,0,2
TrSC58v2_1287.t1.e1,0,5,13,6,12,66
TrSC58v2_1288.t1,0,0,0,0,0,15
TrSC58v2_1288.t1.e1,0,7,10,0,0,18
TrSC58v2_1291.t1,0,0,0,3,0,0
TrSC58v2_1291.t1.e1,0,0,8,4,8,28
TrSC58v2_1295.t1,0,0,0,0,1,1
TrSC58v2_1295.t1.e1,0,0,0,8,7,36
TrSC58v2_1300.t1,0,0,1,0,0,1
TrSC58v2_1300.t1.e1,0,0,2,0,0,3
TrSC58v2_1301.t1,0,2,0,1,0,12
TrSC58v2_1301.t1.e1,0,2,0,11,5,14
TrSC58v2_1306.t1,0,0,1,6,7,6
TrSC58v2_1306.t1.e1,0,0,2,6,8,7
TrSC58v2_1307.t1,0,0,1,11,5,22
TrSC58v2_1307.t1.e1,0,0,9,12,6,29
TrSC58v2_1309.t1,0,0,0,1,1,3
TrSC58v2_1309.t1.e1,0,4,0,16,2,42
TrSC58v2_1311.t1,0,0,5,9,8,29
TrSC58v2_1311.t1.e1,0,0,7,10,9,33
TrSC58v2_1312.t1,0,0,0,1,0,16
TrSC58v2_1312.t1.e1,0,5,0,17,5,20
TrSC58v2_1313.t1,0,2,1,3,5,20
TrSC58v2_1313.t1.e1,0,2,7,4,6,23
TrSC58v2_1316.t1,0,0,6,7,9,32
TrSC58v2_1316.t1.e1,0,0,7,8,10,36
TrSC58v2_1317.t1,0,0,14,14,6,39
TrSC58v2_1317.t1.e1,0,0,14,17,6,43
TrSC58v2_1322.t1,0,0,0,0,2,10
TrSC58v2_1322.t1.e1,0,0,0,4,16,12
TrSC58v2_1323.t1,0,0,0,3,4,10
TrSC58v2_1323.t1.e1,0,5,0,22,6,26
TrSC58v2_1326.t1,0,0,8,13,7,44
TrSC58v2_1326.t1.e1,0,7,10,14,9,48
TrSC58v2_1340.t1,0,1,1,4,1,13
TrSC58v2_1340.t1.e1,0,4,5,4,1,13
TrSC58v2_1345.t1,0,0,1,0,1,1
TrSC58v2_1345.t1.e1,0,0,2,0,1,1
TrSC58v2_1347.t1,0,0,0,6,4,2
TrSC58v2_1347.t1.e1,0,0,0,9,7,35
TrSC58v2_1350.t1,0,0,0,5,1,30
TrSC58v2_1350.t1.e1,0,0,6,12,6,38
TrSC58v2_1352.t1,0,0,0,6,1,9
TrSC58v2_1352.t1.e1,0,0,4,8,1,13
TrSC58v2_1357.t1,0,4,0,9,0,27
TrSC58v2_1357.t1.e1,0,5,8,12,0,30
TrSC58v2_1359.t1,0,6,0,1,0,6
TrSC58v2_1359.t1.e1,0,8,18,9,15,28
TrSC58v2_1361.t1,0,0,2,2,1,2
TrSC58v2_1361.t1.e1,0,0,3,5,3,2
TrSC58v2_1366.t1,0,0,0,3,1,11
TrSC58v2_1366.t1.e1,0,0,0,4,3,12
TrSC58v2_1369.t1,0,0,0,4,0,21
TrSC58v2_1369.t1.e1,0,4,7,5,8,24
TrSC58v2_1373.t1,0,0,0,10,1,30
TrSC58v2_1373.t1.e1,0,5,29,11,2,33
TrSC58v2_1374.t1,0,1,1,1,0,13
TrSC58v2_1374.t1.e1,0,3,2,4,0,15
TrSC58v2_1377.t1,0,0,4,15,2,13
TrSC58v2_1377.t1.e1,0,12,4,17,5,14
TrSC58v2_1378.t1,0,1,3,3,2,1
TrSC58v2_1378.t1.e1,0,2,2,3,4,2
TrSC58v2_1380.t1,0,1,0,0,0,19
TrSC58v2_1380.t1.e1,0,3,3,7,12,24
TrSC58v2_1381.t1,0,8,1,5,0,10
TrSC58v2_1381.t1.e1,0,9,3,6,4,13
TrSC58v2_1383.t1,0,0,0,0,0,0
TrSC58v2_1383.t1.e1,0,3,8,14,0,11
TrSC58v2_1384.t1,0,2,0,2,2,11
TrSC58v2_1384.t1.e1,0,8,7,22,7,13
TrSC58v2_1387.t1,0,0,0,7,1,0
TrSC58v2_1387.t1.e1,0,13,0,8,5,62
TrSC58v2_1389.t1,0,0,0,0,7,0
TrSC58v2_1389.t1.e1,0,7,11,0,9,22
TrSC58v2_1390.t1,0,0,0,0,0,7
TrSC58v2_1390.t1.e1,0,0,0,0,3,18
TrSC58v2_1394.t1,0,1,15,5,1,25
TrSC58v2_1394.t1.e1,0,2,17,6,18,29
TrSC58v2_1395.t1,0,0,9,1,7,28
TrSC58v2_1395.t1.e1,0,4,14,10,9,33
TrSC58v2_1396.t1,0,7,0,14,1,2
TrSC58v2_1396.t1.e1,0,8,4,18,7,67
TrSC58v2_1398.t1,0,11,1,13,0,27
TrSC58v2_1398.t1.e1,0,16,1,20,12,30
TrSC58v2_1400.t1,0,0,0,5,9,1
TrSC58v2_1400.t1.e1,0,0,7,5,10,30
TrSC58v2_1402.t1,0,0,0,6,4,3
TrSC58v2_1402.t1.e1,0,0,0,7,5,4
TrSC58v2_1406.t1,0,0,3,9,0,7
TrSC58v2_1406.t1.e1,0,0,3,11,2,8
TrSC58v2_1407.t1.e1,0,0,0,0,0,0
TrSC58v2_1407.t1,0,0,0,0,0,0
TrSC58v2_1408.t1.e1,0,0,0,0,0,0
TrSC58v2_1408.t1,0,0,0,0,0,0
TrSC58v2_1409.t1.e1,0,0,0,0,0,0
TrSC58v2_1409.t1,0,0,0,0,0,0
TrSC58v2_1410.t1.e1,0,0,0,0,0,0
TrSC58v2_1410.t1,0,0,0,0,0,0
TrSC58v2_1411.t1.e1,0,0,0,0,0,0
TrSC58v2_1411.t1,0,0,0,0,0,0
TrSC58v2_1412.t1.e1,0,0,0,0,0,0
TrSC58v2_1412.t1,0,0,0,0,0,0
TrSC58v2_1413.t1.e1,0,0,0,0,0,0
TrSC58v2_1413.t1,0,0,0,0,0,0
TrSC58v2_1414.t1.e1,0,0,0,0,0,0
TrSC58v2_1414.t1,0,0,0,0,0,0
TrSC58v2_1415.t1.e1,0,0,0,0,0,0
TrSC58v2_1415.t1,0,0,0,0,0,0
TrSC58v2_1416.t1.e1,0,0,0,0,0,0
TrSC58v2_1416.t1,0,0,0,0,0,0
TrSC58v2_1417.t1.e1,0,0,0,0,0,0
TrSC58v2_1417.t1,0,0,0,0,0,0
TrSC58v2_1418.t1.e1,0,0,0,0,0,0
TrSC58v2_1418.t1,0,0,0,0,0,0
TrSC58v2_1419.t1.e1,0,0,0,0,0,0
TrSC58v2_1419.t1,0,0,0,0,0,0
TrSC58v2_1420.t1.e1,0,0,0,0,0,0
TrSC58v2_1420.t1,0,0,0,0,0,0
TrSC58v2_1421.t1.e1,0,0,0,0,0,0
TrSC58v2_1421.t1,0,0,0,0,0,0
TrSC58v2_1422.t1.e1,0,0,0,0,0,0
TrSC58v2_1422.t1,0,0,0,0,0,0
TrSC58v2_1423.t1,0,0,0,3,1,8
TrSC58v2_1423.t1.e1,0,0,4,3,4,9
TrSC58v2_1424.t1,0,1,0,0,1,2
TrSC58v2_1424.t1.e1,0,6,4,0,4,31
TrSC58v2_1430.t1,0,0,8,11,4,14
TrSC58v2_1430.t1.e1,0,0,9,14,4,16
TrSC58v2_1431.t1,0,0,2,12,4,14
TrSC58v2_1431.t1.e1,0,0,3,16,5,18
TrSC58v2_1435.t1,0,0,11,0,7,38
TrSC58v2_1435.t1.e1,0,7,13,16,10,44
TrSC58v2_1436.t1,0,1,1,2,0,12
TrSC58v2_1436.t1.e1,0,1,2,4,0,13
TrSC58v2_1441.t1,0,0,5,9,12,36
TrSC58v2_1441.t1.e1,0,0,6,12,14,44
TrSC58v2_1442.t1,0,0,0,3,8,2
TrSC58v2_1442.t1.e1,0,0,0,3,10,40
TrSC58v2_1447.t1,0,7,4,7,1,11
TrSC58v2_1447.t1.e1,0,9,4,9,2,13
TrSC58v2_1448.t1,0,0,2,7,0,10
TrSC58v2_1448.t1.e1,0,3,3,8,4,14
TrSC58v2_1449.t1,0,0,1,1,0,13
TrSC58v2_1449.t1.e1,0,0,4,6,0,15
TrSC58v2_1455.t1,0,1,2,9,8,24
TrSC58v2_1455.t1.e1,0,2,3,10,10,24
TrSC58v2_1457.t1,0,0,1,0,0,8
TrSC58v2_1457.t1.e1,0,7,2,4,8,10
TrSC58v2_1462.t1,0,0,1,1,0,1
TrSC58v2_1462.t1.e1,0,0,1,2,0,1
TrSC58v2_1463.t1,0,1,0,0,0,8
TrSC58v2_1463.t1.e1,0,7,0,0,0,9
TrSC58v2_1465.t1,0,0,0,0,0,4
TrSC58v2_1465.t1.e1,0,0,0,0,0,4
TrSC58v2_1466.t1,0,0,0,3,9,21
TrSC58v2_1466.t1.e1,0,13,4,5,10,24
TrSC58v2_1467.t1,0,4,7,11,1,24
TrSC58v2_1467.t1.e1,0,4,8,16,21,28
TrSC58v2_1475.t1,0,10,12,3,16,36
TrSC58v2_1475.t1.e1,0,11,14,28,19,40
TrSC58v2_1484.t1,0,0,0,1,2,13
TrSC58v2_1484.t1.e1,0,0,0,2,7,14
TrSC58v2_1486.t1,0,2,1,3,3,15
TrSC58v2_1486.t1.e1,0,13,13,4,4,18
TrSC58v2_1491.t1,0,1,0,3,0,17
TrSC58v2_1491.t1.e1,0,3,19,11,0,19
TrSC58v2_1492.t1,0,0,10,12,0,29
TrSC58v2_1492.t1.e1,0,16,11,14,8,34
TrSC58v2_1495.t1,0,3,6,3,2,7
TrSC58v2_1495.t1.e1,0,3,7,3,4,9
TrSC58v2_1497.t1,0,2,3,1,4,7
TrSC58v2_1497.t1.e1,0,2,3,2,3,10
TrSC58v2_1498.t1,0,2,7,2,1,4
TrSC58v2_1498.t1.e1,0,2,6,2,1,5
TrSC58v2_1500.t1,0,2,3,5,5,11
TrSC58v2_1500.t1.e1,0,2,4,7,7,16
TrSC58v2_1501.t1,0,7,9,9,1,26
TrSC58v2_1501.t1.e1,0,9,11,11,14,32
TrSC58v2_1504.t1,0,0,0,0,0,9
TrSC58v2_1504.t1.e1,0,0,12,8,4,11
TrSC58v2_1509.t1,0,0,0,13,3,0
TrSC58v2_1509.t1.e1,0,4,7,16,4,39
TrSC58v2_1512.t1,0,0,3,4,4,26
TrSC58v2_1512.t1.e1,0,0,9,5,4,29
TrSC58v2_1515.t1,0,0,6,8,0,2
TrSC58v2_1515.t1.e1,0,4,8,9,0,44
TrSC58v2_1521.t1,0,0,1,0,1,3
TrSC58v2_1521.t1.e1,0,0,5,0,6,4
TrSC58v2_1522.t1,0,0,7,0,0,27
TrSC58v2_1522.t1.e1,0,18,10,13,8,30
TrSC58v2_1529.t1,0,5,7,1,15,57
TrSC58v2_1529.t1.e1,0,7,9,42,18,61
TrSC58v2_1541.t1,0,2,2,14,13,34
TrSC58v2_1541.t1.e1,0,14,12,16,15,38
MSTRG.1515.1,0,4,20,33,3,50
TrSC58v2_1552.t1,0,3,8,9,5,55
TrSC58v2_1552.t1.e1,0,5,10,11,6,62
TrSC58v2_1553.t1,0,0,1,1,4,14
TrSC58v2_1553.t1.e1,0,4,7,19,5,16
TrSC58v2_1555.t1,0,0,0,1,14,27
TrSC58v2_1555.t1.e1,0,4,8,6,17,30
TrSC58v2_1559.t1,0,2,5,1,1,2
TrSC58v2_1559.t1.e1,0,6,5,10,6,4
TrSC58v2_1565.t1,0,5,3,11,6,43
TrSC58v2_1565.t1.e1,0,6,4,12,8,52
TrSC58v2_1569.t1,0,1,3,0,3,15
TrSC58v2_1569.t1.e1,0,7,3,0,3,13
TrSC58v2_1571.t1,0,0,0,10,4,13
TrSC58v2_1571.t1.e1,0,0,0,12,6,18
TrSC58v2_1573.t1,0,0,1,1,0,27
TrSC58v2_1573.t1.e1,0,0,15,14,4,38
TrSC58v2_1582.t1,0,0,5,6,3,2
TrSC58v2_1582.t1.e1,0,0,7,8,5,10
TrSC58v2_1585.t1,0,1,22,19,11,61
TrSC58v2_1585.t1.e1,0,19,28,22,13,68
TrSC58v2_1589.t1,0,0,3,1,0,19
TrSC58v2_1589.t1.e1,0,11,4,15,8,22
TrSC58v2_1081.t1,3,7,21,23,0,51
TrSC58v2_1081.t1.e1,4,9,29,29,15,65
TrSC58v2_1082.t1,1,3,3,1,2,8
TrSC58v2_1082.t1.e1,3,3,4,3,2,9
TrSC58v2_1085.t1,1,3,16,10,21,54
TrSC58v2_1085.t1.e1,2,5,20,12,26,71
TrSC58v2_1087.t1,0,0,0,4,0,29
TrSC58v2_1087.t1.e1,12,0,11,4,0,33
TrSC58v2_1088.t1,2,0,12,12,5,21
TrSC58v2_1088.t1.e1,2,8,13,14,7,24
TrSC58v2_1089.t1,7,8,1,1,2,23
TrSC58v2_1089.t1.e1,8,9,27,18,3,24
TrSC58v2_1090.t1,0,5,14,16,8,32
TrSC58v2_1090.t1.e1,3,6,19,20,11,46
TrSC58v2_1094.t1,1,0,3,4,2,5
TrSC58v2_1094.t1.e1,4,0,7,4,4,27
TrSC58v2_1096.t1,2,6,5,20,5,50
TrSC58v2_1096.t1.e1,3,6,5,22,13,57
TrSC58v2_1097.t1,3,8,0,13,15,18
TrSC58v2_1097.t1.e1,4,11,16,16,18,24
TrSC58v2_1099.t1,5,13,12,25,7,34
TrSC58v2_1099.t1.e1,7,14,15,30,9,42
TrSC58v2_1100.t1,1,0,2,1,1,6
TrSC58v2_1100.t1.e1,2,0,5,8,6,7
TrSC58v2_1103.t1,3,0,0,12,9,24
TrSC58v2_1103.t1.e1,4,8,5,14,20,29
TrSC58v2_1104.t1,9,3,10,21,19,68
TrSC58v2_1104.t1.e1,13,4,31,24,21,76
TrSC58v2_1105.t1,1,0,1,15,3,20
TrSC58v2_1105.t1.e1,1,4,12,17,3,25
TrSC58v2_1106.t1,0,1,4,4,6,10
TrSC58v2_1106.t1.e1,4,3,5,4,8,12
TrSC58v2_1108.t1,1,1,0,1,1,4
TrSC58v2_1108.t1.e1,2,6,0,1,1,4
TrSC58v2_1109.t1,0,5,4,10,8,37
TrSC58v2_1109.t1.e1,3,7,6,11,11,41
TrSC58v2_1113.t1,3,0,0,0,0,0
TrSC58v2_1113.t1.e1,13,4,4,9,4,0
TrSC58v2_1115.t1,0,1,11,3,2,28
TrSC58v2_1115.t1.e1,7,7,13,17,13,29
TrSC58v2_1116.t1,6,6,14,1,16,79
TrSC58v2_1116.t1.e1,7,7,17,40,21,88
TrSC58v2_1117.t1,0,12,1,3,0,19
TrSC58v2_1117.t1.e1,3,13,33,52,23,67
TrSC58v2_1118.t1,0,3,4,12,8,25
TrSC58v2_1118.t1.e1,4,4,5,14,9,27
TrSC58v2_1119.t1,2,0,15,14,8,47
TrSC58v2_1119.t1.e1,2,6,17,16,9,53
TrSC58v2_1120.t1,19,8,30,75,61,143
TrSC58v2_1120.t1.e1,22,10,35,79,69,151
TrSC58v2_1121.t1,1,1,6,11,11,33
TrSC58v2_1121.t1.e1,2,8,7,13,13,36
TrSC58v2_1122.t1,12,3,42,39,40,118
TrSC58v2_1122.t1.e1,15,4,45,37,49,133
TrSC58v2_1123.t1,1,1,10,18,0,25
TrSC58v2_1123.t1.e1,3,3,11,22,8,27
TrSC58v2_1124.t1,0,0,8,5,6,2
TrSC58v2_1124.t1.e1,2,0,10,7,8,47
TrSC58v2_1125.t1,4,5,19,10,14,52
TrSC58v2_1125.t1.e1,4,6,21,11,15,56
TrSC58v2_1126.t1,1,1,4,2,6,19
TrSC58v2_1126.t1.e1,2,9,7,11,8,29
TrSC58v2_1127.t1,0,0,2,7,6,21
TrSC58v2_1127.t1.e1,2,3,28,9,8,24
TrSC58v2_1129.t1,0,4,3,4,8,31
TrSC58v2_1129.t1.e1,2,10,9,10,9,31
TrSC58v2_1130.t1,0,0,0,0,0,4
TrSC58v2_1130.t1.e1,1,1,3,2,1,6
TrSC58v2_1131.t1,1,1,2,2,5,14
TrSC58v2_1131.t1.e1,2,4,6,6,7,16
TrSC58v2_1132.t1,0,0,0,0,0,4
TrSC58v2_1132.t1.e1,1,1,3,2,1,6
TrSC58v2_1133.t1,0,1,1,1,1,6
TrSC58v2_1133.t1.e1,1,1,3,2,2,6
TrSC58v2_1134.t1,0,0,0,0,0,4
TrSC58v2_1134.t1.e1,1,1,3,2,1,6
TrSC58v2_1135.t1,1,1,2,1,1,6
TrSC58v2_1135.t1.e1,2,1,2,3,3,7
TrSC58v2_1136.t1,0,0,0,0,0,4
TrSC58v2_1136.t1.e1,1,1,3,2,1,6
TrSC58v2_1137.t1,1,1,1,1,1,5
TrSC58v2_1137.t1.e1,1,1,2,2,2,5
TrSC58v2_1139.t1,1,1,1,1,1,7
TrSC58v2_1139.t1.e1,2,1,2,2,2,7
TrSC58v2_1141.t1,2,8,17,9,19,33
TrSC58v2_1141.t1.e1,4,8,18,10,19,35
TrSC58v2_1142.t1,0,0,0,4,5,39
TrSC58v2_1142.t1.e1,4,4,4,28,6,43
TrSC58v2_1144.t1,6,0,20,32,18,65
TrSC58v2_1144.t1.e1,9,0,22,35,21,68
TrSC58v2_1145.t1,0,0,0,0,14,25
TrSC58v2_1145.t1.e1,4,0,3,0,18,37
TrSC58v2_1147.t1,0,1,2,6,5,27
TrSC58v2_1147.t1.e1,6,6,19,8,16,30
TrSC58v2_1149.t1,0,0,1,3,1,19
TrSC58v2_1149.t1.e1,6,0,12,8,15,22
TrSC58v2_1150.t1,5,4,14,27,17,65
TrSC58v2_1150.t1.e1,6,5,17,37,18,75
MSTRG.1147.1,10,26,32,54,31,132
TrSC58v2_1151.t1,1,5,24,10,43,24
TrSC58v2_1151.t1.e1,13,7,27,12,46,36
TrSC58v2_1152.t1,5,9,22,9,40,39
TrSC58v2_1152.t1.e1,6,11,28,12,27,41
TrSC58v2_1153.t1,4,6,11,7,10,6
TrSC58v2_1153.t1.e1,4,7,14,5,8,3
TrSC58v2_1157.t1,6,0,3,18,18,86
TrSC58v2_1157.t1.e1,7,3,25,21,21,104
TrSC58v2_1158.t1,3,8,4,14,6,15
TrSC58v2_1158.t1.e1,4,10,5,15,7,17
TrSC58v2_1159.t1,3,0,9,13,19,49
TrSC58v2_1159.t1.e1,6,2,10,14,20,58
TrSC58v2_1160.t1,0,0,7,5,3,4
TrSC58v2_1160.t1.e1,4,0,10,6,4,6
TrSC58v2_1161.t1,0,0,5,11,12,20
TrSC58v2_1161.t1.e1,8,0,6,13,17,25
TrSC58v2_1162.t1,0,8,13,33,14,91
TrSC58v2_1162.t1.e1,3,10,16,39,20,98
TrSC58v2_1163.t1,0,4,18,19,10,67
TrSC58v2_1163.t1.e1,4,5,18,24,13,74
TrSC58v2_1167.t1,7,5,11,46,21,104
TrSC58v2_1167.t1.e1,10,7,15,50,30,140
TrSC58v2_1168.t1,2,1,0,18,1,27
TrSC58v2_1168.t1.e1,3,1,16,22,26,28
TrSC58v2_1170.t1,1,0,0,1,2,7
TrSC58v2_1170.t1.e1,1,0,0,1,2,8
TrSC58v2_1171.t1,0,5,17,20,19,23
TrSC58v2_1171.t1.e1,4,6,20,23,28,77
TrSC58v2_1174.t1,5,0,1,5,1,8
TrSC58v2_1174.t1.e1,5,4,1,6,7,10
TrSC58v2_1175.t1,1,0,2,3,5,13
TrSC58v2_1175.t1.e1,3,0,7,3,6,14
TrSC58v2_1176.t1,7,3,5,13,20,44
TrSC58v2_1176.t1.e1,7,9,21,14,21,44
MSTRG.1175.1,3,13,31,62,48,223
TrSC58v2_1181.t1,5,18,26,17,27,139
TrSC58v2_1181.t1.e1,5,23,30,67,31,161
TrSC58v2_1182.t1,4,0,2,0,0,14
TrSC58v2_1182.t1.e1,4,0,6,23,12,28
TrSC58v2_1183.t1,0,2,7,0,0,8
TrSC58v2_1183.t1.e1,4,6,7,4,0,10
TrSC58v2_1184.t1,1,0,7,10,1,41
TrSC58v2_1184.t1.e1,3,10,8,14,19,45
TrSC58v2_1185.t1,5,8,7,10,13,68
TrSC58v2_1185.t1.e1,7,12,8,13,15,75
TrSC58v2_1186.t1,8,0,9,21,5,37
TrSC58v2_1186.t1.e1,11,4,11,22,8,47
TrSC58v2_1187.t1,6,9,15,4,7,61
TrSC58v2_1187.t1.e1,7,13,17,5,9,68
TrSC58v2_1190.t1,0,0,10,4,6,23
TrSC58v2_1190.t1.e1,4,5,12,5,7,28
TrSC58v2_1192.t1,0,5,13,27,12,40
TrSC58v2_1192.t1.e1,4,7,14,33,15,47
TrSC58v2_1193.t1,4,6,14,25,13,54
TrSC58v2_1193.t1.e1,6,8,17,31,11,61
TrSC58v2_1194.t1,0,0,12,12,8,5
TrSC58v2_1194.t1.e1,12,0,16,16,7,102
TrSC58v2_1195.t1,0,10,3,11,7,31
TrSC58v2_1195.t1.e1,3,11,43,13,9,34
TrSC58v2_1196.t1,0,0,15,4,0,56
TrSC58v2_1196.t1.e1,3,0,21,6,22,65
TrSC58v2_1197.t1,0,0,4,10,4,28
TrSC58v2_1197.t1.e1,8,11,5,12,15,30
TrSC58v2_1199.t1,1,0,1,12,10,26
TrSC58v2_1199.t1.e1,2,8,17,13,12,31
TrSC58v2_1201.t1,1,1,0,7,4,13
TrSC58v2_1201.t1.e1,2,1,5,7,4,14
TrSC58v2_1203.t1,4,12,59,31,19,90
TrSC58v2_1203.t1.e1,6,14,10,34,22,110
TrSC58v2_1204.t1,3,0,2,2,6,2
TrSC58v2_1204.t1.e1,4,8,5,18,7,56
TrSC58v2_1205.t1,4,1,6,8,14,25
TrSC58v2_1205.t1.e1,5,2,7,11,16,28
TrSC58v2_1206.t1,0,4,0,3,3,51
TrSC58v2_1206.t1.e1,11,5,21,15,23,53
TrSC58v2_1207.t1,1,0,1,6,16,24
TrSC58v2_1207.t1.e1,6,20,14,43,18,28
TrSC58v2_1208.t1,10,0,1,3,7,18
TrSC58v2_1208.t1.e1,11,0,6,17,8,21
TrSC58v2_1210.t1,0,0,5,5,0,9
TrSC58v2_1210.t1.e1,5,0,6,7,7,11
TrSC58v2_1211.t1,0,11,9,20,13,9
TrSC58v2_1211.t1.e1,7,15,11,22,15,90
TrSC58v2_1212.t1,12,0,4,17,0,56
TrSC58v2_1212.t1.e1,13,10,5,20,12,62
TrSC58v2_1213.t1,0,0,0,0,0,13
TrSC58v2_1213.t1.e1,4,0,0,0,0,15
TrSC58v2_1214.t1,6,2,24,33,14,56
TrSC58v2_1214.t1.e1,8,4,25,34,20,62
TrSC58v2_1215.t1,6,3,18,23,7,47
TrSC58v2_1215.t1.e1,9,5,24,27,8,54
TrSC58v2_1218.t1,16,25,54,55,60,147
TrSC58v2_1218.t1.e1,19,27,57,65,68,167
TrSC58v2_1221.t1,6,13,17,49,18,116
TrSC58v2_1221.t1.e1,6,16,21,55,21,130
TrSC58v2_1224.t1,0,0,6,12,5,15
TrSC58v2_1224.t1.e1,8,3,7,15,6,17
TrSC58v2_1225.t1,1,0,3,2,5,10
TrSC58v2_1225.t1.e1,7,3,8,13,6,13
TrSC58v2_1226.t1,3,0,10,31,24,52
TrSC58v2_1226.t1.e1,5,0,12,34,31,52
TrSC58v2_1227.t1.e1,6,20,23,77,69,218
TrSC58v2_1227.t1,5,13,20,69,1,2
TrSC58v2_1232.t1.e1,8,0,8,27,20,15
TrSC58v2_1232.t1,2,0,4,3,2,2
TrSC58v2_1233.t1.e1,3,6,12,23,16,43
TrSC58v2_1233.t1,0,5,11,21,14,38
TrSC58v2_1234.t1.e1,16,12,45,32,24,108
TrSC58v2_1234.t1,0,10,42,30,21,92
TrSC58v2_1235.t1.e1,7,15,34,32,17,86
TrSC58v2_1235.t1,0,14,33,31,16,84
TrSC58v2_1238.t1.e1,10,5,21,31,14,59
TrSC58v2_1238.t1,1,3,2,28,13,53
TrSC58v2_1239.t1.e1,4,4,15,13,17,62
TrSC58v2_1239.t1,0,0,1,10,12,9
TrSC58v2_1241.t1.e1,5,6,28,28,9,28
TrSC58v2_1241.t1,4,3,0,14,7,66
TrSC58v2_1244.t1.e1,1,4,12,8,10,26
TrSC58v2_1244.t1,1,3,0,6,8,22
TrSC58v2_1245.t1.e1,11,12,66,49,26,135
TrSC58v2_1245.t1,8,9,1,40,22,95
TrSC58v2_1246.t1.e1,12,5,21,12,7,51
TrSC58v2_1246.t1,10,4,17,11,6,40
TrSC58v2_1248.t1.e1,4,0,0,3,0,11
TrSC58v2_1248.t1,0,0,0,3,0,10
TrSC58v2_1249.t1.e1,7,4,6,15,21,48
TrSC58v2_1249.t1,0,3,5,14,16,45
TrSC58v2_1250.t1.e1,3,4,23,20,24,56
TrSC58v2_1250.t1,0,2,3,16,22,54
TrSC58v2_1251.t1.e1,4,7,21,48,27,63
TrSC58v2_1251.t1,4,5,2,1,2,1
TrSC58v2_1252.t1.e1,1,0,7,4,13,24
TrSC58v2_1252.t1,1,0,7,0,1,23
TrSC58v2_1253.t1.e1,4,5,6,18,16,25
TrSC58v2_1253.t1,1,0,5,13,0,23
TrSC58v2_1254.t1.e1,40,32,61,91,55,273
TrSC58v2_1254.t1,33,27,46,73,48,230
TrSC58v2_1255.t1.e1,3,5,33,29,22,78
TrSC58v2_1255.t1,2,0,3,21,20,64
TrSC58v2_1256.t1.e1,4,4,17,18,13,36
TrSC58v2_1256.t1,3,0,14,16,11,35
TrSC58v2_1265.t1.e1,4,5,12,30,35,50
TrSC58v2_1265.t1,1,4,2,7,1,3
TrSC58v2_1267.t1.e1,9,0,0,9,9,15
TrSC58v2_1267.t1,1,0,0,1,2,13
TrSC58v2_1268.t1.e1,6,8,21,23,31,42
TrSC58v2_1268.t1,1,6,14,20,0,36
TrSC58v2_1269.t1.e1,9,4,13,20,6,30
TrSC58v2_1269.t1,1,0,0,1,6,24
TrSC58v2_1275.t1.e1,9,0,12,13,13,54
TrSC58v2_1275.t1,0,0,10,10,11,46
TrSC58v2_1276.t1.e1,10,2,7,20,11,51
TrSC58v2_1276.t1,9,1,0,15,9,23
TrSC58v2_1278.t1.e1,2,23,11,27,48,65
TrSC58v2_1278.t1,1,0,10,25,0,60
TrSC58v2_1279.t1.e1,2,5,21,43,20,105
TrSC58v2_1279.t1,1,0,18,37,16,90
TrSC58v2_1280.t1.e1,3,1,15,15,3,13
TrSC58v2_1280.t1,0,1,0,1,1,2
TrSC58v2_1281.t1.e1,5,3,9,18,4,52
TrSC58v2_1281.t1,2,3,8,16,3,32
TrSC58v2_1284.t1.e1,4,8,23,33,13,28
TrSC58v2_1284.t1,0,0,1,1,9,26
TrSC58v2_1286.t1.e1,6,0,7,2,6,8
TrSC58v2_1286.t1,3,0,7,1,6,8
TrSC58v2_1289.t1.e1,5,0,4,20,0,16
TrSC58v2_1289.t1,4,0,0,1,0,14
TrSC58v2_1290.t1.e1,5,9,8,6,8,12
TrSC58v2_1290.t1,2,0,5,5,0,9
TrSC58v2_1292.t1.e1,5,4,16,16,24,42
TrSC58v2_1292.t1,4,0,14,13,15,38
TrSC58v2_1293.t1.e1,3,0,13,12,12,42
TrSC58v2_1293.t1,0,0,11,10,0,39
TrSC58v2_1294.t1.e1,7,7,21,29,21,51
TrSC58v2_1294.t1,0,5,15,26,16,39
TrSC58v2_1296.t1.e1,5,7,18,22,14,53
TrSC58v2_1296.t1,3,5,13,18,10,44
TrSC58v2_1297.t1.e1,7,11,30,58,40,128
TrSC58v2_1297.t1,5,8,25,53,36,109
TrSC58v2_1298.t1.e1,3,0,7,11,4,24
TrSC58v2_1298.t1,0,0,5,8,1,20
TrSC58v2_1299.t1.e1,12,4,14,22,19,59
TrSC58v2_1299.t1,0,0,13,18,12,55
TrSC58v2_1302.t1.e1,4,4,20,4,10,19
TrSC58v2_1302.t1,0,0,0,3,8,18
TrSC58v2_1303.t1.e1,3,9,12,2,23,11
TrSC58v2_1303.t1,0,0,1,1,1,8
TrSC58v2_1304.t1.e1,2,4,9,14,5,36
TrSC58v2_1304.t1,1,1,7,13,1,2
TrSC58v2_1305.t1.e1,4,0,7,13,4,24
TrSC58v2_1305.t1,0,0,5,12,0,22
TrSC58v2_1308.t1.e1,6,0,10,18,8,18
TrSC58v2_1308.t1,4,0,8,13,6,15
TrSC58v2_1310.t1.e1,8,0,6,17,12,63
TrSC58v2_1310.t1,0,0,5,1,9,3
TrSC58v2_1314.t1.e1,2,0,19,6,3,11
TrSC58v2_1314.t1,1,0,17,1,2,10
TrSC58v2_1315.t1.e1,2,7,5,13,12,29
TrSC58v2_1315.t1,1,0,0,11,0,9
TrSC58v2_1318.t1.e1,8,9,11,27,25,63
TrSC58v2_1318.t1,7,7,10,23,22,58
TrSC58v2_1319.t1.e1,5,14,9,7,11,31
TrSC58v2_1319.t1,4,0,6,5,6,25
TrSC58v2_1320.t1.e1,4,4,12,23,9,56
TrSC58v2_1320.t1,0,0,11,20,6,52
TrSC58v2_1321.t1.e1,4,32,35,33,35,124
TrSC58v2_1321.t1,1,2,29,30,32,101
TrSC58v2_1324.t1.e1,4,8,13,17,5,29
TrSC58v2_1324.t1,3,6,11,15,4,27
TrSC58v2_1325.t1.e1,9,4,4,32,3,25
TrSC58v2_1325.t1,1,3,1,0,2,23
TrSC58v2_1327.t1.e1,5,3,7,12,11,19
TrSC58v2_1327.t1,4,2,5,5,0,14
TrSC58v2_1328.t1.e1,1,0,0,0,0,0
TrSC58v2_1328.t1,1,0,0,0,0,1
TrSC58v2_1329.t1.e1,1,0,0,0,0,0
TrSC58v2_1329.t1,1,0,0,0,0,1
TrSC58v2_1330.t1.e1,1,0,0,0,0,0
TrSC58v2_1330.t1,1,0,0,0,0,1
TrSC58v2_1331.t1.e1,1,0,0,0,0,0
TrSC58v2_1331.t1,1,0,0,0,0,1
TrSC58v2_1332.t1.e1,1,0,0,0,0,0
TrSC58v2_1332.t1,1,0,0,0,0,1
TrSC58v2_1333.t1.e1,1,0,0,0,0,0
TrSC58v2_1333.t1,1,0,0,0,0,1
TrSC58v2_1334.t1.e1,1,0,0,0,0,0
TrSC58v2_1334.t1,1,0,0,0,0,1
TrSC58v2_1339.t1.e1,7,4,14,35,25,60
TrSC58v2_1339.t1,5,3,11,1,10,1
TrSC58v2_1341.t1.e1,7,5,9,4,4,23
TrSC58v2_1341.t1,6,0,8,3,3,20
TrSC58v2_1342.t1.e1,5,0,3,3,4,17
TrSC58v2_1342.t1,4,0,0,1,0,2
TrSC58v2_1343.t1.e1,5,3,11,14,12,72
TrSC58v2_1343.t1,0,0,10,0,9,1
TrSC58v2_1344.t1.e1,4,4,15,25,16,56
TrSC58v2_1344.t1,0,0,14,20,14,51
TrSC58v2_1346.t1.e1,1,8,2,6,8,9
TrSC58v2_1346.t1,1,0,1,4,8,8
TrSC58v2_1348.t1.e1,15,4,12,17,12,52
TrSC58v2_1348.t1,0,0,9,12,10,45
TrSC58v2_1349.t1.e1,7,6,18,58,18,58
TrSC58v2_1349.t1,0,1,14,5,16,52
TrSC58v2_1351.t1.e1,9,20,50,55,44,132
TrSC58v2_1351.t1,7,15,42,41,35,119
TrSC58v2_1353.t1.e1,8,9,10,20,8,57
TrSC58v2_1353.t1,7,7,8,18,6,49
TrSC58v2_1354.t1.e1,11,4,3,4,13,42
TrSC58v2_1354.t1,1,0,1,4,10,36
TrSC58v2_1355.t1.e1,5,0,10,43,10,48
TrSC58v2_1355.t1,4,0,9,30,7,43
TrSC58v2_1356.t1.e1,4,0,7,8,5,29
TrSC58v2_1356.t1,0,0,1,1,4,1
TrSC58v2_1358.t1.e1,8,8,29,18,23,93
TrSC58v2_1358.t1,5,8,25,15,21,83
TrSC58v2_1360.t1.e1,19,21,52,76,59,142
TrSC58v2_1360.t1,15,14,35,66,68,114
TrSC58v2_1362.t1.e1,3,3,10,10,9,24
TrSC58v2_1362.t1,0,0,0,0,0,22
TrSC58v2_1363.t1.e1,5,8,20,13,28,100
TrSC58v2_1363.t1,0,0,17,10,25,1
TrSC58v2_1364.t1.e1,6,4,8,6,14,31
TrSC58v2_1364.t1,4,0,0,6,12,29
TrSC58v2_1365.t1.e1,6,4,13,27,49,90
TrSC58v2_1365.t1,5,3,9,24,4,4
TrSC58v2_1367.t1.e1,4,7,9,24,18,42
TrSC58v2_1367.t1,0,0,7,20,15,37
TrSC58v2_1368.t1.e1,3,11,8,17,18,63
TrSC58v2_1368.t1,1,0,6,15,16,55
TrSC58v2_1370.t1.e1,10,4,14,21,21,79
TrSC58v2_1370.t1,8,3,11,15,18,66
TrSC58v2_1371.t1.e1,4,4,15,15,3,14
TrSC58v2_1371.t1,1,0,0,1,1,11
TrSC58v2_1372.t1.e1,4,7,5,6,22,18
TrSC58v2_1372.t1,0,6,4,5,2,13
TrSC58v2_1379.t1.e1,7,4,7,15,14,23
TrSC58v2_1379.t1,0,0,8,16,1,20
TrSC58v2_1382.t1.e1,6,4,4,5,12,23
TrSC58v2_1382.t1,0,0,3,4,0,20
MSTRG.1361.1,16,3,23,27,14,106
TrSC58v2_1385.t1.e1,3,10,4,8,7,20
TrSC58v2_1385.t1,1,1,0,7,6,20
TrSC58v2_1386.t1.e1,3,6,15,44,31,52
TrSC58v2_1386.t1,0,5,13,1,2,18
TrSC58v2_1388.t1.e1,8,0,27,40,21,76
TrSC58v2_1388.t1,7,0,19,36,21,70
TrSC58v2_1391.t1.e1,3,0,0,13,3,5
TrSC58v2_1391.t1,2,0,0,1,3,7
TrSC58v2_1392.t1,5,2,7,2,3,4
TrSC58v2_1392.t1.e1,2,3,10,17,3,21
TrSC58v2_1393.t1.e1,7,9,6,12,10,37
TrSC58v2_1393.t1,5,7,5,11,9,31
TrSC58v2_1397.t1.e1,9,6,9,13,14,23
TrSC58v2_1397.t1,7,5,7,12,2,20
TrSC58v2_1399.t1.e1,9,1,7,23,4,14
TrSC58v2_1399.t1,0,1,6,2,0,13
TrSC58v2_1401.t1.e1,16,6,7,17,5,12
TrSC58v2_1401.t1,0,5,2,3,4,10
TrSC58v2_1403.t1.e1,7,0,7,35,13,47
TrSC58v2_1403.t1,0,0,7,0,11,3
TrSC58v2_1404.t1.e1,10,22,5,21,11,30
TrSC58v2_1404.t1,1,3,4,1,0,24
TrSC58v2_1405.t1.e1,7,3,3,6,4,16
TrSC58v2_1405.t1,0,1,1,0,3,13
TrSC58v2_1425.t1.e1,3,0,3,7,2,7
TrSC58v2_1425.t1,0,0,1,3,1,6
TrSC58v2_1426.t1.e1,4,7,5,5,4,41
TrSC58v2_1426.t1,0,0,4,4,0,3
TrSC58v2_1427.t1.e1,4,3,15,17,0,29
TrSC58v2_1427.t1,3,1,0,15,0,24
TrSC58v2_1428.t1.e1,6,12,33,36,17,53
TrSC58v2_1428.t1,5,0,1,0,0,48
TrSC58v2_1429.t1.e1,8,0,4,5,13,32
TrSC58v2_1429.t1,0,0,0,0,11,26
TrSC58v2_1432.t1.e1,6,4,29,7,29,66
TrSC58v2_1432.t1,0,3,8,6,2,3
TrSC58v2_1433.t1.e1,9,6,19,45,18,70
TrSC58v2_1433.t1,7,5,16,39,15,66
TrSC58v2_1434.t1.e1,4,18,41,42,33,108
TrSC58v2_1434.t1,3,12,33,38,45,96
TrSC58v2_1437.t1.e1,13,13,15,16,12,58
TrSC58v2_1437.t1,0,9,12,15,0,2
TrSC58v2_1438.t1.e1,4,5,9,4,3,24
TrSC58v2_1438.t1,0,0,7,0,2,19
TrSC58v2_1439.t1,1,0,0,0,4,3
TrSC58v2_1439.t1.e1,10,0,3,4,4,3
TrSC58v2_1440.t1,0,1,6,10,6,18
TrSC58v2_1440.t1.e1,4,7,7,11,7,64
TrSC58v2_1443.t1,1,5,0,1,0,32
TrSC58v2_1443.t1.e1,1,6,15,34,21,37
TrSC58v2_1444.t1,0,0,0,2,1,24
TrSC58v2_1444.t1.e1,9,0,0,17,2,29
TrSC58v2_1445.t1,2,0,10,17,2,25
TrSC58v2_1445.t1.e1,3,8,13,19,45,29
TrSC58v2_1446.t1,1,5,1,22,1,84
TrSC58v2_1446.t1.e1,25,6,19,25,17,94
TrSC58v2_1450.t1,4,0,8,18,4,51
TrSC58v2_1450.t1.e1,5,10,11,21,5,56
TrSC58v2_1451.t1,0,0,7,8,8,44
TrSC58v2_1451.t1.e1,3,7,8,10,9,51
TrSC58v2_1452.t1,8,4,11,9,8,23
TrSC58v2_1452.t1.e1,8,5,14,10,11,26
TrSC58v2_1453.t1,1,6,10,15,10,46
TrSC58v2_1453.t1.e1,12,8,10,18,11,5
TrSC58v2_1454.t1,5,0,11,28,8,42
TrSC58v2_1454.t1.e1,5,3,14,29,11,54
TrSC58v2_1456.t1,6,0,7,13,16,44
TrSC58v2_1456.t1.e1,8,13,8,16,21,51
TrSC58v2_1458.t1,0,3,2,20,2,7
TrSC58v2_1458.t1.e1,14,14,8,22,10,108
TrSC58v2_1459.t1,0,0,0,1,4,11
TrSC58v2_1459.t1.e1,3,0,3,1,5,13
TrSC58v2_1460.t1,0,0,6,2,2,15
TrSC58v2_1460.t1.e1,11,3,6,10,7,15
TrSC58v2_1461.t1,0,6,0,18,14,49
TrSC58v2_1461.t1.e1,7,8,15,20,19,57
TrSC58v2_1464.t1,0,0,10,4,0,21
TrSC58v2_1464.t1.e1,3,4,11,35,7,20
TrSC58v2_1468.t1,0,0,8,1,0,25
TrSC58v2_1468.t1.e1,8,4,9,19,5,28
TrSC58v2_1469.t1,4,9,20,30,24,76
TrSC58v2_1469.t1.e1,4,11,21,33,27,91
TrSC58v2_1470.t1,1,0,3,0,5,10
TrSC58v2_1470.t1.e1,1,13,3,6,6,14
TrSC58v2_1471.t1,8,13,9,18,3,52
TrSC58v2_1471.t1.e1,9,15,9,23,63,55
TrSC58v2_1472.t1,18,31,54,85,51,277
TrSC58v2_1472.t1.e1,19,36,12,102,60,342
TrSC58v2_1473.t1,0,2,4,0,5,26
TrSC58v2_1473.t1.e1,2,11,4,0,6,32
TrSC58v2_1474.t1,0,0,5,1,0,1
TrSC58v2_1474.t1.e1,7,0,7,19,8,42
TrSC58v2_1476.t1,0,0,1,8,12,38
TrSC58v2_1476.t1.e1,16,0,16,10,13,43
TrSC58v2_1477.t1,1,0,7,11,13,38
TrSC58v2_1477.t1.e1,7,0,8,12,14,38
TrSC58v2_1478.t1,0,0,26,20,12,21
TrSC58v2_1478.t1.e1,3,3,3,23,13,68
TrSC58v2_1479.t1,1,4,2,2,2,16
TrSC58v2_1479.t1.e1,2,6,4,12,12,18
TrSC58v2_1480.t1,0,0,9,17,15,48
TrSC58v2_1480.t1.e1,8,4,12,24,17,54
TrSC58v2_1481.t1,0,2,32,15,21,4
TrSC58v2_1481.t1.e1,4,34,34,19,31,91
TrSC58v2_1482.t1,4,7,62,84,78,232
TrSC58v2_1482.t1.e1,39,59,68,99,67,282
TrSC58v2_1483.t1,2,0,1,0,0,27
TrSC58v2_1483.t1.e1,7,0,1,7,0,28
TrSC58v2_1485.t1,0,8,13,18,6,63
TrSC58v2_1485.t1.e1,4,10,15,23,7,66
TrSC58v2_1487.t1,4,7,8,0,0,29
TrSC58v2_1487.t1.e1,5,9,9,5,0,33
TrSC58v2_1488.t1,0,2,0,5,1,23
TrSC58v2_1488.t1.e1,4,3,0,7,8,26
TrSC58v2_1489.t1,3,3,24,30,25,63
TrSC58v2_1489.t1.e1,5,4,28,34,28,75
TrSC58v2_1490.t1,2,4,0,1,8,33
TrSC58v2_1490.t1.e1,9,6,7,31,9,36
TrSC58v2_1493.t1,0,0,4,12,14,42
TrSC58v2_1493.t1.e1,8,0,5,17,15,55
TrSC58v2_1494.t1,0,0,11,16,2,24
TrSC58v2_1494.t1.e1,3,7,11,19,3,29
TrSC58v2_1496.t1,0,9,2,5,3,5
TrSC58v2_1496.t1.e1,2,10,2,7,3,7
TrSC58v2_1499.t1,0,3,2,5,3,5
TrSC58v2_1499.t1.e1,2,4,2,7,5,6
TrSC58v2_1502.t1,5,13,18,42,24,6
TrSC58v2_1502.t1.e1,6,17,24,46,27,196
TrSC58v2_1503.t1,0,8,0,3,8,31
TrSC58v2_1503.t1.e1,4,11,4,22,9,35
TrSC58v2_1505.t1,7,1,0,10,0,17
TrSC58v2_1505.t1.e1,10,4,11,13,8,18
TrSC58v2_1506.t1,9,12,19,29,18,3
TrSC58v2_1506.t1.e1,11,13,26,35,26,166
TrSC58v2_1507.t1,12,3,0,11,8,30
TrSC58v2_1507.t1.e1,13,4,15,14,11,38
TrSC58v2_1508.t1,0,0,8,2,0,26
TrSC58v2_1508.t1.e1,7,0,10,29,26,32
TrSC58v2_1510.t1,1,0,9,10,5,5
TrSC58v2_1510.t1.e1,2,0,10,14,9,53
TrSC58v2_1511.t1,0,2,24,48,29,123
TrSC58v2_1511.t1.e1,20,20,26,49,31,138
TrSC58v2_1513.t1,0,1,4,14,9,47
TrSC58v2_1513.t1.e1,11,11,5,15,11,51
TrSC58v2_1514.t1,0,0,0,13,1,11
TrSC58v2_1514.t1.e1,3,0,13,16,6,13
TrSC58v2_1516.t1,0,3,0,6,0,29
TrSC58v2_1516.t1.e1,4,5,4,9,12,33
TrSC58v2_1517.t1,5,0,3,13,1,43
TrSC58v2_1517.t1.e1,5,0,4,16,20,48
TrSC58v2_1518.t1,10,5,17,24,23,38
TrSC58v2_1518.t1.e1,13,6,23,28,19,89
TrSC58v2_1519.t1,0,0,1,11,0,32
TrSC58v2_1519.t1.e1,3,0,33,13,8,36
TrSC58v2_1520.t1,0,2,2,5,2,4
TrSC58v2_1520.t1.e1,10,4,10,5,12,32
TrSC58v2_1523.t1,0,3,9,0,9,40
TrSC58v2_1523.t1.e1,4,4,10,20,11,45
TrSC58v2_1524.t1,0,0,10,21,9,44
TrSC58v2_1524.t1.e1,4,0,12,25,11,51
TrSC58v2_1525.t1,1,4,3,9,3,34
TrSC58v2_1525.t1.e1,3,5,27,10,27,38
TrSC58v2_1526.t1,0,0,3,11,2,32
TrSC58v2_1526.t1.e1,5,0,11,12,19,34
TrSC58v2_1527.t1,1,1,0,14,3,23
TrSC58v2_1527.t1.e1,12,1,8,16,9,24
TrSC58v2_1528.t1,1,0,15,13,0,19
TrSC58v2_1528.t1.e1,2,3,17,14,22,20
TrSC58v2_1530.t1,6,4,1,13,1,38
TrSC58v2_1530.t1.e1,6,4,9,16,7,41
TrSC58v2_1531.t1,0,0,0,9,6,23
TrSC58v2_1531.t1.e1,8,3,14,12,7,26
TrSC58v2_1532.t1,0,11,2,3,3,80
TrSC58v2_1532.t1.e1,21,16,51,50,29,96
TrSC58v2_1533.t1,4,0,5,0,4,18
TrSC58v2_1533.t1.e1,5,14,6,4,5,20
TrSC58v2_1534.t1,12,17,54,88,59,201
TrSC58v2_1534.t1.e1,14,19,60,95,66,235
TrSC58v2_1535.t1,0,0,1,4,6,20
TrSC58v2_1535.t1.e1,3,8,19,5,7,22
TrSC58v2_1536.t1,0,3,1,5,0,21
TrSC58v2_1536.t1.e1,4,4,1,17,0,22
TrSC58v2_1537.t1,7,18,20,33,15,53
TrSC58v2_1537.t1.e1,8,23,23,41,17,61
TrSC58v2_1538.t1,6,1,7,4,7,20
TrSC58v2_1538.t1.e1,7,7,7,4,8,22
TrSC58v2_1539.t1,1,1,6,11,8,42
TrSC58v2_1539.t1.e1,1,4,8,13,9,54
TrSC58v2_1540.t1,5,1,7,23,12,4
TrSC58v2_1540.t1.e1,7,8,9,27,13,93
TrSC58v2_1542.t1,0,1,6,1,5,10
TrSC58v2_1542.t1.e1,4,6,8,17,6,13
TrSC58v2_1543.t1,0,6,30,20,22,94
TrSC58v2_1543.t1.e1,27,6,39,25,50,109
TrSC58v2_1544.t1,0,0,10,4,4,2
TrSC58v2_1544.t1.e1,3,8,14,5,7,75
TrSC58v2_1545.t1,8,0,0,3,1,36
TrSC58v2_1545.t1.e1,9,0,7,17,16,47
TrSC58v2_1546.t1,3,3,6,5,3,18
TrSC58v2_1546.t1.e1,3,8,6,6,3,18
TrSC58v2_1547.t1,0,4,8,6,8,25
TrSC58v2_1547.t1.e1,4,5,9,8,11,32
TrSC58v2_1548.t1,0,5,11,3,8,6
TrSC58v2_1548.t1.e1,4,6,14,38,10,73
TrSC58v2_1549.t1,0,0,0,15,10,37
TrSC58v2_1549.t1.e1,4,5,9,28,13,46
TrSC58v2_1550.t1,4,2,22,26,25,69
TrSC58v2_1550.t1.e1,5,3,27,34,28,81
TrSC58v2_1551.t1,0,0,12,6,4,36
TrSC58v2_1551.t1.e1,3,4,13,21,16,38
TrSC58v2_1554.t1,0,9,21,35,41,84
TrSC58v2_1554.t1.e1,9,11,21,39,43,90
TrSC58v2_1556.t1,17,33,48,92,64,234
TrSC58v2_1556.t1.e1,18,36,55,104,69,263
TrSC58v2_1557.t1,1,0,2,6,5,10
TrSC58v2_1557.t1.e1,4,2,7,7,5,12
TrSC58v2_1558.t1,0,0,8,3,3,14
TrSC58v2_1558.t1.e1,1,0,9,8,3,15
TrSC58v2_1560.t1,0,1,1,6,2,14
TrSC58v2_1560.t1.e1,3,2,9,7,7,16
TrSC58v2_1561.t1,19,4,87,117,63,298
TrSC58v2_1561.t1.e1,34,71,89,129,70,338
TrSC58v2_1562.t1,14,8,2,0,23,57
TrSC58v2_1562.t1.e1,15,11,15,37,25,65
TrSC58v2_1563.t1,4,4,0,3,6,39
TrSC58v2_1563.t1.e1,5,5,4,3,6,43
TrSC58v2_1564.t1,8,9,19,18,28,64
TrSC58v2_1564.t1.e1,11,12,27,22,35,93
TrSC58v2_1566.t1,1,0,6,0,1,21
TrSC58v2_1566.t1.e1,15,0,7,4,10,25
TrSC58v2_1567.t1,1,1,11,12,1,28
TrSC58v2_1567.t1.e1,3,2,12,14,7,30
TrSC58v2_1568.t1,5,1,10,2,15,29
TrSC58v2_1568.t1.e1,6,13,9,30,14,27
TrSC58v2_1570.t1,4,1,15,2,6,25
TrSC58v2_1570.t1.e1,6,4,17,25,7,30
TrSC58v2_1572.t1,2,0,0,5,4,12
TrSC58v2_1572.t1.e1,3,8,4,6,5,13
TrSC58v2_1574.t1,0,0,12,16,8,39
TrSC58v2_1574.t1.e1,9,10,16,18,11,41
TrSC58v2_1575.t1,8,7,18,62,17,94
TrSC58v2_1575.t1.e1,11,8,19,67,21,102
TrSC58v2_1576.t1,14,6,23,43,15,9
TrSC58v2_1576.t1.e1,16,7,29,45,18,187
TrSC58v2_1577.t1,0,0,10,14,16,35
TrSC58v2_1577.t1.e1,12,11,13,17,18,38
TrSC58v2_1578.t1,0,2,0,15,8,19
TrSC58v2_1578.t1.e1,8,3,23,18,9,21
TrSC58v2_1579.t1,16,11,35,68,41,186
TrSC58v2_1579.t1.e1,19,14,32,94,41,207
TrSC58v2_1580.t1,0,3,1,23,9,50
TrSC58v2_1580.t1.e1,8,3,4,25,11,58
TrSC58v2_1581.t1,0,2,0,1,1,10
TrSC58v2_1581.t1.e1,5,3,8,6,19,12
TrSC58v2_1583.t1,0,1,0,0,0,0
TrSC58v2_1583.t1.e1,5,1,4,4,5,27
TrSC58v2_1584.t1,1,7,12,5,10,35
TrSC58v2_1584.t1.e1,5,9,14,6,14,40
TrSC58v2_1586.t1,1,0,8,1,2,38
TrSC58v2_1586.t1.e1,1,20,10,18,15,38
TrSC58v2_1587.t1,1,1,0,0,3,0
TrSC58v2_1587.t1.e1,3,13,2,4,5,12
TrSC58v2_1588.t1,2,3,0,2,2,13
TrSC58v2_1588.t1.e1,13,4,8,6,4,14
TrSC58v2_2374.t1.e1,3,4,11,12,5,53
TrSC58v2_2374.t1,1,1,9,11,5,44
TrSC58v2_2375.t1.e1,12,29,29,20,30,73
TrSC58v2_2375.t1,10,1,28,18,3,68
TrSC58v2_2377.t1.e1,39,41,85,120,60,385
TrSC58v2_2377.t1,34,36,81,108,58,342
TrSC58v2_2379.t1.e1,8,10,21,59,22,141
TrSC58v2_2379.t1,6,7,16,48,17,115
TrSC58v2_2380.t1.e1,11,8,19,23,19,68
TrSC58v2_2380.t1,1,6,15,19,15,56
TrSC58v2_2386.t1.e1,7,15,14,25,5,70
TrSC58v2_2386.t1,4,1,9,8,3,15
TrSC58v2_2388.t1.e1,2,3,10,15,3,26
TrSC58v2_2388.t1,1,3,1,11,2,23
TrSC58v2_2389.t1.e1,2,4,14,28,9,56
TrSC58v2_2389.t1,1,3,12,13,7,45
TrSC58v2_2381.t1.e1,2,3,3,3,3,11
TrSC58v2_2381.t1,1,2,1,1,2,2
MSTRG.2318.2,40,45,77,130,92,411
TrSC58v2_2382.t1.e1,4,4,8,24,6,32
TrSC58v2_2382.t1,4,3,8,22,6,35
TrSC58v2_2383.t1.e1,4,4,3,2,4,8
TrSC58v2_2383.t1,0,0,0,2,3,6
TrSC58v2_2384.t1,11,18,20,23,25,105
TrSC58v2_2384.t1.e1,15,23,39,127,36,277
TrSC58v2_2385.t1.e1,1,1,1,1,1,1
TrSC58v2_2385.t1,1,1,1,1,1,1
TrSC58v2_2390.t1.e1,1,0,7,7,6,16
TrSC58v2_2390.t1,1,0,7,6,1,14
TrSC58v2_2391.t1.e1,13,8,8,9,7,29
TrSC58v2_2391.t1,0,0,7,8,5,22
TrSC58v2_2392.t1.e1,5,10,17,15,26,31
TrSC58v2_2392.t1,4,9,15,11,24,29
TrSC58v2_2394.t1.e1,7,3,11,28,11,43
TrSC58v2_2394.t1,6,0,8,26,0,39
TrSC58v2_2396.t1.e1,5,5,11,21,14,63
TrSC58v2_2396.t1,3,4,7,18,14,54
TrSC58v2_2397.t1.e1,3,0,5,4,0,7
TrSC58v2_2397.t1,1,0,5,4,0,5
TrSC58v2_2400.t1.e1,4,10,13,26,9,31
TrSC58v2_2400.t1,4,3,11,24,8,27
TrSC58v2_2401.t1.e1,7,4,3,4,5,28
TrSC58v2_2401.t1,0,1,0,0,1,24
TrSC58v2_2402.t1.e1,11,4,16,52,40,108
TrSC58v2_2402.t1,9,2,14,47,36,98
TrSC58v2_2403.t1.e1,3,9,8,17,11,59
TrSC58v2_2403.t1,0,8,6,15,9,46
TrSC58v2_2404.t1.e1,4,6,7,22,19,59
TrSC58v2_2404.t1,0,5,7,19,15,50
TrSC58v2_2408.t1,0,1,0,1,1,2
TrSC58v2_2408.t1.e1,1,1,1,3,2,3
TrSC58v2_2409.t1,0,0,0,0,0,1
TrSC58v2_2409.t1.e1,1,0,1,1,0,2
TrSC58v2_2410.t1,0,0,0,0,0,1
TrSC58v2_2410.t1.e1,1,0,1,1,0,2
TrSC58v2_2411.t1,0,0,0,0,0,1
TrSC58v2_2411.t1.e1,1,0,1,1,0,2
TrSC58v2_2412.t1,0,1,0,1,1,2
TrSC58v2_2412.t1.e1,1,1,1,3,2,3
TrSC58v2_2413.t1,0,0,0,0,0,1
TrSC58v2_2413.t1.e1,1,0,1,1,0,2
TrSC58v2_2414.t1,0,1,0,1,1,2
TrSC58v2_2414.t1.e1,1,1,1,3,2,4
TrSC58v2_2416.t1,0,1,1,1,0,4
TrSC58v2_2416.t1.e1,1,1,1,2,2,4
TrSC58v2_2415.t1,0,1,0,2,1,1
TrSC58v2_2415.t1.e1,1,1,1,3,4,5
TrSC58v2_2080.t1,0,0,5,8,0,18
TrSC58v2_2080.t1.e1,0,0,6,15,8,22
TrSC58v2_2081.t1,0,1,0,0,1,11
TrSC58v2_2081.t1.e1,0,10,0,7,12,25
TrSC58v2_2086.t1,0,3,8,0,13,27
TrSC58v2_2086.t1.e1,0,3,11,16,15,33
TrSC58v2_2089.t1,0,0,1,3,1,4
TrSC58v2_2089.t1.e1,0,0,1,3,3,5
TrSC58v2_2092.t1,0,0,2,2,7,23
TrSC58v2_2092.t1.e1,0,0,12,13,9,25
TrSC58v2_2094.t1,0,4,7,1,2,9
TrSC58v2_2094.t1.e1,0,4,9,4,4,12
TrSC58v2_2096.t1,0,1,5,2,2,2
TrSC58v2_2096.t1.e1,0,4,6,12,8,35
TrSC58v2_2097.t1,0,0,0,12,0,20
TrSC58v2_2097.t1.e1,0,7,10,13,0,22
TrSC58v2_2099.t1,0,2,10,7,3,3
TrSC58v2_2099.t1.e1,0,2,11,9,4,9
TrSC58v2_2105.t1,0,1,1,0,1,8
TrSC58v2_2105.t1.e1,0,2,1,4,2,10
TrSC58v2_2106.t1,0,1,1,0,1,8
TrSC58v2_2106.t1.e1,0,2,1,4,2,10
TrSC58v2_2108.t1,0,3,7,3,0,20
TrSC58v2_2108.t1.e1,0,4,9,25,4,23
TrSC58v2_2109.t1,0,1,1,0,0,3
TrSC58v2_2109.t1.e1,0,1,10,16,8,23
TrSC58v2_2117.t1,0,0,3,0,2,2
TrSC58v2_2117.t1.e1,0,0,7,4,2,9
TrSC58v2_2120.t1,0,0,1,5,5,19
TrSC58v2_2120.t1.e1,0,8,3,5,5,21
TrSC58v2_2122.t1,0,0,0,2,7,2
TrSC58v2_2122.t1.e1,0,7,0,2,9,44
TrSC58v2_2123.t1,0,0,0,0,8,19
TrSC58v2_2123.t1.e1,0,0,4,4,10,22
MSTRG.2063.1,0,3,0,7,5,21
TrSC58v2_2124.t1,0,1,11,0,10,2
TrSC58v2_2124.t1.e1,0,1,12,3,12,34
TrSC58v2_2126.t1,0,0,1,0,0,4
TrSC58v2_2126.t1.e1,0,0,3,0,5,17
TrSC58v2_2129.t1,0,0,2,1,1,14
TrSC58v2_2129.t1.e1,0,0,9,23,3,15
TrSC58v2_2135.t1,0,0,1,3,2,5
TrSC58v2_2135.t1.e1,0,4,8,11,9,47
TrSC58v2_2141.t1,0,1,1,1,1,11
TrSC58v2_2141.t1.e1,0,3,10,10,2,11
TrSC58v2_2144.t1,0,3,1,13,4,13
TrSC58v2_2144.t1.e1,0,3,3,15,5,14
TrSC58v2_2145.t1,0,0,2,5,1,19
TrSC58v2_2145.t1.e1,0,4,3,7,7,29
TrSC58v2_2147.t1,0,0,1,7,5,7
TrSC58v2_2147.t1.e1,0,6,4,9,7,10
TrSC58v2_2148.t1,0,0,13,11,5,48
TrSC58v2_2148.t1.e1,0,3,16,14,7,5
TrSC58v2_2155.t1,0,3,12,14,2,19
TrSC58v2_2155.t1.e1,0,4,14,17,3,24
TrSC58v2_2158.t1,0,4,0,11,0,0
TrSC58v2_2158.t1.e1,0,5,13,13,20,57
TrSC58v2_2163.t1,0,1,4,9,4,20
TrSC58v2_2163.t1.e1,0,3,5,9,5,17
TrSC58v2_2165.t1,0,2,8,2,10,33
TrSC58v2_2165.t1.e1,0,12,9,31,21,35
TrSC58v2_2166.t1,0,0,5,0,1,0
TrSC58v2_2166.t1.e1,0,11,7,4,11,19
TrSC58v2_2170.t1,0,0,10,11,0,41
TrSC58v2_2170.t1.e1,0,3,12,11,4,47
TrSC58v2_2173.t1,0,0,3,13,0,30
TrSC58v2_2173.t1.e1,0,0,4,15,34,18
TrSC58v2_2174.t1,0,0,0,15,5,2
TrSC58v2_2174.t1.e1,0,0,11,16,7,50
TrSC58v2_2181.t1,0,0,4,3,1,1
TrSC58v2_2181.t1.e1,0,0,7,4,3,7
TrSC58v2_2183.t1,0,2,1,10,0,17
TrSC58v2_2183.t1.e1,0,4,6,12,0,20
TrSC58v2_2189.t1,0,0,0,0,0,1
TrSC58v2_2189.t1.e1,0,4,0,4,4,19
TrSC58v2_2194.t1,0,0,1,9,0,39
TrSC58v2_2194.t1.e1,0,0,6,13,13,44
TrSC58v2_2197.t1,0,10,1,11,9,46
TrSC58v2_2197.t1.e1,0,10,2,13,11,50
TrSC58v2_2203.t1,0,0,1,4,1,4
TrSC58v2_2203.t1.e1,0,0,15,5,10,4
TrSC58v2_2206.t1,0,0,0,2,6,20
TrSC58v2_2206.t1.e1,0,0,0,8,7,21
TrSC58v2_2207.t1,0,2,0,0,2,15
TrSC58v2_2207.t1.e1,0,5,7,6,3,16
TrSC58v2_2210.t1,0,0,3,1,1,8
TrSC58v2_2210.t1.e1,0,0,4,3,2,9
TrSC58v2_2211.t1,0,0,0,1,1,13
TrSC58v2_2211.t1.e1,0,8,0,8,4,17
TrSC58v2_2212.t1,0,0,4,1,8,9
TrSC58v2_2212.t1.e1,0,0,4,3,8,9
TrSC58v2_2215.t1,0,1,2,9,1,1
TrSC58v2_2215.t1.e1,0,18,6,11,17,20
TrSC58v2_2217.t1,0,4,3,2,3,2
TrSC58v2_2218.t1,0,15,26,20,30,150
TrSC58v2_2222.t1,0,0,0,0,0,0
TrSC58v2_2222.t1.e1,0,0,0,0,0,0
TrSC58v2_2228.t1,0,1,8,12,1,12
TrSC58v2_2228.t1.e1,0,8,10,14,2,14
TrSC58v2_2235.t1,0,0,1,0,1,10
TrSC58v2_2235.t1.e1,0,0,6,0,3,11
TrSC58v2_2236.t1,0,7,11,12,5,46
TrSC58v2_2236.t1.e1,0,10,13,14,6,49
TrSC58v2_2240.t1,0,0,1,0,2,22
TrSC58v2_2240.t1.e1,0,5,10,5,10,24
TrSC58v2_2241.t1,0,0,11,16,4,41
TrSC58v2_2241.t1.e1,0,0,14,18,4,46
TrSC58v2_2249.t1,0,0,1,0,0,19
TrSC58v2_2249.t1.e1,0,6,7,2,8,21
MSTRG.2193.1,0,71,97,172,94,387
TrSC58v2_2257.t1,0,6,2,1,0,12
TrSC58v2_2257.t1.e1,0,6,3,2,0,13
TrSC58v2_2258.t1,0,2,0,11,1,17
TrSC58v2_2258.t1.e1,0,2,19,15,1,19
TrSC58v2_2265.t1,0,5,1,9,20,39
TrSC58v2_2265.t1.e1,0,11,15,9,21,46
TrSC58v2_2285.t1,0,0,0,1,0,1
TrSC58v2_2285.t1.e1,0,0,7,1,0,3
TrSC58v2_2288.t1,0,0,8,1,2,35
TrSC58v2_2288.t1.e1,0,5,10,3,4,40
TrSC58v2_2289.t1,0,2,2,1,6,8
TrSC58v2_2289.t1.e1,0,2,3,8,7,8
TrSC58v2_2293.t1,0,0,0,1,0,3
TrSC58v2_2293.t1.e1,0,0,4,10,12,40
TrSC58v2_2295.t1,0,0,1,3,0,7
TrSC58v2_2295.t1.e1,0,0,6,6,0,8
TrSC58v2_2296.t1,0,0,4,6,5,8
TrSC58v2_2296.t1.e1,0,0,5,7,6,8
MSTRG.2236.1,0,19,0,4,4,12
TrSC58v2_2303.t1,0,0,4,1,5,6
TrSC58v2_2303.t1.e1,0,0,5,16,6,8
TrSC58v2_2308.t1,0,0,2,3,0,17
TrSC58v2_2308.t1.e1,0,4,9,14,7,18
TrSC58v2_2309.t1,0,1,0,0,0,2
TrSC58v2_2309.t1.e1,0,3,0,3,4,19
TrSC58v2_2310.t1,0,0,1,0,0,5
TrSC58v2_2310.t1.e1,0,0,8,0,16,6
TrSC58v2_2311.t1,0,0,2,0,1,5
TrSC58v2_2311.t1.e1,0,0,3,0,2,6
TrSC58v2_2312.t1,0,0,4,11,13,30
TrSC58v2_2312.t1.e1,0,0,5,16,14,37
MSTRG.2256.1,0,4,11,35,3,49
TrSC58v2_2318.t1,0,0,0,14,0,2
TrSC58v2_2318.t1.e1,0,0,3,18,4,15
TrSC58v2_2320.t1,0,0,5,8,8,10
TrSC58v2_2320.t1.e1,0,4,6,10,11,12
TrSC58v2_2321.t1,0,0,2,11,1,21
TrSC58v2_2321.t1.e1,0,0,29,12,3,25
TrSC58v2_2322.t1,0,2,0,6,1,30
TrSC58v2_2322.t1.e1,0,3,0,7,6,37
TrSC58v2_2324.t1,0,1,6,2,3,2
TrSC58v2_2324.t1.e1,0,4,6,9,3,10
TrSC58v2_2325.t1,0,0,1,1,0,2
TrSC58v2_2325.t1.e1,0,0,4,13,0,38
TrSC58v2_2327.t1,0,0,3,8,5,0
TrSC58v2_2327.t1.e1,0,7,4,10,6,31
TrSC58v2_2329.t1,0,1,0,0,4,2
TrSC58v2_2329.t1.e1,0,4,0,0,4,25
TrSC58v2_2330.t1,0,2,1,10,0,16
TrSC58v2_2330.t1.e1,0,2,7,10,0,17
TrSC58v2_2331.t1,0,0,8,0,1,21
TrSC58v2_2331.t1.e1,0,4,9,4,13,25
TrSC58v2_2342.t1,0,0,0,0,0,1
TrSC58v2_2342.t1.e1,0,6,3,0,3,8
TrSC58v2_2343.t1,0,0,0,3,1,11
TrSC58v2_2343.t1.e1,0,0,5,4,8,12
TrSC58v2_2344.t1,0,0,3,1,1,1
TrSC58v2_2344.t1.e1,0,9,4,3,7,25
TrSC58v2_2347.t1,0,0,0,0,1,10
TrSC58v2_2347.t1.e1,0,0,4,9,10,13
TrSC58v2_2350.t1,0,0,4,1,5,20
TrSC58v2_2350.t1.e1,0,0,18,10,5,23
TrSC58v2_2352.t1,0,0,6,6,1,3
TrSC58v2_2352.t1.e1,0,0,8,9,12,43
TrSC58v2_2353.t1,0,0,17,17,9,35
TrSC58v2_2353.t1.e1,0,5,21,22,12,53
TrSC58v2_2354.t1,0,0,3,0,1,22
TrSC58v2_2354.t1.e1,0,3,4,11,1,27
TrSC58v2_2356.t1,0,0,0,0,1,17
TrSC58v2_2356.t1.e1,0,0,12,5,3,20
TrSC58v2_2357.t1,0,0,0,0,0,1
TrSC58v2_2357.t1.e1,0,0,5,0,5,9
MSTRG.2299.2,0,0,0,0,7,17
TrSC58v2_2364.t1,0,1,1,0,1,15
TrSC58v2_2364.t1.e1,0,2,8,4,5,16
TrSC58v2_2372.t1,0,0,0,0,0,1
TrSC58v2_2372.t1.e1,0,0,0,5,6,18
TrSC58v2_2373.t1,0,0,0,1,0,9
TrSC58v2_2373.t1.e1,0,0,0,7,6,10
TrSC58v2_2077.t1.e1,23,41,53,82,46,163
TrSC58v2_2077.t1,21,4,42,71,43,203
TrSC58v2_2078.t1.e1,4,0,2,3,3,21
TrSC58v2_2078.t1,1,0,1,0,3,25
TrSC58v2_2079.t1.e1,25,14,8,5,12,35
TrSC58v2_2079.t1,1,0,0,4,13,38
TrSC58v2_2082.t1.e1,6,5,7,13,16,61
TrSC58v2_2082.t1,5,4,6,12,13,57
TrSC58v2_2083.t1.e1,13,11,37,42,40,98
TrSC58v2_2083.t1,10,8,26,36,37,115
TrSC58v2_2084.t1.e1,5,22,3,26,7,30
TrSC58v2_2084.t1,3,0,2,17,5,23
TrSC58v2_2085.t1.e1,4,16,5,6,4,11
TrSC58v2_2085.t1,0,0,3,5,4,1
TrSC58v2_2087.t1.e1,3,13,15,15,8,59
TrSC58v2_2087.t1,0,1,1,13,0,55
TrSC58v2_2088.t1.e1,1,0,0,14,1,14
TrSC58v2_2088.t1,1,0,0,1,1,2
TrSC58v2_2090.t1,1,0,0,4,2,12
TrSC58v2_2090.t1.e1,4,6,7,4,3,15
TrSC58v2_2091.t1,3,1,14,13,11,51
TrSC58v2_2091.t1.e1,5,6,17,19,14,59
TrSC58v2_2093.t1,2,3,0,18,9,32
TrSC58v2_2093.t1.e1,3,3,4,21,10,35
TrSC58v2_2095.t1,0,1,1,0,0,6
TrSC58v2_2095.t1.e1,4,5,14,19,8,46
TrSC58v2_2098.t1,3,8,12,1,19,55
TrSC58v2_2098.t1.e1,4,11,15,44,27,61
TrSC58v2_2100.t1,1,9,1,21,12,71
TrSC58v2_2100.t1.e1,15,10,42,23,14,88
TrSC58v2_2101.t1,7,2,22,22,2,77
TrSC58v2_2101.t1.e1,8,9,24,24,26,88
TrSC58v2_2102.t1,9,4,11,18,23,75
TrSC58v2_2102.t1.e1,11,5,12,25,26,81
TrSC58v2_2103.t1,12,7,35,76,52,181
TrSC58v2_2103.t1.e1,17,8,41,80,61,194
TrSC58v2_2104.t1,1,0,0,1,1,6
TrSC58v2_2104.t1.e1,2,8,0,3,3,6
TrSC58v2_2107.t1,0,0,2,2,3,10
TrSC58v2_2107.t1.e1,4,0,2,2,11,12
TrSC58v2_2110.t1,10,10,14,29,24,60
TrSC58v2_2110.t1.e1,12,14,21,32,29,66
TrSC58v2_2111.t1,3,0,6,5,9,34
TrSC58v2_2111.t1.e1,3,10,7,6,10,40
TrSC58v2_2112.t1,3,12,23,38,41,75
TrSC58v2_2112.t1.e1,9,15,26,39,43,78
TrSC58v2_2113.t1,1,8,1,1,11,27
TrSC58v2_2113.t1.e1,14,9,14,35,13,31
TrSC58v2_2114.t1,4,0,0,1,2,13
TrSC58v2_2114.t1.e1,5,0,0,11,4,15
TrSC58v2_2115.t1,0,1,6,1,0,13
TrSC58v2_2115.t1.e1,4,3,6,4,0,14
TrSC58v2_2116.t1,1,1,1,6,0,17
TrSC58v2_2116.t1.e1,4,3,1,6,0,17
TrSC58v2_2118.t1,1,0,16,0,4,20
TrSC58v2_2118.t1.e1,13,0,28,15,5,21
TrSC58v2_2119.t1,3,1,0,1,3,34
TrSC58v2_2119.t1.e1,4,3,20,11,3,39
TrSC58v2_2121.t1,0,0,0,2,0,27
TrSC58v2_2121.t1.e1,4,0,11,3,4,36
TrSC58v2_2125.t1,1,1,1,28,19,42
TrSC58v2_2125.t1.e1,10,5,16,30,21,50
MSTRG.2066.1,1,0,6,12,0,57
TrSC58v2_2127.t1,3,2,5,2,4,18
TrSC58v2_2127.t1.e1,4,4,6,11,4,19
TrSC58v2_2128.t1,2,0,5,7,8,24
TrSC58v2_2128.t1.e1,3,4,5,9,9,26
TrSC58v2_2130.t1,4,0,9,21,7,36
TrSC58v2_2130.t1.e1,6,9,12,29,12,47
TrSC58v2_2131.t1,0,0,18,25,3,62
TrSC58v2_2131.t1.e1,13,10,22,37,24,69
TrSC58v2_2132.t1,1,0,5,15,8,48
TrSC58v2_2132.t1.e1,5,4,9,18,15,52
TrSC58v2_2133.t1,1,0,0,4,0,11
TrSC58v2_2133.t1.e1,3,0,8,4,16,11
TrSC58v2_2134.t1,2,0,5,9,6,0
TrSC58v2_2134.t1.e1,6,0,6,11,7,45
TrSC58v2_2136.t1,12,0,24,26,35,52
TrSC58v2_2136.t1.e1,15,4,29,30,44,65
TrSC58v2_2137.t1,1,1,1,9,7,23
TrSC58v2_2137.t1.e1,3,10,1,9,8,25
TrSC58v2_2138.t1,0,0,7,14,10,35
TrSC58v2_2138.t1.e1,9,0,8,21,14,40
TrSC58v2_2139.t1,1,9,16,21,19,63
TrSC58v2_2139.t1.e1,1,11,19,26,22,79
TrSC58v2_2140.t1,1,5,8,11,4,12
TrSC58v2_2140.t1.e1,1,7,9,14,4,13
TrSC58v2_2142.t1,5,13,16,54,40,110
TrSC58v2_2142.t1.e1,6,17,22,63,42,116
TrSC58v2_2143.t1,4,0,16,17,19,68
TrSC58v2_2143.t1.e1,4,8,17,20,23,82
TrSC58v2_2146.t1,0,3,3,0,10,35
TrSC58v2_2146.t1.e1,4,4,4,22,12,37
TrSC58v2_2149.t1,0,5,1,5,2,0
TrSC58v2_2149.t1.e1,5,6,3,5,2,0
TrSC58v2_2150.t1,0,0,0,5,2,16
TrSC58v2_2150.t1.e1,8,0,0,6,2,16
TrSC58v2_2151.t1,8,0,16,1,19,52
TrSC58v2_2151.t1.e1,10,27,18,49,20,58
TrSC58v2_2152.t1,0,0,8,24,21,7
TrSC58v2_2152.t1.e1,3,7,10,28,26,144
TrSC58v2_2153.t1,0,1,1,1,0,24
TrSC58v2_2153.t1.e1,4,1,8,11,5,1
TrSC58v2_2154.t1,3,6,9,9,6,30
TrSC58v2_2154.t1.e1,4,8,11,12,9,32
TrSC58v2_2156.t1,9,12,14,26,17,63
TrSC58v2_2156.t1.e1,10,13,14,31,24,74
TrSC58v2_2157.t1,0,3,4,0,0,31
TrSC58v2_2157.t1.e1,6,4,5,9,9,25
TrSC58v2_2159.t1,3,2,1,8,5,22
TrSC58v2_2159.t1.e1,4,3,8,10,6,25
TrSC58v2_2160.t1,4,28,57,63,58,181
TrSC58v2_2160.t1.e1,16,32,68,70,64,207
TrSC58v2_2161.t1,1,0,7,11,5,11
TrSC58v2_2161.t1.e1,4,4,7,12,5,12
TrSC58v2_2162.t1,0,0,1,5,2,9
TrSC58v2_2162.t1.e1,3,0,1,7,3,8
TrSC58v2_2164.t1,0,1,10,1,0,17
TrSC58v2_2164.t1.e1,3,8,13,10,6,18
TrSC58v2_2167.t1,1,0,2,5,0,0
TrSC58v2_2167.t1.e1,10,0,2,6,0,15
TrSC58v2_2168.t1,11,0,11,4,1,30
TrSC58v2_2168.t1.e1,14,0,16,6,2,34
TrSC58v2_2169.t1,10,7,9,18,16,75
TrSC58v2_2169.t1.e1,10,9,12,22,21,102
TrSC58v2_2171.t1,5,5,0,5,18,38
TrSC58v2_2171.t1.e1,7,6,9,7,26,43
TrSC58v2_2172.t1,1,0,1,12,1,14
TrSC58v2_2172.t1.e1,2,7,7,14,19,16
TrSC58v2_2175.t1,3,11,0,13,1,27
TrSC58v2_2175.t1.e1,9,11,0,14,17,28
TrSC58v2_2176.t1,1,1,11,14,0,4
TrSC58v2_2176.t1.e1,6,9,14,19,12,61
TrSC58v2_2177.t1,2,45,78,105,57,363
TrSC58v2_2177.t1.e1,88,53,67,123,65,420
TrSC58v2_2178.t1,7,7,17,49,29,104
TrSC58v2_2178.t1.e1,9,11,20,58,33,118
TrSC58v2_2179.t1,1,0,0,1,11,20
TrSC58v2_2179.t1.e1,1,4,0,21,14,23
TrSC58v2_2180.t1,6,6,10,1,7,19
TrSC58v2_2180.t1.e1,7,7,10,1,7,21
TrSC58v2_2182.t1,1,0,3,1,9,29
TrSC58v2_2182.t1.e1,1,25,3,12,10,31
TrSC58v2_2184.t1,9,16,29,38,26,105
TrSC58v2_2184.t1.e1,11,21,31,43,27,118
TrSC58v2_2185.t1,1,1,2,0,2,2
TrSC58v2_2185.t1.e1,1,4,7,0,12,30
TrSC58v2_2186.t1,0,0,0,0,8,15
TrSC58v2_2186.t1.e1,3,4,0,4,9,34
TrSC58v2_2187.t1,0,2,7,21,15,42
TrSC58v2_2187.t1.e1,3,3,9,24,16,45
TrSC58v2_2188.t1,0,0,4,13,13,18
TrSC58v2_2188.t1.e1,3,4,4,14,14,18
TrSC58v2_2190.t1.e1,4,0,3,5,4,11
TrSC58v2_2190.t1,0,0,1,2,0,10
TrSC58v2_2191.t1.e1,9,4,20,87,51,96
TrSC58v2_2191.t1,8,0,14,6,41,59
TrSC58v2_2192.t1.e1,26,39,95,108,85,367
TrSC58v2_2192.t1,22,3,9,12,15,53
TrSC58v2_2193.t1.e1,3,5,12,19,9,30
TrSC58v2_2193.t1,0,0,0,16,7,28
TrSC58v2_2195.t1.e1,7,12,13,32,15,61
TrSC58v2_2195.t1,6,10,12,28,12,56
TrSC58v2_2196.t1.e1,6,5,10,38,28,104
TrSC58v2_2196.t1,5,5,8,32,24,96
TrSC58v2_2198.t1.e1,5,4,13,16,3,43
TrSC58v2_2198.t1,2,0,11,14,1,33
MSTRG.2140.1,14,10,46,53,25,29
TrSC58v2_2199.t1.e1,7,7,15,26,11,47
TrSC58v2_2199.t1,5,8,13,30,13,51
TrSC58v2_2200.t1.e1,3,6,18,13,14,40
TrSC58v2_2200.t1,0,8,12,15,15,42
TrSC58v2_2201.t1.e1,10,14,12,28,18,42
TrSC58v2_2201.t1,0,1,11,0,0,30
TrSC58v2_2202.t1.e1,7,5,15,18,7,49
TrSC58v2_2202.t1,5,4,15,16,6,43
TrSC58v2_2204.t1.e1,5,7,8,15,24,63
TrSC58v2_2204.t1,4,5,7,14,21,53
TrSC58v2_2205.t1.e1,6,7,6,9,8,75
TrSC58v2_2205.t1,4,5,4,7,0,3
TrSC58v2_2208.t1.e1,2,4,4,6,5,22
TrSC58v2_2208.t1,1,0,4,4,5,21
TrSC58v2_2209.t1.e1,3,0,23,32,12,43
TrSC58v2_2209.t1,0,0,0,2,0,37
TrSC58v2_2213.t1.e1,5,8,11,22,21,63
TrSC58v2_2213.t1,1,7,8,18,17,54
TrSC58v2_2214.t1.e1,3,18,5,8,3,26
TrSC58v2_2214.t1,0,2,2,6,3,24
TrSC58v2_2216.t1.e1,4,5,4,7,9,18
TrSC58v2_2216.t1,0,0,3,0,9,14
MSTRG.2159.1,27,42,71,120,184,410
MSTRG.2159.2,216,294,632,975,754,2715
TrSC58v2_2217.t1.e1,4,8,24,16,19,54
TrSC58v2_2218.t1.e1,2,8,31,9,5,11
TrSC58v2_2219.t1.e1,53,63,111,207,176,583
TrSC58v2_2219.t1,41,57,120,175,153,521
TrSC58v2_2220.t1.e1,6,10,49,67,22,127
TrSC58v2_2220.t1,5,8,0,2,15,9
TrSC58v2_2221.t1.e1,15,0,5,12,5,33
TrSC58v2_2221.t1,11,0,0,0,0,22
TrSC58v2_2223.t1,0,9,6,19,15,67
TrSC58v2_2223.t1.e1,3,11,7,20,19,74
TrSC58v2_2224.t1,4,0,0,7,0,10
TrSC58v2_2224.t1.e1,6,4,4,8,3,11
TrSC58v2_2225.t1,3,0,1,0,7,1
TrSC58v2_2225.t1.e1,4,8,11,12,9,26
TrSC58v2_2226.t1,1,0,3,8,10,20
TrSC58v2_2226.t1.e1,2,0,6,9,12,22
TrSC58v2_2227.t1,0,0,3,7,3,10
TrSC58v2_2227.t1.e1,4,8,4,9,16,12
MSTRG.2168.2,15,2,2,31,26,114
MSTRG.2168.1,6,2,7,29,17,129
TrSC58v2_2229.t1,0,2,12,34,6,127
TrSC58v2_2229.t1.e1,26,29,60,31,78,121
TrSC58v2_2230.t1,11,29,42,30,43,146
TrSC58v2_2230.t1.e1,12,1,34,31,37,117
TrSC58v2_2231.t1,14,25,35,74,46,221
TrSC58v2_2231.t1.e1,20,31,42,84,54,268
TrSC58v2_2232.t1,0,6,7,16,10,26
TrSC58v2_2232.t1.e1,4,8,9,19,12,30
TrSC58v2_2233.t1,6,1,6,8,0,21
TrSC58v2_2233.t1.e1,8,2,6,11,17,24
TrSC58v2_2234.t1,3,0,6,2,0,11
TrSC58v2_2234.t1.e1,10,0,6,11,0,11
TrSC58v2_2237.t1,0,2,0,1,6,34
TrSC58v2_2237.t1.e1,7,13,7,8,8,36
TrSC58v2_2238.t1,1,0,3,0,4,25
TrSC58v2_2238.t1.e1,2,8,8,12,4,27
TrSC58v2_2239.t1,3,0,0,2,9,38
TrSC58v2_2239.t1.e1,5,5,4,51,11,44
TrSC58v2_2242.t1,1,0,0,6,1,14
TrSC58v2_2242.t1.e1,8,8,20,6,31,15
TrSC58v2_2243.t1,7,0,1,0,0,2
TrSC58v2_2243.t1.e1,9,0,1,12,0,3
TrSC58v2_2244.t1,2,13,14,49,36,102
TrSC58v2_2244.t1.e1,5,15,17,55,42,116
TrSC58v2_2245.t1,6,0,0,9,15,39
TrSC58v2_2245.t1.e1,7,0,8,10,18,41
TrSC58v2_2246.t1,8,37,38,68,54,224
TrSC58v2_2246.t1.e1,9,38,42,77,64,263
TrSC58v2_2247.t1,11,17,11,35,36,89
TrSC58v2_2247.t1.e1,12,12,13,41,42,110
TrSC58v2_2248.t1,0,0,7,1,4,15
TrSC58v2_2248.t1.e1,6,5,9,11,5,27
TrSC58v2_2250.t1,5,0,17,26,14,34
TrSC58v2_2250.t1.e1,7,10,17,30,16,47
TrSC58v2_2251.t1,8,2,16,21,1,83
TrSC58v2_2251.t1.e1,11,8,20,23,30,94
TrSC58v2_2252.t1,0,0,2,1,2,20
TrSC58v2_2252.t1.e1,4,4,3,11,3,17
TrSC58v2_2253.t1,7,15,19,25,38,76
TrSC58v2_2253.t1.e1,10,13,23,29,42,101
TrSC58v2_2254.t1,0,5,20,19,17,61
TrSC58v2_2254.t1.e1,5,7,24,21,22,65
TrSC58v2_2255.t1,1,18,24,21,25,91
TrSC58v2_2255.t1.e1,34,20,20,22,27,112
TrSC58v2_2256.t1,30,20,26,41,17,123
TrSC58v2_2256.t1.e1,30,21,27,45,21,143
TrSC58v2_2259.t1,16,17,37,105,51,196
TrSC58v2_2259.t1.e1,19,20,40,103,59,175
TrSC58v2_2260.t1,15,34,45,81,34,225
TrSC58v2_2260.t1.e1,16,37,54,92,38,270
TrSC58v2_2261.t1,3,15,39,50,25,133
TrSC58v2_2261.t1.e1,5,15,44,59,27,167
TrSC58v2_2262.t1,0,5,7,12,3,19
TrSC58v2_2262.t1.e1,5,6,9,14,4,22
TrSC58v2_2263.t1,1,1,0,1,0,10
TrSC58v2_2263.t1.e1,3,3,0,2,0,11
TrSC58v2_2264.t1,0,0,4,13,11,28
TrSC58v2_2264.t1.e1,3,0,5,14,14,32
TrSC58v2_2266.t1,2,0,0,4,10,2
TrSC58v2_2266.t1.e1,3,0,0,5,12,27
TrSC58v2_2267.t1,0,0,13,32,8,41
TrSC58v2_2267.t1.e1,4,15,17,40,9,46
TrSC58v2_2268.t1,1,1,0,0,0,38
TrSC58v2_2268.t1.e1,4,9,8,19,20,40
TrSC58v2_2269.t1,3,12,11,13,16,43
TrSC58v2_2269.t1.e1,3,13,13,18,20,50
TrSC58v2_2270.t1,8,7,42,68,53,138
TrSC58v2_2270.t1.e1,10,7,53,73,59,156
TrSC58v2_2271.t1,3,1,3,2,1,21
TrSC58v2_2271.t1.e1,4,3,9,12,13,23
TrSC58v2_2272.t1,2,0,10,0,12,74
TrSC58v2_2272.t1.e1,3,7,11,22,17,81
TrSC58v2_2273.t1,10,0,12,0,8,56
TrSC58v2_2273.t1.e1,12,3,13,27,10,65
TrSC58v2_2274.t1,0,0,0,9,1,31
TrSC58v2_2274.t1.e1,8,0,3,10,21,33
TrSC58v2_2275.t1,4,0,0,0,8,2
TrSC58v2_2275.t1.e1,5,8,9,32,9,77
TrSC58v2_2276.t1,6,11,17,23,35,105
TrSC58v2_2276.t1.e1,8,13,21,26,35,112
TrSC58v2_2277.t1,4,3,15,31,14,121
TrSC58v2_2277.t1.e1,5,5,16,34,16,18
TrSC58v2_2278.t1,0,3,3,2,5,26
TrSC58v2_2278.t1.e1,4,4,10,12,6,28
TrSC58v2_2279.t1,2,4,2,2,2,47
TrSC58v2_2279.t1.e1,9,5,34,22,5,49
TrSC58v2_2280.t1,2,0,0,0,0,2
TrSC58v2_2280.t1.e1,7,12,6,0,4,52
TrSC58v2_2281.t1,2,0,0,1,3,16
TrSC58v2_2281.t1.e1,7,0,4,2,3,18
TrSC58v2_2282.t1,0,0,0,1,1,12
TrSC58v2_2282.t1.e1,7,4,0,20,3,14
TrSC58v2_2283.t1,0,0,4,1,7,21
TrSC58v2_2283.t1.e1,4,8,5,4,8,22
TrSC58v2_2284.t1,0,0,1,0,0,1
TrSC58v2_2284.t1.e1,2,0,3,0,0,2
MSTRG.2223.1,14,32,52,73,64,233
TrSC58v2_2286.t1,0,0,4,2,3,3
TrSC58v2_2286.t1.e1,4,0,5,12,4,35
TrSC58v2_2287.t1,0,1,6,0,1,14
TrSC58v2_2287.t1.e1,7,1,7,19,2,15
TrSC58v2_2290.t1,1,0,2,11,3,27
TrSC58v2_2290.t1.e1,7,0,3,11,3,33
TrSC58v2_2291.t1,12,32,35,68,59,213
TrSC58v2_2291.t1.e1,21,38,44,86,73,275
TrSC58v2_2292.t1,0,1,5,5,0,15
TrSC58v2_2292.t1.e1,3,3,6,5,0,17
TrSC58v2_2294.t1,2,7,5,11,0,35
TrSC58v2_2294.t1.e1,9,7,5,16,32,44
TrSC58v2_2297.t1,0,1,1,12,13,4
TrSC58v2_2297.t1.e1,8,23,19,14,15,69
TrSC58v2_2298.t1.e1,8,4,8,4,12,40
TrSC58v2_2298.t1,6,3,7,3,10,32
TrSC58v2_2299.t1.e1,2,10,16,26,14,31
TrSC58v2_2299.t1,1,1,2,21,12,27
TrSC58v2_2300.t1.e1,5,3,10,10,10,21
TrSC58v2_2300.t1,0,0,7,7,9,16
TrSC58v2_2301.t1.e1,8,5,15,33,9,80
TrSC58v2_2301.t1,2,4,11,3,8,73
TrSC58v2_2302.t1.e1,3,9,13,12,4,67
TrSC58v2_2302.t1,1,9,12,11,4,59
TrSC58v2_2304.t1.e1,3,0,13,4,8,75
TrSC58v2_2304.t1,3,0,11,0,6,3
TrSC58v2_2305.t1.e1,8,5,4,23,10,54
TrSC58v2_2305.t1,5,3,4,21,8,52
TrSC58v2_2306.t1.e1,4,3,0,23,5,7
TrSC58v2_2306.t1,0,0,0,2,4,6
TrSC58v2_2307.t1.e1,4,0,9,5,7,9
TrSC58v2_2307.t1,0,0,1,2,6,7
TrSC58v2_2313.t1.e1,5,4,3,19,5,12
TrSC58v2_2313.t1,1,0,1,2,1,10
TrSC58v2_2314.t1.e1,7,9,7,24,9,67
TrSC58v2_2314.t1,4,7,5,18,7,3
TrSC58v2_2315.t1.e1,3,8,5,10,4,26
TrSC58v2_2315.t1,1,0,4,1,0,24
TrSC58v2_2316.t1.e1,4,3,7,12,10,22
TrSC58v2_2316.t1,0,0,6,11,9,21
TrSC58v2_2317.t1.e1,1,0,6,5,3,19
TrSC58v2_2317.t1,1,0,5,4,3,17
TrSC58v2_2319.t1.e1,4,4,0,9,4,13
TrSC58v2_2319.t1,0,0,0,2,1,12
TrSC58v2_2323.t1.e1,3,0,3,5,2,12
TrSC58v2_2323.t1,2,0,1,4,2,11
TrSC58v2_2326.t1.e1,4,13,4,16,11,68
TrSC58v2_2326.t1,0,9,0,12,0,55
TrSC58v2_2328.t1.e1,26,4,32,26,30,121
TrSC58v2_2328.t1,1,3,31,23,26,8
TrSC58v2_2332.t1.e1,10,4,8,8,8,16
TrSC58v2_2332.t1,7,0,7,6,0,13
TrSC58v2_2333.t1.e1,3,0,2,3,3,19
TrSC58v2_2333.t1,0,0,1,0,1,20
TrSC58v2_2334.t1.e1,6,11,8,30,11,14
TrSC58v2_2334.t1,0,0,6,1,2,42
TrSC58v2_2335.t1.e1,102,92,152,231,163,591
TrSC58v2_2335.t1,3,84,140,184,131,456
TrSC58v2_2336.t1.e1,46,73,124,189,142,426
TrSC58v2_2336.t1,37,65,116,161,113,377
MSTRG.2277.1,62,103,186,267,201,595
MSTRG.2278.1,3,10,9,14,10,31
TrSC58v2_2345.t1.e1,16,6,9,28,20,30
TrSC58v2_2345.t1,0,0,8,26,0,24
TrSC58v2_2346.t1.e1,2,0,1,1,0,4
TrSC58v2_2346.t1,1,0,1,1,0,3
TrSC58v2_2348.t1.e1,3,1,0,4,7,2
TrSC58v2_2348.t1,0,1,0,0,0,1
TrSC58v2_2349.t1.e1,4,3,17,11,14,54
TrSC58v2_2349.t1,0,1,1,9,12,43
TrSC58v2_2351.t1.e1,11,3,15,18,13,62
TrSC58v2_2351.t1,10,0,15,17,9,55
TrSC58v2_2355.t1.e1,6,8,23,12,17,55
TrSC58v2_2355.t1,5,2,1,10,15,1
TrSC58v2_2358.t1.e1,9,3,10,15,17,37
TrSC58v2_2358.t1,6,0,7,13,15,30
TrSC58v2_2359.t1.e1,4,0,2,18,0,10
TrSC58v2_2359.t1,0,0,1,2,0,8
TrSC58v2_2360.t1,1,0,0,1,1,1
TrSC58v2_2360.t1.e1,1,0,2,3,1,3
TrSC58v2_2361.t1.e1,2,0,9,3,9,14
TrSC58v2_2361.t1,1,0,1,1,8,13
TrSC58v2_2362.t1.e1,10,7,62,78,74,197
TrSC58v2_2362.t1,8,1,8,10,0,0
TrSC58v2_2363.t1.e1,2,0,3,6,4,18
TrSC58v2_2363.t1,1,0,1,2,3,15
TrSC58v2_2365.t1.e1,8,6,18,22,14,59
TrSC58v2_2365.t1,6,5,12,17,12,55
TrSC58v2_2366.t1.e1,11,7,13,16,0,31
TrSC58v2_2366.t1,0,0,11,0,0,27
TrSC58v2_2367.t1.e1,12,3,16,0,4,16
TrSC58v2_2367.t1,0,2,1,0,0,15
TrSC58v2_2368.t1.e1,8,0,7,5,4,11
TrSC58v2_2368.t1,0,0,3,1,0,10
TrSC58v2_2369.t1.e1,12,1,7,8,12,16
TrSC58v2_2369.t1,0,1,6,7,10,13
TrSC58v2_2370.t1.e1,4,19,13,11,7,39
TrSC58v2_2370.t1,0,0,1,0,6,1
TrSC58v2_2371.t1.e1,12,6,8,9,21,12
TrSC58v2_2371.t1,0,1,7,8,3,10
TrSC58v2_3057.t1,0,6,20,39,28,10
TrSC58v2_3057.t1.e1,4,9,23,80,31,148
TrSC58v2_3060.t1,0,1,3,2,3,15
TrSC58v2_3060.t1.e1,9,1,13,8,6,17
TrSC58v2_3058.t1,0,0,0,5,2,12
TrSC58v2_3058.t1.e1,5,0,7,7,3,15
TrSC58v2_3059.t1,4,5,23,24,21,59
TrSC58v2_3059.t1.e1,5,6,25,26,21,62
TrSC58v2_3062.t1,0,0,0,0,2,19
TrSC58v2_3062.t1.e1,4,0,0,4,3,22
TrSC58v2_3064.t1,0,0,0,0,0,0
TrSC58v2_3064.t1.e1,1,0,1,1,0,2
TrSC58v2_3065.t1.e1,2,1,2,3,4,14
TrSC58v2_3065.t1,1,1,1,3,1,12
TrSC58v2_3067.t1.e1,9,0,10,11,4,8
TrSC58v2_3067.t1,0,0,0,0,0,7
TrSC58v2_3066.t1.e1,13,39,40,65,62,119
TrSC58v2_3066.t1,9,33,42,60,53,124
TrSC58v2_3068.t1.e1,19,19,6,24,17,58
TrSC58v2_3068.t1,0,3,5,19,14,49
TrSC58v2_3070.t1.e1,9,23,52,77,38,212
TrSC58v2_3070.t1,2,21,48,72,35,186
TrSC58v2_3072.t1.e1,1,0,0,2,0,2
TrSC58v2_3072.t1,1,0,0,0,0,0
TrSC58v2_3073.t1.e1,1,0,0,0,0,0
TrSC58v2_3073.t1,0,0,0,0,0,0
TrSC58v2_3069.t1.e1,21,9,39,85,44,204
TrSC58v2_3069.t1,19,7,30,84,34,182
TrSC58v2_2418.t1,0,0,0,0,1,0
TrSC58v2_2418.t1.e1,0,0,0,0,3,0
TrSC58v2_2419.t1,0,0,0,1,4,20
TrSC58v2_2419.t1.e1,0,0,4,15,4,21
TrSC58v2_2420.t1,0,1,3,6,0,24
TrSC58v2_2420.t1.e1,0,4,4,7,12,27
TrSC58v2_2427.t1,0,5,1,5,2,12
TrSC58v2_2427.t1.e1,0,7,18,6,9,14
TrSC58v2_2430.t1,0,0,6,1,2,21
TrSC58v2_2430.t1.e1,0,5,6,1,6,26
TrSC58v2_2435.t1,0,4,6,12,16,81
TrSC58v2_2435.t1.e1,0,6,9,13,19,96
TrSC58v2_2436.t1,0,0,2,1,0,17
TrSC58v2_2436.t1.e1,0,3,10,10,5,19
TrSC58v2_2452.t1,0,0,1,3,1,15
TrSC58v2_2452.t1.e1,0,3,1,4,4,17
TrSC58v2_2460.t1,0,3,4,10,0,21
TrSC58v2_2460.t1.e1,0,3,5,11,4,24
TrSC58v2_2464.t1,0,6,5,10,6,33
TrSC58v2_2464.t1.e1,0,7,5,11,8,36
TrSC58v2_2466.t1,0,0,0,5,0,2
TrSC58v2_2466.t1.e1,0,0,0,6,0,22
TrSC58v2_2467.t1,0,0,1,0,2,1
TrSC58v2_2467.t1.e1,0,4,1,0,11,6
TrSC58v2_2468.t1,0,0,4,4,7,33
TrSC58v2_2468.t1.e1,0,4,9,37,8,36
TrSC58v2_2470.t1.e1,0,0,0,0,0,0
TrSC58v2_2470.t1,0,0,0,0,0,0
TrSC58v2_2471.t1.e1,0,0,0,0,0,0
TrSC58v2_2471.t1,0,0,0,0,0,0
TrSC58v2_2472.t1.e1,0,0,0,1,0,1
TrSC58v2_2472.t1,0,0,0,1,0,2
TrSC58v2_2473.t1.e1,0,0,0,1,0,1
TrSC58v2_2473.t1,0,0,0,1,0,2
MSTRG.2411.1,0,2,10,32,8,44
TrSC58v2_2487.t1,0,4,6,6,0,5
TrSC58v2_2487.t1.e1,0,6,8,7,11,48
TrSC58v2_2497.t1,0,0,0,4,0,9
TrSC58v2_2497.t1.e1,0,4,8,4,0,11
TrSC58v2_2499.t1,0,1,4,2,0,20
TrSC58v2_2499.t1.e1,0,4,4,17,8,23
TrSC58v2_2508.t1,0,0,0,8,0,13
TrSC58v2_2508.t1.e1,0,0,16,9,4,19
TrSC58v2_2511.t1,0,3,7,1,13,20
TrSC58v2_2511.t1.e1,0,4,8,26,14,52
MSTRG.2446.1,0,0,0,0,128,67
TrSC58v2_2517.t1,0,0,1,14,2,22
TrSC58v2_2517.t1.e1,0,12,4,16,5,24
MSTRG.2458.2,0,24,54,108,66,247
TrSC58v2_2527.t1,0,0,0,0,1,9
TrSC58v2_2527.t1.e1,0,0,0,0,6,10
TrSC58v2_2529.t1,0,1,1,0,0,0
TrSC58v2_2529.t1.e1,0,1,3,5,0,0
TrSC58v2_2533.t1,0,2,0,10,7,31
TrSC58v2_2533.t1.e1,0,3,0,17,8,33
TrSC58v2_2535.t1,0,1,4,1,3,1
TrSC58v2_2535.t1.e1,0,4,4,3,3,27
TrSC58v2_2542.t1,0,0,1,2,0,1
TrSC58v2_2542.t1.e1,0,0,2,7,0,3
TrSC58v2_2544.t1,0,0,0,7,0,26
TrSC58v2_2544.t1.e1,0,4,14,9,4,32
TrSC58v2_2545.t1,0,0,0,8,5,8
TrSC58v2_2545.t1.e1,0,0,0,10,6,13
MSTRG.2477.1,0,0,0,17,0,19
TrSC58v2_2547.t1,0,0,0,0,4,18
TrSC58v2_2547.t1.e1,0,0,0,0,5,20
TrSC58v2_2549.t1,0,0,1,0,0,24
TrSC58v2_2549.t1.e1,0,7,16,28,3,27
TrSC58v2_2553.t1,0,0,1,1,5,28
TrSC58v2_2553.t1.e1,0,0,7,14,6,30
TrSC58v2_2557.t1,0,5,8,19,8,36
TrSC58v2_2557.t1.e1,0,6,10,21,10,38
TrSC58v2_2563.t1,0,0,0,2,4,6
TrSC58v2_2563.t1.e1,0,4,9,3,4,7
TrSC58v2_2570.t1,0,0,1,2,3,17
TrSC58v2_2570.t1.e1,0,0,7,6,3,19
TrSC58v2_2573.t1,0,0,1,3,0,10
TrSC58v2_2573.t1.e1,0,3,1,25,0,11
TrSC58v2_2575.t1,0,1,1,4,0,0
TrSC58v2_2575.t1.e1,0,11,4,4,0,4
TrSC58v2_2576.t1,0,0,1,3,0,13
TrSC58v2_2576.t1.e1,0,0,6,4,0,14
TrSC58v2_2584.t1,0,0,0,7,5,23
TrSC58v2_2584.t1.e1,0,0,0,9,6,26
TrSC58v2_2585.t1,0,3,0,5,0,16
TrSC58v2_2585.t1.e1,0,6,8,5,8,17
MSTRG.2518.1,0,8,8,22,10,82
TrSC58v2_2588.t1,0,0,3,2,0,6
TrSC58v2_2588.t1.e1,0,0,3,15,4,26
TrSC58v2_2591.t1,0,1,0,6,1,14
TrSC58v2_2591.t1.e1,0,1,10,7,11,15
TrSC58v2_2592.t1,0,0,5,0,5,2
TrSC58v2_2592.t1.e1,0,0,5,14,7,24
TrSC58v2_2594.t1,0,6,0,2,2,37
TrSC58v2_2594.t1.e1,0,7,4,18,22,42
TrSC58v2_2595.t1,0,1,0,0,5,3
TrSC58v2_2595.t1.e1,0,1,12,4,6,29
TrSC58v2_2596.t1,0,4,4,12,11,42
TrSC58v2_2596.t1.e1,0,5,6,16,13,50
TrSC58v2_2597.t1,0,0,5,1,2,33
TrSC58v2_2597.t1.e1,0,0,5,15,11,37
TrSC58v2_2601.t1,0,1,1,0,1,11
TrSC58v2_2601.t1.e1,0,2,3,0,2,12
MSTRG.2539.1,0,5,0,6,14,65
TrSC58v2_2615.t1,0,0,1,1,0,7
TrSC58v2_2615.t1.e1,0,7,6,1,0,8
TrSC58v2_2618.t1,0,0,22,10,1,51
TrSC58v2_2618.t1.e1,0,6,26,11,18,61
TrSC58v2_2619.t1,0,0,0,1,0,1
TrSC58v2_2619.t1.e1,0,8,0,1,0,3
TrSC58v2_2621.t1,0,0,0,0,0,8
TrSC58v2_2621.t1.e1,0,0,0,0,0,8
TrSC58v2_2622.t1,0,5,12,23,12,50
TrSC58v2_2622.t1.e1,0,7,15,33,13,71
TrSC58v2_2623.t1,0,1,0,0,0,1
TrSC58v2_2623.t1.e1,0,7,0,8,0,29
TrSC58v2_2631.t1,0,0,6,0,3,19
TrSC58v2_2631.t1.e1,0,0,7,18,4,21
TrSC58v2_2633.t1,0,5,6,3,4,24
TrSC58v2_2633.t1.e1,0,7,7,4,5,28
TrSC58v2_2641.t1,0,1,11,12,0,33
TrSC58v2_2641.t1.e1,0,2,13,18,7,44
TrSC58v2_2642.t1,0,0,1,1,1,1
TrSC58v2_2642.t1.e1,0,0,2,2,3,11
TrSC58v2_2643.t1,0,0,14,7,5,39
TrSC58v2_2643.t1.e1,0,3,16,8,6,44
TrSC58v2_2645.t1,0,0,0,0,1,3
TrSC58v2_2645.t1.e1,0,0,4,2,6,15
TrSC58v2_2646.t1,0,0,5,9,1,12
TrSC58v2_2646.t1.e1,0,0,7,10,1,14
TrSC58v2_2647.t1,0,0,2,5,0,3
TrSC58v2_2647.t1.e1,0,5,2,6,4,39
TrSC58v2_2651.t1,0,0,0,4,1,19
TrSC58v2_2651.t1.e1,0,3,0,6,3,21
TrSC58v2_2655.t1,0,0,8,9,6,54
TrSC58v2_2655.t1.e1,0,0,10,9,7,2
TrSC58v2_2663.t1,0,0,0,2,3,15
TrSC58v2_2663.t1.e1,0,5,0,10,3,17
TrSC58v2_2668.t1,0,1,0,1,1,9
TrSC58v2_2668.t1.e1,0,1,5,2,2,11
TrSC58v2_2670.t1,0,0,5,0,0,10
TrSC58v2_2670.t1.e1,0,10,7,4,7,12
TrSC58v2_2676.t1,0,9,1,25,17,47
TrSC58v2_2676.t1.e1,0,12,2,27,21,54
TrSC58v2_2679.t1,0,0,0,0,0,2
TrSC58v2_2679.t1.e1,0,0,0,0,0,6
TrSC58v2_2686.t1,0,7,8,3,0,6
TrSC58v2_2686.t1.e1,0,10,9,25,0,7
MSTRG.2627.2,0,0,0,12,0,37
TrSC58v2_2691.t1,0,0,0,0,1,2
TrSC58v2_2691.t1.e1,0,3,0,4,9,31
TrSC58v2_2696.t1,0,0,0,0,3,3
TrSC58v2_2696.t1.e1,0,0,0,0,4,4
TrSC58v2_2697.t1,0,0,4,3,0,22
TrSC58v2_2697.t1.e1,0,4,6,4,4,28
TrSC58v2_2703.t1,0,0,0,0,6,20
TrSC58v2_2703.t1.e1,0,0,4,4,7,22
TrSC58v2_2705.t1,0,0,0,0,0,9
TrSC58v2_2705.t1.e1,0,5,0,0,3,11
MSTRG.2641.1,0,10,19,6,3,74
TrSC58v2_2710.t1,0,1,0,8,1,0
TrSC58v2_2710.t1.e1,0,4,0,9,19,31
TrSC58v2_2713.t1,0,0,1,0,0,1
TrSC58v2_2713.t1.e1,0,1,1,0,0,1
TrSC58v2_2714.t1,0,0,1,0,0,1
TrSC58v2_2714.t1.e1,0,1,1,0,0,1
TrSC58v2_2715.t1,0,0,1,0,0,1
TrSC58v2_2715.t1.e1,0,1,1,0,0,1
TrSC58v2_2716.t1,0,0,1,0,0,1
TrSC58v2_2716.t1.e1,0,1,1,0,0,1
TrSC58v2_2717.t1,0,0,1,0,0,4
TrSC58v2_2717.t1.e1,0,1,1,0,0,4
TrSC58v2_2719.t1,0,0,0,1,1,0
TrSC58v2_2719.t1.e1,0,0,9,4,3,28
TrSC58v2_2417.t1,0,0,11,8,0,31
TrSC58v2_2417.t1.e1,9,0,13,10,18,38
TrSC58v2_2421.t1,5,5,1,1,10,46
TrSC58v2_2421.t1.e1,6,6,13,23,11,38
TrSC58v2_2422.t1,4,5,9,15,9,34
TrSC58v2_2422.t1.e1,4,6,11,17,11,40
TrSC58v2_2423.t1,4,7,1,9,12,40
TrSC58v2_2423.t1.e1,6,10,15,11,14,34
TrSC58v2_2424.t1,4,5,9,15,9,34
TrSC58v2_2424.t1.e1,5,5,11,16,11,39
TrSC58v2_2425.t1,2,6,5,6,7,20
TrSC58v2_2425.t1.e1,2,7,7,8,8,24
TrSC58v2_2426.t1,4,4,9,15,9,34
TrSC58v2_2426.t1.e1,5,5,10,16,11,38
TrSC58v2_2428.t1,0,8,0,2,1,32
TrSC58v2_2428.t1.e1,7,9,11,43,25,38
TrSC58v2_2429.t1,0,0,1,13,0,18
TrSC58v2_2429.t1.e1,8,3,9,15,10,21
TrSC58v2_2431.t1,2,2,1,4,2,23
TrSC58v2_2431.t1.e1,3,3,21,23,20,28
TrSC58v2_2432.t1,4,15,26,28,37,69
TrSC58v2_2432.t1.e1,5,16,29,32,36,80
TrSC58v2_2433.t1,5,3,3,6,0,24
TrSC58v2_2433.t1.e1,6,4,5,7,7,28
TrSC58v2_2434.t1,0,0,0,0,1,2
TrSC58v2_2434.t1.e1,3,0,7,0,2,28
TrSC58v2_2437.t1,0,0,0,0,0,4
TrSC58v2_2437.t1.e1,3,0,0,0,7,17
TrSC58v2_2438.t1,4,0,7,5,21,32
TrSC58v2_2438.t1.e1,4,0,9,5,23,38
TrSC58v2_2439.t1,7,1,7,6,0,11
TrSC58v2_2439.t1.e1,8,3,7,7,17,12
TrSC58v2_2440.t1,0,3,14,9,2,28
TrSC58v2_2440.t1.e1,4,4,20,14,17,30
TrSC58v2_2441.t1,0,0,1,2,2,7
TrSC58v2_2441.t1.e1,9,0,3,3,2,8
TrSC58v2_2442.t1,4,4,4,6,3,21
TrSC58v2_2442.t1.e1,5,6,5,10,4,26
TrSC58v2_2443.t1,1,2,3,5,3,12
TrSC58v2_2443.t1.e1,1,2,4,10,4,15
MSTRG.2376.1,3,4,20,34,17,64
TrSC58v2_2444.t1,1,1,3,9,3,15
TrSC58v2_2444.t1.e1,1,3,4,6,4,12
TrSC58v2_2445.t1,1,1,1,2,1,3
TrSC58v2_2445.t1.e1,1,2,1,2,1,2
TrSC58v2_2446.t1,0,0,5,15,13,38
TrSC58v2_2446.t1.e1,3,3,5,16,14,42
TrSC58v2_2447.t1,0,0,2,1,1,11
TrSC58v2_2447.t1.e1,4,4,6,1,2,12
TrSC58v2_2448.t1,0,0,8,11,21,35
TrSC58v2_2448.t1.e1,5,3,12,12,4,39
TrSC58v2_2449.t1,1,3,2,9,1,1
TrSC58v2_2449.t1.e1,14,4,7,11,7,22
TrSC58v2_2450.t1,3,0,1,5,0,18
TrSC58v2_2450.t1.e1,11,0,1,5,0,20
TrSC58v2_2451.t1,1,1,2,4,9,30
TrSC58v2_2451.t1.e1,2,2,11,5,11,33
TrSC58v2_2453.t1,7,0,8,9,11,11
TrSC58v2_2453.t1.e1,8,8,10,11,12,15
TrSC58v2_2454.t1,5,1,0,0,3,15
TrSC58v2_2454.t1.e1,6,1,4,19,5,21
TrSC58v2_2455.t1,0,0,6,3,3,20
TrSC58v2_2455.t1.e1,3,0,6,17,17,23
TrSC58v2_2456.t1,2,0,0,3,0,7
TrSC58v2_2456.t1.e1,3,0,6,17,15,9
TrSC58v2_2457.t1,3,0,4,17,0,49
TrSC58v2_2457.t1.e1,4,4,5,21,17,52
TrSC58v2_2458.t1,2,4,1,25,24,73
TrSC58v2_2458.t1.e1,19,5,56,27,30,80
TrSC58v2_2459.t1,0,0,10,4,3,26
TrSC58v2_2459.t1.e1,4,8,14,5,4,33
TrSC58v2_2461.t1,0,1,1,0,0,8
TrSC58v2_2461.t1.e1,3,3,1,0,0,9
TrSC58v2_2462.t1,7,6,9,14,12,34
TrSC58v2_2462.t1.e1,7,6,10,1,13,39
TrSC58v2_2463.t1,0,0,0,4,2,11
TrSC58v2_2463.t1.e1,4,0,4,6,14,12
TrSC58v2_2465.t1,2,0,0,0,4,13
TrSC58v2_2465.t1.e1,7,4,4,12,4,21
TrSC58v2_2469.t1.e1,8,8,18,18,7,46
TrSC58v2_2469.t1,6,7,13,15,5,39
TrSC58v2_2474.t1.e1,1,1,3,3,5,10
TrSC58v2_2474.t1,1,1,0,2,0,7
TrSC58v2_2475.t1.e1,1,1,3,4,5,10
TrSC58v2_2475.t1,1,1,0,0,0,7
TrSC58v2_2476.t1.e1,1,1,3,3,5,10
TrSC58v2_2476.t1,1,1,0,2,0,7
TrSC58v2_2477.t1.e1,1,1,3,3,5,10
TrSC58v2_2477.t1,1,1,0,2,0,7
TrSC58v2_2478.t1.e1,1,1,3,3,5,10
TrSC58v2_2478.t1,1,1,0,2,0,7
TrSC58v2_2479.t1.e1,1,1,3,4,5,10
TrSC58v2_2479.t1,1,1,0,0,0,7
TrSC58v2_2480.t1.e1,1,1,2,3,2,8
TrSC58v2_2480.t1,1,1,1,3,2,5
TrSC58v2_2481.t1.e1,23,26,70,81,56,30
TrSC58v2_2481.t1,13,20,55,53,35,421
TrSC58v2_2482.t1.e1,5,0,11,14,2,21
TrSC58v2_2482.t1,0,0,10,12,2,19
TrSC58v2_2483.t1.e1,29,23,61,77,49,238
TrSC58v2_2483.t1,20,17,50,68,42,206
TrSC58v2_2484.t1.e1,4,14,5,9,4,77
TrSC58v2_2484.t1,3,1,4,8,3,3
TrSC58v2_2485.t1.e1,11,8,41,24,9,108
TrSC58v2_2485.t1,0,2,0,20,6,2
TrSC58v2_2486.t1.e1,7,4,4,3,11,69
TrSC58v2_2486.t1,0,0,0,2,2,8
TrSC58v2_2488.t1.e1,13,4,15,19,15,50
TrSC58v2_2488.t1,9,0,15,15,12,42
TrSC58v2_2489.t1.e1,4,7,0,5,8,12
TrSC58v2_2489.t1,1,1,0,4,2,10
TrSC58v2_2490.t1.e1,9,8,12,21,19,37
TrSC58v2_2490.t1,6,5,11,18,0,32
TrSC58v2_2491.t1.e1,7,7,18,39,29,111
TrSC58v2_2491.t1,5,5,17,32,19,27
TrSC58v2_2492.t1.e1,4,0,11,8,2,37
TrSC58v2_2492.t1,0,0,9,0,0,0
TrSC58v2_2493.t1.e1,4,4,14,24,15,59
TrSC58v2_2493.t1,3,1,12,21,7,55
TrSC58v2_2494.t1.e1,3,0,4,11,3,29
TrSC58v2_2494.t1,0,0,1,2,3,27
TrSC58v2_2495.t1.e1,5,7,25,51,19,42
TrSC58v2_2495.t1,5,0,23,3,15,39
TrSC58v2_2496.t1.e1,12,12,3,16,6,59
TrSC58v2_2496.t1,9,0,0,13,5,4
TrSC58v2_2498.t1.e1,8,4,12,33,5,36
TrSC58v2_2498.t1,6,0,10,0,0,32
TrSC58v2_2500.t1.e1,2,6,11,18,6,82
TrSC58v2_2500.t1,2,5,10,14,5,3
TrSC58v2_2501.t1.e1,9,7,16,12,11,66
TrSC58v2_2501.t1,8,6,13,9,8,57
TrSC58v2_2502.t1.e1,4,5,14,34,14,81
TrSC58v2_2502.t1,4,5,14,31,13,76
TrSC58v2_2503.t1.e1,9,10,9,6,15,50
TrSC58v2_2503.t1,0,1,0,5,0,0
TrSC58v2_2504.t1.e1,2,4,9,18,15,57
TrSC58v2_2504.t1,1,1,8,16,13,51
TrSC58v2_2505.t1.e1,6,15,15,23,23,100
TrSC58v2_2505.t1,1,13,14,19,18,86
TrSC58v2_2506.t1.e1,4,6,12,12,10,60
TrSC58v2_2506.t1,0,4,11,9,9,55
TrSC58v2_2507.t1.e1,8,13,44,106,43,198
TrSC58v2_2507.t1,7,12,41,85,39,168
TrSC58v2_2509.t1.e1,5,15,17,15,26,80
TrSC58v2_2509.t1,1,14,2,14,23,75
TrSC58v2_2510.t1.e1,19,15,13,8,12,13
TrSC58v2_2510.t1,2,1,1,8,1,12
TrSC58v2_2512.t1.e1,8,8,0,19,8,60
TrSC58v2_2512.t1,5,6,0,17,5,51
TrSC58v2_2513.t1.e1,5,16,18,20,16,65
TrSC58v2_2513.t1,4,1,3,1,5,58
MSTRG.2445.1,122,107,266,425,259,1266
TrSC58v2_2514.t1.e1,66,74,202,276,61,281
TrSC58v2_2514.t1,1,1,2,11,1,1
MSTRG.2446.2,4,0,0,23,0,483
MSTRG.2443.1,15,15,12,28,35,101
MSTRG.2444.1,7,25,4,20,12,51
TrSC58v2_2515.t1.e1,8,30,43,99,46,209
TrSC58v2_2515.t1,7,29,39,87,39,163
TrSC58v2_2516.t1.e1,7,0,16,21,16,52
TrSC58v2_2516.t1,7,0,5,19,2,49
TrSC58v2_2518.t1.e1,6,15,13,33,14,69
TrSC58v2_2518.t1,5,0,10,27,11,55
TrSC58v2_2519.t1.e1,7,16,26,59,13,118
TrSC58v2_2519.t1,6,13,25,40,11,101
TrSC58v2_2520.t1.e1,7,7,18,26,10,57
TrSC58v2_2520.t1,1,1,15,4,8,44
TrSC58v2_2521.t1.e1,8,9,9,9,11,36
TrSC58v2_2521.t1,2,8,7,8,9,32
TrSC58v2_2522.t1,1,0,1,1,0,14
TrSC58v2_2522.t1.e1,1,3,1,1,2,16
TrSC58v2_2523.t1.e1,2,7,6,7,3,17
TrSC58v2_2523.t1,0,0,2,5,2,11
TrSC58v2_2524.t1.e1,2,7,10,9,3,20
TrSC58v2_2524.t1,0,0,0,6,2,15
TrSC58v2_2525.t1.e1,3,3,5,8,5,17
TrSC58v2_2525.t1,2,0,3,7,4,13
TrSC58v2_2526.t1.e1,6,13,7,8,3,18
TrSC58v2_2526.t1,3,0,6,5,3,10
TrSC58v2_2528.t1.e1,3,9,8,10,5,32
TrSC58v2_2528.t1,3,7,6,8,4,27
TrSC58v2_2530.t1.e1,5,9,9,34,20,60
TrSC58v2_2530.t1,4,6,7,2,1,7
TrSC58v2_2531.t1.e1,4,9,9,28,10,59
TrSC58v2_2531.t1,0,6,7,3,2,2
TrSC58v2_2532.t1.e1,7,7,14,49,15,48
TrSC58v2_2532.t1,5,5,12,2,12,26
TrSC58v2_2534.t1.e1,1,2,5,16,10,22
TrSC58v2_2534.t1,1,1,4,2,3,20
TrSC58v2_2536.t1.e1,9,18,36,103,90,187
TrSC58v2_2536.t1,2,16,30,83,87,178
TrSC58v2_2537.t1.e1,4,4,8,4,12,8
TrSC58v2_2537.t1,3,0,5,8,9,50
TrSC58v2_2538.t1.e1,8,20,30,5,32,15
TrSC58v2_2538.t1,0,1,3,1,3,3
TrSC58v2_2539.t1.e1,1,16,11,13,4,43
TrSC58v2_2539.t1,1,0,10,11,2,37
TrSC58v2_2540.t1.e1,4,7,10,35,13,110
TrSC58v2_2540.t1,0,5,7,28,11,2
TrSC58v2_2541.t1.e1,7,8,28,38,20,78
TrSC58v2_2541.t1,6,6,24,36,18,76
TrSC58v2_2543.t1.e1,8,2,25,16,46,41
TrSC58v2_2543.t1,5,1,22,13,2,35
TrSC58v2_2546.t1.e1,21,40,63,93,101,185
TrSC58v2_2546.t1,16,36,36,88,3,150
TrSC58v2_2548.t1.e1,7,10,4,3,4,21
TrSC58v2_2548.t1,1,0,0,1,0,19
TrSC58v2_2550.t1,5,2,0,13,14,54
TrSC58v2_2550.t1.e1,6,21,20,16,17,63
TrSC58v2_2551.t1,0,2,2,44,4,135
TrSC58v2_2551.t1.e1,30,49,70,48,51,149
TrSC58v2_2552.t1,3,0,0,9,0,22
TrSC58v2_2552.t1.e1,5,0,3,10,0,25
TrSC58v2_2554.t1,0,0,18,38,29,71
TrSC58v2_2554.t1.e1,8,24,26,42,34,117
TrSC58v2_2555.t1,0,0,3,25,4,7
TrSC58v2_2555.t1.e1,3,0,5,28,5,11
TrSC58v2_2556.t1,0,9,10,19,12,41
TrSC58v2_2556.t1.e1,7,10,11,23,14,50
TrSC58v2_2558.t1,0,0,0,2,0,8
TrSC58v2_2558.t1.e1,3,0,0,5,0,8
TrSC58v2_2559.t1,4,1,1,6,25,29
TrSC58v2_2559.t1.e1,5,2,3,8,29,34
TrSC58v2_2560.t1,0,1,1,10,0,26
TrSC58v2_2560.t1.e1,3,1,2,13,0,27
TrSC58v2_2561.t1,1,0,7,11,9,26
TrSC58v2_2561.t1.e1,1,4,8,13,10,28
TrSC58v2_2562.t1,4,0,5,22,10,47
TrSC58v2_2562.t1.e1,5,5,6,26,13,54
TrSC58v2_2564.t1,3,9,2,35,17,59
TrSC58v2_2564.t1.e1,3,10,31,43,18,61
TrSC58v2_2565.t1,5,7,10,27,15,116
TrSC58v2_2565.t1.e1,6,8,11,28,19,118
TrSC58v2_2566.t1,0,1,6,3,3,2
TrSC58v2_2566.t1.e1,4,3,7,32,3,41
TrSC58v2_2567.t1,8,0,0,19,12,48
TrSC58v2_2567.t1.e1,11,15,4,53,14,54
TrSC58v2_2568.t1,1,0,8,9,0,19
TrSC58v2_2568.t1.e1,4,8,9,11,15,22
TrSC58v2_2569.t1,0,0,0,1,0,0
TrSC58v2_2569.t1.e1,6,0,3,7,4,25
TrSC58v2_2571.t1,4,0,1,3,2,31
TrSC58v2_2571.t1.e1,4,4,6,26,10,36
TrSC58v2_2572.t1,20,18,27,34,15,104
TrSC58v2_2572.t1.e1,24,22,29,42,17,118
MSTRG.2504.1,20,16,26,71,96,122
TrSC58v2_2574.t1,8,10,11,4,4,82
TrSC58v2_2574.t1.e1,11,14,15,93,59,91
TrSC58v2_2577.t1,2,1,10,6,1,50
TrSC58v2_2577.t1.e1,10,1,11,17,12,55
TrSC58v2_2578.t1,5,0,0,11,0,9
TrSC58v2_2578.t1.e1,6,0,0,12,0,10
TrSC58v2_2579.t1,0,0,0,9,1,4
TrSC58v2_2579.t1.e1,4,0,0,10,3,22
TrSC58v2_2580.t1,1,0,6,1,7,31
TrSC58v2_2580.t1.e1,1,4,7,7,8,32
TrSC58v2_2581.t1,2,0,0,0,5,8
TrSC58v2_2581.t1.e1,3,4,3,16,6,10
TrSC58v2_2582.t1,8,7,0,18,16,53
TrSC58v2_2582.t1.e1,9,9,9,21,21,66
TrSC58v2_2583.t1,5,0,16,13,12,21
TrSC58v2_2583.t1.e1,6,4,18,14,15,29
TrSC58v2_2586.t1,0,2,11,12,7,24
TrSC58v2_2586.t1.e1,5,3,14,14,10,30
TrSC58v2_2587.t1,4,3,14,9,16,53
TrSC58v2_2587.t1.e1,6,4,15,10,18,57
TrSC58v2_2589.t1,4,8,2,5,14,42
TrSC58v2_2589.t1.e1,6,10,6,6,17,48
TrSC58v2_2590.t1,0,0,0,0,0,19
TrSC58v2_2590.t1.e1,3,0,3,3,3,25
TrSC58v2_2593.t1,3,10,21,53,11,64
TrSC58v2_2593.t1.e1,4,13,23,61,74,74
TrSC58v2_2598.t1.e1,6,6,2,15,9,26
TrSC58v2_2598.t1,1,5,2,14,8,23
TrSC58v2_2599.t1.e1,3,2,5,13,0,9
TrSC58v2_2599.t1,1,1,4,1,0,7
TrSC58v2_2600.t1.e1,10,16,33,37,18,133
TrSC58v2_2600.t1,10,14,28,37,17,124
TrSC58v2_2602.t1.e1,4,4,6,12,9,104
TrSC58v2_2602.t1,3,0,5,10,8,0
TrSC58v2_2603.t1.e1,20,36,75,118,53,327
TrSC58v2_2603.t1,18,33,65,97,51,286
TrSC58v2_2604.t1.e1,4,1,3,9,1,8
TrSC58v2_2604.t1,0,1,0,1,1,4
TrSC58v2_2605.t1.e1,4,1,4,11,2,21
TrSC58v2_2605.t1,0,0,3,10,0,1
TrSC58v2_2606.t1.e1,4,1,6,8,3,12
TrSC58v2_2606.t1,4,2,2,9,2,13
TrSC58v2_2607.t1.e1,17,7,6,12,2,5
TrSC58v2_2607.t1,0,9,0,20,2,4
TrSC58v2_2608.t1.e1,8,2,20,17,26,140
TrSC58v2_2608.t1,7,1,13,10,21,1
TrSC58v2_2609.t1.e1,11,3,23,44,16,64
TrSC58v2_2609.t1,9,2,21,36,14,57
MSTRG.2542.1,4,4,4,18,0,56
TrSC58v2_2610.t1.e1,16,4,4,9,8,29
TrSC58v2_2610.t1,0,0,0,8,8,25
TrSC58v2_2611.t1.e1,20,17,17,55,17,94
TrSC58v2_2611.t1,16,14,13,52,14,81
TrSC58v2_2612.t1.e1,35,21,28,97,30,180
TrSC58v2_2612.t1,30,18,25,84,25,150
TrSC58v2_2613.t1.e1,36,21,29,100,31,186
TrSC58v2_2613.t1,30,18,25,84,25,147
TrSC58v2_2614.t1.e1,37,21,30,104,31,193
TrSC58v2_2614.t1,30,18,24,82,25,143
TrSC58v2_2616.t1.e1,4,8,5,5,3,19
TrSC58v2_2616.t1,1,1,4,4,1,18
TrSC58v2_2617.t1.e1,7,4,3,4,3,13
TrSC58v2_2617.t1,0,3,2,3,2,12
TrSC58v2_2620.t1.e1,5,5,15,36,17,71
TrSC58v2_2620.t1,4,3,12,35,17,63
TrSC58v2_2624.t1.e1,8,4,0,10,8,33
TrSC58v2_2624.t1,0,0,0,1,0,27
TrSC58v2_2625.t1.e1,3,3,8,13,12,34
TrSC58v2_2625.t1,3,0,7,12,0,31
TrSC58v2_2626.t1.e1,2,3,4,7,8,20
TrSC58v2_2626.t1,1,0,1,5,6,18
TrSC58v2_2627.t1.e1,15,14,53,67,64,161
TrSC58v2_2627.t1,11,11,47,54,43,148
TrSC58v2_2628.t1.e1,11,9,15,34,27,117
TrSC58v2_2628.t1,10,7,13,8,25,69
TrSC58v2_2629.t1.e1,11,9,33,62,35,162
TrSC58v2_2629.t1,8,8,28,51,30,147
TrSC58v2_2630.t1.e1,11,18,13,49,43,132
TrSC58v2_2630.t1,0,13,9,39,39,122
TrSC58v2_2632.t1.e1,5,7,13,28,12,53
TrSC58v2_2632.t1,4,5,11,21,9,43
TrSC58v2_2634.t1.e1,2,16,8,44,16,67
TrSC58v2_2634.t1,2,1,10,38,14,54
TrSC58v2_2635.t1.e1,4,10,10,16,12,54
TrSC58v2_2635.t1,1,1,9,14,8,42
TrSC58v2_2636.t1.e1,5,12,12,13,14,49
TrSC58v2_2636.t1,4,11,9,12,12,46
TrSC58v2_2637.t1.e1,4,3,8,27,9,42
TrSC58v2_2637.t1,0,3,7,23,7,38
TrSC58v2_2638.t1.e1,4,8,0,6,5,16
TrSC58v2_2638.t1,0,1,0,5,0,14
TrSC58v2_2639.t1.e1,4,9,9,12,10,57
TrSC58v2_2639.t1,0,6,7,10,7,3
TrSC58v2_2640.t1.e1,13,16,33,45,24,89
TrSC58v2_2640.t1,10,14,26,36,21,82
TrSC58v2_2644.t1.e1,8,10,11,19,8,49
TrSC58v2_2644.t1,0,8,10,15,0,39
TrSC58v2_2648.t1.e1,7,2,3,5,0,16
TrSC58v2_2648.t1,6,2,2,4,0,13
TrSC58v2_2649.t1.e1,5,9,10,11,13,88
TrSC58v2_2649.t1,5,0,9,9,2,3
TrSC58v2_2650.t1.e1,5,11,19,23,7,51
TrSC58v2_2650.t1,3,10,0,19,6,43
TrSC58v2_2652.t1.e1,5,5,10,15,11,29
TrSC58v2_2652.t1,0,3,0,13,8,27
TrSC58v2_2653.t1.e1,5,3,13,4,29,93
TrSC58v2_2653.t1,4,1,10,0,23,0
TrSC58v2_2654.t1.e1,5,3,7,5,7,64
TrSC58v2_2654.t1,4,1,5,4,2,4
MSTRG.2589.1,3,0,8,31,14,83
TrSC58v2_2656.t1.e1,8,4,22,18,9,52
TrSC58v2_2656.t1,1,0,0,0,0,2
TrSC58v2_2657.t1.e1,8,16,18,20,11,69
TrSC58v2_2657.t1,5,0,13,15,11,4
TrSC58v2_2658.t1.e1,10,0,3,19,3,11
TrSC58v2_2658.t1,0,0,3,1,0,10
TrSC58v2_2659.t1.e1,3,6,12,15,7,33
TrSC58v2_2659.t1,3,1,11,13,6,31
TrSC58v2_2660.t1.e1,7,11,75,44,36,89
TrSC58v2_2660.t1,6,10,0,37,31,71
TrSC58v2_2661.t1.e1,25,5,13,25,22,35
TrSC58v2_2661.t1,3,2,12,7,19,31
TrSC58v2_2662.t1.e1,2,0,0,6,1,18
TrSC58v2_2662.t1,2,0,0,5,1,15
TrSC58v2_2664.t1.e1,7,4,16,35,13,55
TrSC58v2_2664.t1,5,3,0,26,11,51
TrSC58v2_2665.t1.e1,4,0,5,10,5,36
TrSC58v2_2665.t1,0,0,4,7,3,26
TrSC58v2_2666.t1.e1,2,0,5,5,4,14
TrSC58v2_2666.t1,2,0,0,0,3,12
TrSC58v2_2667.t1.e1,3,9,22,57,28,98
TrSC58v2_2667.t1,2,7,20,52,24,86
TrSC58v2_2669.t1.e1,7,4,2,2,2,7
TrSC58v2_2669.t1,0,3,1,1,1,6
TrSC58v2_2671.t1.e1,8,4,5,6,11,140
TrSC58v2_2671.t1,0,3,4,6,8,3
TrSC58v2_2672.t1.e1,11,8,8,8,5,24
TrSC58v2_2672.t1,3,0,0,6,0,19
TrSC58v2_2673.t1.e1,13,3,15,16,10,28
TrSC58v2_2673.t1,0,0,14,0,1,24
TrSC58v2_2674.t1.e1,5,3,12,6,10,18
TrSC58v2_2674.t1,0,3,9,5,8,14
TrSC58v2_2675.t1.e1,4,4,12,16,16,29
TrSC58v2_2675.t1,0,4,11,14,13,22
TrSC58v2_2677.t1.e1,4,6,8,7,9,44
TrSC58v2_2677.t1,3,5,7,5,8,38
MSTRG.2612.1,7,15,9,51,21,67
TrSC58v2_2678.t1.e1,8,5,8,12,2,42
TrSC58v2_2678.t1,0,0,2,11,1,26
TrSC58v2_2680.t1.e1,5,9,8,23,25,56
TrSC58v2_2680.t1,5,7,1,21,20,48
MSTRG.2617.1,25,18,26,96,51,176
TrSC58v2_2681.t1.e1,4,4,18,21,11,38
TrSC58v2_2681.t1,3,3,14,18,9,26
TrSC58v2_2682.t1.e1,12,28,14,61,38,114
TrSC58v2_2682.t1,6,26,21,54,33,105
TrSC58v2_2683.t1.e1,4,30,32,32,23,57
TrSC58v2_2683.t1,3,0,1,26,19,49
TrSC58v2_2684.t1.e1,6,4,7,11,6,15
TrSC58v2_2684.t1,5,0,6,0,5,12
TrSC58v2_2685.t1.e1,28,35,44,59,29,199
TrSC58v2_2685.t1,22,20,35,46,26,156
TrSC58v2_2687.t1.e1,1,4,5,4,0,14
TrSC58v2_2687.t1,1,4,3,0,0,12
TrSC58v2_2688.t1.e1,11,9,10,20,8,56
TrSC58v2_2688.t1,9,7,9,17,5,45
TrSC58v2_2689.t1.e1,4,8,14,15,6,32
TrSC58v2_2689.t1,1,0,3,0,5,35
TrSC58v2_2690.t1.e1,6,5,34,3,37,2
TrSC58v2_2690.t1,5,4,23,68,32,125
TrSC58v2_2692.t1.e1,6,4,18,30,14,44
TrSC58v2_2692.t1,5,3,15,26,13,41
TrSC58v2_2693.t1.e1,1,3,10,8,10,9
TrSC58v2_2693.t1,1,3,8,1,9,9
TrSC58v2_2694.t1.e1,12,4,4,33,20,37
TrSC58v2_2694.t1,0,1,0,1,2,33
TrSC58v2_2695.t1.e1,3,0,7,16,6,61
TrSC58v2_2695.t1,0,0,5,14,5,3
TrSC58v2_2698.t1.e1,3,8,18,31,25,60
TrSC58v2_2698.t1,3,6,15,27,20,73
TrSC58v2_2699.t1.e1,2,9,24,32,15,39
TrSC58v2_2699.t1,2,0,1,1,13,49
TrSC58v2_2701.t1.e1,3,5,17,23,24,58
TrSC58v2_2701.t1,3,4,14,20,18,54
TrSC58v2_2702.t1.e1,7,9,19,46,18,57
TrSC58v2_2702.t1,5,6,17,37,16,40
TrSC58v2_2704.t1.e1,2,0,13,20,22,37
TrSC58v2_2704.t1,1,0,2,3,0,1
TrSC58v2_2706.t1.e1,2,0,9,15,12,18
TrSC58v2_2706.t1,1,0,8,3,2,15
TrSC58v2_2707.t1.e1,3,8,14,19,22,95
TrSC58v2_2707.t1,0,0,10,17,17,2
TrSC58v2_2708.t1.e1,18,18,28,43,18,39
TrSC58v2_2708.t1,0,0,20,2,15,36
TrSC58v2_2709.t1.e1,8,0,0,11,12,11
TrSC58v2_2709.t1,1,0,0,1,1,10
TrSC58v2_2711.t1.e1,6,3,12,0,6,18
TrSC58v2_2711.t1,1,2,2,0,2,17
TrSC58v2_2712.t1.e1,5,6,4,23,15,50
TrSC58v2_2712.t1,0,5,0,20,13,47
TrSC58v2_2718.t1.e1,2,0,1,6,10,8
TrSC58v2_2718.t1,0,0,1,1,1,7
MSTRG.2657.1,10,11,13,30,16,69
TrSC58v2_2720.t1.e1,3,10,23,21,15,74
TrSC58v2_2720.t1,2,10,27,44,17,85
MSTRG.2658.2,41,70,106,180,152,456
TrSC58v2_2721.t1.e1,23,9,22,24,28,121
TrSC58v2_2721.t1,6,13,18,29,29,129
TrSC58v2_3362.t1.e1,2,0,7,10,4,32
TrSC58v2_3362.t1,0,0,1,0,0,5
TrSC58v2_3361.t1.e1,24,27,44,86,60,189
TrSC58v2_3361.t1,17,21,38,73,53,176
TrSC58v2_3364.t1.e1,2,4,8,10,7,25
TrSC58v2_3364.t1,0,3,3,10,2,23
TrSC58v2_3363.t1.e1,6,7,12,22,19,42
TrSC58v2_3363.t1,5,5,9,21,17,37
TrSC58v2_3365.t1.e1,2,3,3,2,2,16
TrSC58v2_3365.t1,2,2,0,0,0,1
TrSC58v2_3369.t1.e1,7,12,15,37,12,38
TrSC58v2_3369.t1,6,11,14,3,11,36
TrSC58v2_3370.t1.e1,7,3,0,24,6,30
TrSC58v2_3370.t1,0,1,0,1,5,27
TrSC58v2_3371.t1.e1,12,16,12,28,17,50
TrSC58v2_3371.t1,1,1,11,23,14,41
TrSC58v2_3372.t1.e1,4,9,9,15,11,20
TrSC58v2_3372.t1,0,1,10,17,1,22
TrSC58v2_3374.t1.e1,3,7,11,21,5,24
TrSC58v2_3374.t1,1,0,8,2,4,19
TrSC58v2_3480.t1.e1,3,9,12,8,11,20
TrSC58v2_3480.t1,1,2,3,7,3,21
TrSC58v2_3485.t1.e1,18,0,3,7,10,18
TrSC58v2_3485.t1,14,0,3,6,1,16
TrSC58v2_3481.t1,0,0,0,0,0,0
TrSC58v2_3481.t1.e1,0,0,0,0,0,12
TrSC58v2_3483.t1,0,0,0,0,0,6
TrSC58v2_3483.t1.e1,0,0,8,0,9,8
TrSC58v2_3482.t1.e1,7,5,12,10,13,15
TrSC58v2_3482.t1,5,1,1,9,11,13
TrSC58v2_3484.t1.e1,5,12,5,10,11,23
TrSC58v2_3484.t1,0,10,4,7,8,21
TrSC58v2_3487.t1.e1,11,12,10,46,14,70
TrSC58v2_3487.t1,8,8,8,9,13,66
TrSC58v2_3488.t1.e1,5,8,15,28,14,51
TrSC58v2_3488.t1,4,6,12,20,10,43
TrSC58v2_3489.t1.e1,9,9,14,28,9,33
TrSC58v2_3489.t1,0,6,12,2,7,29
TrSC58v2_3491.t1.e1,5,8,12,3,2,40
TrSC58v2_3491.t1,4,0,0,0,1,1
TrSC58v2_3492.t1.e1,5,10,16,24,25,56
TrSC58v2_3492.t1,1,0,13,19,1,51
TrSC58v2_3493.t1.e1,3,5,6,13,11,29
TrSC58v2_3493.t1,0,4,4,11,10,26
TrSC58v2_3494.t1.e1,9,12,43,35,34,106
TrSC58v2_3494.t1,8,11,39,32,32,84
TrSC58v2_3495.t1.e1,11,5,3,17,10,22
TrSC58v2_3495.t1,0,4,3,0,2,20
TrSC58v2_3496.t1.e1,37,34,45,66,39,215
TrSC58v2_3496.t1,30,1,40,55,35,182
TrSC58v2_3498.t1.e1,5,9,5,10,5,17
TrSC58v2_3498.t1,0,0,5,8,4,16
TrSC58v2_3497.t1.e1,9,20,18,23,17,55
TrSC58v2_3497.t1,9,14,15,22,15,51
TrSC58v2_3499.t1.e1,3,4,13,18,23,65
TrSC58v2_3499.t1,0,0,13,15,21,53
TrSC58v2_3500.t1.e1,5,13,16,13,11,28
TrSC58v2_3500.t1,1,3,1,10,10,24
TrSC58v2_3501.t1.e1,5,2,2,20,25,35
TrSC58v2_3501.t1,5,1,1,4,3,33
TrSC58v2_3502.t1.e1,2,20,49,93,45,125
TrSC58v2_3502.t1,1,18,44,2,39,110
TrSC58v2_3504.t1.e1,4,4,14,3,14,13
TrSC58v2_3504.t1,3,0,12,3,11,11
TrSC58v2_3505.t1.e1,2,7,6,5,0,19
TrSC58v2_3505.t1,1,1,5,0,0,18
TrSC58v2_3508.t1.e1,3,9,6,3,8,22
TrSC58v2_3508.t1,1,0,1,0,1,21
TrSC58v2_3509.t1.e1,3,1,8,7,11,23
TrSC58v2_3509.t1,3,1,0,6,10,19
TrSC58v2_3512.t1.e1,4,4,11,14,7,42
TrSC58v2_3512.t1,0,3,2,2,5,36
MSTRG.3413.1,0,0,0,0,0,85
TrSC58v2_3511.t1.e1,11,8,5,8,15,14
TrSC58v2_3511.t1,0,6,4,6,10,18
TrSC58v2_3514.t1.e1,11,8,18,18,30,67
TrSC58v2_3514.t1,9,6,17,14,26,60
TrSC58v2_3513.t1.e1,5,11,52,66,36,136
TrSC58v2_3513.t1,4,8,1,38,31,129
TrSC58v2_3515.t1.e1,7,11,23,19,31,61
TrSC58v2_3515.t1,6,9,20,16,29,52
TrSC58v2_3516.t1.e1,3,2,10,5,6,16
TrSC58v2_3516.t1,2,1,8,1,5,16
TrSC58v2_3517.t1.e1,4,3,4,2,6,9
TrSC58v2_3517.t1,0,1,0,1,0,9
TrSC58v2_2731.t1,0,0,12,29,25,39
TrSC58v2_2731.t1.e1,0,0,18,33,28,45
TrSC58v2_2738.t1,0,0,1,6,0,2
TrSC58v2_2738.t1.e1,0,0,12,7,16,27
TrSC58v2_2740.t1,0,0,0,0,3,13
TrSC58v2_2740.t1.e1,0,0,24,0,11,15
TrSC58v2_2744.t1,0,0,0,0,0,13
TrSC58v2_2744.t1.e1,0,4,8,7,0,14
TrSC58v2_2750.t1,0,0,0,2,1,9
TrSC58v2_2750.t1.e1,0,0,0,6,4,10
TrSC58v2_2751.t1,0,2,0,0,0,1
TrSC58v2_2751.t1.e1,0,14,0,0,4,12
TrSC58v2_2753.t1,0,1,9,13,1,27
TrSC58v2_2753.t1.e1,0,1,9,14,1,26
TrSC58v2_2757.t1,0,4,0,0,8,19
TrSC58v2_2757.t1.e1,0,6,13,13,10,23
TrSC58v2_2768.t1,0,1,1,0,0,2
TrSC58v2_2768.t1.e1,0,7,4,4,0,24
TrSC58v2_2773.t1,0,0,0,0,1,1
TrSC58v2_2773.t1.e1,0,0,4,0,4,10
TrSC58v2_2774.t1,0,1,3,1,0,7
TrSC58v2_2774.t1.e1,0,1,3,4,4,8
TrSC58v2_2775.t1,0,0,2,2,3,24
TrSC58v2_2775.t1.e1,0,5,3,6,4,30
TrSC58v2_2780.t1,0,0,5,1,9,18
TrSC58v2_2780.t1.e1,0,2,7,23,11,21
TrSC58v2_2784.t1,0,0,1,4,3,2
TrSC58v2_2784.t1.e1,0,4,1,5,3,29
TrSC58v2_2789.t1,0,0,4,9,18,28
TrSC58v2_2789.t1.e1,0,4,6,11,19,30
TrSC58v2_2802.t1,0,0,0,0,0,1
TrSC58v2_2802.t1.e1,0,0,0,0,0,1
TrSC58v2_2810.t1,0,0,10,15,7,1
TrSC58v2_2810.t1.e1,0,0,13,16,9,113
TrSC58v2_2817.t1,0,0,0,0,0,0
TrSC58v2_2817.t1.e1,0,0,0,0,0,0
TrSC58v2_2818.t1,0,0,0,0,0,0
TrSC58v2_2818.t1.e1,0,0,0,0,0,0
TrSC58v2_2819.t1,0,0,0,0,0,0
TrSC58v2_2819.t1.e1,0,0,0,0,0,0
TrSC58v2_2820.t1,0,0,0,0,0,0
TrSC58v2_2820.t1.e1,0,0,0,0,0,0
TrSC58v2_2821.t1,0,0,0,0,0,0
TrSC58v2_2821.t1.e1,0,0,0,0,0,0
TrSC58v2_2822.t1,0,0,0,0,0,0
TrSC58v2_2822.t1.e1,0,0,0,0,0,0
TrSC58v2_2823.t1,0,0,0,0,0,0
TrSC58v2_2823.t1.e1,0,0,0,0,0,0
TrSC58v2_2824.t1,0,0,0,0,0,0
TrSC58v2_2824.t1.e1,0,0,0,0,0,0
TrSC58v2_2825.t1,0,0,0,0,0,0
TrSC58v2_2825.t1.e1,0,0,0,0,0,0
TrSC58v2_2826.t1,0,0,0,0,0,0
TrSC58v2_2826.t1.e1,0,0,0,0,0,0
TrSC58v2_2827.t1,0,0,0,0,0,0
TrSC58v2_2827.t1.e1,0,0,0,0,0,0
TrSC58v2_2828.t1,0,0,0,0,0,0
TrSC58v2_2828.t1.e1,0,0,0,0,0,0
TrSC58v2_2829.t1,0,0,0,0,0,0
TrSC58v2_2829.t1.e1,0,0,0,0,0,0
TrSC58v2_2830.t1,0,0,0,0,0,0
TrSC58v2_2830.t1.e1,0,0,0,0,0,0
TrSC58v2_2831.t1,0,0,0,0,0,0
TrSC58v2_2831.t1.e1,0,0,0,0,0,0
TrSC58v2_2832.t1,0,0,0,0,0,0
TrSC58v2_2832.t1.e1,0,0,0,0,0,0
TrSC58v2_2833.t1,0,0,0,0,0,0
TrSC58v2_2833.t1.e1,0,0,0,0,0,0
TrSC58v2_2834.t1,0,0,0,0,0,0
TrSC58v2_2834.t1.e1,0,0,0,0,0,0
TrSC58v2_2835.t1,0,0,0,0,0,0
TrSC58v2_2835.t1.e1,0,0,0,0,0,0
TrSC58v2_2836.t1,0,0,0,0,0,0
TrSC58v2_2836.t1.e1,0,0,0,0,0,0
TrSC58v2_2837.t1,0,0,0,0,0,0
TrSC58v2_2837.t1.e1,0,0,0,0,0,0
TrSC58v2_2838.t1,0,0,0,0,0,0
TrSC58v2_2838.t1.e1,0,0,0,0,0,0
TrSC58v2_2839.t1,0,0,0,0,0,0
TrSC58v2_2839.t1.e1,0,0,0,0,0,0
TrSC58v2_2840.t1,0,0,0,0,0,0
TrSC58v2_2840.t1.e1,0,0,0,0,0,0
TrSC58v2_2846.t1,0,2,0,2,1,2
TrSC58v2_2846.t1.e1,0,5,0,21,1,55
TrSC58v2_2852.t1,0,0,0,0,1,3
TrSC58v2_2852.t1.e1,0,4,3,11,6,10
TrSC58v2_2854.t1,0,0,6,5,4,23
TrSC58v2_2854.t1.e1,0,0,7,6,5,24
MSTRG.2770.1,0,0,0,118,0,323
MSTRG.2770.2,0,35,0,47,0,15
MSTRG.2779.1,0,3,21,14,7,57
TrSC58v2_2866.t1,0,0,0,0,2,7
TrSC58v2_2866.t1.e1,0,7,4,2,3,9
TrSC58v2_2870.t1,0,0,14,0,0,0
TrSC58v2_2870.t1.e1,0,5,15,25,9,53
TrSC58v2_2872.t1,0,0,0,3,0,4
TrSC58v2_2872.t1.e1,0,4,4,3,0,26
TrSC58v2_2873.t1,0,7,1,2,1,17
TrSC58v2_2873.t1.e1,0,8,4,13,4,17
TrSC58v2_2876.t1,0,0,4,2,3,19
TrSC58v2_2876.t1.e1,0,4,5,11,4,22
TrSC58v2_2889.t1,0,0,6,5,3,18
TrSC58v2_2889.t1.e1,0,0,8,6,16,19
TrSC58v2_2893.t1,0,0,0,2,0,14
TrSC58v2_2893.t1.e1,0,0,0,3,0,15
TrSC58v2_2900.t1,0,0,0,0,0,1
TrSC58v2_2900.t1.e1,0,0,0,0,0,3
TrSC58v2_2904.t1,0,0,3,2,5,4
TrSC58v2_2904.t1.e1,0,7,5,27,5,46
TrSC58v2_2905.t1,0,0,4,0,7,34
TrSC58v2_2905.t1.e1,0,0,8,16,8,43
TrSC58v2_2908.t1,0,6,11,14,0,1
TrSC58v2_2908.t1.e1,0,7,12,16,8,73
TrSC58v2_2910.t1,0,0,2,1,5,11
TrSC58v2_2910.t1.e1,0,0,6,5,6,13
MSTRG.2831.3,0,0,16,0,0,95
TrSC58v2_2922.t1,0,0,2,1,3,18
TrSC58v2_2922.t1.e1,0,8,3,2,3,18
TrSC58v2_2924.t1,0,0,0,0,3,3
TrSC58v2_2924.t1.e1,0,0,7,3,5,48
TrSC58v2_2926.t1,0,3,0,10,0,12
TrSC58v2_2926.t1.e1,0,3,0,11,7,12
TrSC58v2_2929.t1,0,0,4,4,6,24
TrSC58v2_2929.t1.e1,0,3,6,4,8,26
TrSC58v2_2935.t1,0,0,0,1,0,24
TrSC58v2_2935.t1.e1,0,0,0,4,0,26
TrSC58v2_2952.t1,0,8,14,0,0,36
TrSC58v2_2952.t1.e1,0,11,17,27,8,41
TrSC58v2_2953.t1,0,0,0,3,1,5
TrSC58v2_2953.t1.e1,0,0,0,4,18,7
TrSC58v2_2954.t1,0,0,1,2,0,12
TrSC58v2_2954.t1.e1,0,0,1,7,5,14
TrSC58v2_2955.t1,0,4,1,5,4,1
TrSC58v2_2955.t1.e1,0,5,11,6,6,25
TrSC58v2_2981.t1,0,3,3,0,5,9
TrSC58v2_2981.t1.e1,0,7,5,4,5,8
TrSC58v2_2984.t1,0,0,1,0,1,1
TrSC58v2_2984.t1.e1,0,0,22,0,7,14
TrSC58v2_2985.t1,0,0,1,1,1,0
TrSC58v2_2985.t1.e1,0,3,4,10,4,11
TrSC58v2_2989.t1,0,6,6,6,10,10
TrSC58v2_2989.t1.e1,0,8,7,17,11,12
TrSC58v2_2991.t1,0,0,0,0,1,30
TrSC58v2_2991.t1.e1,0,7,12,0,3,36
TrSC58v2_2992.t1,0,13,0,4,15,63
TrSC58v2_2992.t1.e1,0,17,51,55,20,68
MSTRG.2907.1,0,0,0,46,25,48
TrSC58v2_2994.t1,0,2,0,4,3,9
TrSC58v2_2994.t1.e1,0,3,8,4,3,10
TrSC58v2_2995.t1,0,1,1,1,1,1
TrSC58v2_2995.t1.e1,0,4,7,3,4,13
TrSC58v2_2998.t1,0,0,12,18,18,4
TrSC58v2_2998.t1.e1,0,7,18,21,22,86
TrSC58v2_2999.t1,0,0,0,1,0,25
TrSC58v2_2999.t1.e1,0,0,11,17,8,27
TrSC58v2_3003.t1,0,0,7,4,1,20
TrSC58v2_3003.t1.e1,0,0,8,5,12,25
TrSC58v2_3004.t1,0,4,3,4,17,36
TrSC58v2_3004.t1.e1,0,5,37,25,18,39
TrSC58v2_3006.t1,0,0,6,0,0,71
TrSC58v2_3006.t1.e1,0,4,6,8,12,17
TrSC58v2_3008.t1,0,0,5,0,8,33
TrSC58v2_3008.t1.e1,0,0,6,32,8,40
TrSC58v2_3012.t1,0,0,0,4,2,4
TrSC58v2_3012.t1.e1,0,7,0,4,4,15
TrSC58v2_3015.t1,0,0,4,9,0,16
TrSC58v2_3015.t1.e1,0,0,4,10,0,19
TrSC58v2_3016.t1,0,1,1,3,1,12
TrSC58v2_3016.t1.e1,0,15,8,3,4,15
TrSC58v2_3020.t1,0,0,1,3,2,5
TrSC58v2_3020.t1.e1,0,0,11,4,3,5
TrSC58v2_3023.t1,0,0,0,6,7,2
TrSC58v2_3023.t1.e1,0,0,12,7,8,38
TrSC58v2_3024.t1,0,2,0,2,2,23
TrSC58v2_3024.t1.e1,0,5,0,24,14,25
TrSC58v2_3028.t1,0,3,7,0,7,50
TrSC58v2_3028.t1.e1,0,4,9,38,9,58
TrSC58v2_3029.t1,0,0,0,0,3,20
TrSC58v2_3029.t1.e1,0,0,10,15,4,23
TrSC58v2_3036.t1,0,1,5,1,5,3
TrSC58v2_3036.t1.e1,0,3,6,9,5,13
TrSC58v2_3040.t1,0,0,2,0,3,4
TrSC58v2_3040.t1.e1,0,0,3,0,4,4
TrSC58v2_3042.t1,0,0,1,7,10,1
TrSC58v2_3042.t1.e1,0,0,4,10,13,25
TrSC58v2_3044.t1,0,1,1,0,0,12
TrSC58v2_3044.t1.e1,0,1,4,0,0,15
TrSC58v2_3045.t1,0,0,3,5,0,14
TrSC58v2_3045.t1.e1,0,8,4,5,0,17
TrSC58v2_3046.t1,0,2,5,1,0,5
TrSC58v2_3046.t1.e1,0,6,6,1,0,15
TrSC58v2_3048.t1,0,0,5,14,8,23
TrSC58v2_3048.t1.e1,0,6,7,17,12,25
TrSC58v2_3050.t1,0,0,0,2,5,1
TrSC58v2_3050.t1.e1,0,12,0,16,7,28
TrSC58v2_3052.t1,0,0,4,0,0,7
TrSC58v2_3052.t1.e1,0,0,4,0,0,8
TrSC58v2_2724.t1.e1,1,5,7,6,8,22
TrSC58v2_2724.t1,1,1,1,6,2,10
TrSC58v2_2725.t1.e1,5,4,9,11,7,22
TrSC58v2_2725.t1,4,3,8,12,8,24
TrSC58v2_2726.t1,29,13,48,73,43,196
TrSC58v2_2726.t1.e1,23,15,45,59,50,205
TrSC58v2_2727.t1,25,17,43,121,66,261
TrSC58v2_2727.t1.e1,22,19,39,108,53,243
TrSC58v2_2728.t1.e1,20,0,0,36,5,27
TrSC58v2_2728.t1,1,0,0,2,4,21
TrSC58v2_2729.t1.e1,3,4,8,13,4,41
TrSC58v2_2729.t1,0,0,6,10,0,33
TrSC58v2_2730.t1.e1,8,8,7,41,11,56
TrSC58v2_2730.t1,6,6,5,33,8,48
TrSC58v2_2732.t1.e1,2,0,0,3,4,21
TrSC58v2_2732.t1,1,0,0,3,3,17
TrSC58v2_2733.t1.e1,7,4,14,35,18,64
TrSC58v2_2733.t1,5,4,12,3,15,53
TrSC58v2_2734.t1.e1,17,4,20,50,22,80
TrSC58v2_2734.t1,16,4,17,2,18,67
TrSC58v2_2735.t1.e1,10,4,15,35,18,66
TrSC58v2_2735.t1,7,4,12,1,15,55
TrSC58v2_2736.t1.e1,3,1,19,13,10,30
TrSC58v2_2736.t1,3,1,14,11,9,29
TrSC58v2_2737.t1.e1,5,14,13,25,23,68
TrSC58v2_2737.t1,4,13,10,22,20,57
TrSC58v2_2739.t1.e1,6,3,13,19,15,53
TrSC58v2_2739.t1,4,0,10,12,12,42
TrSC58v2_2741.t1.e1,8,8,9,10,3,58
TrSC58v2_2741.t1,0,6,7,8,2,44
TrSC58v2_2742.t1.e1,3,4,5,12,3,21
TrSC58v2_2742.t1,0,0,0,10,3,18
TrSC58v2_2743.t1.e1,4,0,6,22,6,18
TrSC58v2_2743.t1,3,0,1,1,5,0
TrSC58v2_2745.t1.e1,4,6,33,19,8,53
TrSC58v2_2745.t1,0,5,1,4,1,9
TrSC58v2_2746.t1.e1,4,4,3,20,11,19
TrSC58v2_2746.t1,0,3,2,16,10,16
MSTRG.2682.1,18,13,91,175,65,275
TrSC58v2_2747.t1.e1,9,15,53,56,50,227
TrSC58v2_2747.t1,7,14,40,48,25,38
MSTRG.2684.1,8,9,8,22,10,74
TrSC58v2_2748.t1,5,0,10,15,8,32
TrSC58v2_2748.t1.e1,6,11,12,17,10,35
TrSC58v2_2749.t1,0,1,4,21,19,56
TrSC58v2_2749.t1.e1,7,23,28,40,21,58
TrSC58v2_2752.t1,0,6,6,12,9,1
TrSC58v2_2752.t1.e1,4,7,6,15,10,44
TrSC58v2_2754.t1,1,1,8,17,8,20
TrSC58v2_2754.t1.e1,1,8,9,19,10,21
TrSC58v2_2755.t1,0,1,0,0,0,8
TrSC58v2_2755.t1.e1,3,1,0,4,4,9
TrSC58v2_2756.t1,0,1,0,8,9,20
TrSC58v2_2756.t1.e1,8,4,4,10,11,22
TrSC58v2_2758.t1,12,8,57,51,28,125
TrSC58v2_2758.t1.e1,14,10,52,48,31,171
TrSC58v2_2759.t1,0,2,13,7,10,0
TrSC58v2_2759.t1.e1,3,3,17,10,13,43
TrSC58v2_2760.t1,0,3,2,32,44,80
TrSC58v2_2760.t1.e1,8,4,50,36,51,84
TrSC58v2_2761.t1,4,0,9,18,12,52
TrSC58v2_2761.t1.e1,5,4,12,19,16,56
TrSC58v2_2762.t1,0,0,10,9,6,4
TrSC58v2_2762.t1.e1,4,8,11,13,7,43
TrSC58v2_2763.t1,0,0,5,20,6,34
TrSC58v2_2763.t1.e1,8,4,6,22,7,38
TrSC58v2_2764.t1,7,0,0,8,0,22
TrSC58v2_2764.t1.e1,7,0,21,9,4,25
MSTRG.2702.1,11,12,20,57,24,71
TrSC58v2_2765.t1,1,1,5,10,4,15
TrSC58v2_2765.t1.e1,5,3,5,11,5,16
TrSC58v2_2766.t1,0,0,0,1,0,2
TrSC58v2_2766.t1.e1,5,0,8,3,8,23
TrSC58v2_2767.t1,8,17,42,42,5,107
TrSC58v2_2767.t1.e1,11,19,32,45,7,114
TrSC58v2_2769.t1,4,34,61,77,37,216
TrSC58v2_2769.t1.e1,42,40,74,86,44,258
TrSC58v2_2770.t1,0,3,10,20,6,2
TrSC58v2_2770.t1.e1,4,4,14,23,7,109
TrSC58v2_2771.t1,0,0,3,17,5,34
TrSC58v2_2771.t1.e1,3,5,4,19,8,49
TrSC58v2_2772.t1,0,0,7,0,0,10
TrSC58v2_2772.t1.e1,3,0,13,4,4,11
MSTRG.2712.1,31,19,71,82,64,189
TrSC58v2_2776.t1.e1,6,1,5,18,5,22
TrSC58v2_2776.t1,1,1,1,2,5,22
TrSC58v2_2777.t1.e1,6,2,6,12,5,22
TrSC58v2_2777.t1,1,1,1,9,4,1
TrSC58v2_2778.t1.e1,8,8,20,21,9,42
TrSC58v2_2778.t1,0,0,0,0,8,38
TrSC58v2_2779.t1.e1,4,0,0,0,6,14
TrSC58v2_2779.t1,0,0,0,0,5,12
TrSC58v2_2781.t1.e1,9,11,35,71,22,100
TrSC58v2_2781.t1,6,9,32,6,19,95
TrSC58v2_2782.t1.e1,12,7,12,10,4,16
TrSC58v2_2782.t1,1,0,1,7,0,13
TrSC58v2_2783.t1.e1,6,4,4,11,0,17
TrSC58v2_2783.t1,0,0,3,10,0,15
TrSC58v2_2785.t1.e1,14,7,30,39,38,70
TrSC58v2_2785.t1,11,7,20,27,30,67
TrSC58v2_2786.t1.e1,4,3,15,6,11,22
TrSC58v2_2786.t1,4,0,14,5,8,17
TrSC58v2_2787.t1.e1,7,1,2,2,12,6
TrSC58v2_2787.t1,0,1,0,2,3,5
TrSC58v2_2788.t1.e1,3,4,11,8,29,23
TrSC58v2_2788.t1,2,0,10,7,0,19
TrSC58v2_2790.t1.e1,4,0,9,8,5,11
TrSC58v2_2790.t1,0,0,8,6,0,11
TrSC58v2_2791.t1.e1,2,2,4,5,4,34
TrSC58v2_2791.t1,1,2,0,0,4,32
TrSC58v2_2792.t1.e1,8,5,17,9,12,60
TrSC58v2_2792.t1,6,0,14,8,8,9
TrSC58v2_2793.t1.e1,4,9,30,20,12,49
TrSC58v2_2793.t1,3,0,21,18,0,43
TrSC58v2_2794.t1,2,1,1,4,5,8
TrSC58v2_2794.t1.e1,3,1,1,5,6,9
TrSC58v2_2795.t1,24,7,26,56,38,151
TrSC58v2_2795.t1.e1,27,9,30,62,43,186
MSTRG.2735.1,13,24,37,75,47,247
TrSC58v2_2796.t1,1,3,7,4,4,21
TrSC58v2_2796.t1.e1,1,4,6,5,4,21
MSTRG.2737.1,104,84,284,296,251,876
MSTRG.2738.1,39,39,122,152,139,431
TrSC58v2_2803.t1,52,50,121,208,155,522
TrSC58v2_2803.t1.e1,56,58,138,220,160,513
TrSC58v2_2804.t1,20,37,61,70,63,278
TrSC58v2_2804.t1.e1,21,43,69,75,67,236
TrSC58v2_2805.t1,20,30,46,50,6,222
TrSC58v2_2805.t1.e1,24,31,58,53,61,206
TrSC58v2_2806.t1,7,0,10,8,10,49
TrSC58v2_2806.t1.e1,10,8,13,10,14,56
TrSC58v2_2807.t1,6,0,6,3,7,43
TrSC58v2_2807.t1.e1,9,0,8,4,8,49
TrSC58v2_2808.t1,7,0,4,6,1,21
TrSC58v2_2808.t1.e1,8,3,27,7,10,22
TrSC58v2_2809.t1,2,5,5,1,4,20
TrSC58v2_2809.t1.e1,5,6,6,8,5,24
TrSC58v2_2811.t1,1,1,1,1,10,34
TrSC58v2_2811.t1.e1,18,8,7,10,11,37
TrSC58v2_2812.t1,0,4,6,8,1,18
TrSC58v2_2812.t1.e1,6,5,7,9,1,54
TrSC58v2_2813.t1,0,1,1,4,4,46
TrSC58v2_2813.t1.e1,25,2,1,6,4,50
TrSC58v2_2814.t1,15,11,12,8,9,46
TrSC58v2_2814.t1.e1,18,13,14,10,9,51
TrSC58v2_2815.t1,1,6,5,2,0,14
TrSC58v2_2815.t1.e1,6,8,5,5,5,15
TrSC58v2_2816.t1,0,3,4,1,7,1
TrSC58v2_2816.t1.e1,6,5,5,12,10,29
TrSC58v2_2841.t1,6,10,0,16,10,46
TrSC58v2_2841.t1.e1,9,14,6,19,12,50
TrSC58v2_2842.t1,0,0,0,0,0,23
TrSC58v2_2842.t1.e1,14,11,8,11,4,35
TrSC58v2_2843.t1,0,0,1,3,1,47
TrSC58v2_2843.t1.e1,3,0,2,17,6,5
TrSC58v2_2844.t1,16,6,15,34,21,64
TrSC58v2_2844.t1.e1,20,9,17,37,24,74
TrSC58v2_2845.t1,15,20,44,1,30,149
TrSC58v2_2845.t1.e1,22,22,49,76,38,135
TrSC58v2_2847.t1,9,0,0,1,5,2
TrSC58v2_2847.t1.e1,12,4,3,21,6,62
TrSC58v2_2848.t1,0,8,0,2,7,43
TrSC58v2_2848.t1.e1,20,12,7,38,10,45
TrSC58v2_2849.t1,9,1,0,1,1,21
TrSC58v2_2849.t1.e1,10,4,11,24,22,22
TrSC58v2_2850.t1,2,1,1,1,2,16
TrSC58v2_2850.t1.e1,2,2,9,14,3,13
TrSC58v2_2851.t1,0,0,2,1,2,5
TrSC58v2_2851.t1.e1,5,0,5,3,2,6
TrSC58v2_2853.t1,11,0,7,17,12,44
TrSC58v2_2853.t1.e1,12,4,8,18,13,48
TrSC58v2_2855.t1,0,0,0,0,0,19
TrSC58v2_2855.t1.e1,5,5,4,4,8,15
TrSC58v2_2856.t1,3,1,13,7,5,18
TrSC58v2_2856.t1.e1,4,4,15,7,5,28
TrSC58v2_2857.t1,19,10,30,5,0,34
TrSC58v2_2857.t1.e1,26,12,44,5,103,41
TrSC58v2_2858.t1,7,0,5,0,9,1
TrSC58v2_2858.t1.e1,9,7,7,0,10,49
TrSC58v2_2859.t1,3,0,7,0,1,7
TrSC58v2_2859.t1.e1,3,0,7,2,1,7
TrSC58v2_2860.t1,1,1,2,1,12,54
TrSC58v2_2860.t1.e1,19,5,21,12,15,68
TrSC58v2_2861.t1,5,2,18,31,11,1
TrSC58v2_2861.t1.e1,6,7,20,36,15,103
TrSC58v2_2862.t1,5,7,19,12,12,68
TrSC58v2_2862.t1.e1,7,9,23,12,18,72
TrSC58v2_2863.t1,11,0,7,0,11,81
TrSC58v2_2863.t1.e1,15,17,9,43,13,88
TrSC58v2_2864.t1,0,1,8,18,2,20
TrSC58v2_2864.t1.e1,3,8,9,18,3,21
TrSC58v2_2865.t1,0,0,0,7,9,30
TrSC58v2_2865.t1.e1,5,0,10,9,13,27
TrSC58v2_2867.t1,4,4,0,4,3,21
TrSC58v2_2867.t1.e1,4,5,0,5,4,23
TrSC58v2_2868.t1,0,1,1,14,1,38
TrSC58v2_2868.t1.e1,4,4,15,15,10,43
TrSC58v2_2869.t1,12,13,31,33,13,88
TrSC58v2_2869.t1.e1,13,14,34,36,16,92
TrSC58v2_2871.t1,0,0,0,0,0,9
TrSC58v2_2871.t1.e1,2,4,4,19,4,13
TrSC58v2_2874.t1,4,0,15,26,8,65
TrSC58v2_2874.t1.e1,6,28,20,32,12,73
TrSC58v2_2875.t1,9,5,9,11,0,68
TrSC58v2_2875.t1.e1,10,8,17,16,15,78
TrSC58v2_2877.t1,0,0,9,0,3,19
TrSC58v2_2877.t1.e1,4,4,11,8,3,21
TrSC58v2_2878.t1,0,5,0,8,0,24
TrSC58v2_2878.t1.e1,12,6,5,10,4,30
TrSC58v2_2879.t1,0,14,9,13,22,67
TrSC58v2_2879.t1.e1,19,19,11,16,33,78
TrSC58v2_2880.t1,5,0,5,0,12,51
TrSC58v2_2880.t1.e1,8,0,7,41,15,59
TrSC58v2_2881.t1,0,5,0,12,0,25
TrSC58v2_2881.t1.e1,3,6,8,14,11,28
TrSC58v2_2882.t1,0,17,10,19,16,88
TrSC58v2_2882.t1.e1,4,20,14,26,20,77
TrSC58v2_2883.t1,10,18,30,62,35,149
TrSC58v2_2883.t1.e1,14,23,32,68,39,168
TrSC58v2_2884.t1,7,5,23,23,1,51
TrSC58v2_2884.t1.e1,8,6,27,25,33,54
TrSC58v2_2885.t1.e1,5,0,4,21,3,36
TrSC58v2_2885.t1,4,0,4,16,0,24
TrSC58v2_2886.t1.e1,4,4,8,4,8,25
TrSC58v2_2886.t1,0,0,0,1,7,22
TrSC58v2_2887.t1.e1,3,19,11,13,8,49
TrSC58v2_2887.t1,0,0,1,3,0,1
TrSC58v2_2888.t1,8,3,0,23,16,74
TrSC58v2_2888.t1.e1,8,4,11,32,19,92
TrSC58v2_2890.t1.e1,7,12,12,20,12,58
TrSC58v2_2890.t1,0,1,10,17,11,50
TrSC58v2_2891.t1.e1,17,15,27,21,9,86
TrSC58v2_2891.t1,12,13,21,18,7,72
TrSC58v2_2892.t1.e1,2,0,3,3,4,10
TrSC58v2_2892.t1,1,0,1,2,1,9
TrSC58v2_2894.t1.e1,2,14,22,47,48,74
TrSC58v2_2894.t1,1,11,19,43,35,62
TrSC58v2_2895.t1.e1,11,3,12,12,4,42
TrSC58v2_2895.t1,2,2,1,1,0,38
TrSC58v2_2896.t1.e1,7,9,21,23,19,69
TrSC58v2_2896.t1,5,0,19,16,14,62
TrSC58v2_2897.t1.e1,3,9,13,6,6,34
TrSC58v2_2897.t1,0,7,12,5,5,32
TrSC58v2_2898.t1.e1,7,17,7,35,23,65
TrSC58v2_2898.t1,5,0,6,31,2,60
TrSC58v2_2899.t1.e1,8,8,6,6,5,19
TrSC58v2_2899.t1,0,0,0,5,5,16
TrSC58v2_2901.t1,0,0,8,15,14,50
TrSC58v2_2901.t1.e1,14,8,12,17,16,42
TrSC58v2_2902.t1,1,0,1,0,1,18
TrSC58v2_2902.t1.e1,3,7,26,4,13,16
TrSC58v2_2903.t1,0,0,0,1,1,32
TrSC58v2_2903.t1.e1,11,11,8,25,1,36
TrSC58v2_2906.t1,1,0,1,2,0,16
TrSC58v2_2906.t1.e1,3,7,6,8,0,16
TrSC58v2_2907.t1,9,6,24,28,18,103
TrSC58v2_2907.t1.e1,10,7,30,33,21,110
TrSC58v2_2909.t1,0,11,27,30,25,77
TrSC58v2_2909.t1.e1,5,14,28,34,29,85
TrSC58v2_2911.t1,0,0,0,0,0,1
TrSC58v2_2911.t1.e1,3,0,5,23,12,51
TrSC58v2_2912.t1,1,1,1,5,2,2
TrSC58v2_2912.t1.e1,2,2,10,6,7,16
TrSC58v2_2913.t1,2,10,11,15,17,65
TrSC58v2_2913.t1.e1,3,11,13,18,18,71
TrSC58v2_2914.t1,2,2,0,8,4,14
TrSC58v2_2914.t1.e1,4,6,12,10,5,19
TrSC58v2_2915.t1,12,21,66,62,60,229
TrSC58v2_2915.t1.e1,13,22,77,71,71,260
TrSC58v2_2916.t1,0,0,9,18,8,45
TrSC58v2_2916.t1.e1,3,7,13,20,11,52
TrSC58v2_2917.t1,5,6,29,22,13,50
TrSC58v2_2917.t1.e1,7,8,19,27,14,60
TrSC58v2_2918.t1,1,1,5,2,0,9
TrSC58v2_2918.t1.e1,10,9,3,20,5,17
MSTRG.2832.1,10,0,26,19,0,53
TrSC58v2_2919.t1,2,3,2,9,5,42
TrSC58v2_2919.t1.e1,6,7,3,25,11,51
TrSC58v2_2920.t1,0,3,15,10,0,25
TrSC58v2_2920.t1.e1,5,4,13,14,4,27
TrSC58v2_2921.t1,6,0,10,2,9,45
TrSC58v2_2921.t1.e1,9,0,11,29,12,46
TrSC58v2_2923.t1,1,3,8,16,3,46
TrSC58v2_2923.t1.e1,13,4,9,17,16,50
TrSC58v2_2925.t1,5,4,20,30,10,43
TrSC58v2_2925.t1.e1,6,5,22,33,11,48
TrSC58v2_2927.t1,0,11,11,34,0,75
TrSC58v2_2927.t1.e1,14,12,13,43,43,87
TrSC58v2_2928.t1,8,7,5,31,0,52
TrSC58v2_2928.t1.e1,10,8,6,33,15,58
TrSC58v2_2930.t1,0,6,18,19,11,60
TrSC58v2_2930.t1.e1,5,9,21,22,14,67
TrSC58v2_2931.t1,3,0,1,0,7,19
TrSC58v2_2931.t1.e1,3,0,4,0,8,21
TrSC58v2_2932.t1,1,1,6,6,2,19
TrSC58v2_2932.t1.e1,9,2,7,7,9,20
TrSC58v2_2933.t1,8,6,18,12,14,48
TrSC58v2_2933.t1.e1,11,7,23,24,18,52
TrSC58v2_2934.t1,1,0,1,9,10,3
TrSC58v2_2934.t1.e1,8,5,3,11,11,50
TrSC58v2_2936.t1,4,0,6,19,3,56
TrSC58v2_2936.t1.e1,4,8,8,22,37,69
TrSC58v2_2937.t1,7,21,14,33,32,80
TrSC58v2_2937.t1.e1,8,26,18,35,38,84
TrSC58v2_2938.t1,0,8,10,18,16,60
TrSC58v2_2938.t1.e1,4,11,14,22,19,76
TrSC58v2_2939.t1,5,1,15,2,2,47
TrSC58v2_2939.t1.e1,6,10,19,38,4,54
TrSC58v2_2940.t1,5,2,0,6,0,26
TrSC58v2_2940.t1.e1,6,3,15,8,4,30
TrSC58v2_2941.t1,0,1,9,4,15,55
TrSC58v2_2941.t1.e1,11,28,10,34,17,59
TrSC58v2_2942.t1,7,11,20,37,19,69
TrSC58v2_2942.t1.e1,9,15,23,42,23,77
TrSC58v2_2943.t1,0,8,27,29,32,108
TrSC58v2_2943.t1.e1,4,11,28,35,27,115
TrSC58v2_2944.t1,2,0,1,4,6,14
TrSC58v2_2944.t1.e1,2,0,3,4,7,16
TrSC58v2_2945.t1,1,17,25,39,31,199
TrSC58v2_2945.t1.e1,28,20,29,44,38,228
TrSC58v2_2946.t1,15,23,58,55,4,240
TrSC58v2_2946.t1.e1,18,27,63,63,108,219
TrSC58v2_2947.t1,24,36,46,77,70,250
TrSC58v2_2947.t1.e1,27,31,52,90,80,294
TrSC58v2_2948.t1,25,38,48,80,71,262
TrSC58v2_2948.t1.e1,28,33,55,94,82,310
TrSC58v2_2949.t1,0,1,2,5,6,3
TrSC58v2_2949.t1.e1,12,2,2,6,6,43
TrSC58v2_2950.t1,2,0,0,2,0,3
TrSC58v2_2950.t1.e1,2,4,4,7,4,7
TrSC58v2_2951.t1,2,0,1,0,2,4
TrSC58v2_2951.t1.e1,8,0,10,5,3,24
TrSC58v2_2956.t1,0,7,7,6,5,43
TrSC58v2_2956.t1.e1,6,9,9,6,6,54
TrSC58v2_2957.t1,6,3,26,38,31,94
TrSC58v2_2957.t1.e1,8,4,26,47,36,102
TrSC58v2_2958.t1,16,31,40,52,28,139
TrSC58v2_2958.t1.e1,19,35,45,61,32,162
TrSC58v2_2959.t1,10,3,5,2,5,38
TrSC58v2_2959.t1.e1,2,3,6,21,5,44
TrSC58v2_2960.t1,1,0,4,2,1,3
TrSC58v2_2960.t1.e1,1,0,4,2,6,3
TrSC58v2_2961.t1,18,32,41,54,30,146
TrSC58v2_2961.t1.e1,20,36,48,64,35,172
TrSC58v2_2962.t1,10,3,5,2,5,43
TrSC58v2_2962.t1.e1,3,3,6,22,6,37
TrSC58v2_2963.t1,1,0,3,2,1,2
TrSC58v2_2963.t1.e1,1,0,3,2,2,2
TrSC58v2_2964.t1,14,17,34,47,20,115
TrSC58v2_2964.t1.e1,16,21,37,49,22,119
TrSC58v2_2965.t1,11,3,5,2,5,36
TrSC58v2_2965.t1.e1,3,4,6,22,6,42
TrSC58v2_2966.t1,1,1,3,3,3,3
TrSC58v2_2966.t1.e1,1,3,3,3,3,3
TrSC58v2_2967.t1,9,1,24,30,16,85
TrSC58v2_2967.t1.e1,12,31,30,41,18,96
TrSC58v2_2968.t1,5,2,3,5,3,19
TrSC58v2_2968.t1.e1,2,3,4,5,4,15
TrSC58v2_2969.t1,2,0,1,2,0,11
TrSC58v2_2969.t1.e1,3,0,3,2,0,13
TrSC58v2_2970.t1,1,18,37,68,50,165
TrSC58v2_2970.t1.e1,62,22,51,76,56,195
TrSC58v2_2971.t1,2,0,3,7,3,21
TrSC58v2_2971.t1.e1,3,3,3,8,4,24
MSTRG.2887.1,17,4,74,102,59,260
TrSC58v2_2972.t1,1,1,3,4,18,12
TrSC58v2_2972.t1.e1,7,14,48,50,22,169
TrSC58v2_2973.t1,3,0,10,13,6,37
TrSC58v2_2973.t1.e1,4,14,12,14,8,41
TrSC58v2_2974.t1,2,0,6,11,7,34
TrSC58v2_2974.t1.e1,3,3,8,13,8,37
MSTRG.2887.2,15,4,63,92,58,257
TrSC58v2_2975.t1,4,1,27,28,21,96
TrSC58v2_2975.t1.e1,4,13,21,23,17,75
TrSC58v2_2976.t1,0,0,11,14,7,38
TrSC58v2_2976.t1.e1,6,14,12,15,8,44
TrSC58v2_2977.t1,2,0,6,10,7,34
TrSC58v2_2977.t1.e1,3,3,7,12,9,38
TrSC58v2_2978.t1,1,20,2,7,2,2
TrSC58v2_2978.t1.e1,1,2,1,0,0,1
TrSC58v2_2979.t1,2,0,11,14,7,39
TrSC58v2_2979.t1.e1,4,14,13,15,9,45
TrSC58v2_2980.t1,0,3,3,14,6,1
TrSC58v2_2980.t1.e1,3,5,4,16,8,75
TrSC58v2_2982.t1,4,1,7,4,4,29
TrSC58v2_2982.t1.e1,5,2,5,5,5,25
TrSC58v2_2983.t1,1,0,10,21,10,12
TrSC58v2_2983.t1.e1,8,8,14,22,13,18
TrSC58v2_2986.t1,3,0,16,21,1,46
TrSC58v2_2986.t1.e1,4,4,19,27,66,54
TrSC58v2_2987.t1.e1,4,0,0,0,3,3
TrSC58v2_2987.t1,0,0,0,0,2,3
TrSC58v2_2988.t1,0,2,0,1,1,1
TrSC58v2_2988.t1.e1,8,2,19,18,9,18
TrSC58v2_2990.t1,4,0,25,28,22,68
TrSC58v2_2990.t1.e1,6,0,33,29,24,75
TrSC58v2_2993.t1,0,0,7,9,9,32
TrSC58v2_2993.t1.e1,4,4,10,11,10,38
TrSC58v2_2996.t1,1,6,1,24,8,39
TrSC58v2_2996.t1.e1,3,7,18,28,10,41
TrSC58v2_2997.t1,0,0,0,0,8,10
TrSC58v2_2997.t1.e1,4,0,0,7,9,11
TrSC58v2_3000.t1,0,0,0,1,1,20
TrSC58v2_3000.t1.e1,3,16,4,3,11,22
TrSC58v2_3001.t1,0,1,1,1,1,14
TrSC58v2_3001.t1.e1,4,2,1,14,3,17
TrSC58v2_3002.t1,0,0,0,2,4,4
TrSC58v2_3002.t1.e1,2,0,0,7,5,10
TrSC58v2_3005.t1,0,3,1,0,0,28
TrSC58v2_3005.t1.e1,8,4,4,8,4,31
TrSC58v2_3007.t1,6,0,17,21,9,42
TrSC58v2_3007.t1.e1,8,15,20,27,12,50
TrSC58v2_3009.t1,0,2,1,7,1,2
TrSC58v2_3009.t1.e1,4,8,7,9,4,25
TrSC58v2_3010.t1,0,0,0,10,0,13
TrSC58v2_3010.t1.e1,4,0,0,15,16,15
MSTRG.2924.1,10,11,33,21,26,62
TrSC58v2_3011.t1,1,1,2,9,1,28
TrSC58v2_3011.t1.e1,3,9,13,10,8,32
TrSC58v2_3013.t1,1,8,7,17,7,37
TrSC58v2_3013.t1.e1,1,10,8,22,13,42
TrSC58v2_3014.t1,0,0,12,11,13,4
TrSC58v2_3014.t1.e1,3,4,13,11,15,87
TrSC58v2_3017.t1,0,8,10,2,10,12
TrSC58v2_3017.t1.e1,3,10,11,13,10,13
TrSC58v2_3018.t1,8,15,18,5,15,57
TrSC58v2_3018.t1.e1,11,16,23,74,17,69
TrSC58v2_3019.t1,1,0,0,10,6,15
TrSC58v2_3019.t1.e1,10,5,18,13,7,17
TrSC58v2_3021.t1,0,1,1,1,2,9
TrSC58v2_3021.t1.e1,8,3,12,3,3,10
TrSC58v2_3022.t1,4,0,10,4,4,19
TrSC58v2_3022.t1.e1,5,8,11,5,6,20
TrSC58v2_3025.t1,1,0,1,1,1,1
TrSC58v2_3025.t1.e1,3,0,2,8,8,15
TrSC58v2_3026.t1,0,3,14,18,13,2
TrSC58v2_3026.t1.e1,7,5,18,25,15,132
TrSC58v2_3027.t1,1,1,1,2,1,12
TrSC58v2_3027.t1.e1,2,2,15,12,8,14
TrSC58v2_3030.t1,1,2,1,3,3,52
TrSC58v2_3030.t1.e1,20,9,27,32,7,56
TrSC58v2_3031.t1,5,14,16,24,31,94
TrSC58v2_3031.t1.e1,6,17,19,28,36,108
TrSC58v2_3032.t1,0,1,0,1,13,31
TrSC58v2_3032.t1.e1,8,1,0,45,17,34
TrSC58v2_3033.t1,0,7,0,11,0,45
TrSC58v2_3033.t1.e1,4,8,16,15,5,49
TrSC58v2_3034.t1,0,3,4,5,0,21
TrSC58v2_3034.t1.e1,8,4,5,7,12,25
TrSC58v2_3035.t1,6,6,10,5,6,37
TrSC58v2_3035.t1.e1,9,6,13,7,7,41
TrSC58v2_3037.t1,1,0,4,1,0,13
TrSC58v2_3037.t1.e1,10,0,6,10,5,15
TrSC58v2_3038.t1,0,0,2,3,4,14
TrSC58v2_3038.t1.e1,3,6,7,5,5,15
TrSC58v2_3039.t1,1,2,0,20,14,15
TrSC58v2_3039.t1.e1,2,11,4,23,15,18
TrSC58v2_3041.t1,0,3,0,5,11,19
TrSC58v2_3041.t1.e1,4,4,4,7,14,26
TrSC58v2_3043.t1,1,1,1,0,0,0
TrSC58v2_3043.t1.e1,3,2,3,10,4,11
TrSC58v2_3047.t1,5,4,16,33,27,78
TrSC58v2_3047.t1.e1,7,6,19,42,37,73
TrSC58v2_3049.t1,4,6,29,25,14,78
TrSC58v2_3049.t1.e1,5,7,32,29,17,95
TrSC58v2_3051.t1,1,0,3,6,2,2
TrSC58v2_3051.t1.e1,2,0,3,8,10,49
TrSC58v2_3053.t1,17,63,112,85,90,399
TrSC58v2_3053.t1.e1,18,68,125,95,105,444
TrSC58v2_3054.t1,0,0,8,13,3,15
TrSC58v2_3054.t1.e1,4,11,9,15,4,17
TrSC58v2_3386.t1,0,0,0,5,5,3
TrSC58v2_3386.t1.e1,0,4,18,6,6,49
TrSC58v2_3402.t1,0,1,0,0,5,24
TrSC58v2_3402.t1.e1,0,1,0,0,6,21
TrSC58v2_3413.t1,0,0,0,1,3,14
TrSC58v2_3413.t1.e1,0,0,12,2,3,15
TrSC58v2_3421.t1,0,2,1,1,0,17
TrSC58v2_3421.t1.e1,0,2,14,10,5,30
TrSC58v2_3426.t1,0,0,0,1,1,5
TrSC58v2_3426.t1.e1,0,0,0,3,1,6
TrSC58v2_3427.t1,0,0,2,0,3,18
TrSC58v2_3427.t1.e1,0,0,3,12,4,20
TrSC58v2_3428.t1,0,0,0,0,0,3
TrSC58v2_3428.t1.e1,0,0,4,8,0,12
TrSC58v2_3430.t1,0,0,0,0,2,13
TrSC58v2_3430.t1.e1,0,0,4,16,12,14
TrSC58v2_3433.t1,0,0,0,0,0,2
TrSC58v2_3433.t1.e1,0,4,4,19,4,63
TrSC58v2_3434.t1,0,0,0,0,0,5
TrSC58v2_3434.t1.e1,0,0,0,0,0,5
TrSC58v2_3436.t1,0,1,1,0,0,1
TrSC58v2_3436.t1.e1,0,6,13,3,0,21
TrSC58v2_3439.t1,0,0,0,0,0,10
TrSC58v2_3439.t1.e1,0,0,16,12,12,13
TrSC58v2_3441.t1,0,0,2,1,1,27
TrSC58v2_3441.t1.e1,0,0,11,30,21,45
TrSC58v2_3442.t1,0,0,1,1,1,3
TrSC58v2_3442.t1.e1,0,0,1,1,1,3
TrSC58v2_3445.t1,0,1,0,0,0,2
TrSC58v2_3445.t1.e1,0,8,11,0,4,6
TrSC58v2_3454.t1,0,1,1,1,1,13
TrSC58v2_3454.t1.e1,0,2,8,6,6,15
TrSC58v2_3456.t1,0,1,4,1,4,11
TrSC58v2_3456.t1.e1,0,2,5,6,5,16
TrSC58v2_3457.t1,0,0,3,0,7,1
TrSC58v2_3457.t1.e1,0,4,4,0,8,18
TrSC58v2_3462.t1,0,0,5,11,11,1
TrSC58v2_3462.t1.e1,0,3,6,13,17,52
TrSC58v2_3467.t1,0,1,2,4,0,6
TrSC58v2_3467.t1.e1,0,1,3,4,2,7
TrSC58v2_3471.t1,0,0,0,2,5,6
TrSC58v2_3471.t1.e1,0,0,0,11,5,7
TrSC58v2_3474.t1,0,0,0,2,5,26
TrSC58v2_3474.t1.e1,0,5,6,34,7,32
TrSC58v2_3476.t1,0,1,5,3,0,2
TrSC58v2_3476.t1.e1,0,1,7,11,11,78
TrSC58v2_3479.t1,0,0,6,0,0,8
TrSC58v2_3479.t1.e1,0,0,17,0,4,7
TrSC58v2_3378.t1,1,2,1,4,3,9
TrSC58v2_3378.t1.e1,1,3,1,4,8,28
TrSC58v2_3379.t1.e1,6,7,24,28,18,64
TrSC58v2_3379.t1,5,5,22,25,14,58
TrSC58v2_3380.t1.e1,2,4,8,3,3,15
TrSC58v2_3380.t1,0,1,0,2,1,12
MSTRG.3281.1,36,33,125,141,112,544
TrSC58v2_3381.t1,0,0,0,2,0,14
TrSC58v2_3381.t1.e1,3,0,4,16,0,15
TrSC58v2_3382.t1,6,5,1,16,17,68
TrSC58v2_3382.t1.e1,7,7,31,22,22,81
TrSC58v2_3383.t1,1,3,2,3,8,41
TrSC58v2_3383.t1.e1,6,4,12,52,9,47
TrSC58v2_3384.t1,1,1,1,4,2,17
TrSC58v2_3384.t1.e1,5,8,6,4,2,18
TrSC58v2_3385.t1,0,0,5,1,0,2
TrSC58v2_3385.t1.e1,7,7,7,34,0,60
TrSC58v2_3387.t1,13,2,11,0,10,29
TrSC58v2_3387.t1.e1,14,6,14,20,12,32
TrSC58v2_3388.t1,0,1,1,1,2,2
TrSC58v2_3388.t1.e1,3,4,8,17,5,26
TrSC58v2_3389.t1,0,1,4,7,0,15
TrSC58v2_3389.t1.e1,8,12,14,8,0,17
TrSC58v2_3390.t1,0,3,1,8,0,1
TrSC58v2_3390.t1.e1,3,4,10,12,0,51
TrSC58v2_3391.t1,0,0,0,3,0,9
TrSC58v2_3391.t1.e1,6,0,14,5,4,13
TrSC58v2_3392.t1,1,6,3,16,7,28
TrSC58v2_3392.t1.e1,15,9,19,17,8,30
TrSC58v2_3393.t1,0,0,1,11,0,30
TrSC58v2_3393.t1.e1,4,9,3,13,7,34
TrSC58v2_3394.t1,1,2,2,4,6,20
TrSC58v2_3394.t1.e1,4,4,4,5,6,23
TrSC58v2_3395.t1,5,8,1,2,10,57
TrSC58v2_3395.t1.e1,7,10,21,27,12,63
TrSC58v2_3396.t1,7,10,10,16,7,4
TrSC58v2_3396.t1.e1,9,14,14,18,9,141
MSTRG.3298.1,47,5,112,63,51,200
TrSC58v2_3397.t1,6,14,31,25,3,56
TrSC58v2_3397.t1.e1,26,18,36,27,40,60
TrSC58v2_3398.t1,16,16,4,36,7,121
TrSC58v2_3398.t1.e1,18,19,47,39,8,128
TrSC58v2_3399.t1,6,6,12,8,9,28
TrSC58v2_3399.t1.e1,6,7,17,11,10,33
TrSC58v2_3400.t1,4,0,2,1,0,35
TrSC58v2_3400.t1.e1,5,7,11,19,3,39
TrSC58v2_3401.t1,5,0,0,5,0,47
TrSC58v2_3401.t1.e1,7,22,8,7,8,39
TrSC58v2_3403.t1,1,1,9,2,13,24
TrSC58v2_3403.t1.e1,8,3,10,16,2,33
TrSC58v2_3404.t1,22,33,67,49,40,165
TrSC58v2_3404.t1.e1,27,35,74,53,41,189
TrSC58v2_3405.t1,1,1,0,10,2,23
TrSC58v2_3405.t1.e1,3,1,4,11,2,25
TrSC58v2_3406.t1,0,0,0,0,3,21
TrSC58v2_3406.t1.e1,3,4,4,4,3,22
TrSC58v2_3407.t1,15,2,22,1,4,95
TrSC58v2_3407.t1.e1,17,20,23,37,32,110
TrSC58v2_3408.t1,0,8,4,10,3,49
TrSC58v2_3408.t1.e1,3,10,6,12,4,54
MSTRG.3311.1,7,12,27,68,17,75
TrSC58v2_3409.t1,0,2,5,1,0,3
TrSC58v2_3409.t1.e1,25,3,8,7,3,76
TrSC58v2_3410.t1,9,12,2,1,2,6
TrSC58v2_3410.t1.e1,11,15,45,79,38,161
TrSC58v2_3411.t1,0,8,11,27,1,56
TrSC58v2_3411.t1.e1,13,9,14,30,43,68
TrSC58v2_3412.t1,0,1,9,8,12,18
TrSC58v2_3412.t1.e1,4,19,10,10,0,25
TrSC58v2_3414.t1,2,0,2,8,0,27
TrSC58v2_3414.t1.e1,3,2,8,9,5,31
TrSC58v2_3415.t1,17,10,11,19,13,7
TrSC58v2_3415.t1.e1,20,12,14,21,13,95
TrSC58v2_3416.t1,3,1,7,19,7,22
TrSC58v2_3416.t1.e1,4,10,9,21,8,26
TrSC58v2_3417.t1,8,24,40,56,41,149
TrSC58v2_3417.t1.e1,9,25,45,64,49,175
TrSC58v2_3418.t1,23,19,30,57,23,147
TrSC58v2_3418.t1.e1,24,22,34,63,25,162
TrSC58v2_3419.t1,9,7,22,34,17,85
TrSC58v2_3419.t1.e1,10,8,24,37,18,94
TrSC58v2_3420.t1,30,11,53,53,35,193
TrSC58v2_3420.t1.e1,32,16,59,61,39,224
TrSC58v2_3422.t1,4,4,0,20,14,2
TrSC58v2_3422.t1.e1,5,5,11,27,16,83
TrSC58v2_3423.t1,1,3,5,10,0,37
TrSC58v2_3423.t1.e1,5,4,6,13,10,43
TrSC58v2_3424.t1,1,0,2,4,0,17
TrSC58v2_3424.t1.e1,3,5,17,5,3,19
TrSC58v2_3425.t1,3,6,18,22,21,82
TrSC58v2_3425.t1.e1,4,9,21,27,24,96
TrSC58v2_3429.t1.e1,3,2,19,16,11,66
TrSC58v2_3429.t1,1,1,17,14,9,57
TrSC58v2_3431.t1.e1,6,0,7,2,4,32
TrSC58v2_3431.t1,1,0,1,1,3,24
TrSC58v2_3432.t1.e1,13,5,19,24,12,51
TrSC58v2_3432.t1,11,2,17,20,11,49
TrSC58v2_3435.t1.e1,8,15,3,5,6,37
TrSC58v2_3435.t1,0,0,3,4,2,33
TrSC58v2_3437.t1.e1,4,26,17,13,10,94
TrSC58v2_3437.t1,3,20,14,11,1,5
TrSC58v2_3438.t1.e1,22,0,4,14,5,22
TrSC58v2_3438.t1,1,0,4,0,4,20
TrSC58v2_3440.t1.e1,5,7,17,18,12,35
TrSC58v2_3440.t1,0,5,15,16,1,28
TrSC58v2_3443.t1.e1,4,5,12,9,10,24
TrSC58v2_3443.t1,0,3,12,11,11,26
TrSC58v2_3444.t1.e1,4,7,4,9,7,37
TrSC58v2_3444.t1,0,1,0,8,6,28
TrSC58v2_3446.t1.e1,9,4,5,23,11,97
TrSC58v2_3446.t1,8,3,3,12,9,6
TrSC58v2_3447.t1.e1,11,18,17,12,10,31
TrSC58v2_3447.t1,1,0,14,2,0,26
TrSC58v2_3448.t1.e1,4,0,5,15,8,16
TrSC58v2_3448.t1,0,0,1,1,0,15
TrSC58v2_3449.t1.e1,42,8,14,54,20,59
TrSC58v2_3449.t1,0,0,8,0,17,40
TrSC58v2_3450.t1,3,0,0,0,0,17
TrSC58v2_3450.t1.e1,4,6,18,35,4,73
TrSC58v2_3451.t1.e1,1,3,15,32,12,22
TrSC58v2_3451.t1,1,2,0,1,0,16
TrSC58v2_3452.t1.e1,1,3,10,28,13,25
TrSC58v2_3452.t1,0,3,8,4,1,23
TrSC58v2_3453.t1.e1,1,2,10,27,8,23
TrSC58v2_3453.t1,0,2,8,0,6,18
TrSC58v2_3455.t1.e1,1,2,10,28,8,23
TrSC58v2_3455.t1,1,2,7,0,6,18
TrSC58v2_3458.t1.e1,4,21,8,19,9,32
TrSC58v2_3458.t1,0,1,6,16,8,30
TrSC58v2_3459.t1.e1,3,12,9,10,20,25
TrSC58v2_3459.t1,2,2,8,9,1,24
TrSC58v2_3460.t1.e1,80,47,109,162,89,378
TrSC58v2_3460.t1,1,39,77,104,69,272
TrSC58v2_3461.t1.e1,2,6,15,23,10,81
TrSC58v2_3461.t1,0,5,11,22,9,67
TrSC58v2_3463.t1.e1,10,9,23,22,17,101
TrSC58v2_3463.t1,9,9,19,20,16,78
TrSC58v2_3464.t1.e1,8,14,3,12,4,67
TrSC58v2_3464.t1,0,0,3,2,0,8
TrSC58v2_3465.t1.e1,7,31,13,15,14,49
TrSC58v2_3465.t1,5,0,11,13,4,42
TrSC58v2_3466.t1.e1,12,11,21,24,16,84
TrSC58v2_3466.t1,0,8,20,20,14,4
TrSC58v2_3468.t1.e1,12,11,24,40,52,146
TrSC58v2_3468.t1,9,8,17,29,37,107
TrSC58v2_3469.t1.e1,15,3,21,25,16,77
TrSC58v2_3469.t1,13,3,18,21,14,61
TrSC58v2_3470.t1.e1,2,3,3,17,1,15
TrSC58v2_3470.t1,1,0,1,2,1,13
TrSC58v2_3472.t1.e1,9,4,16,51,45,65
TrSC58v2_3472.t1,6,0,13,1,0,50
TrSC58v2_3473.t1.e1,4,0,15,7,5,11
TrSC58v2_3473.t1,0,0,12,6,3,11
TrSC58v2_3475.t1.e1,3,0,7,5,23,12
TrSC58v2_3475.t1,1,0,1,4,0,0
TrSC58v2_3477.t1.e1,4,0,0,20,3,8
TrSC58v2_3477.t1,0,0,0,4,2,7
TrSC58v2_3478.t1.e1,3,3,6,7,9,10
TrSC58v2_3478.t1,3,1,2,3,2,9
TrSC58v2_3677.t1,4,11,16,29,2,79
TrSC58v2_3677.t1.e1,5,14,17,34,63,88
TrSC58v2_3679.t1,0,1,0,1,4,1
TrSC58v2_3679.t1.e1,3,6,0,5,4,18
TrSC58v2_3678.t1,13,8,17,36,15,97
TrSC58v2_3678.t1.e1,14,10,12,44,17,107
TrSC58v2_3680.t1,0,1,9,7,7,27
TrSC58v2_3680.t1.e1,4,6,11,10,9,19
TrSC58v2_3681.t1,3,0,0,5,7,33
TrSC58v2_3681.t1.e1,4,14,2,7,10,35
TrSC58v2_3685.t1,0,12,23,21,18,59
TrSC58v2_3685.t1.e1,4,15,27,25,20,66
TrSC58v2_3683.t1,0,0,7,5,0,11
TrSC58v2_3683.t1.e1,4,4,8,6,10,13
TrSC58v2_3686.t1,6,11,20,30,37,97
TrSC58v2_3686.t1.e1,7,12,19,33,43,110
TrSC58v2_3690.t1,8,0,7,1,8,33
TrSC58v2_3690.t1.e1,9,15,8,19,9,29
TrSC58v2_3691.t1,0,5,0,10,8,20
TrSC58v2_3691.t1.e1,4,7,8,13,10,23
TrSC58v2_3693.t1,0,0,5,2,0,27
TrSC58v2_3693.t1.e1,3,0,6,26,12,30
TrSC58v2_3695.t1,0,0,0,0,5,0
TrSC58v2_3695.t1.e1,7,1,0,12,7,28
TrSC58v2_3696.t1.e1,3,0,9,3,6,37
TrSC58v2_3696.t1,0,0,7,1,4,2
TrSC58v2_3697.t1.e1,3,4,6,11,12,18
TrSC58v2_3697.t1,2,1,5,9,10,14
TrSC58v2_3698.t1.e1,7,4,12,11,1,14
TrSC58v2_3698.t1,2,0,0,7,1,13
TrSC58v2_3701.t1.e1,2,4,6,7,6,18
TrSC58v2_3701.t1,1,2,3,1,2,4
TrSC58v2_3702.t1.e1,3,3,3,11,6,15
TrSC58v2_3702.t1,3,2,2,9,4,13
TrSC58v2_3703.t1.e1,2,0,3,2,4,12
TrSC58v2_3703.t1,0,0,1,2,3,11
TrSC58v2_3704.t1.e1,2,5,3,3,5,20
TrSC58v2_3704.t1,1,1,1,2,5,16
TrSC58v2_3708.t1.e1,4,9,15,24,10,71
TrSC58v2_3708.t1,0,6,12,20,7,78
TrSC58v2_3709.t1.e1,5,9,19,15,26,81
TrSC58v2_3709.t1,4,7,1,14,0,2
TrSC58v2_3710.t1.e1,2,10,8,15,6,7
TrSC58v2_3710.t1,1,1,0,2,1,6
TrSC58v2_3712.t1.e1,3,0,0,16,7,23
TrSC58v2_3712.t1,0,0,0,2,5,17
TrSC58v2_3713.t1.e1,4,0,4,3,4,7
TrSC58v2_3713.t1,0,0,0,2,0,6
TrSC58v2_3714.t1.e1,35,40,52,90,77,218
TrSC58v2_3714.t1,3,25,35,67,62,160
TrSC58v2_3715.t1.e1,10,14,20,31,14,76
TrSC58v2_3715.t1,0,9,16,25,12,70
TrSC58v2_3716.t1.e1,10,0,13,10,5,35
TrSC58v2_3716.t1,0,0,9,9,4,30
TrSC58v2_3718.t1.e1,12,0,2,14,7,14
TrSC58v2_3718.t1,10,0,2,3,6,12
MSTRG.3421.1,0,3,4,42,22,71
TrSC58v2_3521.t1,0,0,0,16,3,32
TrSC58v2_3521.t1.e1,0,9,20,19,5,40
MSTRG.3426.1,0,5,11,24,19,25
MSTRG.3430.2,0,8,0,1,3,6
TrSC58v2_3528.t1,0,1,0,2,0,6
TrSC58v2_3528.t1.e1,0,1,2,4,2,5
TrSC58v2_3531.t1,0,2,0,2,0,5
TrSC58v2_3531.t1.e1,0,2,0,4,0,5
TrSC58v2_3533.t1,0,1,1,1,2,12
TrSC58v2_3533.t1.e1,0,1,1,2,2,13
TrSC58v2_3538.t1,0,0,0,1,0,0
TrSC58v2_3538.t1.e1,0,0,4,15,4,15
TrSC58v2_3539.t1,0,1,1,0,1,5
TrSC58v2_3539.t1.e1,0,3,1,8,2,5
MSTRG.3458.1,0,0,25,64,0,115
TrSC58v2_3564.t1,0,0,0,0,0,12
TrSC58v2_3564.t1.e1,0,0,7,0,7,17
TrSC58v2_3566.t1,0,0,1,8,6,2
TrSC58v2_3566.t1.e1,0,0,3,10,8,88
TrSC58v2_3567.t1,0,6,13,20,5,23
TrSC58v2_3567.t1.e1,0,6,14,21,8,25
TrSC58v2_3573.t1,0,0,3,3,2,15
TrSC58v2_3573.t1.e1,0,6,8,11,4,16
TrSC58v2_3575.t1,0,0,0,6,2,16
TrSC58v2_3575.t1.e1,0,7,0,7,7,18
TrSC58v2_3580.t1,0,0,0,2,0,9
TrSC58v2_3580.t1.e1,0,0,0,9,0,9
TrSC58v2_3582.t1,0,2,0,2,1,23
TrSC58v2_3582.t1.e1,0,2,15,9,19,25
MSTRG.3487.1,0,7,0,20,4,33
TrSC58v2_3589.t1,0,0,1,5,0,18
TrSC58v2_3589.t1.e1,0,0,6,7,0,21
TrSC58v2_3590.t1,0,0,1,1,4,15
TrSC58v2_3590.t1.e1,0,0,7,2,5,17
TrSC58v2_3599.t1,0,9,4,8,10,38
TrSC58v2_3599.t1.e1,0,10,31,10,12,40
TrSC58v2_3604.t1,0,0,3,1,0,16
TrSC58v2_3604.t1.e1,0,0,4,2,0,18
TrSC58v2_3605.t1,0,0,1,1,0,5
TrSC58v2_3605.t1.e1,0,0,3,1,0,6
TrSC58v2_3606.t1,0,4,4,13,12,29
TrSC58v2_3606.t1.e1,0,6,4,14,14,31
TrSC58v2_3610.t1,0,0,1,5,0,11
TrSC58v2_3610.t1.e1,0,0,15,6,6,13
TrSC58v2_3611.t1,0,1,0,0,4,2
TrSC58v2_3611.t1.e1,0,4,13,8,5,22
TrSC58v2_3612.t1,0,1,0,0,1,0
TrSC58v2_3612.t1.e1,0,2,4,0,1,0
TrSC58v2_3614.t1,0,0,0,1,2,53
TrSC58v2_3614.t1.e1,0,5,10,36,31,66
TrSC58v2_3616.t1,0,0,0,8,0,14
TrSC58v2_3616.t1.e1,0,0,8,10,8,17
TrSC58v2_3618.t1,0,1,3,7,3,2
TrSC58v2_3618.t1.e1,0,2,18,8,3,26
TrSC58v2_3619.t1,0,0,0,0,0,0
TrSC58v2_3619.t1.e1,0,0,0,0,0,0
TrSC58v2_3620.t1,0,0,0,0,2,9
TrSC58v2_3620.t1.e1,0,4,8,13,2,9
TrSC58v2_3629.t1,0,0,0,0,1,21
TrSC58v2_3629.t1.e1,0,3,7,16,22,25
TrSC58v2_3631.t1,0,5,0,0,0,14
TrSC58v2_3631.t1.e1,0,6,0,5,4,15
TrSC58v2_3641.t1,0,0,0,4,7,20
TrSC58v2_3641.t1.e1,0,0,4,5,9,23
TrSC58v2_3642.t1,0,6,4,9,4,31
TrSC58v2_3642.t1.e1,0,8,5,11,5,35
TrSC58v2_3647.t1,0,1,3,2,6,5
TrSC58v2_3647.t1.e1,0,4,3,6,6,5
TrSC58v2_3650.t1,0,0,0,0,0,21
TrSC58v2_3650.t1.e1,0,4,0,15,4,26
TrSC58v2_3660.t1,0,1,0,0,1,2
TrSC58v2_3660.t1.e1,0,3,0,4,12,14
TrSC58v2_3667.t1,0,1,1,1,1,2
TrSC58v2_3667.t1.e1,0,1,1,1,1,2
TrSC58v2_3668.t1,0,1,1,1,1,2
TrSC58v2_3668.t1.e1,0,1,1,1,1,2
TrSC58v2_3669.t1,0,0,1,0,0,1
TrSC58v2_3669.t1.e1,0,0,1,2,0,3
TrSC58v2_3670.t1,0,0,0,0,0,0
TrSC58v2_3670.t1.e1,0,0,0,2,0,3
TrSC58v2_3671.t1,0,0,0,0,0,1
TrSC58v2_3671.t1.e1,0,0,1,0,0,3
TrSC58v2_3672.t1,0,0,0,6,8,0
TrSC58v2_3672.t1.e1,0,4,28,7,9,49
TrSC58v2_3674.t1,0,1,2,8,1,17
TrSC58v2_3674.t1.e1,0,2,10,9,7,20
TrSC58v2_3675.t1,0,0,8,7,3,36
TrSC58v2_3675.t1.e1,0,7,9,9,3,43
TrSC58v2_3518.t1,2,1,10,10,7,35
TrSC58v2_3518.t1.e1,2,3,13,14,9,42
TrSC58v2_3519.t1.e1,12,6,12,16,22,88
TrSC58v2_3519.t1,0,2,11,14,17,60
TrSC58v2_3520.t1.e1,3,12,22,13,6,51
TrSC58v2_3520.t1,2,2,19,3,5,44
TrSC58v2_3522.t1.e1,4,0,13,12,24,56
TrSC58v2_3522.t1,0,0,11,12,20,45
TrSC58v2_3523.t1.e1,2,4,15,23,24,75
TrSC58v2_3523.t1,2,0,13,2,2,65
TrSC58v2_3524.t1.e1,14,10,22,27,29,66
TrSC58v2_3524.t1,0,2,1,23,1,48
TrSC58v2_3525.t1.e1,8,6,4,8,14,30
TrSC58v2_3525.t1,0,5,3,8,12,27
TrSC58v2_3526.t1.e1,2,2,7,3,3,14
TrSC58v2_3526.t1,1,1,0,2,1,2
TrSC58v2_3527.t1.e1,1,1,5,6,4,12
TrSC58v2_3527.t1,1,1,0,5,4,16
TrSC58v2_3529.t1,1,3,19,2,0,8
TrSC58v2_3529.t1.e1,1,5,1,3,8,6
MSTRG.3432.2,9,5,2,0,0,37
TrSC58v2_3530.t1.e1,12,7,13,17,21,46
TrSC58v2_3530.t1,11,0,12,14,3,42
TrSC58v2_3532.t1,1,2,13,5,4,29
TrSC58v2_3532.t1.e1,1,2,9,7,5,24
TrSC58v2_3534.t1.e1,13,9,24,19,20,37
TrSC58v2_3534.t1,10,0,1,16,0,29
TrSC58v2_3535.t1.e1,1,0,2,2,0,5
TrSC58v2_3535.t1,1,0,2,2,0,4
TrSC58v2_3536.t1.e1,22,5,40,74,40,133
TrSC58v2_3536.t1,18,0,29,62,32,150
TrSC58v2_3537.t1.e1,7,28,39,57,31,101
TrSC58v2_3537.t1,5,25,37,51,31,95
TrSC58v2_3540.t1.e1,3,8,11,16,8,16
TrSC58v2_3540.t1,1,0,9,2,0,13
TrSC58v2_3541.t1.e1,27,5,11,16,16,93
TrSC58v2_3541.t1,1,4,10,13,12,3
TrSC58v2_3542.t1.e1,11,3,7,2,4,48
TrSC58v2_3542.t1,2,0,6,1,3,1
TrSC58v2_3543.t1.e1,12,8,21,40,37,93
TrSC58v2_3543.t1,11,1,17,34,0,87
TrSC58v2_3544.t1.e1,12,15,41,50,46,184
TrSC58v2_3544.t1,11,10,38,46,30,1
TrSC58v2_3545.t1.e1,7,4,12,22,8,28
TrSC58v2_3545.t1,0,0,10,0,0,24
TrSC58v2_3546.t1.e1,10,12,17,6,26,41
TrSC58v2_3546.t1,7,9,3,4,0,2
TrSC58v2_3547.t1.e1,9,4,5,13,9,34
TrSC58v2_3547.t1,8,3,3,11,6,24
TrSC58v2_3548.t1.e1,28,6,38,61,40,136
TrSC58v2_3548.t1,20,5,37,57,34,105
TrSC58v2_3549.t1.e1,7,11,37,44,5,46
TrSC58v2_3549.t1,5,0,0,2,4,34
TrSC58v2_3550.t1,2,2,33,61,39,129
TrSC58v2_3550.t1.e1,27,40,36,67,41,146
TrSC58v2_3551.t1,8,9,4,41,20,116
TrSC58v2_3551.t1.e1,11,10,67,43,21,129
TrSC58v2_3552.t1,6,2,7,4,5,74
TrSC58v2_3552.t1.e1,8,3,8,5,5,75
MSTRG.3455.1,52,55,79,158,83,516
TrSC58v2_3553.t1,13,9,16,28,17,64
TrSC58v2_3553.t1.e1,10,10,17,33,21,73
TrSC58v2_3554.t1,11,10,11,47,22,131
TrSC58v2_3554.t1.e1,12,10,76,51,24,138
TrSC58v2_3555.t1,8,22,57,71,47,237
TrSC58v2_3555.t1.e1,14,24,62,74,41,260
TrSC58v2_3556.t1,15,11,33,42,28,180
TrSC58v2_3556.t1.e1,21,13,36,43,29,29
TrSC58v2_3557.t1,3,0,13,13,7,13
TrSC58v2_3557.t1.e1,3,27,14,16,10,12
TrSC58v2_3558.t1,1,2,16,14,6,11
TrSC58v2_3558.t1.e1,2,3,16,15,7,38
TrSC58v2_3559.t1,3,8,8,7,0,25
TrSC58v2_3559.t1.e1,4,10,12,8,21,23
TrSC58v2_3560.t1,10,0,18,22,9,46
TrSC58v2_3560.t1.e1,12,8,21,28,13,58
TrSC58v2_3561.t1,2,0,0,0,0,4
TrSC58v2_3561.t1.e1,3,0,0,0,0,5
TrSC58v2_3562.t1,13,17,31,81,77,214
TrSC58v2_3562.t1.e1,15,23,38,87,86,241
TrSC58v2_3563.t1,5,0,6,0,3,27
TrSC58v2_3563.t1.e1,6,0,7,4,4,29
TrSC58v2_3565.t1,0,0,1,18,1,14
TrSC58v2_3565.t1.e1,25,0,6,20,15,16
TrSC58v2_3568.t1,1,0,0,2,4,19
TrSC58v2_3568.t1.e1,1,12,4,14,4,21
TrSC58v2_3569.t1,1,0,11,0,2,14
TrSC58v2_3569.t1.e1,5,5,9,11,14,16
TrSC58v2_3570.t1,6,1,10,17,10,48
TrSC58v2_3570.t1.e1,8,3,8,19,13,52
TrSC58v2_3571.t1,0,10,12,10,9,42
TrSC58v2_3571.t1.e1,3,13,14,12,9,53
TrSC58v2_3572.t1,1,0,1,2,2,35
TrSC58v2_3572.t1.e1,19,4,8,11,16,38
TrSC58v2_3574.t1,6,5,8,11,0,43
TrSC58v2_3574.t1.e1,7,7,11,14,4,47
TrSC58v2_3576.t1,6,9,9,18,6,49
TrSC58v2_3576.t1.e1,7,11,12,22,6,57
TrSC58v2_3577.t1,4,2,7,7,8,43
TrSC58v2_3577.t1.e1,5,12,8,8,8,48
TrSC58v2_3578.t1,0,1,0,11,2,30
TrSC58v2_3578.t1.e1,9,11,12,15,3,35
TrSC58v2_3579.t1,0,0,7,15,1,38
TrSC58v2_3579.t1.e1,3,0,10,16,11,40
TrSC58v2_3581.t1,5,0,6,19,15,3
TrSC58v2_3581.t1.e1,7,0,8,23,19,95
TrSC58v2_3583.t1,10,6,3,11,8,44
TrSC58v2_3583.t1.e1,12,8,23,12,9,47
TrSC58v2_3584.t1,8,9,16,13,12,56
TrSC58v2_3584.t1.e1,10,13,17,40,12,67
TrSC58v2_3585.t1,0,1,2,4,2,32
TrSC58v2_3585.t1.e1,8,7,30,36,30,40
TrSC58v2_3586.t1,1,1,0,1,1,30
TrSC58v2_3586.t1.e1,6,16,0,8,20,5
TrSC58v2_3587.t1,4,10,8,2,0,12
TrSC58v2_3587.t1.e1,5,10,9,10,6,14
TrSC58v2_3588.t1,6,1,4,33,40,95
TrSC58v2_3588.t1.e1,29,39,59,102,44,111
MSTRG.3493.1,42,0,40,156,0,0
TrSC58v2_3591.t1,19,36,65,41,89,243
TrSC58v2_3591.t1.e1,17,37,72,55,111,233
TrSC58v2_3592.t1,3,10,18,34,2,80
TrSC58v2_3592.t1.e1,4,12,22,38,83,86
MSTRG.3494.1,89,60,171,286,185,648
TrSC58v2_3593.t1,37,22,63,122,71,303
TrSC58v2_3593.t1.e1,43,28,74,148,88,334
TrSC58v2_3594.t1,4,9,25,22,19,54
TrSC58v2_3594.t1.e1,5,11,28,32,21,60
MSTRG.3498.1,44,76,197,320,173,595
TrSC58v2_3595.t1,9,3,9,3,19,11
TrSC58v2_3595.t1.e1,10,3,9,3,23,11
TrSC58v2_3596.t1,0,1,0,3,6,21
TrSC58v2_3596.t1.e1,7,2,14,11,7,24
TrSC58v2_3597.t1,0,0,13,7,8,46
TrSC58v2_3597.t1.e1,8,4,16,9,10,54
TrSC58v2_3598.t1,5,5,16,16,2,104
TrSC58v2_3598.t1.e1,7,6,20,18,28,16
TrSC58v2_3600.t1,9,0,12,17,14,54
TrSC58v2_3600.t1.e1,11,3,13,22,18,63
TrSC58v2_3601.t1,4,1,8,12,9,49
TrSC58v2_3601.t1.e1,5,3,9,13,10,55
TrSC58v2_3602.t1,1,0,1,1,3,2
TrSC58v2_3602.t1.e1,6,0,3,6,11,2
TrSC58v2_3603.t1,7,24,42,39,31,142
TrSC58v2_3603.t1.e1,8,30,46,43,33,149
TrSC58v2_3607.t1,3,3,19,7,6,57
TrSC58v2_3607.t1.e1,4,4,17,8,8,67
TrSC58v2_3608.t1,1,0,0,4,1,6
TrSC58v2_3608.t1.e1,5,0,0,4,2,31
TrSC58v2_3609.t1,5,1,0,0,2,1
TrSC58v2_3609.t1.e1,6,7,4,15,15,38
TrSC58v2_3613.t1.e1,4,4,7,11,12,32
TrSC58v2_3613.t1,0,0,6,10,0,21
TrSC58v2_3615.t1.e1,8,11,52,42,8,119
TrSC58v2_3615.t1,0,9,3,34,6,79
TrSC58v2_3617.t1.e1,7,4,17,29,6,23
TrSC58v2_3617.t1,6,0,1,23,5,18
TrSC58v2_3621.t1,7,0,9,11,14,31
TrSC58v2_3621.t1.e1,8,3,8,10,3,30
TrSC58v2_3622.t1,3,3,3,7,2,13
TrSC58v2_3622.t1.e1,3,3,4,9,2,14
TrSC58v2_3623.t1,21,15,25,79,38,99
TrSC58v2_3623.t1.e1,18,12,27,63,26,88
TrSC58v2_3624.t1,6,10,15,34,18,92
TrSC58v2_3624.t1.e1,8,11,20,37,21,101
TrSC58v2_3625.t1,9,7,20,22,22,57
TrSC58v2_3625.t1.e1,10,11,23,26,26,67
TrSC58v2_3626.t1,1,2,11,6,6,28
TrSC58v2_3626.t1.e1,7,10,12,7,8,31
TrSC58v2_3627.t1,1,0,1,3,0,6
TrSC58v2_3627.t1.e1,5,0,4,3,2,7
TrSC58v2_3628.t1,0,0,0,1,3,14
TrSC58v2_3628.t1.e1,3,0,0,4,3,16
TrSC58v2_3630.t1,5,3,12,4,2,41
TrSC58v2_3630.t1.e1,6,4,13,34,13,45
TrSC58v2_3632.t1,0,0,7,3,1,1
TrSC58v2_3632.t1.e1,10,7,8,13,4,13
TrSC58v2_3633.t1,4,10,11,2,12,58
TrSC58v2_3633.t1.e1,5,12,13,58,14,62
TrSC58v2_3634.t1,0,0,0,0,3,22
TrSC58v2_3634.t1.e1,8,4,24,12,4,24
TrSC58v2_3635.t1,8,9,17,31,10,58
TrSC58v2_3635.t1.e1,11,14,22,37,13,67
TrSC58v2_3636.t1,0,0,8,17,2,39
TrSC58v2_3636.t1.e1,4,3,9,19,6,44
TrSC58v2_3637.t1,0,3,1,28,14,85
TrSC58v2_3637.t1.e1,5,5,54,42,15,89
TrSC58v2_3638.t1,3,1,2,22,2,46
TrSC58v2_3638.t1.e1,3,15,22,24,16,53
TrSC58v2_3639.t1,0,5,30,52,13,103
TrSC58v2_3639.t1.e1,53,7,31,56,14,106
TrSC58v2_3640.t1,0,0,0,13,0,4
TrSC58v2_3640.t1.e1,4,7,3,16,4,60
TrSC58v2_3643.t1,0,1,13,12,0,21
TrSC58v2_3643.t1.e1,7,10,14,14,8,26
TrSC58v2_3644.t1,4,2,3,21,15,35
TrSC58v2_3644.t1.e1,5,9,9,22,16,37
TrSC58v2_3645.t1,0,6,0,20,6,24
TrSC58v2_3645.t1.e1,4,1,6,24,8,30
TrSC58v2_3646.t1,1,3,12,23,16,57
TrSC58v2_3646.t1.e1,4,4,13,26,16,63
TrSC58v2_3648.t1,1,11,34,26,39,101
TrSC58v2_3648.t1.e1,23,12,37,31,41,116
TrSC58v2_3649.t1,0,4,13,10,0,55
TrSC58v2_3649.t1.e1,12,6,16,11,24,63
TrSC58v2_3651.t1,1,1,1,8,1,5
TrSC58v2_3651.t1.e1,1,2,5,9,6,22
TrSC58v2_3652.t1,1,0,1,3,2,5
TrSC58v2_3652.t1.e1,1,1,2,4,2,6
TrSC58v2_3653.t1,1,0,1,3,2,5
TrSC58v2_3653.t1.e1,1,1,2,4,2,6
TrSC58v2_3654.t1,1,0,1,3,2,5
TrSC58v2_3654.t1.e1,1,1,2,4,2,6
TrSC58v2_3655.t1,1,0,1,3,2,6
TrSC58v2_3655.t1.e1,1,1,2,4,2,7
TrSC58v2_3656.t1,1,0,1,3,2,5
TrSC58v2_3656.t1.e1,1,1,2,4,2,8
TrSC58v2_3657.t1,1,0,1,3,2,6
TrSC58v2_3657.t1.e1,1,1,2,4,2,7
TrSC58v2_3658.t1,2,1,2,16,7,30
TrSC58v2_3658.t1.e1,2,3,5,16,8,30
TrSC58v2_3659.t1,0,4,1,2,10,21
TrSC58v2_3659.t1.e1,3,5,12,22,12,25
TrSC58v2_3661.t1,5,5,9,22,17,58
TrSC58v2_3661.t1.e1,7,6,9,25,23,68
TrSC58v2_3662.t1,0,0,0,1,0,30
TrSC58v2_3662.t1.e1,4,0,3,10,3,34
TrSC58v2_3663.t1,5,5,22,22,18,65
TrSC58v2_3663.t1.e1,6,4,28,26,14,69
TrSC58v2_3664.t1,0,6,7,2,12,2
TrSC58v2_3664.t1.e1,12,7,8,10,15,99
TrSC58v2_3665.t1,0,0,0,4,1,14
TrSC58v2_3665.t1.e1,4,0,4,5,2,17
TrSC58v2_3666.t1,0,1,8,4,1,18
TrSC58v2_3666.t1.e1,9,7,10,5,3,21
TrSC58v2_3673.t1,3,0,1,9,9,14
TrSC58v2_3673.t1.e1,3,0,15,10,10,15
TrSC58v2_3676.t1,17,0,9,10,27,153
TrSC58v2_3676.t1.e1,19,0,65,127,39,181
TrSC58v2_3076.t1,0,0,0,8,2,17
TrSC58v2_3076.t1.e1,0,0,8,10,8,18
TrSC58v2_3087.t1,0,1,3,9,6,14
TrSC58v2_3087.t1.e1,0,2,3,10,6,15
TrSC58v2_3092.t1,0,3,22,13,15,49
TrSC58v2_3092.t1.e1,0,4,25,14,20,52
TrSC58v2_3093.t1,0,0,0,11,1,1
TrSC58v2_3093.t1.e1,0,7,4,14,16,55
TrSC58v2_3095.t1,0,2,1,15,7,39
TrSC58v2_3095.t1.e1,0,3,8,18,11,45
TrSC58v2_3096.t1,0,1,1,3,3,9
TrSC58v2_3096.t1.e1,0,2,1,4,4,10
TrSC58v2_3099.t1,0,0,0,0,1,4
TrSC58v2_3099.t1.e1,0,0,2,2,1,5
TrSC58v2_3103.t1,0,0,10,10,5,4
TrSC58v2_3103.t1.e1,0,0,13,11,7,37
MSTRG.3015.1,0,0,14,25,9,27
MSTRG.3016.1,0,1,3,2,0,24
TrSC58v2_3110.t1,0,0,0,6,0,22
TrSC58v2_3110.t1.e1,0,7,15,9,16,24
MSTRG.3025.2,0,0,96,0,0,0
TrSC58v2_3114.t1,0,2,17,13,5,23
TrSC58v2_3118.t1,0,3,26,14,7,57
TrSC58v2_3118.t1.e1,0,4,30,16,8,70
TrSC58v2_3119.t1,0,1,7,13,5,32
TrSC58v2_3119.t1.e1,0,1,10,14,6,37
TrSC58v2_3123.t1,0,0,0,7,1,3
TrSC58v2_3123.t1.e1,0,0,8,8,2,35
TrSC58v2_3124.t1,0,0,0,0,5,7
TrSC58v2_3124.t1.e1,0,0,12,0,7,8
TrSC58v2_3131.t1,0,0,0,1,1,2
TrSC58v2_3131.t1.e1,0,0,2,1,2,2
TrSC58v2_3138.t1,0,0,0,8,3,10
TrSC58v2_3138.t1.e1,0,0,15,9,4,11
TrSC58v2_3141.t1,0,0,1,1,1,5
TrSC58v2_3141.t1.e1,0,0,11,4,2,6
MSTRG.3055.1,0,0,109,0,79,223
TrSC58v2_3153.t1,0,1,1,2,4,1
TrSC58v2_3153.t1.e1,0,8,4,15,4,9
TrSC58v2_3168.t1,0,0,1,6,9,0
TrSC58v2_3168.t1.e1,0,0,2,4,10,16
TrSC58v2_3169.t1,0,0,0,16,7,19
TrSC58v2_3169.t1.e1,0,9,9,10,2,22
TrSC58v2_3172.t1,0,3,14,3,1,6
TrSC58v2_3172.t1.e1,0,1,4,1,1,7
TrSC58v2_3173.t1,0,2,0,0,0,12
TrSC58v2_3173.t1.e1,0,4,7,5,12,13
TrSC58v2_3190.t1,0,0,3,3,0,3
TrSC58v2_3190.t1.e1,0,0,3,3,0,4
TrSC58v2_3192.t1,0,0,0,1,0,12
TrSC58v2_3192.t1.e1,0,4,0,8,0,13
TrSC58v2_3194.t1,0,0,2,0,0,4
TrSC58v2_3194.t1.e1,0,0,2,0,0,6
TrSC58v2_3195.t1,0,0,0,0,1,0
TrSC58v2_3195.t1.e1,0,0,0,0,1,2
TrSC58v2_3196.t1,0,1,0,0,7,26
TrSC58v2_3196.t1.e1,0,14,5,5,9,30
TrSC58v2_3197.t1,0,4,4,1,9,37
TrSC58v2_3197.t1.e1,0,5,5,27,11,46
TrSC58v2_3205.t1,0,0,0,0,0,7
TrSC58v2_3205.t1.e1,0,0,0,0,0,7
TrSC58v2_3211.t1,0,3,2,0,0,10
TrSC58v2_3211.t1.e1,0,7,4,3,7,9
TrSC58v2_3212.t1,0,5,0,0,0,7
TrSC58v2_3212.t1.e1,0,5,0,0,0,6
TrSC58v2_3215.t1,0,0,1,4,0,25
TrSC58v2_3215.t1.e1,0,0,14,5,12,29
MSTRG.3130.3,0,0,39,0,0,0
TrSC58v2_3230.t1,0,1,0,3,0,11
TrSC58v2_3230.t1.e1,0,6,0,9,0,11
MSTRG.3136.1,0,0,16,30,19,102
TrSC58v2_3234.t1,0,1,1,3,0,13
TrSC58v2_3234.t1.e1,0,2,6,4,0,14
TrSC58v2_3239.t1,0,1,1,0,9,3
TrSC58v2_3239.t1.e1,0,1,1,8,11,11
TrSC58v2_3264.t1,0,0,7,0,1,14
TrSC58v2_3264.t1.e1,0,0,8,23,12,17
TrSC58v2_3277.t1,0,1,2,1,0,3
TrSC58v2_3277.t1.e1,0,1,3,2,0,20
TrSC58v2_3278.t1,0,1,2,1,2,6
TrSC58v2_3278.t1.e1,0,2,8,4,4,21
TrSC58v2_3282.t1,0,0,1,1,0,3
TrSC58v2_3282.t1.e1,0,0,1,1,0,5
TrSC58v2_3283.t1,0,0,1,0,0,0
TrSC58v2_3283.t1.e1,0,0,1,0,0,0
TrSC58v2_3284.t1,0,0,0,0,0,0
TrSC58v2_3284.t1.e1,0,0,3,0,0,0
TrSC58v2_3287.t1,0,0,1,40,15,72
TrSC58v2_3287.t1.e1,0,14,22,43,16,89
TrSC58v2_3289.t1,0,0,1,0,1,2
TrSC58v2_3289.t1.e1,0,0,8,5,1,18
TrSC58v2_3293.t1,0,0,1,0,1,14
TrSC58v2_3293.t1.e1,0,4,3,0,2,15
MSTRG.3195.1,0,0,22,25,30,145
TrSC58v2_3305.t1,0,0,0,11,9,24
TrSC58v2_3305.t1.e1,0,0,3,12,10,27
TrSC58v2_3314.t1,0,3,10,10,7,17
TrSC58v2_3314.t1.e1,0,4,13,11,8,21
TrSC58v2_3315.t1,0,0,5,0,0,13
TrSC58v2_3315.t1.e1,0,0,6,5,0,18
TrSC58v2_3325.t1,0,0,0,2,2,1
TrSC58v2_3325.t1.e1,0,0,4,19,4,35
TrSC58v2_3326.t1,0,0,0,1,1,1
TrSC58v2_3326.t1.e1,0,0,0,5,1,12
TrSC58v2_3330.t1,0,0,0,1,6,0
TrSC58v2_3330.t1.e1,0,0,0,16,6,17
TrSC58v2_3331.t1,0,0,0,5,3,18
TrSC58v2_3331.t1.e1,0,0,7,6,30,20
TrSC58v2_3337.t1,0,0,2,7,8,21
TrSC58v2_3337.t1.e1,0,3,21,8,10,23
TrSC58v2_3342.t1,0,3,1,2,1,27
TrSC58v2_3342.t1.e1,0,4,7,16,3,29
TrSC58v2_3350.t1,0,0,0,0,0,1
TrSC58v2_3350.t1.e1,0,0,0,0,0,25
TrSC58v2_3353.t1,0,1,0,2,1,3
TrSC58v2_3353.t1.e1,0,2,0,3,1,3
TrSC58v2_3355.t1,0,1,1,2,1,2
TrSC58v2_3355.t1.e1,0,3,2,4,3,17
TrSC58v2_3356.t1,0,1,3,5,2,11
TrSC58v2_3356.t1.e1,0,2,4,6,12,13
TrSC58v2_3359.t1,0,0,1,0,2,6
TrSC58v2_3359.t1.e1,0,3,1,0,2,6
TrSC58v2_3077.t1.e1,3,7,3,9,12,28
TrSC58v2_3077.t1,0,6,2,7,6,25
TrSC58v2_3078.t1.e1,3,7,15,14,13,54
TrSC58v2_3078.t1,2,6,12,10,10,38
TrSC58v2_3079.t1.e1,3,3,2,12,17,22
TrSC58v2_3079.t1,0,3,0,1,1,17
TrSC58v2_3080.t1.e1,2,5,19,9,10,56
TrSC58v2_3080.t1,2,4,2,7,7,38
TrSC58v2_3081.t1.e1,3,3,2,12,18,22
TrSC58v2_3081.t1,0,3,0,1,1,17
TrSC58v2_3082.t1.e1,2,4,10,26,16,40
TrSC58v2_3082.t1,2,0,8,1,0,27
TrSC58v2_3083.t1.e1,8,8,1,6,6,10
TrSC58v2_3083.t1,1,2,2,2,6,4
MSTRG.2996.2,14,12,90,164,103,382
MSTRG.2996.3,17,33,0,40,24,167
TrSC58v2_3084.t1.e1,10,5,17,17,20,74
TrSC58v2_3084.t1,8,3,8,5,8,8
TrSC58v2_3085.t1.e1,4,7,2,9,9,48
TrSC58v2_3085.t1,0,6,0,8,7,41
TrSC58v2_3086.t1.e1,2,0,0,3,3,10
TrSC58v2_3086.t1,0,0,0,0,1,1
TrSC58v2_3088.t1.e1,9,6,28,29,33,77
TrSC58v2_3088.t1,0,4,0,24,0,71
TrSC58v2_3089.t1.e1,20,15,29,16,96,175
TrSC58v2_3089.t1,15,13,35,92,0,162
TrSC58v2_3090.t1.e1,8,6,4,7,3,33
TrSC58v2_3090.t1,0,5,3,5,0,26
TrSC58v2_3091.t1.e1,2,0,0,4,3,9
TrSC58v2_3091.t1,0,0,0,2,2,7
TrSC58v2_3094.t1.e1,2,7,12,10,10,43
TrSC58v2_3094.t1,1,0,9,0,9,32
MSTRG.3006.1,9,4,15,42,31,85
TrSC58v2_3097.t1.e1,30,19,43,57,24,120
TrSC58v2_3097.t1,2,17,1,52,21,112
TrSC58v2_3098.t1.e1,9,15,10,29,4,108
TrSC58v2_3098.t1,7,11,9,23,3,0
TrSC58v2_3100.t1.e1,4,4,6,5,4,11
TrSC58v2_3100.t1,3,3,5,3,3,12
TrSC58v2_3101.t1.e1,4,4,6,5,4,11
TrSC58v2_3101.t1,3,3,4,3,3,10
TrSC58v2_3102.t1.e1,2,0,3,3,2,3
TrSC58v2_3102.t1,1,0,0,2,2,3
TrSC58v2_3104.t1,1,0,0,0,1,0
TrSC58v2_3104.t1.e1,2,1,7,1,1,5
TrSC58v2_3105.t1.e1,8,1,14,1,7,34
TrSC58v2_3105.t1,0,1,1,1,1,28
TrSC58v2_3106.t1.e1,6,7,4,0,6,11
TrSC58v2_3106.t1,2,0,0,0,2,10
TrSC58v2_3107.t1.e1,15,5,7,16,15,47
TrSC58v2_3107.t1,0,5,6,13,12,43
TrSC58v2_3108.t1.e1,6,4,8,7,5,18
TrSC58v2_3108.t1,5,0,7,1,0,16
TrSC58v2_3109.t1.e1,9,11,38,15,14,130
TrSC58v2_3109.t1,8,10,35,14,13,124
TrSC58v2_3111.t1.e1,13,13,16,56,22,74
TrSC58v2_3111.t1,11,11,13,1,20,63
TrSC58v2_3112.t1.e1,6,4,13,8,8,26
TrSC58v2_3112.t1,2,0,11,0,7,22
MSTRG.3025.1,57,0,0,0,0,0
TrSC58v2_3113.t1,26,3,19,69,36,218
TrSC58v2_3113.t1.e1,19,43,18,90,39,265
TrSC58v2_3114.t1.e1,8,63,69,165,79,555
TrSC58v2_3115.t1.e1,6,0,2,17,0,19
TrSC58v2_3115.t1,0,0,1,3,0,1
TrSC58v2_3116.t1.e1,11,6,26,14,12,48
TrSC58v2_3116.t1,2,0,22,12,9,43
TrSC58v2_3117.t1.e1,1,5,9,16,7,23
TrSC58v2_3117.t1,1,2,8,15,6,20
TrSC58v2_3120.t1.e1,66,42,90,163,120,407
TrSC58v2_3120.t1,3,37,83,141,107,342
MSTRG.3032.1,71,54,202,358,231,891
TrSC58v2_3121.t1.e1,21,18,33,75,67,152
TrSC58v2_3121.t1,16,16,25,58,53,134
TrSC58v2_3122.t1.e1,3,0,1,6,11,15
TrSC58v2_3122.t1,1,0,1,5,0,14
TrSC58v2_3125.t1.e1,3,4,13,21,10,110
TrSC58v2_3125.t1,3,3,11,20,7,94
TrSC58v2_3126.t1.e1,5,20,23,27,14,116
TrSC58v2_3126.t1,5,20,19,23,10,100
TrSC58v2_3127.t1.e1,5,16,18,51,28,95
TrSC58v2_3127.t1,5,0,16,41,24,84
TrSC58v2_3128.t1.e1,8,1,7,3,5,14
TrSC58v2_3128.t1,6,0,7,2,4,11
TrSC58v2_3129.t1.e1,3,2,2,2,3,3
TrSC58v2_3129.t1,2,1,0,1,1,2
TrSC58v2_3130.t1.e1,4,1,3,3,6,14
TrSC58v2_3130.t1,0,0,2,1,4,16
TrSC58v2_3132.t1.e1,4,8,8,16,4,33
TrSC58v2_3132.t1,0,0,0,1,0,1
TrSC58v2_3133.t1.e1,1,0,5,13,5,35
TrSC58v2_3133.t1,1,0,4,1,0,2
TrSC58v2_3134.t1.e1,5,8,17,30,14,73
TrSC58v2_3134.t1,4,7,14,28,13,63
TrSC58v2_3135.t1.e1,6,7,4,15,11,16
TrSC58v2_3135.t1,2,1,0,1,0,14
TrSC58v2_3136.t1.e1,10,9,32,29,15,66
TrSC58v2_3136.t1,7,6,23,24,15,60
TrSC58v2_3137.t1.e1,4,0,8,5,0,34
TrSC58v2_3137.t1,0,0,6,4,0,1
TrSC58v2_3139.t1.e1,27,53,51,109,68,269
TrSC58v2_3139.t1,19,5,34,82,54,204
TrSC58v2_3140.t1.e1,32,27,64,103,61,248
TrSC58v2_3140.t1,2,22,53,76,46,190
TrSC58v2_3142.t1.e1,15,10,9,15,25,106
TrSC58v2_3142.t1,11,9,7,13,17,2
TrSC58v2_3143.t1.e1,31,51,71,110,40,192
TrSC58v2_3143.t1,25,43,63,85,37,194
TrSC58v2_3144.t1,31,13,23,14,21,118
TrSC58v2_3144.t1.e1,35,104,101,180,75,351
TrSC58v2_3145.t1.e1,7,8,10,14,11,54
TrSC58v2_3145.t1,5,0,7,11,9,2
TrSC58v2_3146.t1.e1,5,4,4,19,18,28
TrSC58v2_3146.t1,4,0,4,15,13,25
TrSC58v2_3147.t1.e1,1,17,10,16,19,69
TrSC58v2_3147.t1,1,2,3,14,3,9
TrSC58v2_3148.t1.e1,1,0,0,5,0,3
TrSC58v2_3148.t1,1,0,0,4,0,3
TrSC58v2_3149.t1.e1,15,15,47,48,41,156
TrSC58v2_3149.t1,13,14,41,4,38,162
MSTRG.3061.1,23,27,79,68,63,256
TrSC58v2_3150.t1.e1,7,4,0,17,20,64
TrSC58v2_3150.t1,0,0,29,14,15,0
TrSC58v2_3151.t1.e1,10,17,36,34,39,98
TrSC58v2_3151.t1,1,15,31,31,34,89
TrSC58v2_3152.t1.e1,25,56,58,85,51,267
TrSC58v2_3152.t1,20,35,46,69,40,226
TrSC58v2_3154.t1.e1,25,50,50,70,46,209
TrSC58v2_3154.t1,19,36,41,54,36,155
TrSC58v2_3155.t1.e1,26,16,64,79,47,197
TrSC58v2_3155.t1,21,12,55,72,39,191
TrSC58v2_3156.t1.e1,9,15,59,63,1,142
TrSC58v2_3156.t1,7,11,0,38,95,105
TrSC58v2_3157.t1.e1,11,0,8,11,10,40
TrSC58v2_3157.t1,7,0,0,8,9,1
TrSC58v2_3158.t1.e1,7,4,0,11,12,26
TrSC58v2_3158.t1,5,4,0,1,9,2
TrSC58v2_3159.t1.e1,13,37,36,48,27,164
TrSC58v2_3159.t1,12,5,32,44,23,135
TrSC58v2_3160.t1.e1,6,0,8,8,5,11
TrSC58v2_3160.t1,5,0,0,6,0,8
TrSC58v2_3161.t1.e1,14,0,20,22,14,36
TrSC58v2_3161.t1,1,0,0,6,1,35
MSTRG.3074.1,4,0,8,50,35,93
MSTRG.3077.1,24,38,74,132,70,331
TrSC58v2_3167.t1.e1,17,4,5,12,4,21
TrSC58v2_3167.t1,0,3,2,0,1,1
TrSC58v2_3170.t1,1,1,1,1,1,1
TrSC58v2_3170.t1.e1,1,1,1,1,1,1
TrSC58v2_3171.t1,6,2,1,3,3,5
TrSC58v2_3171.t1.e1,9,3,9,15,19,45
TrSC58v2_3174.t1.e1,7,2,5,12,7,20
TrSC58v2_3174.t1,0,0,4,9,6,15
TrSC58v2_3175.t1.e1,8,10,6,5,12,34
TrSC58v2_3175.t1,7,7,1,4,0,2
TrSC58v2_3176.t1.e1,7,4,6,9,28,18
TrSC58v2_3176.t1,7,4,1,8,0,17
TrSC58v2_3177.t1.e1,8,7,28,35,38,131
TrSC58v2_3177.t1,6,5,25,32,26,95
TrSC58v2_3178.t1.e1,15,11,47,33,17,68
TrSC58v2_3178.t1,13,1,1,30,13,65
TrSC58v2_3179.t1.e1,3,0,3,10,6,12
TrSC58v2_3179.t1,0,0,0,2,5,10
TrSC58v2_3180.t1.e1,6,6,25,21,9,70
TrSC58v2_3180.t1,4,4,21,17,8,66
TrSC58v2_3181.t1.e1,5,3,4,5,4,23
TrSC58v2_3181.t1,4,3,2,4,4,22
TrSC58v2_3182.t1.e1,6,0,6,6,2,35
TrSC58v2_3182.t1,5,0,5,5,2,30
TrSC58v2_3183.t1.e1,4,0,4,6,0,22
TrSC58v2_3183.t1,1,0,1,5,0,19
TrSC58v2_3184.t1.e1,3,0,0,0,4,8
TrSC58v2_3184.t1,1,0,0,0,3,9
TrSC58v2_3185.t1.e1,13,3,0,13,18,36
TrSC58v2_3185.t1,0,1,0,9,1,39
TrSC58v2_3186.t1.e1,3,7,11,17,24,78
TrSC58v2_3186.t1,3,1,8,15,16,5
TrSC58v2_3187.t1.e1,15,19,38,54,21,139
TrSC58v2_3187.t1,14,16,35,48,18,125
TrSC58v2_3188.t1.e1,2,8,8,9,12,34
TrSC58v2_3188.t1,2,6,8,9,12,31
TrSC58v2_3189.t1.e1,6,8,10,14,2,24
TrSC58v2_3189.t1,0,0,8,0,2,19
TrSC58v2_3191.t1,2,0,0,0,0,0
TrSC58v2_3191.t1.e1,2,9,0,0,24,28
TrSC58v2_3193.t1,2,2,9,8,5,16
TrSC58v2_3193.t1.e1,3,2,10,10,6,18
TrSC58v2_3198.t1,0,1,12,20,9,59
TrSC58v2_3198.t1.e1,19,8,13,23,10,64
TrSC58v2_3199.t1,6,1,6,10,4,31
TrSC58v2_3199.t1.e1,8,4,6,11,5,33
TrSC58v2_3200.t1,1,0,0,0,6,19
TrSC58v2_3200.t1.e1,3,0,8,12,7,29
TrSC58v2_3201.t1,1,2,21,10,0,71
TrSC58v2_3201.t1.e1,18,19,23,11,19,74
TrSC58v2_3202.t1,9,13,18,21,17,106
TrSC58v2_3202.t1.e1,11,15,22,22,21,116
TrSC58v2_3203.t1,0,0,3,4,5,19
TrSC58v2_3203.t1.e1,5,7,19,5,8,21
TrSC58v2_3204.t1,0,0,2,14,1,29
TrSC58v2_3204.t1.e1,11,11,11,19,12,31
TrSC58v2_3206.t1,11,0,6,24,0,52
TrSC58v2_3206.t1.e1,13,15,7,26,16,61
TrSC58v2_3207.t1,0,0,1,9,5,15
TrSC58v2_3207.t1.e1,3,6,4,10,6,17
TrSC58v2_3208.t1,3,4,15,11,5,70
TrSC58v2_3208.t1.e1,4,5,21,15,6,79
TrSC58v2_3209.t1,6,9,31,17,26,80
TrSC58v2_3209.t1.e1,7,9,36,14,33,90
TrSC58v2_3210.t1,6,0,8,2,0,2
TrSC58v2_3210.t1.e1,8,4,9,28,4,41
TrSC58v2_3213.t1,0,17,3,35,15,79
TrSC58v2_3213.t1.e1,17,19,45,37,17,90
TrSC58v2_3214.t1,0,0,7,7,3,17
TrSC58v2_3214.t1.e1,12,0,9,10,3,17
TrSC58v2_3216.t1,1,9,14,10,2,33
TrSC58v2_3216.t1.e1,2,9,16,12,9,36
TrSC58v2_3217.t1,0,0,0,8,0,7
TrSC58v2_3217.t1.e1,6,0,0,9,0,7
TrSC58v2_3218.t1,5,2,12,9,8,38
TrSC58v2_3218.t1.e1,7,9,17,11,11,45
TrSC58v2_3219.t1,1,0,1,4,3,21
TrSC58v2_3219.t1.e1,3,4,2,5,4,23
TrSC58v2_3220.t1,6,19,1,18,1,31
TrSC58v2_3220.t1.e1,7,3,10,35,13,41
TrSC58v2_3221.t1,7,1,0,7,4,6
TrSC58v2_3221.t1.e1,8,5,15,8,5,173
TrSC58v2_3222.t1,3,15,15,26,2,84
TrSC58v2_3222.t1.e1,13,17,16,27,23,90
TrSC58v2_3223.t1,11,18,15,28,17,72
TrSC58v2_3223.t1.e1,17,23,18,38,21,88
TrSC58v2_3224.t1,21,10,19,25,15,66
TrSC58v2_3224.t1.e1,23,12,23,31,17,69
TrSC58v2_3225.t1,1,5,6,22,10,2
TrSC58v2_3225.t1.e1,11,6,6,25,13,73
TrSC58v2_3226.t1,0,0,10,10,15,2
TrSC58v2_3226.t1.e1,6,11,13,11,17,104
TrSC58v2_3227.t1,7,10,5,37,11,80
TrSC58v2_3227.t1.e1,9,11,22,47,12,88
TrSC58v2_3228.t1,2,0,7,16,8,28
TrSC58v2_3228.t1.e1,3,4,10,17,10,32
TrSC58v2_3229.t1,2,6,11,8,13,39
TrSC58v2_3229.t1.e1,4,6,12,9,14,40
TrSC58v2_3231.t1.e1,3,4,7,15,11,16
TrSC58v2_3231.t1,3,3,6,0,8,11
TrSC58v2_3232.t1.e1,6,10,14,24,24,82
TrSC58v2_3232.t1,5,7,10,18,0,4
TrSC58v2_3233.t1.e1,5,4,11,12,17,52
TrSC58v2_3233.t1,0,0,9,8,15,46
TrSC58v2_3235.t1.e1,10,8,12,18,7,28
TrSC58v2_3235.t1,3,0,0,15,6,25
TrSC58v2_3236.t1.e1,9,2,2,7,0,23
TrSC58v2_3236.t1,2,1,1,1,0,10
TrSC58v2_3237.t1.e1,5,5,12,42,14,144
TrSC58v2_3237.t1,3,3,9,38,10,3
TrSC58v2_3238.t1.e1,15,20,40,69,35,163
TrSC58v2_3238.t1,12,17,37,69,28,150
TrSC58v2_3240.t1.e1,1,12,15,8,14,52
TrSC58v2_3240.t1,1,0,1,7,12,39
TrSC58v2_3241.t1.e1,10,13,2,23,2,41
TrSC58v2_3241.t1,9,9,1,2,1,48
TrSC58v2_3242.t1.e1,7,13,20,30,37,102
TrSC58v2_3242.t1,6,12,17,23,30,81
TrSC58v2_3243.t1.e1,11,7,6,18,13,53
TrSC58v2_3243.t1,10,6,5,16,11,44
TrSC58v2_3244.t1.e1,29,23,51,72,25,160
TrSC58v2_3244.t1,28,19,43,58,22,124
TrSC58v2_3245.t1.e1,5,7,4,8,2,33
TrSC58v2_3245.t1,1,0,0,8,2,26
TrSC58v2_3246.t1.e1,4,10,8,15,10,29
TrSC58v2_3246.t1,3,2,0,2,8,25
MSTRG.3153.1,37,47,69,126,69,261
TrSC58v2_3247.t1.e1,1,1,3,3,2,5
TrSC58v2_3247.t1,0,1,3,4,3,3
TrSC58v2_3250.t1.e1,2,7,9,8,3,30
TrSC58v2_3250.t1,0,5,7,1,2,2
TrSC58v2_3251.t1.e1,11,15,19,26,33,66
TrSC58v2_3251.t1,8,16,17,20,12,57
TrSC58v2_3252.t1.e1,2,4,4,10,6,24
TrSC58v2_3252.t1,1,5,3,8,5,19
TrSC58v2_3253.t1.e1,13,10,29,19,40,103
TrSC58v2_3253.t1,1,8,2,16,1,1
TrSC58v2_3254.t1,7,6,34,71,30,120
TrSC58v2_3254.t1.e1,7,6,6,6,5,11
TrSC58v2_3255.t1.e1,7,14,7,20,25,59
TrSC58v2_3255.t1,6,6,5,17,0,45
TrSC58v2_3256.t1.e1,2,7,9,7,3,32
TrSC58v2_3256.t1,0,5,7,1,2,1
TrSC58v2_3257.t1.e1,6,11,14,26,25,52
TrSC58v2_3257.t1,5,13,17,24,11,61
TrSC58v2_3258.t1.e1,3,1,1,8,4,5
TrSC58v2_3258.t1,1,1,2,1,3,6
TrSC58v2_3259.t1.e1,2,4,4,11,6,24
TrSC58v2_3259.t1,1,5,3,8,5,20
TrSC58v2_3260.t1.e1,2,3,5,3,5,9
TrSC58v2_3260.t1,1,4,5,4,6,10
TrSC58v2_3261.t1.e1,7,4,8,11,11,35
TrSC58v2_3261.t1,1,4,10,13,13,30
TrSC58v2_3262.t1.e1,14,16,20,28,18,61
TrSC58v2_3262.t1,0,13,17,22,12,71
TrSC58v2_3263.t1.e1,13,5,8,10,9,42
TrSC58v2_3263.t1,10,3,9,8,7,37
TrSC58v2_3265.t1.e1,4,4,7,10,5,30
TrSC58v2_3265.t1,0,0,0,3,2,3
TrSC58v2_3266.t1.e1,2,4,4,13,13,16
TrSC58v2_3266.t1,1,0,0,2,11,15
TrSC58v2_3267.t1.e1,14,0,3,14,4,35
TrSC58v2_3267.t1,2,0,0,12,0,31
TrSC58v2_3268.t1.e1,7,4,16,23,8,87
TrSC58v2_3268.t1,5,0,14,21,7,2
TrSC58v2_3269.t1.e1,4,4,5,5,3,21
TrSC58v2_3269.t1,0,0,4,4,2,18
TrSC58v2_3270.t1.e1,7,6,20,26,23,60
TrSC58v2_3270.t1,0,5,16,21,15,53
MSTRG.3176.1,41,39,64,56,63,176
MSTRG.3176.2,8,27,24,62,16,140
MSTRG.3176.3,29,13,31,98,72,289
MSTRG.3176.4,6,10,88,91,21,112
TrSC58v2_3271.t1,1,2,2,1,5,2
TrSC58v2_3271.t1.e1,2,2,2,2,3,2
TrSC58v2_3274.t1,14,8,15,18,12,47
TrSC58v2_3274.t1.e1,15,8,17,20,13,54
MSTRG.3178.1,37,37,68,121,100,398
TrSC58v2_3279.t1.e1,3,2,6,9,8,27
TrSC58v2_3279.t1,3,2,6,8,7,26
MSTRG.3176.7,29,17,82,102,29,190
TrSC58v2_3280.t1,5,8,18,10,7,29
TrSC58v2_3280.t1.e1,5,6,17,11,11,20
TrSC58v2_3281.t1,0,4,4,6,4,7
TrSC58v2_3281.t1.e1,4,4,5,8,5,11
TrSC58v2_3285.t1,14,10,14,50,30,162
TrSC58v2_3285.t1.e1,16,13,20,62,38,49
TrSC58v2_3286.t1,1,0,0,10,11,24
TrSC58v2_3286.t1.e1,15,4,7,11,11,28
TrSC58v2_3288.t1,3,0,15,27,21,68
TrSC58v2_3288.t1.e1,4,0,17,30,24,61
TrSC58v2_3290.t1,10,11,29,68,55,180
TrSC58v2_3290.t1.e1,10,15,36,74,61,222
TrSC58v2_3291.t1,15,8,41,36,43,82
TrSC58v2_3291.t1.e1,18,10,46,44,48,90
TrSC58v2_3292.t1,3,9,20,35,2,70
TrSC58v2_3292.t1.e1,4,12,24,38,23,61
TrSC58v2_3294.t1,0,0,0,3,6,17
TrSC58v2_3294.t1.e1,3,0,3,18,7,19
TrSC58v2_3295.t1,0,0,0,7,1,33
TrSC58v2_3295.t1.e1,18,0,0,9,3,35
TrSC58v2_3296.t1,5,3,1,1,3,2
TrSC58v2_3296.t1.e1,6,3,1,1,3,1
TrSC58v2_3297.t1,6,0,1,1,1,4
TrSC58v2_3297.t1.e1,3,4,1,1,1,0
TrSC58v2_3298.t1,15,10,34,50,23,89
TrSC58v2_3298.t1.e1,17,13,41,56,25,100
TrSC58v2_3299.t1,0,0,22,50,13,114
TrSC58v2_3299.t1.e1,4,0,25,59,18,96
TrSC58v2_3300.t1,14,24,43,87,39,187
TrSC58v2_3300.t1.e1,17,27,43,60,45,205
TrSC58v2_3301.t1,9,14,26,38,27,2
TrSC58v2_3301.t1.e1,12,18,33,44,31,222
TrSC58v2_3302.t1,4,5,9,10,1,2
TrSC58v2_3302.t1.e1,4,6,12,13,2,73
TrSC58v2_3303.t1,11,10,24,42,21,3
TrSC58v2_3303.t1.e1,13,13,28,52,25,203
TrSC58v2_3304.t1,0,6,0,10,4,43
TrSC58v2_3304.t1.e1,9,6,4,12,4,50
TrSC58v2_3306.t1,0,0,0,0,5,0
TrSC58v2_3306.t1.e1,1,5,3,0,7,22
TrSC58v2_3307.t1,11,9,10,22,19,2
TrSC58v2_3307.t1.e1,13,10,13,28,23,153
TrSC58v2_3308.t1,13,9,13,23,20,79
TrSC58v2_3308.t1.e1,14,10,16,29,22,96
TrSC58v2_3309.t1,3,1,5,15,7,23
TrSC58v2_3309.t1.e1,3,1,8,19,8,27
TrSC58v2_3310.t1,2,12,5,38,20,44
TrSC58v2_3310.t1.e1,3,13,6,39,25,49
TrSC58v2_3311.t1,26,18,47,83,63,238
TrSC58v2_3311.t1.e1,32,23,55,88,67,211
TrSC58v2_3312.t1,2,0,5,2,4,11
TrSC58v2_3312.t1.e1,7,0,5,2,4,11
TrSC58v2_3313.t1,2,0,5,21,3,8
TrSC58v2_3313.t1.e1,3,10,6,4,9,64
TrSC58v2_3316.t1,4,0,10,12,10,25
TrSC58v2_3316.t1.e1,5,4,9,16,14,29
TrSC58v2_3317.t1,1,4,1,11,9,31
TrSC58v2_3317.t1.e1,4,4,7,11,10,32
TrSC58v2_3318.t1,13,26,57,69,31,181
TrSC58v2_3318.t1.e1,14,31,61,77,29,190
TrSC58v2_3319.t1,0,0,2,1,0,3
TrSC58v2_3319.t1.e1,3,0,8,8,4,31
TrSC58v2_3320.t1,1,4,4,0,0,12
TrSC58v2_3320.t1.e1,11,5,5,0,8,17
TrSC58v2_3321.t1,0,4,3,10,11,18
TrSC58v2_3321.t1.e1,12,6,4,11,12,44
TrSC58v2_3322.t1,1,0,5,6,8,24
TrSC58v2_3322.t1.e1,8,0,7,8,10,27
TrSC58v2_3323.t1,6,3,5,25,16,51
TrSC58v2_3323.t1.e1,6,12,5,28,17,59
MSTRG.3222.1,3,1,4,9,4,35
TrSC58v2_3324.t1,0,2,0,2,6,39
TrSC58v2_3324.t1.e1,6,3,20,23,6,43
TrSC58v2_3327.t1,3,0,6,7,0,6
TrSC58v2_3327.t1.e1,5,0,7,8,12,7
TrSC58v2_3328.t1,3,3,12,17,12,0
TrSC58v2_3328.t1.e1,4,4,16,20,15,77
TrSC58v2_3329.t1,0,1,0,1,0,10
TrSC58v2_3329.t1.e1,10,1,8,7,0,12
TrSC58v2_3332.t1,8,0,8,15,0,3
TrSC58v2_3332.t1.e1,11,3,9,16,9,70
TrSC58v2_3333.t1,9,0,10,16,11,48
TrSC58v2_3333.t1.e1,10,3,13,19,14,56
TrSC58v2_3334.t1,4,0,14,19,9,72
TrSC58v2_3334.t1.e1,5,8,15,24,10,80
TrSC58v2_3335.t1,12,14,12,25,1,44
TrSC58v2_3335.t1.e1,15,16,13,29,19,49
TrSC58v2_3336.t1,0,0,2,1,0,12
TrSC58v2_3336.t1.e1,5,4,8,6,0,13
TrSC58v2_3338.t1,1,4,17,9,4,39
TrSC58v2_3338.t1.e1,6,4,20,10,5,42
TrSC58v2_3339.t1,3,1,5,3,5,9
TrSC58v2_3339.t1.e1,5,2,6,4,7,10
TrSC58v2_3340.t1,0,0,5,4,0,21
TrSC58v2_3340.t1.e1,6,0,7,6,4,24
TrSC58v2_3341.t1,1,0,3,9,7,1
TrSC58v2_3341.t1.e1,3,0,16,10,8,41
TrSC58v2_3343.t1,0,0,7,13,11,28
TrSC58v2_3343.t1.e1,9,0,10,16,13,33
TrSC58v2_3344.t1,8,12,26,28,38,126
TrSC58v2_3344.t1.e1,9,12,27,41,42,140
TrSC58v2_3345.t1.e1,3,0,4,4,0,7
TrSC58v2_3345.t1,1,0,1,1,0,6
TrSC58v2_3346.t1.e1,4,0,0,20,9,56
TrSC58v2_3346.t1,1,0,0,1,0,1
TrSC58v2_3347.t1.e1,4,0,8,13,4,16
TrSC58v2_3347.t1,0,0,0,9,0,12
TrSC58v2_3348.t1.e1,3,4,14,4,4,19
TrSC58v2_3348.t1,1,0,0,4,0,0
TrSC58v2_3349.t1.e1,8,3,2,14,6,36
TrSC58v2_3349.t1,0,0,1,11,1,33
TrSC58v2_3351.t1.e1,9,3,19,29,18,43
TrSC58v2_3351.t1,8,0,17,27,17,37
TrSC58v2_3352.t1.e1,3,10,9,8,21,44
TrSC58v2_3352.t1,0,8,7,6,1,39
TrSC58v2_3354.t1.e1,3,6,9,18,12,34
TrSC58v2_3354.t1,1,4,7,15,8,29
TrSC58v2_3357.t1.e1,3,0,0,5,9,7
TrSC58v2_3357.t1,0,0,0,4,0,7
TrSC58v2_3358.t1.e1,5,7,0,3,7,15
TrSC58v2_3358.t1,1,0,0,2,5,11
TrSC58v2_3360.t1.e1,23,2,25,76,15,137
TrSC58v2_3360.t1,1,1,21,58,13,105
TrSC58v2_3964.t1.e1,6,5,3,17,0,20
TrSC58v2_3964.t1,0,0,3,12,0,17
TrSC58v2_3963.t1.e1,6,9,25,9,24,82
TrSC58v2_3963.t1,4,7,17,0,19,70
TrSC58v2_3966.t1.e1,12,3,15,18,13,31
TrSC58v2_3966.t1,3,0,13,14,11,27
TrSC58v2_3967.t1.e1,4,0,0,2,11,13
TrSC58v2_3967.t1,1,0,0,1,1,12
TrSC58v2_3968.t1.e1,5,5,9,19,41,63
TrSC58v2_3968.t1,4,2,7,17,2,59
TrSC58v2_3970.t1.e1,9,4,5,20,17,50
TrSC58v2_3970.t1,8,0,4,17,13,48
TrSC58v2_3971.t1.e1,4,7,5,11,0,21
TrSC58v2_3971.t1,0,1,4,9,0,16
TrSC58v2_3973.t1.e1,4,0,2,2,10,17
TrSC58v2_3973.t1,2,0,2,1,0,15
TrSC58v2_3974.t1.e1,16,14,9,50,6,42
TrSC58v2_3974.t1,0,0,7,1,5,34
TrSC58v2_3975.t1.e1,7,15,3,22,10,47
TrSC58v2_3975.t1,2,0,2,20,9,42
TrSC58v2_3976.t1.e1,1,4,19,12,7,35
TrSC58v2_3976.t1,1,0,13,10,5,31
TrSC58v2_3977.t1.e1,4,6,6,13,18,58
TrSC58v2_3977.t1,0,5,4,10,14,48
TrSC58v2_3978.t1.e1,4,0,11,3,9,36
TrSC58v2_3978.t1,0,0,0,1,8,10
TrSC58v2_3981.t1.e1,5,7,4,38,4,24
TrSC58v2_3981.t1,5,6,3,2,0,21
TrSC58v2_3983.t1.e1,6,5,13,19,25,57
TrSC58v2_3983.t1,5,5,10,20,18,53
TrSC58v2_3984.t1.e1,19,25,56,105,67,213
TrSC58v2_3984.t1,19,21,48,97,59,206
TrSC58v2_3985.t1,5,2,4,13,11,24
TrSC58v2_3985.t1.e1,4,3,4,12,9,23
TrSC58v2_3986.t1,3,0,7,8,5,19
TrSC58v2_3986.t1.e1,3,5,6,9,4,17
TrSC58v2_3987.t1,9,11,26,4,30,85
TrSC58v2_3987.t1.e1,10,13,30,61,35,94
TrSC58v2_3739.t1,0,0,4,0,7,28
TrSC58v2_3739.t1.e1,0,3,5,4,8,31
TrSC58v2_3743.t1,0,1,0,1,0,2
TrSC58v2_3743.t1.e1,0,5,0,6,0,6
TrSC58v2_3746.t1,0,0,2,0,7,21
TrSC58v2_3746.t1.e1,0,0,10,8,8,26
TrSC58v2_3753.t1,0,0,1,7,1,17
TrSC58v2_3753.t1.e1,0,4,9,8,17,19
MSTRG.3654.1,0,0,0,29,11,48
TrSC58v2_3760.t1,0,0,2,1,0,7
TrSC58v2_3760.t1.e1,0,0,4,1,4,10
TrSC58v2_3761.t1,0,3,0,9,6,17
TrSC58v2_3761.t1.e1,0,5,3,8,11,15
TrSC58v2_3765.t1,0,0,5,8,11,19
TrSC58v2_3765.t1.e1,0,13,6,10,13,27
TrSC58v2_3767.t1,0,0,0,3,1,3
TrSC58v2_3767.t1.e1,0,0,0,9,2,12
TrSC58v2_3776.t1,0,0,1,2,1,22
TrSC58v2_3776.t1.e1,0,0,1,33,9,23
TrSC58v2_3778.t1,0,0,1,0,1,3
TrSC58v2_3778.t1.e1,0,4,1,0,2,3
TrSC58v2_3779.t1,0,0,2,0,7,34
TrSC58v2_3779.t1.e1,0,4,21,15,8,47
TrSC58v2_3780.t1,0,0,0,1,7,5
TrSC58v2_3780.t1.e1,0,0,12,6,8,42
TrSC58v2_3782.t1,0,0,2,9,0,8
TrSC58v2_3782.t1.e1,0,5,18,11,16,68
TrSC58v2_3786.t1,0,1,0,0,3,6
TrSC58v2_3786.t1.e1,0,4,0,0,3,7
TrSC58v2_3789.t1,0,0,0,1,0,7
TrSC58v2_3789.t1.e1,0,0,0,11,4,9
TrSC58v2_3790.t1,0,0,0,0,0,2
TrSC58v2_3790.t1.e1,0,0,0,0,0,3
TrSC58v2_3791.t1,0,0,7,2,5,2
TrSC58v2_3791.t1.e1,0,0,9,10,6,31
TrSC58v2_3793.t1,0,3,3,7,0,22
TrSC58v2_3793.t1.e1,0,4,5,9,28,25
TrSC58v2_3794.t1,0,3,0,1,1,10
TrSC58v2_3794.t1.e1,0,3,7,4,9,12
TrSC58v2_3796.t1,0,0,0,0,0,0
TrSC58v2_3796.t1.e1,0,0,0,0,0,0
TrSC58v2_3801.t1,0,0,1,1,0,0
TrSC58v2_3801.t1.e1,0,0,8,22,4,12
TrSC58v2_3802.t1,0,4,1,5,0,28
TrSC58v2_3802.t1.e1,0,4,7,6,16,30
TrSC58v2_3803.t1,0,0,1,1,1,10
TrSC58v2_3803.t1.e1,0,8,12,3,9,11
TrSC58v2_3813.t1,0,0,0,5,0,22
TrSC58v2_3813.t1.e1,0,4,4,7,4,28
TrSC58v2_3816.t1,0,2,4,8,0,5
TrSC58v2_3816.t1.e1,0,3,5,11,15,6
TrSC58v2_3818.t1,0,0,4,14,0,27
TrSC58v2_3818.t1.e1,0,0,6,17,4,31
TrSC58v2_3819.t1,0,5,11,21,7,58
TrSC58v2_3819.t1.e1,0,6,12,24,11,63
TrSC58v2_3821.t1,0,0,5,7,5,17
TrSC58v2_3821.t1.e1,0,12,6,8,7,19
TrSC58v2_3822.t1,0,1,0,5,1,5
TrSC58v2_3822.t1.e1,0,2,0,4,5,4
TrSC58v2_3830.t1,0,7,0,15,9,26
TrSC58v2_3830.t1.e1,0,9,5,24,12,36
TrSC58v2_3838.t1,0,0,3,7,0,23
TrSC58v2_3838.t1.e1,0,9,7,8,0,25
TrSC58v2_3840.t1,0,0,3,1,1,3
TrSC58v2_3840.t1.e1,0,0,13,7,3,18
TrSC58v2_3845.t1,0,0,0,11,2,17
TrSC58v2_3845.t1.e1,0,3,11,13,3,19
TrSC58v2_3847.t1,0,0,10,1,4,16
TrSC58v2_3847.t1.e1,0,0,12,6,5,19
TrSC58v2_3848.t1,0,0,0,7,9,15
TrSC58v2_3848.t1.e1,0,0,6,8,10,16
TrSC58v2_3851.t1,0,0,0,1,1,7
TrSC58v2_3851.t1.e1,0,0,4,3,3,8
TrSC58v2_3855.t1,0,1,1,4,0,8
TrSC58v2_3855.t1.e1,0,6,5,5,0,2
TrSC58v2_3856.t1,0,0,1,0,4,17
TrSC58v2_3856.t1.e1,0,0,1,10,6,15
TrSC58v2_3859.t1,0,5,6,16,16,37
TrSC58v2_3859.t1.e1,0,6,7,19,18,46
TrSC58v2_3866.t1,0,5,10,12,3,59
TrSC58v2_3866.t1.e1,0,7,11,13,4,66
TrSC58v2_3868.t1,0,1,2,7,2,45
TrSC58v2_3868.t1.e1,0,14,15,8,3,51
TrSC58v2_3874.t1,0,2,0,2,3,11
TrSC58v2_3874.t1.e1,0,4,4,2,5,13
TrSC58v2_3875.t1,0,0,7,1,3,6
TrSC58v2_3875.t1.e1,0,0,8,4,4,7
TrSC58v2_3876.t1,0,0,1,7,2,8
TrSC58v2_3876.t1.e1,0,0,2,8,2,9
TrSC58v2_3880.t1,0,0,2,13,8,18
TrSC58v2_3880.t1.e1,0,4,5,15,9,22
TrSC58v2_3881.t1,0,0,6,14,8,37
TrSC58v2_3881.t1.e1,0,8,8,15,9,46
TrSC58v2_3883.t1,0,0,8,11,7,10
TrSC58v2_3883.t1.e1,0,9,9,13,9,15
TrSC58v2_3884.t1,0,2,0,8,5,17
TrSC58v2_3884.t1.e1,0,3,6,9,6,17
TrSC58v2_3885.t1,0,0,2,8,1,30
TrSC58v2_3885.t1.e1,0,6,3,9,4,33
TrSC58v2_3886.t1,0,2,0,5,0,6
TrSC58v2_3886.t1.e1,0,3,0,7,4,8
TrSC58v2_3887.t1,0,0,0,8,0,23
TrSC58v2_3887.t1.e1,0,9,4,10,0,26
TrSC58v2_3889.t1,0,4,5,13,13,43
TrSC58v2_3889.t1.e1,0,5,7,18,18,48
TrSC58v2_3890.t1,0,1,1,11,1,30
TrSC58v2_3890.t1.e1,0,2,11,12,5,37
TrSC58v2_3894.t1,0,3,5,2,0,55
TrSC58v2_3894.t1.e1,0,3,6,27,2,57
TrSC58v2_3895.t1,0,2,5,10,0,17
TrSC58v2_3895.t1.e1,0,4,7,12,0,20
TrSC58v2_3898.t1,0,5,3,8,5,44
TrSC58v2_3898.t1.e1,0,7,4,11,6,49
TrSC58v2_3899.t1,0,0,0,2,1,22
TrSC58v2_3899.t1.e1,0,4,7,17,10,24
TrSC58v2_3900.t1,0,0,1,0,3,1
TrSC58v2_3900.t1.e1,0,0,1,0,5,8
MSTRG.3800.1,0,8,20,9,9,34
TrSC58v2_3907.t1,0,0,0,0,2,13
TrSC58v2_3907.t1.e1,0,0,9,13,10,16
TrSC58v2_3910.t1,0,0,0,4,1,20
TrSC58v2_3910.t1.e1,0,0,7,5,4,22
TrSC58v2_3911.t1,0,1,1,2,0,2
TrSC58v2_3911.t1.e1,0,3,10,2,3,17
TrSC58v2_3912.t1,0,0,0,0,4,0
TrSC58v2_3912.t1.e1,0,0,3,8,5,13
MSTRG.3809.1,0,19,38,68,29,187
TrSC58v2_3914.t1,0,0,3,3,0,5
TrSC58v2_3914.t1.e1,0,7,3,4,1,6
TrSC58v2_3921.t1,0,0,6,0,2,44
TrSC58v2_3921.t1.e1,0,8,22,5,3,47
TrSC58v2_3922.t1,0,4,14,0,12,33
TrSC58v2_3922.t1.e1,0,5,17,14,12,36
MSTRG.3820.1,0,0,85,137,87,433
TrSC58v2_3927.t1,0,2,2,13,3,6
TrSC58v2_3927.t1.e1,0,3,10,13,7,24
TrSC58v2_3928.t1,0,2,0,2,1,3
TrSC58v2_3928.t1.e1,0,15,4,2,4,28
TrSC58v2_3930.t1,0,1,1,0,1,1
TrSC58v2_3930.t1.e1,0,2,1,0,1,2
TrSC58v2_3935.t1,0,0,1,8,6,11
TrSC58v2_3935.t1.e1,0,9,2,9,7,12
TrSC58v2_3939.t1,0,0,0,0,2,3
TrSC58v2_3939.t1.e1,0,0,0,0,2,3
TrSC58v2_3941.t1,0,0,11,15,0,23
TrSC58v2_3941.t1.e1,0,0,13,19,4,28
TrSC58v2_3944.t1,0,7,15,14,7,31
TrSC58v2_3944.t1.e1,0,9,18,17,8,35
TrSC58v2_3946.t1,0,0,0,0,0,3
TrSC58v2_3946.t1.e1,0,0,0,0,0,14
TrSC58v2_3952.t1,0,0,1,0,2,10
TrSC58v2_3952.t1.e1,0,0,1,0,4,11
TrSC58v2_3959.t1,0,1,0,6,0,1
TrSC58v2_3959.t1.e1,0,4,3,6,5,29
TrSC58v2_3719.t1.e1,4,0,6,7,3,11
TrSC58v2_3719.t1,0,0,0,0,0,9
TrSC58v2_3720.t1.e1,2,6,9,19,8,78
TrSC58v2_3720.t1,1,0,0,18,0,3
TrSC58v2_3721.t1.e1,13,7,25,51,27,77
TrSC58v2_3721.t1,9,5,20,48,20,71
TrSC58v2_3722.t1.e1,4,12,3,19,11,40
TrSC58v2_3722.t1,3,9,1,17,8,35
TrSC58v2_3723.t1.e1,4,10,18,24,17,63
TrSC58v2_3723.t1,1,8,16,20,14,57
TrSC58v2_3724.t1.e1,9,6,8,35,12,53
TrSC58v2_3724.t1,7,5,6,2,9,40
TrSC58v2_3725.t1.e1,10,13,19,48,24,63
TrSC58v2_3725.t1,8,11,17,1,21,50
TrSC58v2_3726.t1.e1,7,8,3,14,14,33
TrSC58v2_3726.t1,0,7,0,0,12,29
TrSC58v2_3727.t1.e1,2,4,5,8,6,40
TrSC58v2_3727.t1,1,3,4,7,5,34
TrSC58v2_3728.t1.e1,10,4,4,4,3,28
TrSC58v2_3728.t1,0,0,0,3,2,0
TrSC58v2_3729.t1.e1,4,2,8,5,3,17
TrSC58v2_3729.t1,0,0,6,4,3,15
MSTRG.3630.1,7,0,32,91,25,152
TrSC58v2_3730.t1.e1,2,27,3,10,2,60
TrSC58v2_3730.t1,1,7,2,5,2,4
TrSC58v2_3731.t1.e1,7,9,8,8,8,59
TrSC58v2_3731.t1,0,6,0,6,0,37
TrSC58v2_3732.t1.e1,13,8,24,41,35,88
TrSC58v2_3732.t1,12,0,16,35,31,76
TrSC58v2_3733.t1.e1,3,4,14,18,16,53
TrSC58v2_3733.t1,0,3,0,15,1,48
TrSC58v2_3734.t1.e1,6,8,18,24,25,90
TrSC58v2_3734.t1,4,7,15,21,22,80
TrSC58v2_3735.t1.e1,13,1,9,20,0,31
TrSC58v2_3735.t1,2,1,0,18,0,27
TrSC58v2_3736.t1.e1,3,0,2,3,4,9
TrSC58v2_3736.t1,0,0,0,0,0,8
TrSC58v2_3737.t1.e1,12,0,5,35,4,35
TrSC58v2_3737.t1,0,0,4,1,2,33
TrSC58v2_3738.t1.e1,4,14,20,18,10,63
TrSC58v2_3738.t1,4,0,18,15,9,43
TrSC58v2_3740.t1.e1,4,0,26,9,4,21
TrSC58v2_3740.t1,3,0,0,7,2,17
TrSC58v2_3741.t1.e1,4,0,4,5,3,31
TrSC58v2_3741.t1,3,0,0,0,1,0
TrSC58v2_3742.t1.e1,4,5,14,14,13,58
TrSC58v2_3742.t1,0,4,11,12,9,52
TrSC58v2_3744.t1.e1,36,17,33,74,54,218
TrSC58v2_3744.t1,4,15,28,60,38,171
TrSC58v2_3745.t1.e1,6,4,14,13,17,61
TrSC58v2_3745.t1,4,4,12,13,14,52
TrSC58v2_3747.t1.e1,7,13,17,18,14,82
TrSC58v2_3747.t1,5,8,11,12,10,52
TrSC58v2_3748.t1.e1,2,3,11,14,11,35
TrSC58v2_3748.t1,2,2,10,14,10,35
TrSC58v2_3749.t1.e1,1,3,6,8,6,25
TrSC58v2_3749.t1,1,3,6,8,5,24
TrSC58v2_3750.t1.e1,4,8,17,18,14,71
TrSC58v2_3750.t1,4,7,13,15,12,56
TrSC58v2_3751.t1.e1,2,2,4,6,3,14
TrSC58v2_3751.t1,1,1,4,6,2,14
TrSC58v2_3752.t1.e1,24,7,9,31,4,49
TrSC58v2_3752.t1,2,6,2,2,4,37
TrSC58v2_3754.t1.e1,10,3,4,2,8,12
TrSC58v2_3754.t1,2,0,0,2,0,2
TrSC58v2_3755.t1.e1,1,5,5,1,3,2
MSTRG.3654.3,20,0,22,50,28,193
TrSC58v2_3755.t1,0,2,1,1,2,2
TrSC58v2_3756.t1.e1,4,7,9,1,2,13
TrSC58v2_3756.t1,0,1,1,4,2,10
TrSC58v2_3757.t1,1,1,3,2,1,4
TrSC58v2_3757.t1.e1,1,7,3,3,9,7
TrSC58v2_3758.t1.e1,3,19,7,1,5,9
TrSC58v2_3758.t1,2,0,1,1,2,2
TrSC58v2_3759.t1.e1,7,7,23,64,22,95
TrSC58v2_3759.t1,6,7,19,51,18,88
TrSC58v2_3762.t1.e1,22,9,42,50,22,67
TrSC58v2_3762.t1,16,6,33,62,26,91
TrSC58v2_3763.t1.e1,4,2,4,12,14,49
TrSC58v2_3763.t1,0,2,0,10,12,1
TrSC58v2_3764.t1.e1,3,2,5,20,4,30
TrSC58v2_3764.t1,0,1,4,11,3,1
TrSC58v2_3766.t1.e1,7,4,9,16,4,72
TrSC58v2_3766.t1,0,0,7,13,3,1
TrSC58v2_3768.t1.e1,6,17,23,37,32,119
TrSC58v2_3768.t1,5,14,18,32,27,96
TrSC58v2_3769.t1.e1,15,0,13,4,11,18
TrSC58v2_3769.t1,1,0,11,3,1,16
TrSC58v2_3770.t1.e1,4,4,5,4,6,15
TrSC58v2_3770.t1,0,0,4,3,5,13
TrSC58v2_3771.t1.e1,20,12,39,35,9,113
TrSC58v2_3771.t1,2,9,3,8,8,99
TrSC58v2_3772.t1.e1,1,0,6,4,8,20
TrSC58v2_3772.t1,1,0,0,0,1,1
TrSC58v2_3773.t1.e1,3,0,9,11,13,22
TrSC58v2_3773.t1,2,0,7,9,12,19
TrSC58v2_3774.t1.e1,6,0,7,9,10,12
TrSC58v2_3774.t1,1,0,6,1,1,11
TrSC58v2_3775.t1.e1,19,9,49,72,27,156
TrSC58v2_3775.t1,18,7,40,61,22,133
TrSC58v2_3777.t1.e1,6,15,21,54,10,69
TrSC58v2_3777.t1,5,13,19,51,8,61
TrSC58v2_3781.t1.e1,6,5,20,62,35,113
TrSC58v2_3781.t1,6,4,19,45,25,97
TrSC58v2_3783.t1.e1,3,8,10,16,12,33
TrSC58v2_3783.t1,0,7,8,13,2,30
TrSC58v2_3784.t1.e1,7,11,11,24,18,61
TrSC58v2_3784.t1,6,8,10,20,16,49
TrSC58v2_3785.t1.e1,4,2,9,26,0,24
TrSC58v2_3785.t1,3,1,8,3,0,21
TrSC58v2_3787.t1.e1,4,2,7,9,4,19
TrSC58v2_3787.t1,0,1,0,7,4,15
TrSC58v2_3788.t1.e1,1,4,20,5,9,20
TrSC58v2_3788.t1,1,4,2,1,3,16
TrSC58v2_3792.t1.e1,4,6,13,10,2,16
TrSC58v2_3792.t1,4,0,11,9,2,14
TrSC58v2_3795.t1.e1,8,9,22,17,16,59
TrSC58v2_3795.t1,7,1,1,15,14,48
MSTRG.3692.1,15,0,10,12,5,80
TrSC58v2_3797.t1,1,3,1,4,0,4
TrSC58v2_3797.t1.e1,1,4,1,4,2,4
TrSC58v2_3798.t1,0,1,12,7,7,22
TrSC58v2_3798.t1.e1,8,14,13,7,15,24
TrSC58v2_3799.t1,3,0,0,4,5,29
TrSC58v2_3799.t1.e1,4,8,12,5,7,36
TrSC58v2_3800.t1,0,0,0,7,1,16
TrSC58v2_3800.t1.e1,4,0,9,10,3,18
TrSC58v2_3804.t1,1,2,5,6,9,16
TrSC58v2_3804.t1.e1,11,3,5,6,9,16
TrSC58v2_3805.t1,0,9,18,11,14,3
TrSC58v2_3805.t1.e1,3,11,22,14,17,74
TrSC58v2_3806.t1,0,0,12,10,6,48
TrSC58v2_3806.t1.e1,10,5,13,12,9,60
TrSC58v2_3807.t1,1,4,2,4,7,9
TrSC58v2_3807.t1.e1,4,5,4,5,10,11
TrSC58v2_3808.t1,0,0,0,10,0,15
TrSC58v2_3808.t1.e1,23,5,7,12,20,18
TrSC58v2_3809.t1,0,0,0,5,1,4
TrSC58v2_3809.t1.e1,3,8,11,6,5,6
TrSC58v2_3810.t1,4,0,0,22,3,3
TrSC58v2_3810.t1.e1,6,0,15,4,5,4
TrSC58v2_3811.t1,3,0,0,3,0,1
TrSC58v2_3811.t1.e1,4,0,3,2,3,4
TrSC58v2_3812.t1,0,0,0,9,1,12
TrSC58v2_3812.t1.e1,8,3,4,8,18,13
TrSC58v2_3814.t1,3,7,28,21,21,74
TrSC58v2_3814.t1.e1,5,9,34,30,23,83
TrSC58v2_3815.t1,1,0,0,1,0,6
TrSC58v2_3815.t1.e1,2,4,0,15,10,6
TrSC58v2_3817.t1,1,5,4,10,3,31
TrSC58v2_3817.t1.e1,1,5,4,11,4,36
TrSC58v2_3820.t1,1,2,5,2,1,1
TrSC58v2_3820.t1.e1,2,2,5,7,2,2
TrSC58v2_3823.t1,0,0,8,28,1,58
TrSC58v2_3823.t1.e1,3,0,10,24,17,49
TrSC58v2_3824.t1,0,6,6,23,9,42
TrSC58v2_3824.t1.e1,4,7,8,28,11,45
TrSC58v2_3825.t1,1,0,1,8,8,12
TrSC58v2_3825.t1.e1,4,3,2,9,10,12
TrSC58v2_3826.t1,3,0,0,9,0,10
TrSC58v2_3826.t1.e1,3,0,5,10,0,12
TrSC58v2_3827.t1,0,0,9,21,19,56
TrSC58v2_3827.t1.e1,4,7,11,23,20,62
TrSC58v2_3828.t1,0,0,13,5,0,21
TrSC58v2_3828.t1.e1,3,0,17,7,0,23
TrSC58v2_3829.t1,7,13,6,8,5,1
TrSC58v2_3829.t1.e1,7,17,7,12,7,95
TrSC58v2_3831.t1,0,1,9,6,0,14
TrSC58v2_3831.t1.e1,15,1,11,7,7,19
TrSC58v2_3832.t1,0,3,3,21,12,45
TrSC58v2_3832.t1.e1,3,3,6,2,14,52
TrSC58v2_3833.t1,0,0,0,2,1,16
TrSC58v2_3833.t1.e1,3,4,3,19,2,17
TrSC58v2_3834.t1,2,0,19,30,25,83
TrSC58v2_3834.t1.e1,4,17,21,33,28,93
TrSC58v2_3835.t1,0,0,2,11,0,29
TrSC58v2_3835.t1.e1,6,0,5,15,8,31
TrSC58v2_3836.t1,0,0,3,1,2,2
TrSC58v2_3836.t1.e1,8,4,4,13,5,46
TrSC58v2_3837.t1,0,0,1,1,2,3
TrSC58v2_3837.t1.e1,3,0,3,2,5,8
TrSC58v2_3839.t1,1,0,0,1,0,16
TrSC58v2_3839.t1.e1,2,0,5,31,5,39
TrSC58v2_3841.t1,1,1,3,21,10,69
TrSC58v2_3841.t1.e1,12,4,25,25,11,79
TrSC58v2_3842.t1,0,0,0,16,1,24
TrSC58v2_3842.t1.e1,7,7,0,18,1,26
TrSC58v2_3843.t1,16,7,17,39,20,126
TrSC58v2_3843.t1.e1,21,9,21,43,25,136
TrSC58v2_3844.t1,1,1,0,3,1,3
TrSC58v2_3844.t1.e1,2,3,4,3,4,3
TrSC58v2_3846.t1,10,14,26,0,30,3
TrSC58v2_3846.t1.e1,14,21,29,81,36,180
TrSC58v2_3849.t1,2,5,11,10,10,43
TrSC58v2_3849.t1.e1,3,6,15,12,13,45
TrSC58v2_3850.t1,0,0,2,1,1,18
TrSC58v2_3850.t1.e1,3,6,12,4,3,20
TrSC58v2_3852.t1,0,2,0,2,6,16
TrSC58v2_3852.t1.e1,3,3,0,20,7,18
TrSC58v2_3853.t1,0,0,1,4,0,31
TrSC58v2_3853.t1.e1,4,0,1,5,14,34
TrSC58v2_3854.t1,2,0,0,5,3,3
TrSC58v2_3854.t1.e1,3,0,3,6,3,19
TrSC58v2_3857.t1,1,1,3,1,16,11
TrSC58v2_3857.t1.e1,1,4,3,14,2,9
TrSC58v2_3858.t1,8,2,25,34,26,91
TrSC58v2_3858.t1.e1,9,23,26,35,28,98
TrSC58v2_3860.t1,6,7,31,30,0,119
TrSC58v2_3860.t1.e1,8,9,34,38,48,133
TrSC58v2_3861.t1,0,4,4,32,22,34
TrSC58v2_3861.t1.e1,4,5,5,28,25,37
TrSC58v2_3862.t1,8,16,53,52,27,130
TrSC58v2_3862.t1.e1,8,17,54,52,28,133
TrSC58v2_3863.t1,8,15,59,57,29,130
TrSC58v2_3863.t1.e1,9,20,63,63,33,154
TrSC58v2_3864.t1,7,15,51,49,24,121
TrSC58v2_3864.t1.e1,8,20,59,57,30,146
TrSC58v2_3865.t1,7,15,51,48,25,122
TrSC58v2_3865.t1.e1,9,20,59,57,30,147
TrSC58v2_3867.t1,0,8,7,14,9,25
TrSC58v2_3867.t1.e1,7,11,8,17,10,26
TrSC58v2_3869.t1,0,1,0,6,2,3
TrSC58v2_3869.t1.e1,4,8,0,6,4,14
TrSC58v2_3870.t1,39,1,91,113,52,294
TrSC58v2_3870.t1.e1,48,97,112,139,72,364
TrSC58v2_3871.t1,26,21,41,45,30,219
TrSC58v2_3871.t1.e1,28,23,45,47,32,230
TrSC58v2_3872.t1,1,3,13,32,5,86
TrSC58v2_3872.t1.e1,12,4,14,35,21,100
TrSC58v2_3877.t1,0,4,0,22,9,41
TrSC58v2_3877.t1.e1,8,5,23,25,11,44
TrSC58v2_3878.t1,0,0,0,2,0,2
TrSC58v2_3878.t1.e1,3,8,12,33,12,35
TrSC58v2_3879.t1,6,8,18,41,29,105
TrSC58v2_3879.t1.e1,7,10,21,54,33,129
TrSC58v2_3882.t1,6,0,0,2,6,31
TrSC58v2_3882.t1.e1,7,0,11,37,8,33
TrSC58v2_3888.t1,4,1,5,5,8,29
TrSC58v2_3888.t1.e1,4,2,6,14,8,33
TrSC58v2_3891.t1,0,2,2,11,10,26
TrSC58v2_3891.t1.e1,3,7,3,12,12,30
TrSC58v2_3892.t1,1,0,10,8,4,3
TrSC58v2_3892.t1.e1,1,0,10,9,5,46
TrSC58v2_3893.t1,2,3,17,37,5,52
TrSC58v2_3893.t1.e1,3,4,18,42,26,56
TrSC58v2_3896.t1,5,7,40,48,32,108
TrSC58v2_3896.t1.e1,6,10,43,53,36,128
TrSC58v2_3897.t1,2,1,1,22,1,36
TrSC58v2_3897.t1.e1,3,14,10,27,6,43
TrSC58v2_3901.t1,0,0,10,17,0,22
TrSC58v2_3901.t1.e1,3,7,11,20,18,24
TrSC58v2_3902.t1,0,0,0,15,10,31
TrSC58v2_3902.t1.e1,4,0,9,17,12,44
TrSC58v2_3903.t1,0,7,0,9,5,43
TrSC58v2_3903.t1.e1,3,9,4,11,6,50
TrSC58v2_3904.t1,2,0,1,9,0,0
TrSC58v2_3904.t1.e1,8,4,2,10,4,12
TrSC58v2_3905.t1,1,2,0,14,0,5
TrSC58v2_3905.t1.e1,1,3,0,16,0,6
TrSC58v2_3906.t1,2,3,5,23,17,50
TrSC58v2_3906.t1.e1,21,8,5,23,18,55
TrSC58v2_3908.t1,0,5,4,11,1,37
TrSC58v2_3908.t1.e1,3,5,5,14,2,40
TrSC58v2_3909.t1,7,4,14,22,13,49
TrSC58v2_3909.t1.e1,9,5,17,27,14,57
TrSC58v2_3913.t1,0,1,12,15,9,36
TrSC58v2_3913.t1.e1,5,10,15,13,8,33
TrSC58v2_3915.t1,0,1,5,4,4,5
TrSC58v2_3915.t1.e1,7,10,5,4,4,5
TrSC58v2_3916.t1,0,0,0,5,2,8
TrSC58v2_3916.t1.e1,6,0,0,8,3,12
TrSC58v2_3917.t1,0,8,18,22,14,60
TrSC58v2_3917.t1.e1,7,10,21,26,17,74
TrSC58v2_3918.t1,5,0,0,3,0,6
TrSC58v2_3918.t1.e1,6,0,0,4,3,7
TrSC58v2_3919.t1,8,0,4,5,31,114
TrSC58v2_3919.t1.e1,11,17,61,67,36,133
TrSC58v2_3920.t1,0,0,12,12,7,39
TrSC58v2_3920.t1.e1,3,5,13,16,8,43
MSTRG.3819.1,59,40,71,167,62,349
TrSC58v2_3923.t1,13,16,20,50,21,115
TrSC58v2_3923.t1.e1,14,20,24,40,25,136
TrSC58v2_3924.t1,6,17,18,67,24,115
TrSC58v2_3924.t1.e1,7,19,23,0,31,152
TrSC58v2_3925.t1,10,18,1,14,10,68
TrSC58v2_3925.t1.e1,14,27,1,17,13,93
TrSC58v2_3926.t1,17,33,20,32,21,149
TrSC58v2_3926.t1.e1,19,38,18,38,24,184
TrSC58v2_3929.t1,1,1,8,0,0,1
TrSC58v2_3929.t1.e1,17,2,8,12,5,18
TrSC58v2_3931.t1,1,1,3,21,11,27
TrSC58v2_3931.t1.e1,1,6,4,23,12,30
TrSC58v2_3932.t1,0,2,3,9,1,3
TrSC58v2_3932.t1.e1,6,4,4,10,1,44
TrSC58v2_3933.t1,9,7,21,57,16,84
TrSC58v2_3933.t1.e1,26,8,41,69,22,89
TrSC58v2_3934.t1,5,0,23,4,5,34
TrSC58v2_3934.t1.e1,5,4,4,4,6,35
TrSC58v2_3936.t1,1,0,0,1,2,1
TrSC58v2_3936.t1.e1,14,0,0,8,3,13
TrSC58v2_3937.t1,0,1,5,0,1,3
TrSC58v2_3937.t1.e1,3,5,6,8,10,40
TrSC58v2_3938.t1.e1,6,6,8,9,8,18
TrSC58v2_3938.t1,3,5,7,7,0,15
TrSC58v2_3940.t1.e1,2,0,0,8,13,31
TrSC58v2_3940.t1,1,0,0,7,11,27
TrSC58v2_3942.t1.e1,4,11,29,63,43,179
TrSC58v2_3942.t1,3,10,25,57,34,170
TrSC58v2_3943.t1.e1,7,0,17,14,16,21
TrSC58v2_3943.t1,6,0,1,1,13,1
TrSC58v2_3945.t1.e1,5,14,23,38,33,110
TrSC58v2_3945.t1,4,11,0,33,31,94
MSTRG.3838.1,39,3,31,32,12,65
TrSC58v2_3947.t1.e1,3,0,5,8,7,12
TrSC58v2_3947.t1,2,0,5,0,5,1
TrSC58v2_3948.t1.e1,4,8,9,19,8,58
TrSC58v2_3948.t1,0,0,8,18,8,53
TrSC58v2_3949.t1.e1,5,3,16,4,8,30
TrSC58v2_3949.t1,1,2,12,3,6,27
TrSC58v2_3950.t1.e1,11,12,18,26,22,60
TrSC58v2_3950.t1,8,10,16,12,20,7
TrSC58v2_3951.t1.e1,15,8,26,31,17,50
TrSC58v2_3951.t1,0,7,1,2,2,46
TrSC58v2_3953.t1.e1,5,9,7,17,18,38
TrSC58v2_3953.t1,0,8,6,14,14,32
TrSC58v2_3954.t1.e1,3,0,2,10,4,14
TrSC58v2_3954.t1,3,0,2,9,4,13
TrSC58v2_3955.t1.e1,5,6,8,17,4,73
TrSC58v2_3955.t1,0,5,0,13,2,2
TrSC58v2_3956.t1.e1,8,11,33,26,15,137
TrSC58v2_3956.t1,6,8,24,23,13,2
TrSC58v2_3957.t1.e1,3,0,5,10,5,17
TrSC58v2_3957.t1,1,0,1,10,4,15
TrSC58v2_3958.t1.e1,4,7,4,14,14,43
TrSC58v2_3958.t1,0,5,3,1,1,2
TrSC58v2_3960.t1.e1,4,7,18,22,17,107
TrSC58v2_3960.t1,3,6,15,17,0,4
TrSC58v2_3961.t1.e1,51,38,120,250,158,508
TrSC58v2_3961.t1,49,35,101,216,147,407
MSTRG.3856.1,91,118,245,516,357,1049
TrSC58v2_4222.t1,1,0,1,6,2,16
TrSC58v2_4222.t1.e1,2,0,7,7,5,16
TrSC58v2_4220.t1,14,9,1,8,3,52
TrSC58v2_4220.t1.e1,16,13,45,9,4,58
TrSC58v2_4219.t1,2,0,1,0,1,0
TrSC58v2_4219.t1.e1,3,8,4,7,4,23
TrSC58v2_4221.t1,5,0,11,8,7,53
TrSC58v2_4221.t1.e1,6,0,11,9,10,58
TrSC58v2_4224.t1,0,0,0,3,1,21
TrSC58v2_4224.t1.e1,12,0,3,4,14,26
TrSC58v2_4226.t1,0,0,0,13,14,3
TrSC58v2_4226.t1.e1,3,7,19,15,13,58
TrSC58v2_4223.t1,0,0,0,11,7,6
TrSC58v2_4223.t1.e1,11,10,8,13,7,7
TrSC58v2_4227.t1,1,0,1,12,1,2
TrSC58v2_4227.t1.e1,9,0,24,13,4,47
TrSC58v2_4248.t1.e1,8,2,3,13,13,39
TrSC58v2_4248.t1,0,1,2,12,2,2
TrSC58v2_4250.t1.e1,3,4,6,7,5,38
TrSC58v2_4250.t1,0,0,5,6,4,34
TrSC58v2_4251.t1,0,1,1,2,2,4
TrSC58v2_4251.t1.e1,1,2,2,2,3,4
MSTRG.4121.1,0,0,66,97,67,225
TrSC58v2_4229.t1,0,0,0,0,6,1
TrSC58v2_4229.t1.e1,0,0,8,3,7,27
TrSC58v2_4234.t1,0,0,3,5,1,9
TrSC58v2_4234.t1.e1,0,4,4,6,9,11
TrSC58v2_4238.t1,0,0,0,1,1,0
TrSC58v2_4238.t1.e1,0,0,0,4,2,10
TrSC58v2_4239.t1,0,0,0,0,0,0
TrSC58v2_4239.t1.e1,0,3,0,0,0,18
TrSC58v2_4242.t1,0,1,0,5,3,1
TrSC58v2_4242.t1.e1,0,9,0,6,4,25
TrSC58v2_4246.t1,0,1,0,1,1,10
TrSC58v2_4246.t1.e1,0,14,0,1,9,12
TrSC58v2_4247.t1,0,0,0,10,4,45
TrSC58v2_4247.t1.e1,0,2,12,12,5,59
TrSC58v2_4228.t1,1,1,3,2,5,6
TrSC58v2_4228.t1.e1,17,2,16,2,6,8
TrSC58v2_4230.t1,1,0,0,7,0,1
TrSC58v2_4230.t1.e1,4,0,0,8,0,26
TrSC58v2_4231.t1.e1,14,7,5,8,5,15
TrSC58v2_4231.t1,10,5,5,0,1,13
TrSC58v2_4232.t1.e1,4,4,4,14,16,28
TrSC58v2_4232.t1,0,0,0,1,0,1
TrSC58v2_4233.t1.e1,13,7,45,38,7,70
TrSC58v2_4233.t1,3,3,4,6,5,65
TrSC58v2_4235.t1.e1,9,3,6,10,3,25
TrSC58v2_4235.t1,0,1,5,9,1,14
TrSC58v2_4236.t1.e1,4,9,13,9,21,21
TrSC58v2_4236.t1,0,6,11,8,18,20
TrSC58v2_4237.t1.e1,8,0,0,20,5,31
TrSC58v2_4237.t1,6,0,0,1,4,27
TrSC58v2_4240.t1.e1,4,9,4,4,9,22
TrSC58v2_4240.t1,1,0,0,4,2,4
TrSC58v2_4241.t1.e1,7,4,4,16,8,17
TrSC58v2_4241.t1,0,0,0,0,7,0
TrSC58v2_4243.t1.e1,23,3,13,18,0,28
TrSC58v2_4243.t1,2,2,1,16,0,26
TrSC58v2_4244.t1.e1,7,0,7,7,5,21
TrSC58v2_4244.t1,5,0,6,5,4,20
TrSC58v2_4245.t1.e1,3,5,4,32,11,28
TrSC58v2_4245.t1,2,4,0,0,4,25
TrSC58v2_4466.t1.e1,4,5,5,10,3,20
TrSC58v2_4466.t1,0,0,0,8,2,17
TrSC58v2_4467.t1.e1,5,9,13,11,11,52
TrSC58v2_4467.t1,0,7,12,10,9,45
TrSC58v2_4470.t1.e1,3,7,0,0,2,22
TrSC58v2_4470.t1,1,0,0,0,1,18
TrSC58v2_4472.t1.e1,7,6,4,38,13,58
TrSC58v2_4472.t1,1,5,3,31,12,48
TrSC58v2_4473.t1.e1,7,4,11,15,20,51
TrSC58v2_4473.t1,6,2,10,12,17,48
TrSC58v2_4474.t1.e1,5,11,8,23,13,61
TrSC58v2_4474.t1,5,9,7,22,11,58
TrSC58v2_4475.t1.e1,37,10,26,66,72,144
TrSC58v2_4475.t1,0,7,23,62,1,136
TrSC58v2_4480.t1,0,1,0,2,0,8
TrSC58v2_4480.t1.e1,4,7,0,3,0,9
TrSC58v2_4483.t1,2,4,11,9,1,14
TrSC58v2_4483.t1.e1,7,4,13,1,1,15
MSTRG.4363.1,16,24,29,45,22,62
TrSC58v2_4484.t1,19,1,2,38,24,107
TrSC58v2_4484.t1.e1,5,25,48,40,27,111
TrSC58v2_4487.t1,1,1,2,2,1,8
TrSC58v2_4487.t1.e1,4,4,10,8,4,40
TrSC58v2_4485.t1,9,11,26,4,29,85
TrSC58v2_4485.t1.e1,10,13,30,61,35,94
TrSC58v2_4489.t1,15,11,0,47,22,84
TrSC58v2_4489.t1.e1,17,13,34,51,25,97
TrSC58v2_4492.t1,0,0,1,7,1,19
TrSC58v2_4492.t1.e1,8,4,11,7,7,20
TrSC58v2_4491.t1,17,9,15,59,21,112
TrSC58v2_4491.t1.e1,20,8,18,62,23,99
TrSC58v2_4493.t1,0,1,4,11,10,43
TrSC58v2_4493.t1.e1,16,4,5,14,11,46
MSTRG.4374.1,49,47,177,292,172,559
TrSC58v2_4495.t1,0,2,0,1,5,53
TrSC58v2_4495.t1.e1,3,10,10,11,5,4
TrSC58v2_4494.t1,1,2,32,52,35,153
TrSC58v2_4494.t1.e1,39,49,37,55,39,173
TrSC58v2_4496.t1,4,6,11,21,7,5
TrSC58v2_4496.t1.e1,5,6,16,27,8,90
TrSC58v2_4497.t1,0,0,6,17,0,29
TrSC58v2_4497.t1.e1,5,4,8,23,21,32
TrSC58v2_3992.t1,0,0,1,1,0,0
TrSC58v2_3992.t1.e1,0,4,8,42,0,53
TrSC58v2_3998.t1,0,1,3,0,0,4
TrSC58v2_3998.t1.e1,0,6,4,4,5,24
TrSC58v2_4001.t1,0,0,1,0,0,0
TrSC58v2_4001.t1.e1,0,0,3,0,2,0
TrSC58v2_4003.t1,0,0,11,3,0,20
TrSC58v2_4003.t1.e1,0,4,14,24,12,22
TrSC58v2_4006.t1,0,6,2,17,0,31
TrSC58v2_4006.t1.e1,0,8,3,20,14,36
TrSC58v2_4013.t1,0,0,1,9,6,15
TrSC58v2_4013.t1.e1,0,0,5,10,9,18
TrSC58v2_4015.t1,0,0,0,1,1,1
TrSC58v2_4015.t1.e1,0,8,0,1,1,33
TrSC58v2_4016.t1,0,12,13,20,19,69
TrSC58v2_4016.t1.e1,0,15,17,22,21,72
TrSC58v2_4024.t1,0,0,0,1,0,3
TrSC58v2_4024.t1.e1,0,3,0,19,4,25
TrSC58v2_4025.t1,0,0,0,2,2,15
TrSC58v2_4025.t1.e1,0,0,7,9,5,16
TrSC58v2_4026.t1,0,0,1,1,1,1
TrSC58v2_4026.t1.e1,0,0,4,5,3,9
TrSC58v2_4028.t1,0,0,0,4,5,1
TrSC58v2_4028.t1.e1,0,0,4,4,7,30
TrSC58v2_4029.t1,0,1,5,0,0,12
TrSC58v2_4029.t1.e1,0,2,6,0,0,13
TrSC58v2_4048.t1,0,0,3,1,0,21
TrSC58v2_4048.t1.e1,0,6,6,28,4,29
TrSC58v2_4049.t1,0,0,0,0,0,1
TrSC58v2_4049.t1.e1,0,0,0,4,0,6
TrSC58v2_4054.t1,0,0,1,10,3,17
TrSC58v2_4054.t1.e1,0,0,3,12,4,18
TrSC58v2_4062.t1,0,6,0,7,4,28
TrSC58v2_4062.t1.e1,0,7,0,8,5,34
TrSC58v2_4064.t1,0,0,0,0,0,7
TrSC58v2_4064.t1.e1,0,0,5,9,4,10
TrSC58v2_4065.t1,0,0,0,0,1,6
TrSC58v2_4065.t1.e1,0,0,0,4,2,7
MSTRG.3967.1,0,0,0,12,9,63
TrSC58v2_4086.t1,0,0,0,4,1,5
TrSC58v2_4086.t1.e1,0,0,0,5,3,11
TrSC58v2_4088.t1,0,0,8,12,14,42
TrSC58v2_4088.t1.e1,0,5,11,15,19,49
TrSC58v2_4095.t1,0,0,0,1,0,5
TrSC58v2_4095.t1.e1,0,2,0,11,0,26
TrSC58v2_4097.t1,0,1,1,2,7,12
TrSC58v2_4097.t1.e1,0,3,3,2,9,11
TrSC58v2_4105.t1,0,4,28,28,12,81
TrSC58v2_4105.t1.e1,0,6,30,37,14,95
MSTRG.3997.1,0,0,0,13,0,39
TrSC58v2_4107.t1,0,0,1,2,6,1
TrSC58v2_4107.t1.e1,0,3,5,3,12,1
MSTRG.3998.1,0,22,36,68,57,144
TrSC58v2_4116.t1,0,0,12,20,0,32
TrSC58v2_4116.t1.e1,0,3,14,27,11,51
TrSC58v2_4119.t1,0,0,0,0,1,1
TrSC58v2_4119.t1.e1,0,2,4,2,4,6
TrSC58v2_4128.t1,0,0,1,0,0,17
TrSC58v2_4128.t1.e1,0,4,11,14,4,21
TrSC58v2_4129.t1,0,2,1,0,4,12
TrSC58v2_4129.t1.e1,0,3,12,0,4,12
TrSC58v2_4130.t1,0,0,2,3,0,1
TrSC58v2_4130.t1.e1,0,0,3,3,0,5
TrSC58v2_4133.t1,0,0,0,2,0,11
TrSC58v2_4133.t1.e1,0,6,8,28,0,13
TrSC58v2_4134.t1,0,0,0,8,0,4
TrSC58v2_4134.t1.e1,0,4,3,9,0,17
TrSC58v2_4140.t1,0,0,2,1,3,3
TrSC58v2_4140.t1.e1,0,0,8,3,3,23
TrSC58v2_4148.t1,0,1,0,2,0,8
TrSC58v2_4148.t1.e1,0,3,5,12,0,9
TrSC58v2_4150.t1,0,5,15,0,11,32
TrSC58v2_4150.t1.e1,0,6,17,45,14,35
TrSC58v2_4154.t1,0,0,1,2,1,16
TrSC58v2_4154.t1.e1,0,0,3,2,1,1
TrSC58v2_4158.t1,0,10,2,14,17,52
TrSC58v2_4158.t1.e1,0,11,25,17,20,59
MSTRG.4070.1,0,0,0,24,0,58
TrSC58v2_4194.t1,0,3,1,6,0,20
TrSC58v2_4194.t1.e1,0,4,4,7,4,23
TrSC58v2_4196.t1,0,0,1,4,1,27
TrSC58v2_4196.t1.e1,0,0,4,5,6,28
TrSC58v2_4198.t1,0,3,3,0,0,20
TrSC58v2_4198.t1.e1,0,3,3,0,0,21
TrSC58v2_4203.t1,0,5,2,14,10,19
TrSC58v2_4203.t1.e1,0,6,9,15,10,20
TrSC58v2_4209.t1,0,0,7,7,2,1
TrSC58v2_4209.t1.e1,0,0,2,9,3,46
TrSC58v2_4210.t1,0,6,28,58,16,94
TrSC58v2_4210.t1.e1,0,7,35,69,19,105
TrSC58v2_4212.t1,0,0,4,1,2,21
TrSC58v2_4212.t1.e1,0,4,4,25,9,24
TrSC58v2_4215.t1,0,0,0,14,0,27
TrSC58v2_4215.t1.e1,0,0,0,17,0,33
TrSC58v2_4218.t1,0,11,9,15,20,54
TrSC58v2_4218.t1.e1,0,13,13,19,23,61
TrSC58v2_3989.t1,6,16,26,25,20,96
TrSC58v2_3989.t1.e1,6,18,28,27,20,106
TrSC58v2_3990.t1,8,1,7,31,15,82
TrSC58v2_3990.t1.e1,10,36,34,35,17,95
TrSC58v2_3991.t1,6,0,16,11,1,35
TrSC58v2_3991.t1.e1,8,27,19,16,15,37
TrSC58v2_3993.t1,0,8,2,31,6,42
TrSC58v2_3993.t1.e1,19,11,28,2,7,48
TrSC58v2_3994.t1,7,13,21,6,0,52
TrSC58v2_3994.t1.e1,8,16,23,8,8,57
TrSC58v2_3995.t1,3,0,4,5,6,12
TrSC58v2_3995.t1.e1,4,8,5,7,7,13
TrSC58v2_3996.t1,2,0,0,14,1,37
TrSC58v2_3996.t1.e1,13,10,46,16,1,46
TrSC58v2_3997.t1,3,3,5,2,11,34
TrSC58v2_3997.t1.e1,3,3,6,16,13,38
TrSC58v2_3999.t1,1,0,0,1,0,11
TrSC58v2_3999.t1.e1,2,0,4,5,0,12
TrSC58v2_4000.t1,7,1,7,15,1,33
TrSC58v2_4000.t1.e1,8,3,9,17,8,38
TrSC58v2_4002.t1,0,0,0,4,0,8
TrSC58v2_4002.t1.e1,11,0,0,4,0,11
TrSC58v2_4004.t1,6,7,14,0,17,0
TrSC58v2_4004.t1.e1,7,10,18,27,19,79
TrSC58v2_4005.t1,1,0,4,11,0,28
TrSC58v2_4005.t1.e1,4,5,8,12,38,31
TrSC58v2_4007.t1,73,63,178,206,120,629
TrSC58v2_4007.t1.e1,80,71,166,226,133,613
TrSC58v2_4008.t1,81,70,180,216,131,665
TrSC58v2_4008.t1.e1,90,81,194,251,143,756
TrSC58v2_4009.t1,83,72,202,222,132,785
TrSC58v2_4009.t1.e1,94,82,182,253,151,685
TrSC58v2_4010.t1,0,5,13,18,13,45
TrSC58v2_4010.t1.e1,4,7,15,21,16,48
TrSC58v2_4011.t1,0,5,0,0,0,33
TrSC58v2_4011.t1.e1,4,7,4,24,4,37
TrSC58v2_4012.t1,1,0,8,1,2,12
TrSC58v2_4012.t1.e1,1,0,8,11,5,13
TrSC58v2_4014.t1,2,0,0,13,5,16
TrSC58v2_4014.t1.e1,5,0,4,14,7,19
TrSC58v2_4017.t1,1,0,2,0,1,3
TrSC58v2_4017.t1.e1,2,0,4,4,2,22
TrSC58v2_4018.t1,0,0,11,5,4,16
TrSC58v2_4018.t1.e1,7,18,14,7,5,20
TrSC58v2_4019.t1,0,1,0,1,3,2
TrSC58v2_4019.t1.e1,5,3,4,11,5,20
TrSC58v2_4020.t1,0,4,7,8,5,28
TrSC58v2_4020.t1.e1,8,5,10,10,7,34
TrSC58v2_4021.t1,1,1,1,1,1,2
TrSC58v2_4021.t1.e1,4,2,3,3,3,8
TrSC58v2_4022.t1,0,1,0,1,1,0
TrSC58v2_4022.t1.e1,4,8,12,25,13,15
TrSC58v2_4023.t1,1,1,12,11,3,33
TrSC58v2_4023.t1.e1,4,1,13,11,7,35
TrSC58v2_4027.t1,0,0,14,7,1,14
TrSC58v2_4027.t1.e1,3,0,17,9,21,19
TrSC58v2_4030.t1.e1,3,2,0,3,1,4
TrSC58v2_4030.t1,1,1,0,1,1,4
TrSC58v2_4031.t1.e1,5,8,20,27,20,133
TrSC58v2_4031.t1,0,0,2,1,0,5
TrSC58v2_4032.t1.e1,2,0,0,2,11,8
TrSC58v2_4032.t1,1,0,0,1,10,1
TrSC58v2_4033.t1.e1,5,6,9,42,20,64
TrSC58v2_4033.t1,4,5,8,4,18,52
TrSC58v2_4034.t1.e1,7,6,4,46,31,87
TrSC58v2_4034.t1,0,5,3,29,23,79
TrSC58v2_4035.t1.e1,3,17,5,12,7,19
TrSC58v2_4035.t1,0,1,1,1,1,17
TrSC58v2_4036.t1.e1,17,5,10,14,8,25
TrSC58v2_4036.t1,1,0,3,1,7,20
TrSC58v2_4037.t1.e1,11,3,13,35,20,57
TrSC58v2_4037.t1,1,2,2,29,18,55
TrSC58v2_4038.t1.e1,3,4,3,6,3,11
TrSC58v2_4038.t1,3,1,1,1,2,9
TrSC58v2_4039.t1.e1,3,0,4,0,9,8
TrSC58v2_4039.t1,1,0,0,0,1,6
TrSC58v2_4040.t1.e1,9,3,5,22,3,55
TrSC58v2_4040.t1,1,1,2,20,1,49
TrSC58v2_4041.t1.e1,4,0,11,16,6,27
TrSC58v2_4041.t1,1,0,10,14,1,25
TrSC58v2_4042.t1.e1,6,9,17,43,34,73
TrSC58v2_4042.t1,4,7,11,29,23,60
TrSC58v2_4043.t1.e1,28,21,54,125,92,326
TrSC58v2_4043.t1,23,17,54,109,85,290
TrSC58v2_4044.t1.e1,5,5,10,2,5,9
TrSC58v2_4044.t1,2,5,1,1,4,8
TrSC58v2_4045.t1.e1,4,6,5,2,23,26
TrSC58v2_4045.t1,3,2,2,1,1,2
TrSC58v2_4046.t1.e1,10,20,13,38,19,123
TrSC58v2_4046.t1,0,1,12,31,17,102
TrSC58v2_4047.t1.e1,7,0,11,20,3,53
TrSC58v2_4047.t1,0,0,8,18,0,47
TrSC58v2_4050.t1.e1,20,0,35,14,16,41
TrSC58v2_4050.t1,0,0,1,13,1,35
TrSC58v2_4051.t1.e1,24,21,32,37,31,134
TrSC58v2_4051.t1,19,18,24,33,27,108
TrSC58v2_4052.t1.e1,16,22,15,42,34,77
TrSC58v2_4052.t1,12,10,14,36,32,52
TrSC58v2_4053.t1.e1,12,0,28,5,7,40
TrSC58v2_4053.t1,0,0,1,4,6,1
TrSC58v2_4055.t1.e1,7,0,5,12,5,32
TrSC58v2_4055.t1,0,0,5,8,1,30
TrSC58v2_4056.t1.e1,8,1,7,4,1,14
TrSC58v2_4056.t1,2,1,1,3,1,13
TrSC58v2_4057.t1.e1,4,12,16,35,20,49
TrSC58v2_4057.t1,3,0,13,32,18,43
TrSC58v2_4058.t1.e1,10,7,16,7,6,25
TrSC58v2_4058.t1,7,2,13,6,5,22
TrSC58v2_4059.t1.e1,8,2,4,4,4,24
TrSC58v2_4059.t1,7,1,0,0,0,22
TrSC58v2_4060.t1.e1,7,4,13,19,7,21
TrSC58v2_4060.t1,0,1,12,2,6,17
TrSC58v2_4061.t1.e1,6,6,26,13,11,88
TrSC58v2_4061.t1,1,5,21,10,9,10
TrSC58v2_4063.t1.e1,2,10,9,8,12,37
TrSC58v2_4063.t1,1,1,7,7,0,30
TrSC58v2_4066.t1.e1,9,10,7,13,8,42
TrSC58v2_4066.t1,6,9,0,11,6,36
TrSC58v2_4067.t1.e1,5,8,13,17,19,130
TrSC58v2_4067.t1,4,6,12,14,18,1
TrSC58v2_4068.t1.e1,2,6,13,12,7,21
TrSC58v2_4068.t1,0,5,2,9,1,18
TrSC58v2_4069.t1.e1,1,1,2,3,3,1
TrSC58v2_4069.t1,0,0,2,0,2,16
TrSC58v2_4070.t1.e1,5,2,6,13,10,43
TrSC58v2_4070.t1,4,2,5,1,8,35
TrSC58v2_4071.t1.e1,2,4,11,15,11,36
TrSC58v2_4071.t1,2,3,10,12,9,28
TrSC58v2_4072.t1.e1,7,5,5,6,3,10
TrSC58v2_4072.t1,1,1,1,5,3,10
TrSC58v2_4073.t1.e1,1,1,4,2,1,12
TrSC58v2_4073.t1,0,1,1,1,4,2
TrSC58v2_4074.t1.e1,7,7,5,11,15,42
TrSC58v2_4074.t1,6,6,4,9,12,37
TrSC58v2_4075.t1.e1,3,6,17,23,15,55
TrSC58v2_4075.t1,2,4,14,18,13,41
TrSC58v2_4076.t1,4,3,3,5,1,4
TrSC58v2_4076.t1.e1,10,8,13,24,20,49
TrSC58v2_4077.t1.e1,1,2,5,2,1,1
TrSC58v2_4077.t1,0,0,1,0,5,16
TrSC58v2_4078.t1.e1,6,3,19,8,14,63
TrSC58v2_4078.t1,1,1,2,7,12,50
TrSC58v2_4079.t1.e1,7,4,4,15,12,31
TrSC58v2_4079.t1,0,0,0,11,1,26
TrSC58v2_4081.t1.e1,6,6,3,10,11,29
TrSC58v2_4081.t1,5,5,3,8,9,27
TrSC58v2_4082.t1.e1,2,4,19,23,21,74
TrSC58v2_4082.t1,2,3,16,18,17,56
TrSC58v2_4083.t1.e1,7,5,4,9,4,19
TrSC58v2_4083.t1,1,1,1,7,3,17
TrSC58v2_4084.t1.e1,4,2,3,3,3,10
TrSC58v2_4084.t1,2,1,2,0,1,8
TrSC58v2_4085.t1.e1,20,17,28,56,48,223
TrSC58v2_4085.t1,15,15,24,45,41,179
TrSC58v2_4087.t1.e1,7,15,31,39,22,111
TrSC58v2_4087.t1,6,13,25,34,19,84
TrSC58v2_4089.t1.e1,10,9,26,21,14,60
TrSC58v2_4089.t1,7,7,2,17,12,51
TrSC58v2_4090.t1.e1,24,22,97,59,58,251
TrSC58v2_4090.t1,17,20,1,47,28,193
MSTRG.3984.1,29,0,0,153,0,290
TrSC58v2_4091.t1,1,13,28,18,26,33
TrSC58v2_4091.t1.e1,1,18,32,22,28,38
TrSC58v2_4092.t1.e1,9,9,11,9,4,50
TrSC58v2_4092.t1,0,7,7,8,0,40
TrSC58v2_4093.t1.e1,7,25,58,101,62,182
TrSC58v2_4093.t1,1,10,13,13,3,15
TrSC58v2_4094.t1.e1,8,8,11,41,18,82
TrSC58v2_4094.t1,6,7,10,5,14,58
TrSC58v2_4096.t1,3,1,8,12,1,34
TrSC58v2_4096.t1.e1,4,12,23,13,21,40
MSTRG.3989.1,8,0,17,51,0,82
MSTRG.3991.1,4,11,23,27,30,114
TrSC58v2_4098.t1,0,1,3,1,1,9
TrSC58v2_4098.t1.e1,1,1,8,4,2,9
TrSC58v2_4102.t1,1,0,7,2,1,2
TrSC58v2_4102.t1.e1,2,4,8,2,11,2
TrSC58v2_4103.t1,8,0,7,9,6,8
TrSC58v2_4103.t1.e1,9,4,9,12,7,9
TrSC58v2_4104.t1,7,0,5,10,11,25
TrSC58v2_4104.t1.e1,9,7,6,12,12,38
TrSC58v2_4106.t1,27,45,66,113,66,291
TrSC58v2_4106.t1.e1,29,49,77,121,66,244
TrSC58v2_4110.t1,5,2,1,5,3,13
TrSC58v2_4110.t1.e1,8,2,3,5,4,15
TrSC58v2_4111.t1,0,2,1,23,8,50
TrSC58v2_4111.t1.e1,17,7,19,26,8,58
TrSC58v2_4112.t1,1,0,6,14,13,60
TrSC58v2_4112.t1.e1,2,11,8,16,16,55
MSTRG.4000.1,15,12,9,36,11,32
TrSC58v2_4113.t1,0,2,5,7,2,161
TrSC58v2_4113.t1.e1,24,56,80,102,66,186
TrSC58v2_4114.t1,1,12,38,31,25,120
TrSC58v2_4114.t1.e1,11,14,60,38,31,151
TrSC58v2_4115.t1,7,5,12,3,6,10
TrSC58v2_4115.t1.e1,10,7,14,5,7,63
TrSC58v2_4117.t1,4,8,14,10,11,60
TrSC58v2_4117.t1.e1,7,10,15,12,14,69
TrSC58v2_4118.t1,1,0,0,7,0,4
TrSC58v2_4118.t1.e1,2,0,0,10,1,5
TrSC58v2_4120.t1,1,0,0,8,0,5
TrSC58v2_4120.t1.e1,2,0,0,9,4,7
TrSC58v2_4121.t1,9,7,6,37,8,56
TrSC58v2_4121.t1.e1,11,9,8,46,12,60
TrSC58v2_4122.t1,3,5,22,14,9,68
TrSC58v2_4122.t1.e1,5,7,26,15,11,75
TrSC58v2_4123.t1,11,14,2,29,5,65
TrSC58v2_4123.t1.e1,13,19,25,32,37,74
TrSC58v2_4124.t1,4,3,2,17,13,33
TrSC58v2_4124.t1.e1,5,2,15,14,11,31
TrSC58v2_4125.t1,0,16,7,31,15,72
TrSC58v2_4125.t1.e1,4,20,9,27,18,65
TrSC58v2_4126.t1,2,11,16,24,7,43
TrSC58v2_4126.t1.e1,3,13,19,28,8,45
TrSC58v2_4127.t1,0,0,8,6,11,3
TrSC58v2_4127.t1.e1,2,4,11,6,15,74
TrSC58v2_4131.t1,0,0,5,9,7,24
TrSC58v2_4131.t1.e1,6,12,6,11,7,28
TrSC58v2_4132.t1,2,0,6,1,0,15
TrSC58v2_4132.t1.e1,3,0,7,5,7,16
TrSC58v2_4135.t1,12,9,19,38,25,84
TrSC58v2_4135.t1.e1,13,11,21,44,27,90
TrSC58v2_4136.t1,8,8,6,31,16,79
TrSC58v2_4136.t1.e1,11,10,6,39,23,85
TrSC58v2_4137.t1,5,10,36,43,35,146
TrSC58v2_4137.t1.e1,6,13,35,50,44,162
TrSC58v2_4138.t1,4,3,12,9,9,46
TrSC58v2_4138.t1.e1,6,4,16,10,13,51
TrSC58v2_4139.t1,1,0,3,8,1,46
TrSC58v2_4139.t1.e1,4,15,21,9,15,52
TrSC58v2_4141.t1,1,0,15,4,1,4
TrSC58v2_4141.t1.e1,1,0,17,26,4,29
TrSC58v2_4142.t1,1,7,10,39,0,2
TrSC58v2_4142.t1.e1,33,10,14,46,31,117
TrSC58v2_4143.t1,5,0,5,3,10,24
TrSC58v2_4143.t1.e1,5,0,6,29,12,25
TrSC58v2_4144.t1,25,2,53,80,25,151
TrSC58v2_4144.t1.e1,31,53,63,93,27,171
TrSC58v2_4145.t1,6,5,23,22,16,76
TrSC58v2_4145.t1.e1,8,6,26,27,19,78
TrSC58v2_4146.t1,4,0,4,1,8,16
TrSC58v2_4146.t1.e1,5,0,6,13,9,19
TrSC58v2_4147.t1,4,0,6,1,2,7
TrSC58v2_4147.t1.e1,5,0,7,2,5,7
TrSC58v2_4149.t1,0,0,7,1,2,15
TrSC58v2_4149.t1.e1,3,8,9,16,3,16
TrSC58v2_4151.t1,0,0,2,5,8,22
TrSC58v2_4151.t1.e1,3,0,10,6,10,25
TrSC58v2_4152.t1,0,0,0,1,0,1
TrSC58v2_4152.t1.e1,4,4,0,3,0,16
TrSC58v2_4153.t1,10,8,19,35,5,68
TrSC58v2_4153.t1.e1,13,10,25,48,7,76
TrSC58v2_4155.t1,0,1,1,0,3,12
TrSC58v2_4155.t1.e1,3,4,12,0,3,12
MSTRG.4045.1,4,16,0,23,4,90
TrSC58v2_4156.t1,6,7,1,5,8,11
TrSC58v2_4156.t1.e1,6,8,22,8,10,17
TrSC58v2_4157.t1,0,9,20,24,13,71
TrSC58v2_4157.t1.e1,17,12,22,27,19,61
TrSC58v2_4159.t1,7,7,5,13,2,38
TrSC58v2_4159.t1.e1,8,8,28,14,18,41
TrSC58v2_4160.t1,4,2,17,21,29,71
TrSC58v2_4160.t1.e1,4,19,19,23,32,84
TrSC58v2_4161.t1,1,2,1,6,2,8
TrSC58v2_4161.t1.e1,3,3,7,6,7,8
TrSC58v2_4162.t1,4,8,10,13,2,3
TrSC58v2_4162.t1.e1,5,11,11,17,3,128
TrSC58v2_4163.t1,11,21,29,44,15,120
TrSC58v2_4163.t1.e1,14,24,27,45,18,132
TrSC58v2_4164.t1,0,8,12,2,5,53
TrSC58v2_4164.t1.e1,4,9,13,42,7,60
TrSC58v2_4165.t1,7,6,23,2,16,73
TrSC58v2_4165.t1.e1,9,8,27,56,20,77
TrSC58v2_4166.t1,21,7,16,2,26,103
TrSC58v2_4166.t1.e1,23,8,18,91,44,113
TrSC58v2_4167.t1,6,2,16,18,20,74
TrSC58v2_4167.t1.e1,9,14,17,19,22,79
TrSC58v2_4168.t1,2,4,3,3,10,27
TrSC58v2_4168.t1.e1,5,4,9,15,10,29
TrSC58v2_4169.t1,9,9,24,43,35,132
TrSC58v2_4169.t1.e1,10,11,26,47,29,146
TrSC58v2_4170.t1,4,4,17,41,26,87
TrSC58v2_4170.t1.e1,5,35,21,45,23,93
TrSC58v2_4171.t1,13,9,5,73,44,177
TrSC58v2_4171.t1.e1,15,11,63,77,50,200
TrSC58v2_4172.t1,0,0,13,2,1,26
TrSC58v2_4172.t1.e1,7,0,14,9,6,27
TrSC58v2_4173.t1,8,7,9,1,8,69
TrSC58v2_4173.t1.e1,8,8,13,50,8,73
TrSC58v2_4174.t1,1,3,1,1,8,33
TrSC58v2_4174.t1.e1,2,12,8,8,9,37
TrSC58v2_4175.t1,0,8,0,1,0,23
TrSC58v2_4175.t1.e1,9,9,0,12,5,26
TrSC58v2_4176.t1,7,5,15,20,0,6
TrSC58v2_4176.t1.e1,9,7,20,25,4,163
TrSC58v2_4177.t1,1,0,1,4,3,4
TrSC58v2_4177.t1.e1,4,0,3,5,15,40
TrSC58v2_4178.t1,14,16,23,49,25,136
TrSC58v2_4178.t1.e1,16,19,28,53,29,160
TrSC58v2_4179.t1,16,11,24,28,15,168
TrSC58v2_4179.t1.e1,20,15,23,32,19,12
TrSC58v2_4180.t1,1,0,10,10,11,44
TrSC58v2_4180.t1.e1,14,7,11,10,12,46
TrSC58v2_4181.t1,1,0,0,2,2,6
TrSC58v2_4181.t1.e1,2,12,11,2,6,6
TrSC58v2_4182.t1,0,0,6,2,10,41
TrSC58v2_4182.t1.e1,15,10,7,48,11,45
TrSC58v2_4183.t1,13,0,15,28,0,52
TrSC58v2_4183.t1.e1,14,7,17,31,8,60
TrSC58v2_4184.t1,1,7,6,4,1,34
TrSC58v2_4184.t1.e1,9,8,8,5,2,38
TrSC58v2_4185.t1,0,4,14,33,12,1
TrSC58v2_4185.t1.e1,7,6,18,39,16,148
TrSC58v2_4186.t1,9,1,19,17,4,52
TrSC58v2_4186.t1.e1,13,25,21,19,18,60
TrSC58v2_4187.t1,0,0,6,11,9,9
TrSC58v2_4187.t1.e1,8,4,7,12,11,85
TrSC58v2_4188.t1,2,3,1,3,11,24
TrSC58v2_4188.t1.e1,2,3,14,18,13,25
TrSC58v2_4189.t1,5,1,10,31,0,72
TrSC58v2_4189.t1.e1,7,10,15,36,42,83
TrSC58v2_4190.t1,11,7,14,22,12,37
TrSC58v2_4190.t1.e1,13,8,16,25,14,38
TrSC58v2_4191.t1,0,9,2,3,12,96
TrSC58v2_4191.t1.e1,11,11,42,66,13,101
TrSC58v2_4192.t1,0,0,2,4,11,60
TrSC58v2_4192.t1.e1,16,28,19,52,19,66
TrSC58v2_4193.t1,0,0,0,14,9,31
TrSC58v2_4193.t1.e1,18,0,7,16,12,39
TrSC58v2_4195.t1,0,0,0,11,0,17
TrSC58v2_4195.t1.e1,4,0,3,15,5,23
TrSC58v2_4197.t1,0,8,0,20,21,75
TrSC58v2_4197.t1.e1,13,10,22,22,29,87
TrSC58v2_4199.t1,1,2,6,4,0,10
TrSC58v2_4199.t1.e1,2,3,7,5,4,11
TrSC58v2_4200.t1,2,0,2,8,7,34
TrSC58v2_4200.t1.e1,4,9,17,9,8,35
TrSC58v2_4201.t1,0,0,0,14,0,56
TrSC58v2_4201.t1.e1,18,12,16,17,14,68
TrSC58v2_4202.t1,13,5,16,39,15,61
TrSC58v2_4202.t1.e1,15,6,18,45,16,70
TrSC58v2_4204.t1,1,4,0,5,6,17
TrSC58v2_4204.t1.e1,3,5,7,6,8,30
TrSC58v2_4205.t1,10,5,0,12,2,39
TrSC58v2_4205.t1.e1,11,6,8,15,28,43
TrSC58v2_4206.t1,5,0,8,8,7,18
TrSC58v2_4206.t1.e1,5,0,8,9,8,22
TrSC58v2_4207.t1,12,8,7,23,25,56
TrSC58v2_4207.t1.e1,13,9,7,30,24,61
TrSC58v2_4208.t1,20,20,22,48,26,4
TrSC58v2_4208.t1.e1,26,24,29,60,30,297
TrSC58v2_4211.t1,1,0,0,0,6,10
TrSC58v2_4211.t1.e1,3,0,0,0,7,13
TrSC58v2_4213.t1,0,6,8,6,3,45
TrSC58v2_4213.t1.e1,10,7,11,8,4,56
TrSC58v2_4214.t1,5,0,7,21,2,33
TrSC58v2_4214.t1.e1,6,0,8,22,13,34
TrSC58v2_4216.t1,1,0,2,38,11,47
TrSC58v2_4216.t1.e1,3,17,30,40,12,48
TrSC58v2_4217.t1,1,0,4,10,1,0
TrSC58v2_4217.t1.e1,3,4,4,13,2,60
TrSC58v2_4499.t1,11,8,11,25,13,6
TrSC58v2_4499.t1.e1,13,10,13,33,15,206
TrSC58v2_4514.t1,0,1,11,20,11,51
TrSC58v2_4514.t1.e1,4,1,13,26,14,56
TrSC58v2_4500.t1,0,0,17,1,8,30
TrSC58v2_4500.t1.e1,3,0,22,26,15,35
TrSC58v2_4498.t1,3,4,19,24,12,63
TrSC58v2_4498.t1.e1,4,5,21,27,14,76
MSTRG.4382.1,0,13,1,47,9,36
TrSC58v2_4502.t1,4,0,4,11,10,19
TrSC58v2_4502.t1.e1,4,4,5,13,12,22
TrSC58v2_4503.t1,4,1,0,1,0,5
TrSC58v2_4503.t1.e1,5,4,6,1,0,5
TrSC58v2_4504.t1,2,3,15,10,9,20
TrSC58v2_4504.t1.e1,8,8,17,10,9,23
TrSC58v2_4505.t1,16,16,41,40,42,159
TrSC58v2_4505.t1.e1,19,21,55,46,49,175
TrSC58v2_4506.t1,9,0,8,16,15,79
TrSC58v2_4506.t1.e1,12,14,9,19,17,82
TrSC58v2_4507.t1,0,8,9,23,5,72
TrSC58v2_4507.t1.e1,3,10,12,26,6,80
TrSC58v2_4508.t1,7,5,0,23,2,119
TrSC58v2_4508.t1.e1,8,7,54,64,85,131
TrSC58v2_4509.t1,6,1,3,0,1,22
TrSC58v2_4509.t1.e1,10,3,4,0,4,24
TrSC58v2_4510.t1,1,5,12,10,7,47
TrSC58v2_4510.t1.e1,15,6,16,13,10,53
TrSC58v2_4511.t1,2,5,2,23,5,55
TrSC58v2_4511.t1.e1,10,6,50,27,6,59
TrSC58v2_4512.t1,6,5,8,13,10,68
TrSC58v2_4512.t1.e1,7,6,10,43,12,76
TrSC58v2_4513.t1,0,1,13,14,2,30
TrSC58v2_4513.t1.e1,10,6,15,15,13,33
TrSC58v2_4719.t1,0,0,10,15,3,25
TrSC58v2_4719.t1.e1,11,7,11,19,3,27
TrSC58v2_4720.t1,6,2,17,15,13,63
TrSC58v2_4720.t1.e1,8,11,21,18,15,66
TrSC58v2_4721.t1,0,1,9,1,12,35
TrSC58v2_4721.t1.e1,14,2,11,32,13,41
MSTRG.4142.1,0,13,37,0,19,115
MSTRG.4143.1,0,12,30,25,33,139
TrSC58v2_4257.t1,0,0,1,0,0,7
TrSC58v2_4257.t1.e1,0,0,1,0,0,8
TrSC58v2_4262.t1,0,0,0,0,1,0
TrSC58v2_4262.t1.e1,0,0,0,0,1,0
TrSC58v2_4264.t1,0,0,0,1,0,1
TrSC58v2_4264.t1.e1,0,0,0,4,0,1
TrSC58v2_4266.t1,0,5,7,1,1,26
TrSC58v2_4266.t1.e1,0,6,8,15,10,22
TrSC58v2_4267.t1,0,0,10,6,0,4
TrSC58v2_4267.t1.e1,0,0,13,7,19,49
TrSC58v2_4272.t1,0,0,11,1,0,24
TrSC58v2_4272.t1.e1,0,0,3,11,11,29
TrSC58v2_4273.t1,0,0,3,0,0,3
TrSC58v2_4273.t1.e1,0,0,13,4,0,16
TrSC58v2_4274.t1,0,0,5,1,3,14
TrSC58v2_4274.t1.e1,0,0,5,4,4,15
TrSC58v2_4275.t1,0,0,4,4,0,9
TrSC58v2_4275.t1.e1,0,0,5,14,0,10
TrSC58v2_4293.t1,0,0,0,8,6,27
TrSC58v2_4293.t1.e1,0,5,7,11,8,35
TrSC58v2_4294.t1,0,0,0,1,0,12
TrSC58v2_4294.t1.e1,0,0,0,1,5,13
TrSC58v2_4296.t1,0,6,0,32,5,75
TrSC58v2_4296.t1.e1,0,9,8,38,6,68
TrSC58v2_4297.t1,0,1,2,1,0,1
TrSC58v2_4297.t1.e1,0,9,3,10,0,8
TrSC58v2_4300.t1,0,0,1,0,0,3
TrSC58v2_4300.t1.e1,0,8,4,0,8,19
TrSC58v2_4301.t1,0,3,0,6,8,21
TrSC58v2_4301.t1.e1,0,4,5,8,9,23
TrSC58v2_4309.t1,0,0,6,2,5,10
TrSC58v2_4309.t1.e1,0,0,8,8,6,11
TrSC58v2_4311.t1,0,0,3,1,0,27
TrSC58v2_4311.t1.e1,0,0,5,14,0,4
TrSC58v2_4325.t1,0,0,6,12,0,36
TrSC58v2_4325.t1.e1,0,12,7,15,9,41
TrSC58v2_4328.t1,0,2,4,7,0,12
TrSC58v2_4328.t1.e1,0,2,5,8,11,13
TrSC58v2_4329.t1,0,0,0,0,0,14
TrSC58v2_4329.t1.e1,0,3,4,3,0,16
TrSC58v2_4331.t1,0,3,3,6,3,14
TrSC58v2_4331.t1.e1,0,4,3,7,3,16
TrSC58v2_4332.t1,0,0,5,3,4,2
TrSC58v2_4332.t1.e1,0,0,5,3,5,28
TrSC58v2_4339.t1,0,1,0,5,3,8
TrSC58v2_4339.t1.e1,0,1,0,6,3,9
MSTRG.4233.1,0,0,19,136,0,345
TrSC58v2_4347.t1,0,5,9,16,10,21
TrSC58v2_4347.t1.e1,0,7,14,18,12,25
TrSC58v2_4350.t1,0,1,1,2,2,6
TrSC58v2_4350.t1.e1,0,1,3,7,2,7
TrSC58v2_4356.t1,0,0,3,7,1,27
TrSC58v2_4356.t1.e1,0,4,4,9,1,32
TrSC58v2_4361.t1,0,0,1,1,0,1
TrSC58v2_4361.t1.e1,0,3,2,3,0,24
TrSC58v2_4363.t1,0,0,1,14,1,16
TrSC58v2_4363.t1.e1,0,4,2,15,6,17
TrSC58v2_4368.t1,0,0,0,0,0,1
TrSC58v2_4368.t1.e1,0,0,0,0,0,3
TrSC58v2_4372.t1,0,0,0,0,0,1
TrSC58v2_4372.t1.e1,0,0,0,0,0,3
TrSC58v2_4373.t1,0,0,0,0,0,0
TrSC58v2_4373.t1.e1,0,0,0,0,0,0
TrSC58v2_4374.t1,0,0,0,0,0,0
TrSC58v2_4374.t1.e1,0,0,0,0,0,0
TrSC58v2_4375.t1,0,0,0,0,0,0
TrSC58v2_4375.t1.e1,0,0,0,0,0,0
TrSC58v2_4376.t1,0,0,0,0,0,0
TrSC58v2_4376.t1.e1,0,0,0,0,0,0
TrSC58v2_4377.t1,0,0,0,0,0,1
TrSC58v2_4377.t1.e1,0,0,0,0,0,1
TrSC58v2_4378.t1,0,0,0,0,0,1
TrSC58v2_4378.t1.e1,0,0,0,0,0,1
TrSC58v2_4379.t1,0,0,0,0,0,1
TrSC58v2_4379.t1.e1,0,0,0,0,0,1
TrSC58v2_4380.t1,0,0,0,0,0,1
TrSC58v2_4380.t1.e1,0,0,0,0,0,1
TrSC58v2_4381.t1,0,0,0,0,0,0
TrSC58v2_4381.t1.e1,0,0,0,0,0,0
TrSC58v2_4382.t1,0,0,0,0,0,0
TrSC58v2_4382.t1.e1,0,0,0,0,0,0
TrSC58v2_4383.t1,0,0,0,0,0,1
TrSC58v2_4383.t1.e1,0,0,0,0,0,1
TrSC58v2_4386.t1,0,0,0,7,2,9
TrSC58v2_4386.t1.e1,0,0,0,8,2,11
TrSC58v2_4397.t1,0,0,1,1,1,5
TrSC58v2_4397.t1.e1,0,0,1,6,2,6
TrSC58v2_4406.t1,0,0,0,0,3,8
TrSC58v2_4406.t1.e1,0,0,0,12,4,13
TrSC58v2_4407.t1,0,0,0,0,4,17
TrSC58v2_4407.t1.e1,0,0,0,0,5,8
TrSC58v2_4408.t1,0,0,0,5,0,10
TrSC58v2_4408.t1.e1,0,4,4,7,4,12
MSTRG.4285.1,0,0,8,56,14,87
TrSC58v2_4420.t1,0,10,4,6,2,18
TrSC58v2_4420.t1.e1,0,11,4,7,10,20
TrSC58v2_4422.t1,0,0,0,6,1,1
TrSC58v2_4422.t1.e1,0,0,0,7,3,8
TrSC58v2_4423.t1,0,0,0,1,1,0
TrSC58v2_4423.t1.e1,0,7,0,6,7,38
TrSC58v2_4425.t1,0,0,0,4,2,6
TrSC58v2_4425.t1.e1,0,8,8,4,3,15
TrSC58v2_4446.t1,0,0,1,4,1,12
TrSC58v2_4446.t1.e1,0,0,7,4,1,14
TrSC58v2_4448.t1,0,4,38,37,36,89
TrSC58v2_4448.t1.e1,0,5,43,45,40,111
MSTRG.4326.1,0,0,0,26,6,9
MSTRG.4332.2,0,0,0,0,0,13
TrSC58v2_4455.t1,0,0,1,1,1,12
TrSC58v2_4455.t1.e1,0,0,2,5,4,14
TrSC58v2_4457.t1,0,0,1,0,1,12
TrSC58v2_4457.t1.e1,0,4,7,0,4,19
TrSC58v2_4458.t1,0,9,27,43,22,76
TrSC58v2_4458.t1.e1,0,12,30,51,24,94
TrSC58v2_4463.t1,0,0,1,1,2,8
TrSC58v2_4463.t1.e1,0,0,6,18,3,9
TrSC58v2_4464.t1,0,0,0,0,1,3
TrSC58v2_4464.t1.e1,0,0,0,4,1,11
TrSC58v2_4252.t1,2,1,1,2,2,1
TrSC58v2_4252.t1.e1,2,1,1,2,1,1
MSTRG.4144.1,6,6,19,20,0,37
MSTRG.4142.4,3,21,46,12,49,265
TrSC58v2_4256.t1,13,41,72,64,94,178
TrSC58v2_4256.t1.e1,19,9,53,132,19,131
TrSC58v2_4258.t1,19,51,63,155,92,341
TrSC58v2_4258.t1.e1,65,54,69,177,87,364
TrSC58v2_4259.t1,7,0,0,6,8,26
TrSC58v2_4259.t1.e1,12,9,6,7,9,33
TrSC58v2_4260.t1,0,1,0,3,4,1
TrSC58v2_4260.t1.e1,3,4,8,4,5,24
TrSC58v2_4261.t1,0,9,17,26,16,4
TrSC58v2_4261.t1.e1,7,13,18,29,20,157
TrSC58v2_4263.t1,4,5,7,8,10,17
TrSC58v2_4263.t1.e1,4,7,8,10,8,20
TrSC58v2_4265.t1,0,0,6,1,1,32
TrSC58v2_4265.t1.e1,15,3,8,12,19,25
TrSC58v2_4268.t1,0,1,13,15,14,58
TrSC58v2_4268.t1.e1,34,28,16,17,16,63
TrSC58v2_4269.t1,0,3,0,11,1,7
TrSC58v2_4269.t1.e1,5,3,2,13,16,71
TrSC58v2_4270.t1,11,1,8,39,1,96
TrSC58v2_4270.t1.e1,12,21,9,43,59,109
TrSC58v2_4271.t1,7,0,15,8,10,56
TrSC58v2_4271.t1.e1,10,8,20,11,10,65
TrSC58v2_4276.t1,0,0,6,2,0,0
TrSC58v2_4276.t1.e1,3,0,7,3,8,47
TrSC58v2_4277.t1,0,1,1,8,5,21
TrSC58v2_4277.t1.e1,3,3,12,10,6,24
TrSC58v2_4278.t1,3,0,1,2,5,17
TrSC58v2_4278.t1.e1,4,0,8,10,6,21
TrSC58v2_4279.t1,2,1,9,1,4,24
TrSC58v2_4279.t1.e1,2,2,10,2,28,28
TrSC58v2_4280.t1,1,3,2,1,0,1
TrSC58v2_4280.t1.e1,1,4,5,8,0,11
TrSC58v2_4281.t1,0,8,10,26,20,68
TrSC58v2_4281.t1.e1,3,8,12,25,21,80
TrSC58v2_4282.t1,0,0,0,13,0,41
TrSC58v2_4282.t1.e1,4,4,4,15,4,5
TrSC58v2_4283.t1,0,0,0,5,8,24
TrSC58v2_4283.t1.e1,4,0,11,6,11,26
TrSC58v2_4284.t1,0,0,8,1,0,23
TrSC58v2_4284.t1.e1,4,0,9,1,5,25
TrSC58v2_4285.t1,3,0,0,8,0,3
TrSC58v2_4285.t1.e1,3,3,0,9,0,4
TrSC58v2_4286.t1,5,0,4,8,8,3
TrSC58v2_4286.t1.e1,6,5,5,10,10,36
TrSC58v2_4287.t1,0,3,2,3,4,8
TrSC58v2_4287.t1.e1,2,3,3,4,6,10
TrSC58v2_4288.t1,4,3,6,0,0,0
TrSC58v2_4288.t1.e1,4,5,12,11,5,16
TrSC58v2_4289.t1,5,0,0,3,0,15
TrSC58v2_4289.t1.e1,7,0,0,3,4,17
TrSC58v2_4290.t1,0,1,10,16,2,30
TrSC58v2_4290.t1.e1,4,12,11,18,20,34
TrSC58v2_4291.t1,5,2,0,3,0,6
TrSC58v2_4291.t1.e1,9,12,7,11,5,42
TrSC58v2_4292.t1,4,0,1,6,8,45
TrSC58v2_4292.t1.e1,5,11,10,8,9,5
MSTRG.4181.1,3,9,11,7,0,50
TrSC58v2_4295.t1,0,0,1,1,2,22
TrSC58v2_4295.t1.e1,4,0,2,9,6,27
TrSC58v2_4298.t1,1,0,1,6,0,1
TrSC58v2_4298.t1.e1,4,0,1,7,0,22
TrSC58v2_4299.t1,0,0,6,4,4,10
TrSC58v2_4299.t1.e1,3,7,5,4,4,26
TrSC58v2_4302.t1,4,0,3,10,11,2
TrSC58v2_4302.t1.e1,4,4,2,13,15,97
TrSC58v2_4303.t1,5,0,7,8,6,37
TrSC58v2_4303.t1.e1,6,12,9,11,7,41
TrSC58v2_4304.t1,3,3,44,41,18,139
TrSC58v2_4304.t1.e1,25,32,49,43,22,152
TrSC58v2_4305.t1,8,19,34,66,54,175
TrSC58v2_4305.t1.e1,10,23,45,71,63,213
TrSC58v2_4306.t1,4,0,0,21,6,1
TrSC58v2_4306.t1.e1,4,8,9,26,7,47
TrSC58v2_4307.t1,11,11,20,28,23,118
TrSC58v2_4307.t1.e1,14,14,25,28,20,114
TrSC58v2_4308.t1,1,6,19,11,19,48
TrSC58v2_4308.t1.e1,3,8,21,12,22,53
TrSC58v2_4310.t1,3,10,6,23,6,70
TrSC58v2_4310.t1.e1,5,12,8,26,8,56
TrSC58v2_4312.t1,20,14,24,46,26,96
TrSC58v2_4312.t1.e1,20,17,26,42,25,89
TrSC58v2_4313.t1,0,2,12,21,7,28
TrSC58v2_4313.t1.e1,4,2,14,26,9,32
TrSC58v2_4314.t1,0,10,3,33,9,68
TrSC58v2_4314.t1.e1,3,15,55,37,13,85
TrSC58v2_4315.t1,0,8,12,16,16,47
TrSC58v2_4315.t1.e1,7,11,14,19,20,54
TrSC58v2_4316.t1,11,8,13,20,1,65
TrSC58v2_4316.t1.e1,13,9,15,24,38,2
TrSC58v2_4317.t1,0,0,4,16,10,31
TrSC58v2_4317.t1.e1,6,8,5,20,13,33
TrSC58v2_4318.t1,1,0,0,10,6,0
TrSC58v2_4318.t1.e1,3,12,18,8,1,22
TrSC58v2_4319.t1,0,1,1,9,2,33
TrSC58v2_4319.t1.e1,17,4,11,11,2,33
TrSC58v2_4320.t1,1,1,1,0,1,7
TrSC58v2_4320.t1.e1,3,4,5,3,2,8
TrSC58v2_4321.t1,0,10,11,10,0,41
TrSC58v2_4321.t1.e1,4,13,16,11,20,45
TrSC58v2_4322.t1,7,1,12,32,3,53
TrSC58v2_4322.t1.e1,8,2,14,34,7,57
TrSC58v2_4323.t1,0,0,2,6,3,11
TrSC58v2_4323.t1.e1,4,0,5,7,7,12
TrSC58v2_4324.t1,11,5,16,31,22,110
TrSC58v2_4324.t1.e1,13,7,19,36,24,123
TrSC58v2_4326.t1,7,0,0,21,7,36
TrSC58v2_4326.t1.e1,10,0,4,32,8,40
TrSC58v2_4327.t1,7,0,1,16,11,70
TrSC58v2_4327.t1.e1,8,6,4,18,13,77
TrSC58v2_4330.t1,0,0,16,0,2,17
TrSC58v2_4330.t1.e1,3,4,18,9,6,19
TrSC58v2_4333.t1,3,1,15,11,3,23
TrSC58v2_4333.t1.e1,4,3,20,16,4,24
TrSC58v2_4334.t1,0,3,11,1,17,2
TrSC58v2_4334.t1.e1,3,4,12,1,21,67
TrSC58v2_4335.t1,1,0,0,0,0,20
TrSC58v2_4335.t1.e1,3,0,12,4,10,23
TrSC58v2_4336.t1,0,1,0,9,0,12
TrSC58v2_4336.t1.e1,3,1,4,10,8,14
TrSC58v2_4337.t1,2,1,2,0,7,17
TrSC58v2_4337.t1.e1,6,1,13,8,10,20
TrSC58v2_4338.t1,2,1,22,2,11,32
TrSC58v2_4338.t1.e1,11,11,27,31,14,37
TrSC58v2_4340.t1,2,0,23,43,12,118
TrSC58v2_4340.t1.e1,16,38,25,45,67,130
TrSC58v2_4342.t1,3,10,20,22,27,64
TrSC58v2_4342.t1.e1,3,13,21,27,32,74
TrSC58v2_4343.t1,5,10,10,21,12,41
TrSC58v2_4343.t1.e1,6,12,14,28,15,47
TrSC58v2_4344.t1,3,0,5,7,3,0
TrSC58v2_4344.t1.e1,3,7,6,10,3,12
TrSC58v2_4345.t1,2,0,0,8,4,33
TrSC58v2_4345.t1.e1,6,12,19,10,5,38
TrSC58v2_4346.t1,7,9,27,7,35,44
TrSC58v2_4346.t1.e1,9,12,36,7,35,63
TrSC58v2_4348.t1,2,3,6,18,8,38
TrSC58v2_4348.t1.e1,5,6,7,19,9,40
TrSC58v2_4349.t1,1,0,9,21,8,4
TrSC58v2_4349.t1.e1,10,25,12,25,12,99
TrSC58v2_4351.t1,3,5,0,2,0,40
TrSC58v2_4351.t1.e1,5,7,3,29,10,48
TrSC58v2_4352.t1,5,0,20,51,25,128
TrSC58v2_4352.t1.e1,6,27,21,55,27,142
TrSC58v2_4353.t1,11,4,12,19,40,61
TrSC58v2_4353.t1.e1,14,5,14,25,28,68
TrSC58v2_4354.t1,7,13,20,35,22,81
TrSC58v2_4354.t1.e1,8,16,24,40,24,74
TrSC58v2_4355.t1,1,2,0,0,5,24
TrSC58v2_4355.t1.e1,1,3,12,36,6,26
TrSC58v2_4357.t1,2,4,6,28,2,34
TrSC58v2_4357.t1.e1,3,6,8,30,18,38
TrSC58v2_4358.t1,0,0,5,2,1,25
TrSC58v2_4358.t1.e1,12,0,7,10,4,27
TrSC58v2_4359.t1,14,6,16,25,13,118
TrSC58v2_4359.t1.e1,18,8,19,32,16,100
TrSC58v2_4360.t1,8,1,3,22,7,39
TrSC58v2_4360.t1.e1,11,9,13,24,7,44
TrSC58v2_4362.t1,1,0,0,0,3,30
TrSC58v2_4362.t1.e1,4,0,19,6,4,31
TrSC58v2_4364.t1,0,3,10,17,20,44
TrSC58v2_4364.t1.e1,7,4,12,18,23,47
TrSC58v2_4365.t1,7,9,30,53,31,121
TrSC58v2_4365.t1.e1,26,10,34,59,35,139
TrSC58v2_4366.t1,7,7,4,1,12,40
TrSC58v2_4366.t1.e1,8,9,5,11,15,45
TrSC58v2_4367.t1,4,6,5,21,0,38
TrSC58v2_4367.t1.e1,4,8,7,24,43,45
TrSC58v2_4369.t1,0,0,2,0,4,16
TrSC58v2_4369.t1.e1,8,6,11,5,4,18
TrSC58v2_4370.t1,1,0,1,15,2,38
TrSC58v2_4370.t1.e1,16,0,9,17,10,44
TrSC58v2_4371.t1,9,16,22,54,37,183
TrSC58v2_4371.t1.e1,10,18,24,59,41,214
TrSC58v2_4384.t1,6,10,10,47,9,69
TrSC58v2_4384.t1.e1,7,13,12,43,10,73
TrSC58v2_4385.t1,6,0,6,12,3,0
TrSC58v2_4385.t1.e1,8,5,7,13,5,44
TrSC58v2_4387.t1,0,5,16,37,13,58
TrSC58v2_4387.t1.e1,14,5,17,39,15,61
TrSC58v2_4388.t1,0,0,0,5,4,15
TrSC58v2_4388.t1.e1,3,7,4,6,8,16
TrSC58v2_4389.t1,8,8,12,14,19,54
TrSC58v2_4389.t1.e1,11,11,15,18,20,59
TrSC58v2_4390.t1,9,11,23,34,23,109
TrSC58v2_4390.t1.e1,13,13,27,37,28,124
TrSC58v2_4391.t1,1,0,1,9,1,4
TrSC58v2_4391.t1.e1,2,0,3,22,2,19
TrSC58v2_4392.t1,4,0,12,37,25,75
TrSC58v2_4392.t1.e1,5,4,15,42,27,85
TrSC58v2_4393.t1,9,5,10,31,5,65
TrSC58v2_4393.t1.e1,10,5,11,36,5,78
TrSC58v2_4394.t1,4,8,11,9,13,36
TrSC58v2_4394.t1.e1,5,9,13,10,15,40
TrSC58v2_4395.t1,3,0,7,18,11,45
TrSC58v2_4395.t1.e1,4,4,10,23,15,54
TrSC58v2_4396.t1,0,10,7,4,8,25
TrSC58v2_4396.t1.e1,4,13,10,4,9,27
TrSC58v2_4398.t1,7,1,12,23,15,47
TrSC58v2_4398.t1.e1,9,4,15,26,17,49
TrSC58v2_4399.t1.e1,4,4,7,3,14,32
TrSC58v2_4399.t1,0,0,5,3,13,26
TrSC58v2_4400.t1,12,3,9,7,13,41
TrSC58v2_4400.t1.e1,1,3,11,10,11,34
MSTRG.4277.1,9,3,14,30,31,89
TrSC58v2_4401.t1,4,1,4,2,2,4
TrSC58v2_4401.t1.e1,3,4,5,2,2,6
TrSC58v2_4402.t1.e1,6,2,6,4,4,11
TrSC58v2_4402.t1,4,5,12,11,13,51
TrSC58v2_4403.t1.e1,8,12,16,22,17,55
TrSC58v2_4403.t1,7,1,12,10,14,47
TrSC58v2_4404.t1.e1,6,14,7,18,8,18
TrSC58v2_4404.t1,1,1,6,17,7,16
TrSC58v2_4405.t1.e1,6,3,12,28,9,55
TrSC58v2_4405.t1,4,2,11,4,8,51
TrSC58v2_4409.t1.e1,26,15,18,58,48,93
TrSC58v2_4409.t1,1,0,16,52,40,78
TrSC58v2_4410.t1.e1,11,4,12,2,8,6
TrSC58v2_4410.t1,1,2,3,2,2,6
TrSC58v2_4411.t1.e1,8,15,13,17,14,67
TrSC58v2_4411.t1,6,0,11,17,12,61
TrSC58v2_4412.t1.e1,6,4,5,13,8,20
TrSC58v2_4412.t1,0,0,4,11,0,17
TrSC58v2_4413.t1.e1,3,4,15,4,10,27
TrSC58v2_4413.t1,1,0,0,0,0,4
TrSC58v2_4414.t1.e1,22,4,6,32,35,70
TrSC58v2_4414.t1,0,1,5,17,31,58
TrSC58v2_4415.t1.e1,6,10,6,64,26,86
TrSC58v2_4415.t1,5,8,5,1,21,74
TrSC58v2_4416.t1.e1,1,7,23,26,14,46
TrSC58v2_4416.t1,1,0,1,17,1,38
TrSC58v2_4417.t1.e1,63,44,78,141,71,476
TrSC58v2_4417.t1,52,33,64,111,63,356
TrSC58v2_4418.t1.e1,9,0,38,30,34,67
TrSC58v2_4418.t1,7,0,1,24,1,53
TrSC58v2_4419.t1.e1,3,2,9,28,15,40
TrSC58v2_4419.t1,3,1,2,3,2,34
TrSC58v2_4421.t1.e1,1,3,17,22,9,17
TrSC58v2_4421.t1,1,2,0,5,8,15
TrSC58v2_4424.t1.e1,7,4,15,68,17,65
TrSC58v2_4424.t1,5,3,13,9,12,29
TrSC58v2_4426.t1.e1,8,8,3,7,2,39
TrSC58v2_4426.t1,1,6,0,5,1,35
TrSC58v2_4427.t1.e1,43,32,59,99,53,323
TrSC58v2_4427.t1,33,24,34,67,37,208
TrSC58v2_4428.t1.e1,3,4,7,8,3,10
TrSC58v2_4428.t1,2,0,0,7,1,8
TrSC58v2_4429.t1.e1,56,33,89,119,49,452
TrSC58v2_4429.t1,39,25,62,74,75,257
TrSC58v2_4430.t1.e1,5,5,14,8,0,32
TrSC58v2_4430.t1,3,5,12,6,0,28
TrSC58v2_4431.t1.e1,4,4,3,11,5,54
TrSC58v2_4431.t1,4,0,3,8,4,44
TrSC58v2_4432.t1.e1,4,5,17,11,10,17
TrSC58v2_4432.t1,0,4,15,9,7,15
TrSC58v2_4433.t1.e1,29,19,42,54,38,93
TrSC58v2_4433.t1,25,17,37,67,31,84
MSTRG.4308.1,26,7,6,32,5,59
MSTRG.4310.1,11,11,36,49,40,100
MSTRG.4311.1,16,28,20,19,30,48
TrSC58v2_4434.t1.e1,3,1,3,2,1,9
TrSC58v2_4434.t1,1,1,2,2,1,8
TrSC58v2_4435.t1.e1,2,3,23,8,17,41
TrSC58v2_4435.t1,1,3,0,7,1,33
TrSC58v2_4436.t1.e1,3,1,3,4,1,8
TrSC58v2_4436.t1,1,1,2,3,1,8
TrSC58v2_4437.t1.e1,2,3,26,8,16,42
TrSC58v2_4437.t1,1,3,2,7,1,36
TrSC58v2_4438.t1.e1,3,4,13,11,8,43
TrSC58v2_4438.t1,2,3,9,10,0,3
TrSC58v2_4439.t1.e1,4,0,17,32,17,86
TrSC58v2_4439.t1,3,0,14,28,14,78
TrSC58v2_4440.t1.e1,11,4,4,19,7,38
TrSC58v2_4440.t1,9,3,2,3,0,35
TrSC58v2_4441.t1.e1,8,8,25,17,22,75
TrSC58v2_4441.t1,6,0,23,14,19,61
TrSC58v2_4442.t1.e1,14,14,12,19,22,100
TrSC58v2_4442.t1,12,10,9,16,15,86
TrSC58v2_4443.t1.e1,6,3,8,29,22,41
TrSC58v2_4443.t1,4,3,5,6,19,38
TrSC58v2_4444.t1,12,5,14,38,21,111
TrSC58v2_4444.t1.e1,12,6,14,51,26,131
TrSC58v2_4445.t1.e1,18,11,19,29,13,67
TrSC58v2_4445.t1,13,7,17,25,11,58
TrSC58v2_4447.t1.e1,13,7,50,31,27,99
TrSC58v2_4447.t1,9,5,25,26,24,95
TrSC58v2_4449.t1.e1,3,3,0,4,4,14
TrSC58v2_4449.t1,2,2,0,3,1,4
TrSC58v2_4450.t1.e1,10,8,20,46,27,68
TrSC58v2_4450.t1,7,6,15,37,34,59
TrSC58v2_4451.t1.e1,9,3,20,26,28,85
TrSC58v2_4451.t1,7,0,14,23,19,73
TrSC58v2_4452.t1.e1,6,13,28,31,47,102
TrSC58v2_4452.t1,3,9,25,29,2,85
TrSC58v2_4453.t1.e1,5,4,4,18,15,24
TrSC58v2_4453.t1,0,3,0,4,2,26
TrSC58v2_4454.t1.e1,6,8,7,16,5,48
TrSC58v2_4454.t1,5,6,7,14,3,41
TrSC58v2_4456.t1.e1,4,7,25,15,30,57
TrSC58v2_4456.t1,4,6,0,13,0,4
TrSC58v2_4459.t1.e1,9,14,26,49,20,100
TrSC58v2_4459.t1,8,11,19,42,19,95
TrSC58v2_4460.t1.e1,7,7,12,8,12,50
TrSC58v2_4460.t1,5,6,11,7,11,40
TrSC58v2_4461.t1.e1,9,3,19,31,21,73
TrSC58v2_4461.t1,8,0,1,2,18,61
TrSC58v2_4462.t1.e1,6,5,13,31,13,47
TrSC58v2_4462.t1,4,4,13,29,11,40
TrSC58v2_4906.t1,2,0,0,5,0,35
TrSC58v2_4906.t1.e1,3,15,0,6,7,39
TrSC58v2_4907.t1,2,5,1,15,15,60
TrSC58v2_4907.t1.e1,26,6,45,30,17,66
TrSC58v2_4908.t1,13,0,2,15,5,52
TrSC58v2_4908.t1.e1,15,0,23,18,6,62
TrSC58v2_4909.t1,7,19,27,20,16,80
TrSC58v2_4909.t1.e1,9,20,29,24,21,88
TrSC58v2_4911.t1,5,1,31,3,14,80
TrSC58v2_4911.t1.e1,7,11,33,64,17,99
TrSC58v2_4910.t1,5,3,7,33,11,66
TrSC58v2_4910.t1.e1,6,3,9,37,13,73
TrSC58v2_4913.t1,0,0,6,1,2,15
TrSC58v2_4913.t1.e1,4,0,7,21,3,18
TrSC58v2_4912.t1,1,3,0,9,0,24
TrSC58v2_4912.t1.e1,3,4,10,11,7,28
TrSC58v2_4917.t1,0,0,4,10,5,1
TrSC58v2_4917.t1.e1,7,0,5,11,6,62
TrSC58v2_4920.t1,2,0,2,5,4,13
TrSC58v2_4920.t1.e1,2,2,2,3,5,11
TrSC58v2_4921.t1,1,1,2,1,1,2
TrSC58v2_4921.t1.e1,1,1,1,1,1,3
TrSC58v2_4922.t1.e1,18,2,2,3,2,9
TrSC58v2_4922.t1,0,2,1,1,1,11
MSTRG.4783.6,0,101,14,133,57,214
MSTRG.4783.7,0,0,56,49,3,42
MSTRG.4783.1,26,0,73,197,44,351
MSTRG.4783.2,46,15,28,8,25,59
MSTRG.4783.3,27,12,52,59,68,351
TrSC58v2_4914.t1,22,69,34,14,36,78
TrSC58v2_4914.t1.e1,23,53,30,12,35,184
TrSC58v2_4915.t1,1,2,1,0,2,4
TrSC58v2_4915.t1.e1,6,5,2,0,3,21
TrSC58v2_4916.t1,2,2,2,2,2,3
TrSC58v2_4916.t1.e1,3,2,3,6,2,5
TrSC58v2_4887.t1,0,1,7,2,2,14
TrSC58v2_4887.t1.e1,0,4,9,18,2,34
TrSC58v2_4894.t1,0,0,4,4,6,8
TrSC58v2_4894.t1.e1,0,0,5,6,7,12
TrSC58v2_4884.t1,0,0,21,26,18,86
TrSC58v2_4884.t1.e1,32,11,25,30,21,97
TrSC58v2_4885.t1,16,12,13,17,2,73
TrSC58v2_4885.t1.e1,22,15,19,14,37,81
TrSC58v2_4886.t1,20,27,18,56,32,120
TrSC58v2_4886.t1.e1,26,29,20,65,41,133
TrSC58v2_4888.t1,1,0,1,3,6,22
TrSC58v2_4888.t1.e1,4,3,5,19,7,27
TrSC58v2_4889.t1,9,6,16,1,20,6
TrSC58v2_4889.t1.e1,11,9,17,76,23,152
TrSC58v2_4890.t1,3,0,2,4,5,20
TrSC58v2_4890.t1.e1,4,12,16,27,5,25
TrSC58v2_4891.t1,5,7,21,18,14,43
TrSC58v2_4891.t1.e1,8,10,26,23,16,54
TrSC58v2_4892.t1,18,8,15,45,36,93
TrSC58v2_4892.t1.e1,20,10,17,56,43,100
TrSC58v2_4893.t1,1,0,1,0,2,3
TrSC58v2_4893.t1.e1,1,0,5,3,3,5
TrSC58v2_4895.t1,3,5,12,14,7,36
TrSC58v2_4895.t1.e1,5,6,15,17,9,43
TrSC58v2_4896.t1,0,3,13,16,0,26
TrSC58v2_4896.t1.e1,7,4,16,19,12,29
TrSC58v2_4897.t1,0,14,32,70,29,130
TrSC58v2_4897.t1.e1,23,16,38,79,37,162
TrSC58v2_4898.t1,3,18,20,36,32,86
TrSC58v2_4898.t1.e1,14,19,18,38,34,95
TrSC58v2_4899.t1,1,16,16,32,28,77
TrSC58v2_4899.t1.e1,17,19,19,38,30,97
TrSC58v2_4900.t1,11,12,19,24,16,77
TrSC58v2_4900.t1.e1,11,15,15,30,18,88
TrSC58v2_4901.t1,3,6,7,11,7,19
TrSC58v2_4901.t1.e1,4,6,8,14,8,26
TrSC58v2_4902.t1,2,0,3,3,6,25
TrSC58v2_4902.t1.e1,14,0,7,27,8,28
TrSC58v2_4903.t1,10,6,28,37,20,81
TrSC58v2_4903.t1.e1,14,7,34,39,25,87
TrSC58v2_4904.t1,13,2,16,26,4,69
TrSC58v2_4904.t1.e1,15,17,19,30,5,75
TrSC58v2_4905.t1,0,1,0,0,1,21
TrSC58v2_4905.t1.e1,3,3,9,8,2,24
MSTRG.4791.2,0,0,0,0,0,23
TrSC58v2_4923.t1.e1,10,5,8,48,27,37
TrSC58v2_4923.t1,1,1,1,11,1,7
MSTRG.4790.1,6,19,17,36,41,70
MSTRG.4792.1,9,13,15,31,11,79
MSTRG.4793.1,17,6,25,35,7,83
TrSC58v2_4522.t1,0,0,6,18,7,1
TrSC58v2_4522.t1.e1,0,11,8,22,8,69
TrSC58v2_4527.t1,0,0,4,0,6,16
TrSC58v2_4527.t1.e1,0,0,5,12,7,14
TrSC58v2_4528.t1,0,0,2,11,1,15
TrSC58v2_4528.t1.e1,0,9,9,11,3,18
TrSC58v2_4539.t1,0,1,0,0,4,2
TrSC58v2_4539.t1.e1,0,1,9,10,5,3
TrSC58v2_4540.t1,0,0,0,6,0,25
TrSC58v2_4540.t1.e1,0,0,5,7,12,34
TrSC58v2_4541.t1,0,0,1,1,1,18
TrSC58v2_4541.t1.e1,0,0,12,10,15,15
TrSC58v2_4544.t1,0,0,4,3,0,10
TrSC58v2_4544.t1.e1,0,0,4,4,3,14
TrSC58v2_4545.t1,0,1,0,3,0,20
TrSC58v2_4545.t1.e1,0,3,6,25,0,22
TrSC58v2_4547.t1,0,0,9,5,5,34
TrSC58v2_4547.t1.e1,0,8,11,7,6,40
TrSC58v2_4549.t1,0,0,1,3,1,13
TrSC58v2_4549.t1.e1,0,0,4,3,9,16
TrSC58v2_4556.t1,0,0,3,4,0,12
TrSC58v2_4556.t1.e1,0,0,3,5,0,12
TrSC58v2_4557.t1,0,0,0,5,1,13
TrSC58v2_4557.t1.e1,0,0,0,6,2,14
TrSC58v2_4558.t1,0,1,0,1,0,2
TrSC58v2_4558.t1.e1,0,3,0,3,0,5
TrSC58v2_4562.t1,0,0,0,0,2,27
TrSC58v2_4562.t1.e1,0,4,0,4,9,34
TrSC58v2_4564.t1,0,1,2,3,1,4
TrSC58v2_4564.t1.e1,0,9,7,5,21,33
TrSC58v2_4568.t1,0,6,6,16,11,54
TrSC58v2_4568.t1.e1,0,7,8,14,14,61
TrSC58v2_4570.t1,0,0,0,0,0,0
TrSC58v2_4570.t1.e1,0,0,0,0,0,0
TrSC58v2_4571.t1,0,0,0,0,0,0
TrSC58v2_4571.t1.e1,0,0,0,0,0,0
TrSC58v2_4575.t1,0,5,5,0,0,24
TrSC58v2_4575.t1.e1,0,7,7,8,12,29
TrSC58v2_4576.t1,0,0,1,1,1,2
TrSC58v2_4576.t1.e1,0,0,2,1,2,2
TrSC58v2_4578.t1,0,0,1,5,8,18
TrSC58v2_4578.t1.e1,0,0,2,6,7,20
TrSC58v2_4580.t1,0,0,5,1,1,10
TrSC58v2_4580.t1.e1,0,0,6,4,2,10
TrSC58v2_4584.t1,0,1,0,0,3,11
TrSC58v2_4584.t1.e1,0,1,12,0,4,13
TrSC58v2_4591.t1,0,0,2,1,0,1
TrSC58v2_4591.t1.e1,0,12,3,2,5,29
TrSC58v2_4598.t1,0,1,1,1,1,3
TrSC58v2_4598.t1.e1,0,6,7,12,8,47
TrSC58v2_4601.t1,0,6,1,2,1,8
TrSC58v2_4601.t1.e1,0,7,2,3,6,9
MSTRG.4484.1,0,0,0,37,0,180
TrSC58v2_4603.t1,0,5,8,30,5,45
TrSC58v2_4603.t1.e1,0,6,11,35,6,52
TrSC58v2_4604.t1,0,0,2,3,2,5
TrSC58v2_4604.t1.e1,0,4,3,8,8,11
MSTRG.4487.2,0,95,0,107,32,0
MSTRG.4487.3,0,0,0,0,0,373
TrSC58v2_4608.t1,0,2,3,0,1,1
TrSC58v2_4608.t1.e1,0,2,5,4,7,17
TrSC58v2_4615.t1,0,0,2,4,2,2
TrSC58v2_4615.t1.e1,0,0,2,5,8,2
TrSC58v2_4618.t1,0,0,1,0,0,10
TrSC58v2_4618.t1.e1,0,0,4,0,0,13
MSTRG.4501.1,0,2,8,13,11,28
TrSC58v2_4632.t1,0,1,1,2,3,8
TrSC58v2_4632.t1.e1,0,2,7,11,6,9
MSTRG.4522.1,0,0,0,13,3,22
TrSC58v2_4652.t1.e1,0,0,0,0,0,1
TrSC58v2_4652.t1,0,0,0,0,0,1
TrSC58v2_4653.t1.e1,0,0,0,0,0,1
TrSC58v2_4653.t1,0,0,0,1,0,2
TrSC58v2_4654.t1.e1,0,0,0,1,0,0
TrSC58v2_4654.t1,0,0,0,1,0,1
TrSC58v2_4655.t1.e1,0,0,0,0,0,0
TrSC58v2_4655.t1,0,0,0,0,0,1
TrSC58v2_4656.t1.e1,0,0,0,0,0,0
TrSC58v2_4656.t1,0,0,0,1,0,1
TrSC58v2_4663.t1,0,0,0,0,0,16
TrSC58v2_4663.t1.e1,0,7,6,31,30,21
TrSC58v2_4664.t1,0,3,16,35,23,1
TrSC58v2_4664.t1.e1,0,4,18,42,28,107
TrSC58v2_4665.t1,0,1,1,1,0,8
TrSC58v2_4665.t1.e1,0,5,2,4,0,10
TrSC58v2_4670.t1,0,0,0,0,1,2
TrSC58v2_4670.t1.e1,0,0,0,0,11,30
TrSC58v2_4678.t1,0,0,2,4,3,3
TrSC58v2_4678.t1.e1,0,0,2,4,2,4
TrSC58v2_4683.t1,0,1,0,0,1,6
TrSC58v2_4683.t1.e1,0,4,2,0,11,5
TrSC58v2_4684.t1,0,0,0,2,1,3
TrSC58v2_4684.t1.e1,0,0,3,3,4,3
TrSC58v2_4687.t1,0,2,0,2,1,12
TrSC58v2_4687.t1.e1,0,3,0,4,2,13
TrSC58v2_4688.t1,0,5,1,2,3,2
TrSC58v2_4688.t1.e1,0,7,4,12,4,47
TrSC58v2_4695.t1,0,0,0,2,1,3
TrSC58v2_4695.t1.e1,0,0,0,9,2,3
MSTRG.4572.1,0,2,17,20,16,103
TrSC58v2_4706.t1,0,0,1,0,0,6
TrSC58v2_4706.t1.e1,0,0,3,4,3,6
TrSC58v2_4708.t1,0,0,0,1,0,14
TrSC58v2_4708.t1.e1,0,0,0,2,12,17
TrSC58v2_4711.t1,0,1,0,1,1,9
TrSC58v2_4711.t1.e1,0,3,0,3,5,12
TrSC58v2_4515.t1,13,20,20,30,21,84
TrSC58v2_4515.t1.e1,15,21,21,32,23,92
TrSC58v2_4516.t1,0,7,6,10,12,41
TrSC58v2_4516.t1.e1,4,10,8,12,13,44
TrSC58v2_4517.t1,2,0,4,4,1,20
TrSC58v2_4517.t1.e1,2,0,4,5,3,20
TrSC58v2_4518.t1,4,5,6,7,1,35
TrSC58v2_4518.t1.e1,5,6,23,8,6,37
TrSC58v2_4519.t1,9,9,12,21,11,30
TrSC58v2_4519.t1.e1,12,12,12,26,12,34
TrSC58v2_4520.t1,0,1,7,14,10,17
TrSC58v2_4520.t1.e1,11,3,9,19,11,26
TrSC58v2_4521.t1,4,8,27,20,27,107
TrSC58v2_4521.t1.e1,5,10,35,73,30,124
TrSC58v2_4523.t1,7,5,18,31,12,79
TrSC58v2_4523.t1.e1,9,6,23,3,15,90
TrSC58v2_4524.t1,12,12,17,27,20,61
TrSC58v2_4524.t1.e1,15,17,20,31,24,70
MSTRG.4407.1,10,6,50,81,56,99
TrSC58v2_4525.t1,3,39,85,171,95,304
TrSC58v2_4525.t1.e1,120,41,108,201,101,370
TrSC58v2_4526.t1,0,1,1,16,4,32
TrSC58v2_4526.t1.e1,8,9,21,17,5,28
TrSC58v2_4529.t1,0,5,2,12,0,41
TrSC58v2_4529.t1.e1,8,6,27,17,37,54
TrSC58v2_4530.t1,28,44,52,100,45,247
TrSC58v2_4530.t1.e1,31,51,60,120,51,287
TrSC58v2_4531.t1,26,39,43,87,45,250
TrSC58v2_4531.t1.e1,29,45,52,104,48,291
TrSC58v2_4532.t1,0,0,7,19,5,31
TrSC58v2_4532.t1.e1,5,13,8,22,7,34
TrSC58v2_4533.t1,19,18,27,47,3,104
TrSC58v2_4533.t1.e1,19,24,29,55,64,113
TrSC58v2_4534.t1,1,0,0,5,1,6
TrSC58v2_4534.t1.e1,1,0,0,8,1,27
TrSC58v2_4535.t1,1,1,1,7,8,15
TrSC58v2_4535.t1.e1,6,3,13,8,9,16
TrSC58v2_4536.t1,3,1,2,2,1,2
TrSC58v2_4536.t1.e1,3,1,3,9,2,14
TrSC58v2_4537.t1,6,5,8,1,7,49
TrSC58v2_4537.t1.e1,8,6,9,17,9,5
TrSC58v2_4538.t1,0,0,1,11,8,26
TrSC58v2_4538.t1.e1,4,0,2,20,2,28
TrSC58v2_4542.t1.e1,7,0,12,8,1,13
TrSC58v2_4542.t1,6,0,0,7,1,14
TrSC58v2_4543.t1.e1,9,0,0,7,4,16
TrSC58v2_4543.t1,0,0,0,7,0,13
TrSC58v2_4546.t1.e1,4,15,14,28,11,55
TrSC58v2_4546.t1,0,1,11,22,9,48
TrSC58v2_4548.t1.e1,21,12,24,51,18,83
TrSC58v2_4548.t1,4,11,20,43,15,68
TrSC58v2_4550.t1.e1,3,6,10,15,12,49
TrSC58v2_4550.t1,3,2,5,14,11,47
TrSC58v2_4551.t1.e1,19,7,15,35,22,49
TrSC58v2_4551.t1,15,5,11,31,17,45
TrSC58v2_4552.t1.e1,16,9,0,8,10,24
TrSC58v2_4552.t1,0,2,0,0,0,21
TrSC58v2_4553.t1.e1,11,5,5,15,10,42
TrSC58v2_4553.t1,1,0,5,14,9,41
TrSC58v2_4554.t1.e1,3,4,5,12,10,56
TrSC58v2_4554.t1,0,3,4,8,8,43
TrSC58v2_4555.t1.e1,13,5,8,23,8,53
TrSC58v2_4555.t1,12,4,7,19,7,45
TrSC58v2_4559.t1.e1,10,8,12,19,15,23
TrSC58v2_4559.t1,1,0,11,16,13,20
TrSC58v2_4560.t1.e1,10,8,10,24,11,53
TrSC58v2_4560.t1,7,0,7,22,8,48
TrSC58v2_4561.t1.e1,4,1,4,9,9,16
TrSC58v2_4561.t1,2,1,0,8,0,15
TrSC58v2_4563.t1.e1,1,0,7,4,2,21
TrSC58v2_4563.t1,1,0,6,1,1,1
TrSC58v2_4565.t1.e1,6,0,17,30,14,68
TrSC58v2_4565.t1,4,0,14,28,12,65
TrSC58v2_4566.t1.e1,3,0,15,0,5,31
TrSC58v2_4566.t1,1,0,1,0,4,3
TrSC58v2_4567.t1.e1,6,9,32,58,10,49
TrSC58v2_4567.t1,5,6,0,1,7,4
TrSC58v2_4569.t1.e1,20,17,52,51,36,136
TrSC58v2_4569.t1,14,13,45,58,31,118
TrSC58v2_4572.t1.e1,1,18,8,25,20,42
TrSC58v2_4572.t1,1,0,7,4,0,38
TrSC58v2_4573.t1.e1,6,0,9,30,26,36
TrSC58v2_4573.t1,0,0,8,26,21,30
TrSC58v2_4574.t1.e1,2,4,7,5,11,35
TrSC58v2_4574.t1,1,0,6,4,0,30
TrSC58v2_4577.t1.e1,13,14,36,28,14,65
TrSC58v2_4577.t1,0,13,1,24,15,50
TrSC58v2_4579.t1.e1,26,9,18,43,14,59
TrSC58v2_4579.t1,24,2,16,34,13,49
TrSC58v2_4581.t1.e1,6,12,10,3,8,26
TrSC58v2_4581.t1,0,0,8,1,0,2
TrSC58v2_4582.t1.e1,4,2,10,5,6,33
TrSC58v2_4582.t1,3,2,8,5,6,27
TrSC58v2_4583.t1.e1,19,4,5,7,0,80
TrSC58v2_4583.t1,0,0,4,5,0,1
MSTRG.4465.1,9,9,29,11,16,43
TrSC58v2_4585.t1.e1,3,0,9,1,4,10
TrSC58v2_4585.t1,0,0,2,1,3,1
TrSC58v2_4586.t1.e1,30,21,76,111,47,164
TrSC58v2_4586.t1,23,17,61,95,41,152
TrSC58v2_4587.t1.e1,4,0,4,8,12,22
TrSC58v2_4587.t1,0,0,0,1,0,20
TrSC58v2_4588.t1.e1,16,4,6,13,12,51
TrSC58v2_4588.t1,1,0,4,10,1,44
TrSC58v2_4589.t1.e1,8,18,7,19,14,61
TrSC58v2_4589.t1,6,0,6,13,9,54
TrSC58v2_4590.t1.e1,12,18,39,77,50,151
TrSC58v2_4590.t1,10,15,33,66,44,144
TrSC58v2_4592.t1.e1,10,4,5,12,6,31
TrSC58v2_4592.t1,3,0,5,10,5,26
TrSC58v2_4593.t1.e1,4,13,4,23,14,33
TrSC58v2_4593.t1,4,12,0,2,1,29
TrSC58v2_4594.t1.e1,14,7,17,19,14,44
TrSC58v2_4594.t1,13,5,14,16,11,39
TrSC58v2_4595.t1.e1,6,0,4,2,4,19
TrSC58v2_4595.t1,0,0,0,2,1,1
TrSC58v2_4596.t1.e1,30,15,39,49,25,95
TrSC58v2_4596.t1,28,12,36,46,25,84
TrSC58v2_4597.t1.e1,6,5,10,18,17,67
TrSC58v2_4597.t1,5,4,8,13,19,52
TrSC58v2_4599.t1.e1,14,3,12,42,31,164
TrSC58v2_4599.t1,10,2,10,38,27,8
TrSC58v2_4600.t1.e1,11,12,10,10,11,47
TrSC58v2_4600.t1,1,1,8,9,8,40
TrSC58v2_4602.t1.e1,7,15,18,8,13,11
TrSC58v2_4602.t1,0,11,14,6,10,10
MSTRG.4487.1,28,0,118,282,221,302
TrSC58v2_4605.t1.e1,37,14,165,20,50,243
TrSC58v2_4605.t1,5,10,23,15,13,107
TrSC58v2_4606.t1.e1,8,13,21,31,12,49
TrSC58v2_4606.t1,7,3,2,1,0,41
TrSC58v2_4607.t1.e1,3,5,10,15,4,12
TrSC58v2_4607.t1,0,0,1,14,3,11
TrSC58v2_4609.t1.e1,3,10,12,24,2,32
TrSC58v2_4609.t1,2,9,2,22,2,30
MSTRG.4491.1,34,27,32,68,50,265
TrSC58v2_4612.t1.e1,6,20,22,3,13,25
TrSC58v2_4612.t1,0,0,0,2,11,21
TrSC58v2_4613.t1,3,0,9,5,5,14
TrSC58v2_4613.t1.e1,2,5,12,6,5,16
TrSC58v2_4614.t1.e1,6,9,16,11,13,30
TrSC58v2_4614.t1,1,9,1,10,11,24
TrSC58v2_4616.t1.e1,4,14,19,93,18,77
TrSC58v2_4616.t1,3,10,15,2,16,72
TrSC58v2_4617.t1.e1,8,6,17,10,12,37
TrSC58v2_4617.t1,7,5,15,9,10,33
TrSC58v2_4619.t1.e1,9,24,26,71,26,106
TrSC58v2_4619.t1,7,20,23,65,21,99
TrSC58v2_4620.t1.e1,5,0,11,17,14,49
TrSC58v2_4620.t1,4,0,8,12,12,44
TrSC58v2_4621.t1.e1,3,6,6,2,2,25
TrSC58v2_4621.t1,1,2,6,2,1,22
TrSC58v2_4622.t1.e1,11,7,16,37,30,63
TrSC58v2_4622.t1,8,6,13,28,27,57
TrSC58v2_4623.t1.e1,14,5,10,27,13,33
TrSC58v2_4623.t1,12,4,7,18,11,24
TrSC58v2_4624.t1.e1,8,24,21,33,19,120
TrSC58v2_4624.t1,7,17,19,34,17,97
TrSC58v2_4625.t1.e1,5,8,22,14,5,34
TrSC58v2_4625.t1,2,0,4,12,5,30
TrSC58v2_4626.t1.e1,3,0,6,8,0,21
TrSC58v2_4626.t1,2,0,1,2,0,19
TrSC58v2_4627.t1.e1,4,4,31,24,9,47
TrSC58v2_4627.t1,0,0,1,0,7,0
TrSC58v2_4628.t1.e1,10,7,8,13,10,42
TrSC58v2_4628.t1,7,0,7,11,10,37
TrSC58v2_4629.t1.e1,3,10,6,28,17,46
TrSC58v2_4629.t1,0,7,4,20,11,39
MSTRG.4512.1,6,4,14,18,7,43
TrSC58v2_4630.t1.e1,9,8,15,16,18,60
TrSC58v2_4630.t1,7,6,10,13,14,48
TrSC58v2_4631.t1.e1,7,0,5,11,4,61
TrSC58v2_4631.t1,0,0,4,10,2,2
TrSC58v2_4633.t1.e1,7,3,11,6,20,23
TrSC58v2_4633.t1,1,2,9,0,17,21
TrSC58v2_4634.t1.e1,12,9,22,18,19,98
TrSC58v2_4634.t1,0,0,15,16,0,3
TrSC58v2_4635.t1.e1,16,11,22,59,20,123
TrSC58v2_4635.t1,4,11,20,49,14,97
TrSC58v2_4636.t1.e1,10,3,9,22,9,25
TrSC58v2_4636.t1,9,0,7,19,7,19
TrSC58v2_4637.t1.e1,4,7,0,7,0,52
TrSC58v2_4637.t1,3,2,0,6,0,49
TrSC58v2_4638.t1.e1,20,9,15,32,10,111
TrSC58v2_4638.t1,0,1,11,28,8,5
TrSC58v2_4639.t1.e1,8,3,39,16,20,66
TrSC58v2_4639.t1,6,3,37,12,22,57
TrSC58v2_4640.t1.e1,4,2,1,20,1,8
TrSC58v2_4640.t1,3,2,1,0,1,9
MSTRG.4524.2,10,0,14,0,23,36
TrSC58v2_4641.t1,1,0,0,1,1,1
TrSC58v2_4641.t1.e1,0,0,0,0,1,0
TrSC58v2_4642.t1,1,0,0,1,1,1
TrSC58v2_4642.t1.e1,0,0,0,1,1,0
TrSC58v2_4649.t1,1,0,0,1,1,1
TrSC58v2_4649.t1.e1,0,0,0,1,1,1
TrSC58v2_4657.t1.e1,22,23,20,21,7,39
TrSC58v2_4657.t1,0,0,9,0,6,32
TrSC58v2_4660.t1.e1,2,5,8,9,11,60
TrSC58v2_4660.t1,1,4,6,9,9,55
TrSC58v2_4661.t1.e1,11,8,11,16,12,66
TrSC58v2_4661.t1,0,6,9,14,1,60
TrSC58v2_4662.t1.e1,9,0,5,9,7,70
TrSC58v2_4662.t1,0,0,0,8,5,8
TrSC58v2_4666.t1.e1,2,10,8,4,4,10
TrSC58v2_4666.t1,1,2,2,0,0,9
TrSC58v2_4667.t1.e1,10,2,12,22,23,91
TrSC58v2_4667.t1,9,2,9,18,21,2
TrSC58v2_4668.t1.e1,12,17,29,62,44,167
TrSC58v2_4668.t1,10,15,22,45,37,145
TrSC58v2_4669.t1.e1,9,14,23,51,29,137
TrSC58v2_4669.t1,8,12,18,41,23,92
TrSC58v2_4671.t1.e1,6,11,10,16,25,66
TrSC58v2_4671.t1,5,8,8,11,23,56
TrSC58v2_4672.t1.e1,16,11,24,78,52,155
TrSC58v2_4672.t1,13,10,19,63,65,141
TrSC58v2_4673.t1.e1,46,22,62,141,61,328
TrSC58v2_4673.t1,36,20,55,124,54,262
TrSC58v2_4674.t1.e1,12,9,13,12,11,57
TrSC58v2_4674.t1,9,7,12,9,9,54
TrSC58v2_4675.t1.e1,3,5,4,8,13,44
TrSC58v2_4675.t1,2,1,4,7,3,39
TrSC58v2_4676.t1.e1,6,1,5,4,8,32
TrSC58v2_4676.t1,0,1,0,3,6,29
TrSC58v2_4677.t1.e1,4,11,4,16,10,46
TrSC58v2_4677.t1,0,9,0,1,3,42
TrSC58v2_4679.t1.e1,3,5,8,5,1,17
TrSC58v2_4679.t1,0,0,0,6,1,4
TrSC58v2_4680.t1.e1,11,0,5,25,0,26
TrSC58v2_4680.t1,0,0,4,0,0,23
TrSC58v2_4681.t1.e1,8,6,12,19,5,63
TrSC58v2_4681.t1,0,5,1,17,5,52
TrSC58v2_4682.t1.e1,11,5,8,15,16,25
TrSC58v2_4682.t1,1,0,7,12,2,36
TrSC58v2_4685.t1.e1,21,16,47,83,48,190
TrSC58v2_4685.t1,18,14,32,71,37,178
TrSC58v2_4686.t1.e1,6,0,11,35,15,44
TrSC58v2_4686.t1,5,0,8,2,13,40
TrSC58v2_4689.t1.e1,9,11,10,13,12,26
TrSC58v2_4689.t1,1,10,8,12,0,18
TrSC58v2_4690.t1.e1,4,15,43,39,17,92
TrSC58v2_4690.t1,0,13,1,32,15,71
TrSC58v2_4691.t1.e1,6,4,23,16,10,38
TrSC58v2_4691.t1,4,3,1,14,1,34
TrSC58v2_4692.t1.e1,2,10,18,6,12,29
TrSC58v2_4692.t1,2,8,16,5,9,24
TrSC58v2_4693.t1.e1,6,5,24,21,13,86
TrSC58v2_4693.t1,5,4,20,19,12,76
TrSC58v2_4694.t1.e1,3,14,27,39,24,42
TrSC58v2_4694.t1,2,1,2,30,0,35
TrSC58v2_4696.t1.e1,5,5,8,18,12,28
TrSC58v2_4696.t1,4,4,6,15,3,29
TrSC58v2_4697.t1.e1,5,8,11,7,7,34
TrSC58v2_4697.t1,1,7,1,6,6,27
TrSC58v2_4698.t1.e1,4,5,18,15,14,20
TrSC58v2_4698.t1,0,6,2,3,1,24
TrSC58v2_4699.t1.e1,21,9,19,35,24,98
TrSC58v2_4699.t1,15,12,14,31,28,116
MSTRG.4567.1,8,12,19,41,17,133
MSTRG.4567.2,8,0,0,1,0,1
TrSC58v2_4700.t1,1,5,1,8,1,24
TrSC58v2_4700.t1.e1,1,6,4,7,12,22
TrSC58v2_4701.t1.e1,4,7,15,24,14,46
TrSC58v2_4701.t1,3,5,12,19,0,33
TrSC58v2_4702.t1.e1,5,8,9,7,6,34
TrSC58v2_4702.t1,1,6,2,6,5,27
TrSC58v2_4703.t1.e1,19,16,43,79,43,177
TrSC58v2_4703.t1,13,13,35,69,51,148
TrSC58v2_4704.t1,1,1,1,1,4,2
TrSC58v2_4704.t1.e1,1,10,1,5,5,16
TrSC58v2_4705.t1.e1,3,5,12,18,11,26
TrSC58v2_4705.t1,3,4,10,15,0,36
TrSC58v2_4707.t1.e1,8,7,37,52,49,82
TrSC58v2_4707.t1,6,5,2,37,3,53
TrSC58v2_4709.t1.e1,3,0,4,11,6,29
TrSC58v2_4709.t1,0,0,0,0,5,27
TrSC58v2_4710.t1.e1,4,4,18,0,6,8
TrSC58v2_4710.t1,3,0,4,0,5,0
TrSC58v2_4712.t1.e1,1,0,8,11,23,28
TrSC58v2_4712.t1,1,0,6,10,1,25
TrSC58v2_4713.t1.e1,5,0,21,8,7,15
TrSC58v2_4713.t1,0,0,0,7,9,13
TrSC58v2_4714.t1.e1,4,6,11,6,7,30
TrSC58v2_4714.t1,0,5,9,4,6,0
TrSC58v2_4715.t1.e1,7,18,7,24,4,21
TrSC58v2_4715.t1,5,0,1,17,1,12
TrSC58v2_4716.t1.e1,9,5,20,49,17,61
TrSC58v2_4716.t1,8,4,15,0,13,56
TrSC58v2_4717.t1.e1,5,10,7,13,7,21
TrSC58v2_4717.t1,4,0,0,2,6,17
TrSC58v2_4725.t1,0,0,4,0,0,1
TrSC58v2_4725.t1.e1,0,5,4,0,7,58
TrSC58v2_4742.t1,0,6,9,24,15,39
TrSC58v2_4742.t1.e1,0,8,11,30,19,47
TrSC58v2_4744.t1,0,5,14,10,13,5
TrSC58v2_4744.t1.e1,0,7,18,14,17,169
MSTRG.4641.1,0,3,6,7,9,30
TrSC58v2_4778.t1,0,5,3,2,2,5
TrSC58v2_4778.t1.e1,0,5,3,2,2,5
MSTRG.4652.1,0,0,0,42,0,72
TrSC58v2_4783.t1,0,1,1,6,3,9
TrSC58v2_4783.t1.e1,0,4,1,7,4,9
TrSC58v2_4786.t1,0,0,8,14,2,42
TrSC58v2_4786.t1.e1,0,0,7,15,10,35
TrSC58v2_4788.t1,0,3,1,0,1,1
TrSC58v2_4788.t1.e1,0,3,19,0,7,35
TrSC58v2_4789.t1,0,4,2,2,1,15
TrSC58v2_4789.t1.e1,0,4,3,13,8,19
TrSC58v2_4791.t1,0,4,1,16,6,1
TrSC58v2_4791.t1.e1,0,6,37,22,9,69
TrSC58v2_4792.t1,0,0,0,8,5,2
TrSC58v2_4792.t1.e1,0,12,4,10,11,37
TrSC58v2_4796.t1,0,1,10,15,12,35
TrSC58v2_4796.t1.e1,0,4,9,17,14,43
TrSC58v2_4797.t1,0,0,5,6,11,12
TrSC58v2_4797.t1.e1,0,0,6,6,11,12
MSTRG.4671.1,0,0,8,9,12,42
TrSC58v2_4803.t1,0,0,0,0,2,2
TrSC58v2_4803.t1.e1,0,0,0,1,2,2
TrSC58v2_4804.t1,0,0,1,1,2,3
TrSC58v2_4804.t1.e1,0,0,1,1,2,3
TrSC58v2_4816.t1,0,0,7,4,0,28
TrSC58v2_4816.t1.e1,0,4,8,5,0,30
TrSC58v2_4817.t1,0,1,2,7,2,6
TrSC58v2_4817.t1.e1,0,3,3,7,6,6
MSTRG.4692.3,0,23,0,22,44,11
TrSC58v2_4826.t1,0,3,0,1,0,15
TrSC58v2_4826.t1.e1,0,3,8,3,0,16
TrSC58v2_4834.t1,0,0,14,11,23,48
TrSC58v2_4834.t1.e1,0,8,16,13,25,42
MSTRG.4706.1,0,0,0,68,0,131
TrSC58v2_4837.t1,0,0,14,0,0,8
TrSC58v2_4837.t1.e1,0,0,15,3,8,9
TrSC58v2_4840.t1,0,1,7,18,7,27
TrSC58v2_4840.t1.e1,0,5,9,23,8,31
MSTRG.4718.1,0,5,3,5,0,20
TrSC58v2_4849.t1,0,0,0,19,1,0
TrSC58v2_4849.t1.e1,0,4,0,21,10,19
TrSC58v2_4858.t1,0,1,1,0,5,15
TrSC58v2_4858.t1.e1,0,2,10,27,7,16
TrSC58v2_4859.t1,0,1,1,4,1,9
TrSC58v2_4859.t1.e1,0,2,1,4,2,11
TrSC58v2_4860.t1,0,0,3,2,1,1
TrSC58v2_4860.t1.e1,0,2,1,1,1,14
TrSC58v2_4865.t1,0,0,6,1,3,32
TrSC58v2_4865.t1.e1,0,4,7,5,4,35
TrSC58v2_4874.t1,0,0,1,0,2,1
TrSC58v2_4874.t1.e1,0,5,2,10,2,9
TrSC58v2_4876.t1,0,0,6,0,0,5
TrSC58v2_4876.t1.e1,0,4,7,14,4,6
TrSC58v2_4881.t1,0,2,1,5,1,12
TrSC58v2_4881.t1.e1,0,7,5,6,5,11
TrSC58v2_4723.t1,44,3,88,92,52,321
TrSC58v2_4723.t1.e1,53,114,94,155,116,388
MSTRG.4591.1,10,9,10,17,12,65
TrSC58v2_4724.t1,3,0,0,5,1,12
TrSC58v2_4724.t1.e1,5,4,3,6,13,13
TrSC58v2_4726.t1,10,8,5,4,7,58
TrSC58v2_4726.t1.e1,11,9,19,10,7,72
TrSC58v2_4727.t1,0,0,1,5,2,48
TrSC58v2_4727.t1.e1,4,0,22,7,2,23
TrSC58v2_4728.t1,9,10,14,22,18,7
TrSC58v2_4728.t1.e1,12,12,18,24,27,183
TrSC58v2_4729.t1,4,15,7,7,11,4
TrSC58v2_4729.t1.e1,5,19,8,9,12,85
TrSC58v2_4730.t1,7,9,18,12,16,64
TrSC58v2_4730.t1.e1,7,11,22,13,20,72
TrSC58v2_4731.t1,10,0,0,11,11,52
TrSC58v2_4731.t1.e1,11,12,10,13,13,57
TrSC58v2_4732.t1,11,0,29,28,15,76
TrSC58v2_4732.t1.e1,13,25,34,35,17,69
TrSC58v2_4733.t1,4,1,4,2,6,105
TrSC58v2_4733.t1.e1,5,7,22,46,7,7
TrSC58v2_4734.t1,4,14,20,30,21,72
TrSC58v2_4734.t1.e1,6,18,27,34,23,79
TrSC58v2_4735.t1,2,1,14,20,6,48
TrSC58v2_4735.t1.e1,2,14,16,25,6,56
TrSC58v2_4736.t1,1,1,0,4,1,12
TrSC58v2_4736.t1.e1,4,7,0,5,11,14
TrSC58v2_4737.t1,1,0,5,1,6,0
TrSC58v2_4737.t1.e1,5,8,6,16,7,40
TrSC58v2_4738.t1,1,32,26,52,27,116
TrSC58v2_4738.t1.e1,2,34,30,59,32,149
TrSC58v2_4739.t1,14,10,32,48,21,103
TrSC58v2_4739.t1.e1,15,13,37,54,25,115
TrSC58v2_4740.t1,6,11,3,63,27,135
TrSC58v2_4740.t1.e1,7,15,86,76,35,161
TrSC58v2_4741.t1,0,0,9,0,2,38
TrSC58v2_4741.t1.e1,8,4,10,16,23,41
TrSC58v2_4743.t1,0,16,21,13,3,31
TrSC58v2_4743.t1.e1,11,20,24,17,4,34
TrSC58v2_4745.t1,3,0,19,14,9,54
TrSC58v2_4745.t1.e1,4,8,22,14,10,59
TrSC58v2_4746.t1,16,36,41,68,61,187
TrSC58v2_4746.t1.e1,16,38,51,79,69,218
TrSC58v2_4747.t1,0,2,1,3,3,7
TrSC58v2_4747.t1.e1,4,2,3,3,4,7
TrSC58v2_4748.t1,7,6,25,55,3,109
TrSC58v2_4748.t1.e1,10,8,31,60,72,127
TrSC58v2_4749.t1,8,4,6,15,4,65
TrSC58v2_4749.t1.e1,10,5,8,16,5,68
TrSC58v2_4750.t1,0,1,10,31,12,48
TrSC58v2_4750.t1.e1,10,12,15,33,14,52
TrSC58v2_4751.t1,11,8,3,0,13,2
TrSC58v2_4751.t1.e1,16,14,47,37,14,103
TrSC58v2_4752.t1,2,1,3,11,4,38
TrSC58v2_4752.t1.e1,4,3,4,11,6,40
MSTRG.4621.1,8,20,20,46,44,120
TrSC58v2_4753.t1,11,0,37,31,5,160
TrSC58v2_4753.t1.e1,13,13,41,32,49,171
TrSC58v2_4754.t1,7,0,17,19,0,69
TrSC58v2_4754.t1.e1,8,6,21,23,18,102
TrSC58v2_4755.t1,10,0,6,1,8,60
TrSC58v2_4755.t1.e1,11,12,6,41,10,66
TrSC58v2_4756.t1,6,3,11,33,26,68
TrSC58v2_4756.t1.e1,8,3,14,50,37,84
TrSC58v2_4757.t1,4,8,13,0,1,60
TrSC58v2_4757.t1.e1,5,10,16,36,44,55
TrSC58v2_4758.t1,1,0,10,17,10,28
TrSC58v2_4758.t1.e1,1,4,11,18,11,30
TrSC58v2_4759.t1,1,2,0,5,2,12
TrSC58v2_4759.t1.e1,2,2,0,5,2,12
TrSC58v2_4760.t1,2,0,1,1,3,10
TrSC58v2_4760.t1.e1,3,0,2,5,4,11
TrSC58v2_4761.t1,10,9,0,32,14,7
TrSC58v2_4761.t1.e1,11,12,24,38,15,206
TrSC58v2_4762.t1,8,3,12,9,5,45
TrSC58v2_4762.t1.e1,8,4,10,10,5,42
TrSC58v2_4763.t1,0,1,5,8,1,21
TrSC58v2_4763.t1.e1,4,4,4,10,4,20
TrSC58v2_4764.t1,0,4,11,20,8,100
TrSC58v2_4764.t1.e1,9,5,14,22,9,113
TrSC58v2_4765.t1,9,5,7,38,21,81
TrSC58v2_4765.t1.e1,12,5,8,44,24,94
TrSC58v2_4766.t1,1,0,7,3,7,33
TrSC58v2_4766.t1.e1,2,2,8,16,7,37
TrSC58v2_4767.t1,11,9,15,17,3,6
TrSC58v2_4767.t1.e1,12,11,20,19,3,102
TrSC58v2_4768.t1,5,2,7,16,10,38
TrSC58v2_4768.t1.e1,5,3,9,18,12,43
TrSC58v2_4769.t1,0,15,30,4,23,97
TrSC58v2_4769.t1.e1,45,18,34,83,27,114
TrSC58v2_4770.t1,5,0,5,12,9,45
TrSC58v2_4770.t1.e1,7,17,6,16,14,50
TrSC58v2_4771.t1,8,0,14,24,17,72
TrSC58v2_4771.t1.e1,10,14,16,27,19,79
TrSC58v2_4772.t1,15,0,27,16,14,62
TrSC58v2_4772.t1.e1,18,4,35,38,18,77
TrSC58v2_4773.t1,7,15,27,34,1,55
TrSC58v2_4773.t1.e1,10,19,35,39,59,61
TrSC58v2_4774.t1,11,10,19,47,16,62
TrSC58v2_4774.t1.e1,13,12,21,52,18,71
TrSC58v2_4775.t1,7,4,10,15,20,74
TrSC58v2_4775.t1.e1,10,6,12,17,22,82
TrSC58v2_4776.t1,0,1,9,21,15,57
TrSC58v2_4776.t1.e1,16,11,10,23,16,60
TrSC58v2_4777.t1,1,0,1,1,0,5
TrSC58v2_4777.t1.e1,1,0,3,5,0,6
TrSC58v2_4779.t1,15,13,23,36,13,109
TrSC58v2_4779.t1.e1,21,16,27,43,17,124
TrSC58v2_4780.t1,8,2,17,9,16,7
TrSC58v2_4780.t1.e1,8,7,20,12,18,78
TrSC58v2_4781.t1,9,13,17,30,1,1
TrSC58v2_4781.t1.e1,11,16,22,34,37,185
TrSC58v2_4782.t1,0,0,2,5,3,4
TrSC58v2_4782.t1.e1,4,4,9,7,21,4
TrSC58v2_4784.t1,7,6,21,59,17,89
TrSC58v2_4784.t1.e1,8,7,23,0,19,75
MSTRG.4654.1,5,7,63,61,29,183
MSTRG.4656.1,37,35,94,168,134,421
TrSC58v2_4785.t1,6,23,23,37,33,12
TrSC58v2_4785.t1.e1,6,27,27,41,37,191
TrSC58v2_4787.t1,1,1,8,22,5,22
TrSC58v2_4787.t1.e1,3,3,8,4,6,18
TrSC58v2_4790.t1,7,0,0,23,1,55
TrSC58v2_4790.t1.e1,9,9,31,25,33,60
MSTRG.4664.1,25,21,55,65,68,234
TrSC58v2_4793.t1,0,0,0,1,11,30
TrSC58v2_4793.t1.e1,3,0,11,25,12,35
TrSC58v2_4794.t1.e1,3,2,0,9,0,26
TrSC58v2_4794.t1,2,1,0,1,0,19
MSTRG.4667.1,4,10,7,11,12,54
TrSC58v2_4795.t1.e1,4,9,13,11,10,14
TrSC58v2_4795.t1,3,7,9,8,7,10
TrSC58v2_4798.t1.e1,24,8,10,27,12,79
TrSC58v2_4798.t1,2,6,11,25,11,59
TrSC58v2_4799.t1.e1,2,6,9,9,8,21
TrSC58v2_4799.t1,1,6,9,9,8,20
MSTRG.4670.1,10,10,40,92,22,118
TrSC58v2_4805.t1,1,0,0,0,0,1
TrSC58v2_4805.t1.e1,1,0,0,1,0,2
TrSC58v2_4806.t1,1,0,1,0,0,1
TrSC58v2_4806.t1.e1,1,0,1,1,0,2
MSTRG.4678.1,2,6,8,23,7,36
TrSC58v2_4807.t1,0,0,10,12,5,16
TrSC58v2_4807.t1.e1,1,2,12,17,6,18
TrSC58v2_4808.t1,1,3,10,37,2,53
TrSC58v2_4808.t1.e1,29,3,12,6,19,56
TrSC58v2_4809.t1,0,1,3,6,4,16
TrSC58v2_4809.t1.e1,6,1,3,6,5,17
TrSC58v2_4810.t1,0,1,3,6,4,17
TrSC58v2_4810.t1.e1,6,1,4,7,5,19
TrSC58v2_4811.t1,0,2,3,10,4,19
TrSC58v2_4811.t1.e1,4,3,4,10,4,21
TrSC58v2_4812.t1,0,1,0,20,13,15
TrSC58v2_4812.t1.e1,1,2,8,22,16,29
TrSC58v2_4813.t1,3,0,8,7,6,19
TrSC58v2_4813.t1.e1,3,0,10,8,7,21
TrSC58v2_4814.t1,0,4,1,2,1,0
TrSC58v2_4814.t1.e1,4,4,7,3,6,5
TrSC58v2_4815.t1,0,0,0,8,1,1
TrSC58v2_4815.t1.e1,4,0,12,10,7,36
TrSC58v2_4818.t1,3,0,3,4,6,19
TrSC58v2_4818.t1.e1,4,3,4,5,7,21
TrSC58v2_4819.t1,6,0,2,40,18,60
TrSC58v2_4819.t1.e1,7,24,63,43,22,72
MSTRG.4692.1,76,109,194,305,127,745
MSTRG.4692.2,12,7,55,13,0,103
TrSC58v2_4820.t1,4,1,1,1,3,2
TrSC58v2_4820.t1.e1,1,1,1,2,5,2
TrSC58v2_4821.t1,5,12,7,9,8,13
TrSC58v2_4821.t1.e1,2,15,6,11,9,12
TrSC58v2_4822.t1,0,11,7,12,3,21
TrSC58v2_4822.t1.e1,4,12,9,14,16,22
TrSC58v2_4823.t1,10,14,8,15,7,34
TrSC58v2_4823.t1.e1,11,15,9,17,7,40
TrSC58v2_4824.t1,1,5,4,23,8,41
TrSC58v2_4824.t1.e1,2,5,24,27,9,47
TrSC58v2_4825.t1,1,0,4,1,6,16
TrSC58v2_4825.t1.e1,1,4,4,3,7,19
TrSC58v2_4827.t1,1,6,18,4,10,16
TrSC58v2_4827.t1.e1,3,8,19,5,11,21
TrSC58v2_4828.t1,0,0,5,5,0,13
TrSC58v2_4828.t1.e1,4,8,6,6,3,14
TrSC58v2_4829.t1,8,0,16,20,6,56
TrSC58v2_4829.t1.e1,9,0,19,24,6,62
TrSC58v2_4830.t1,1,0,4,2,0,28
TrSC58v2_4830.t1.e1,2,5,5,24,2,32
TrSC58v2_4831.t1,1,5,1,2,0,14
TrSC58v2_4831.t1.e1,1,6,5,4,0,17
TrSC58v2_4832.t1,6,8,27,1,5,85
TrSC58v2_4832.t1.e1,8,9,31,91,29,90
TrSC58v2_4833.t1,0,0,0,9,11,17
TrSC58v2_4833.t1.e1,11,0,5,9,12,20
TrSC58v2_4835.t1,10,10,13,3,11,41
TrSC58v2_4835.t1.e1,14,13,16,4,15,49
TrSC58v2_4836.t1,1,0,0,5,3,15
TrSC58v2_4836.t1.e1,1,0,12,7,5,19
TrSC58v2_4838.t1,0,0,5,0,8,19
TrSC58v2_4838.t1.e1,4,0,6,9,10,20
TrSC58v2_4839.t1,1,1,15,15,5,48
TrSC58v2_4839.t1.e1,2,3,18,18,6,53
TrSC58v2_4841.t1,1,0,4,2,1,21
TrSC58v2_4841.t1.e1,8,0,4,38,6,23
TrSC58v2_4842.t1,0,0,7,5,1,20
TrSC58v2_4842.t1.e1,8,8,8,5,2,25
TrSC58v2_4843.t1,0,0,9,17,0,12
TrSC58v2_4843.t1.e1,4,0,10,19,18,22
TrSC58v2_4846.t1,12,0,11,19,9,40
TrSC58v2_4846.t1.e1,14,4,14,26,11,54
TrSC58v2_4847.t1,0,11,1,24,12,37
TrSC58v2_4847.t1.e1,7,13,33,33,14,46
TrSC58v2_4848.t1,3,21,28,22,14,54
TrSC58v2_4848.t1.e1,3,27,30,26,17,67
TrSC58v2_4850.t1,3,8,19,5,9,53
TrSC58v2_4850.t1.e1,4,10,20,8,10,57
TrSC58v2_4851.t1,0,0,4,1,0,12
TrSC58v2_4851.t1.e1,7,0,4,3,0,11
TrSC58v2_4852.t1,3,3,0,8,6,14
TrSC58v2_4852.t1.e1,4,5,0,11,9,17
TrSC58v2_4853.t1,0,9,3,14,12,41
TrSC58v2_4853.t1.e1,5,10,22,15,13,44
TrSC58v2_4854.t1,0,10,1,13,1,20
TrSC58v2_4854.t1.e1,3,11,8,14,2,24
TrSC58v2_4855.t1,0,14,12,38,19,60
TrSC58v2_4855.t1.e1,22,16,15,41,22,67
TrSC58v2_4856.t1,0,0,0,0,2,2
TrSC58v2_4856.t1.e1,7,4,3,4,3,25
TrSC58v2_4857.t1,4,3,19,26,19,85
TrSC58v2_4857.t1.e1,5,4,22,30,22,97
TrSC58v2_4861.t1,0,1,2,0,5,22
TrSC58v2_4861.t1.e1,4,3,9,4,6,25
TrSC58v2_4862.t1,10,0,26,52,25,88
TrSC58v2_4862.t1.e1,11,31,28,57,29,98
MSTRG.4733.1,84,45,136,222,100,527
TrSC58v2_4863.t1,2,5,7,9,5,20
TrSC58v2_4863.t1.e1,2,6,7,10,5,21
TrSC58v2_4864.t1,10,0,17,15,2,2
TrSC58v2_4864.t1.e1,13,4,19,20,29,132
TrSC58v2_4866.t1,0,9,18,24,20,56
TrSC58v2_4866.t1.e1,3,12,22,27,15,62
TrSC58v2_4867.t1,0,10,7,8,8,14
TrSC58v2_4867.t1.e1,6,2,9,9,9,16
TrSC58v2_4868.t1,20,12,22,28,21,121
TrSC58v2_4868.t1.e1,25,16,25,28,22,109
TrSC58v2_4869.t1,6,19,23,35,16,88
TrSC58v2_4869.t1.e1,9,21,26,38,21,95
TrSC58v2_4870.t1,6,1,8,18,7,64
TrSC58v2_4870.t1.e1,8,1,12,26,8,72
TrSC58v2_4871.t1,4,0,6,6,5,13
TrSC58v2_4871.t1.e1,4,4,7,6,7,20
TrSC58v2_4875.t1,4,5,2,11,9,3
TrSC58v2_4875.t1.e1,5,6,6,16,10,59
TrSC58v2_4877.t1,1,1,0,1,12,44
TrSC58v2_4877.t1.e1,1,9,3,31,14,50
TrSC58v2_4878.t1,7,0,9,26,3,119
TrSC58v2_4878.t1.e1,10,0,13,28,38,7
TrSC58v2_4879.t1,4,0,17,20,1,36
TrSC58v2_4879.t1.e1,6,30,21,25,2,42
TrSC58v2_4880.t1,0,6,16,13,7,7
TrSC58v2_4880.t1.e1,3,8,19,71,8,185
TrSC58v2_4882.t1,0,1,1,5,3,22
TrSC58v2_4882.t1.e1,5,2,1,5,4,25
TrSC58v2_4883.t1,9,9,8,10,11,55
TrSC58v2_4883.t1.e1,11,14,11,12,12,59
TrSC58v2_5115.t1.e1,7,9,30,38,23,147
TrSC58v2_5115.t1,6,7,23,33,18,2
MSTRG.4977.1,3,24,5,9,7,46
TrSC58v2_5119.t1,0,0,0,0,0,0
TrSC58v2_5119.t1.e1,1,0,0,0,0,0
TrSC58v2_5121.t1,0,0,0,0,0,0
TrSC58v2_5121.t1.e1,1,0,0,0,0,0
TrSC58v2_5122.t1,0,0,0,0,0,0
TrSC58v2_5122.t1.e1,1,0,0,0,0,0
TrSC58v2_5125.t1,0,0,0,0,1,1
TrSC58v2_5125.t1.e1,1,0,0,0,1,1
TrSC58v2_5127.t1,2,1,1,4,0,24
TrSC58v2_5127.t1.e1,2,11,9,8,6,29
MSTRG.4985.1,4,9,23,27,27,92
TrSC58v2_5129.t1,2,1,1,8,3,20
TrSC58v2_5129.t1.e1,6,1,4,8,3,22
TrSC58v2_5130.t1,5,3,0,8,5,13
TrSC58v2_5130.t1.e1,5,3,0,8,5,14
MSTRG.4990.1,30,23,31,64,63,226
TrSC58v2_5131.t1,0,0,4,0,5,16
TrSC58v2_5131.t1.e1,4,0,6,7,6,19
TrSC58v2_5133.t1,0,1,14,1,18,32
TrSC58v2_5133.t1.e1,4,1,16,29,17,40
TrSC58v2_5135.t1,5,11,10,32,13,5
TrSC58v2_5135.t1.e1,6,14,14,36,15,142
TrSC58v2_5136.t1,3,1,1,2,5,11
TrSC58v2_5136.t1.e1,4,20,11,11,6,12
TrSC58v2_5137.t1,0,7,15,22,12,78
TrSC58v2_5137.t1.e1,3,9,18,27,17,89
TrSC58v2_5138.t1,1,4,12,16,7,65
TrSC58v2_5138.t1.e1,10,5,17,19,7,73
TrSC58v2_5284.t1.e1,30,21,35,59,42,162
TrSC58v2_5284.t1,23,17,28,53,31,144
TrSC58v2_5287.t1,0,1,1,2,2,9
TrSC58v2_5287.t1.e1,1,3,4,6,8,10
TrSC58v2_5286.t1,5,1,10,6,6,37
TrSC58v2_5286.t1.e1,7,9,11,20,7,39
TrSC58v2_4928.t1,0,0,6,0,0,9
TrSC58v2_4928.t1.e1,0,6,8,4,4,9
TrSC58v2_4929.t1,0,1,2,0,0,9
TrSC58v2_4929.t1.e1,0,1,2,0,0,10
TrSC58v2_4941.t1,0,0,0,1,0,9
TrSC58v2_4941.t1.e1,0,4,0,7,0,12
TrSC58v2_4942.t1,0,0,9,9,2,17
TrSC58v2_4942.t1.e1,0,0,10,9,8,19
TrSC58v2_4948.t1,0,1,0,7,11,2
TrSC58v2_4948.t1.e1,0,3,21,9,13,51
TrSC58v2_4951.t1,0,0,1,2,0,3
TrSC58v2_4951.t1.e1,0,11,10,3,0,3
TrSC58v2_4962.t1,0,7,1,8,6,32
TrSC58v2_4962.t1.e1,0,8,32,11,8,39
MSTRG.4843.1,0,10,15,41,25,245
MSTRG.4843.2,0,0,70,40,0,0
MSTRG.4843.3,0,0,0,91,66,155
MSTRG.4843.4,0,0,0,0,0,64
TrSC58v2_4976.t1,0,0,0,5,6,19
TrSC58v2_4976.t1.e1,0,0,11,7,8,23
TrSC58v2_4983.t1,0,0,1,12,2,24
TrSC58v2_4983.t1.e1,0,5,6,15,21,23
TrSC58v2_4992.t1,0,0,1,8,1,32
TrSC58v2_4992.t1.e1,0,5,10,9,1,36
TrSC58v2_4996.t1,0,3,8,8,6,35
TrSC58v2_4996.t1.e1,0,3,13,9,7,39
TrSC58v2_4999.t1,0,0,3,1,1,5
TrSC58v2_4999.t1.e1,0,0,4,2,4,5
TrSC58v2_5002.t1,0,0,0,5,3,26
TrSC58v2_5002.t1.e1,0,0,4,6,4,28
TrSC58v2_5003.t1,0,0,0,15,17,2
TrSC58v2_5003.t1.e1,0,9,26,17,19,72
TrSC58v2_5005.t1,0,0,1,6,10,36
TrSC58v2_5005.t1.e1,0,14,10,8,12,40
TrSC58v2_5011.t1,0,6,1,14,12,6
TrSC58v2_5011.t1.e1,0,7,30,17,13,58
TrSC58v2_5012.t1,0,1,0,0,1,13
TrSC58v2_5012.t1.e1,0,2,4,2,8,15
TrSC58v2_5013.t1,0,3,11,0,0,26
TrSC58v2_5013.t1.e1,0,5,12,18,3,29
MSTRG.4881.1,0,0,88,0,0,0
TrSC58v2_5019.t1,0,0,1,2,0,39
TrSC58v2_5019.t1.e1,0,4,33,33,24,53
TrSC58v2_5020.t1,0,4,2,4,0,23
TrSC58v2_5020.t1.e1,0,6,2,5,4,26
MSTRG.4889.1,0,0,19,23,0,46
MSTRG.4889.3,0,0,0,19,0,1
TrSC58v2_5025.t1,0,2,3,4,5,24
TrSC58v2_5025.t1.e1,0,17,34,46,35,124
TrSC58v2_5031.t1,0,1,2,1,0,13
TrSC58v2_5031.t1.e1,0,3,2,1,0,14
TrSC58v2_5037.t1,0,7,0,6,7,1
TrSC58v2_5037.t1.e1,0,9,8,9,10,50
TrSC58v2_5041.t1,0,2,17,4,1,28
TrSC58v2_5041.t1.e1,0,9,20,5,13,38
TrSC58v2_5053.t1,0,0,0,1,3,17
TrSC58v2_5053.t1.e1,0,0,4,22,5,20
TrSC58v2_5066.t1,0,2,9,13,11,41
TrSC58v2_5066.t1.e1,0,7,10,17,12,52
TrSC58v2_5067.t1,0,0,5,0,6,20
TrSC58v2_5067.t1.e1,0,8,6,8,9,28
TrSC58v2_5079.t1,0,1,1,6,1,22
TrSC58v2_5079.t1.e1,0,3,1,6,4,24
TrSC58v2_5081.t1,0,0,0,0,7,2
TrSC58v2_5081.t1.e1,0,8,8,4,8,32
TrSC58v2_5082.t1,0,0,7,12,1,19
TrSC58v2_5082.t1.e1,0,0,8,15,14,20
TrSC58v2_5089.t1,0,2,2,6,9,29
TrSC58v2_5089.t1.e1,0,11,16,7,10,37
TrSC58v2_5092.t1,0,1,1,2,1,16
TrSC58v2_5092.t1.e1,0,1,17,9,12,18
TrSC58v2_5108.t1,0,0,5,0,0,20
TrSC58v2_5108.t1.e1,0,0,6,4,12,23
TrSC58v2_5110.t1,0,0,0,6,3,3
TrSC58v2_5110.t1.e1,0,0,0,6,9,32
TrSC58v2_5114.t1.e1,0,0,0,0,0,0
TrSC58v2_5114.t1,0,0,0,0,0,0
TrSC58v2_4924.t1,9,20,29,31,24,82
TrSC58v2_4924.t1.e1,11,22,35,36,28,96
TrSC58v2_4925.t1,1,2,3,6,1,13
TrSC58v2_4925.t1.e1,2,4,4,7,1,13
TrSC58v2_4926.t1,5,1,3,1,1,28
TrSC58v2_4926.t1.e1,1,2,13,9,3,34
TrSC58v2_4927.t1,0,0,0,1,1,1
TrSC58v2_4927.t1.e1,3,6,15,24,16,39
TrSC58v2_4930.t1,1,0,5,4,3,16
TrSC58v2_4930.t1.e1,2,0,8,6,4,20
TrSC58v2_4931.t1,1,21,18,11,1,47
TrSC58v2_4931.t1.e1,10,23,20,14,12,54
TrSC58v2_4932.t1,0,2,28,40,10,104
TrSC58v2_4932.t1.e1,14,25,33,42,11,111
TrSC58v2_4933.t1,4,4,11,0,0,28
TrSC58v2_4933.t1.e1,5,15,14,4,4,32
TrSC58v2_4934.t1,4,3,7,12,0,16
TrSC58v2_4934.t1.e1,5,4,9,17,5,58
TrSC58v2_4935.t1,0,4,7,2,0,74
TrSC58v2_4935.t1.e1,7,5,9,47,24,80
MSTRG.4806.1,30,72,125,155,116,473
TrSC58v2_4936.t1,4,5,13,10,10,47
TrSC58v2_4936.t1.e1,5,4,16,11,12,58
TrSC58v2_4937.t1,4,6,21,23,24,107
TrSC58v2_4937.t1.e1,30,5,24,27,29,128
TrSC58v2_4938.t1,5,2,9,8,0,52
TrSC58v2_4938.t1.e1,6,20,11,11,4,59
TrSC58v2_4939.t1,5,2,13,36,9,48
TrSC58v2_4939.t1.e1,7,20,14,41,11,55
TrSC58v2_4940.t1,5,6,30,4,40,90
TrSC58v2_4940.t1.e1,8,7,35,90,46,108
TrSC58v2_4943.t1.e1,8,6,10,14,4,34
TrSC58v2_4943.t1,0,5,0,1,3,28
TrSC58v2_4944.t1,3,0,6,7,6,12
TrSC58v2_4944.t1.e1,4,0,7,10,8,90
TrSC58v2_4945.t1,8,11,37,36,16,98
TrSC58v2_4945.t1.e1,11,14,43,45,16,108
TrSC58v2_4946.t1,7,4,2,7,7,1
TrSC58v2_4946.t1.e1,10,4,30,9,8,163
TrSC58v2_4947.t1,0,0,0,6,0,26
TrSC58v2_4947.t1.e1,2,0,5,8,15,27
TrSC58v2_4949.t1,0,0,16,6,0,45
TrSC58v2_4949.t1.e1,7,7,16,7,11,57
TrSC58v2_4950.t1,4,1,0,0,0,8
TrSC58v2_4950.t1.e1,5,2,0,3,0,9
TrSC58v2_4952.t1,0,0,0,10,1,19
TrSC58v2_4952.t1.e1,4,20,12,12,2,20
TrSC58v2_4953.t1,2,2,11,6,2,44
TrSC58v2_4953.t1.e1,3,7,11,8,9,47
TrSC58v2_4954.t1,15,18,42,46,29,181
TrSC58v2_4954.t1.e1,21,21,45,45,32,220
TrSC58v2_4955.t1,0,3,12,25,12,42
TrSC58v2_4955.t1.e1,4,3,14,28,15,51
TrSC58v2_4956.t1,4,12,10,24,15,55
TrSC58v2_4956.t1.e1,6,17,11,29,17,62
TrSC58v2_4957.t1,8,7,7,25,1,78
TrSC58v2_4957.t1.e1,11,8,8,28,35,89
TrSC58v2_4958.t1,12,0,18,7,14,51
TrSC58v2_4958.t1.e1,15,0,19,8,20,54
TrSC58v2_4959.t1,1,3,10,18,2,94
TrSC58v2_4959.t1.e1,16,24,12,20,13,102
TrSC58v2_4960.t1,5,8,14,30,2,76
TrSC58v2_4960.t1.e1,7,10,17,34,41,90
TrSC58v2_4961.t1,3,18,24,1,10,46
TrSC58v2_4961.t1.e1,14,20,26,45,11,53
TrSC58v2_4963.t1,3,6,39,21,18,131
TrSC58v2_4963.t1.e1,3,8,43,24,20,147
TrSC58v2_4964.t1,1,0,1,3,1,18
TrSC58v2_4964.t1.e1,3,4,7,3,7,21
TrSC58v2_4965.t1,6,3,1,8,2,26
TrSC58v2_4965.t1.e1,8,3,1,9,4,30
TrSC58v2_4966.t1,5,6,24,35,28,116
TrSC58v2_4966.t1.e1,34,6,28,44,30,132
TrSC58v2_4967.t1,12,13,2,55,28,130
TrSC58v2_4967.t1.e1,16,14,69,62,29,136
TrSC58v2_4970.t1,16,7,29,57,46,166
TrSC58v2_4970.t1.e1,18,8,36,64,51,186
TrSC58v2_4971.t1,0,7,14,17,12,52
TrSC58v2_4971.t1.e1,4,9,17,19,14,55
TrSC58v2_4972.t1,2,2,3,3,0,33
TrSC58v2_4972.t1.e1,7,10,3,20,0,38
TrSC58v2_4973.t1,0,6,13,1,0,0
TrSC58v2_4973.t1.e1,6,7,16,25,13,112
TrSC58v2_4974.t1,5,10,15,2,1,80
TrSC58v2_4974.t1.e1,6,12,17,54,44,87
TrSC58v2_4975.t1,13,14,35,38,30,95
TrSC58v2_4975.t1.e1,16,18,28,33,26,121
TrSC58v2_4977.t1,0,1,13,2,6,59
TrSC58v2_4977.t1.e1,9,3,15,46,5,65
TrSC58v2_4978.t1,17,0,37,13,19,33
TrSC58v2_4978.t1.e1,19,53,1,12,0,30
TrSC58v2_4979.t1,10,18,30,64,36,129
TrSC58v2_4979.t1.e1,12,20,38,73,40,159
TrSC58v2_4980.t1,9,2,34,35,11,120
TrSC58v2_4980.t1.e1,12,16,37,38,14,136
TrSC58v2_4981.t1,0,4,14,19,15,51
TrSC58v2_4981.t1.e1,3,5,16,22,17,56
TrSC58v2_4982.t1,3,4,15,1,0,42
TrSC58v2_4982.t1.e1,4,5,18,20,8,36
TrSC58v2_4984.t1,0,13,15,15,12,13
TrSC58v2_4984.t1.e1,4,19,18,18,14,117
TrSC58v2_4985.t1,3,5,7,1,5,3
TrSC58v2_4985.t1.e1,4,6,9,8,6,54
TrSC58v2_4986.t1,0,0,6,13,7,5
TrSC58v2_4986.t1.e1,9,11,7,15,8,67
TrSC58v2_4987.t1,3,3,13,7,1,43
TrSC58v2_4987.t1.e1,5,4,16,8,11,47
TrSC58v2_4988.t1,1,1,12,1,1,1
TrSC58v2_4988.t1.e1,10,2,16,31,20,123
TrSC58v2_4989.t1,6,7,18,31,15,1
TrSC58v2_4989.t1.e1,8,8,19,38,22,173
TrSC58v2_4990.t1,4,3,20,28,19,65
TrSC58v2_4990.t1.e1,5,4,22,30,20,74
TrSC58v2_4991.t1,31,33,75,68,63,229
TrSC58v2_4991.t1.e1,37,32,86,77,72,256
TrSC58v2_4993.t1,0,0,1,4,2,35
TrSC58v2_4993.t1.e1,3,0,16,4,31,39
TrSC58v2_4994.t1,12,10,14,40,18,126
TrSC58v2_4994.t1.e1,14,12,16,47,22,142
TrSC58v2_4995.t1,0,4,5,8,0,34
TrSC58v2_4995.t1.e1,4,4,6,8,0,39
TrSC58v2_4997.t1,1,2,2,2,6,24
TrSC58v2_4997.t1.e1,1,4,7,5,7,27
TrSC58v2_4998.t1,4,0,38,30,0,94
TrSC58v2_4998.t1.e1,5,28,47,32,55,102
TrSC58v2_5000.t1,1,0,9,16,4,41
TrSC58v2_5000.t1.e1,0,4,10,23,6,44
TrSC58v2_5001.t1,12,29,54,96,77,262
TrSC58v2_5001.t1.e1,16,33,58,92,71,304
TrSC58v2_5004.t1.e1,11,10,26,22,21,50
TrSC58v2_5004.t1,1,9,3,20,18,45
TrSC58v2_5006.t1.e1,6,21,10,18,19,53
TrSC58v2_5006.t1,4,0,8,17,14,46
TrSC58v2_5007.t1.e1,13,8,36,39,30,191
TrSC58v2_5007.t1,4,8,29,35,26,168
TrSC58v2_5008.t1.e1,4,7,23,21,17,152
TrSC58v2_5008.t1,3,5,22,17,12,4
TrSC58v2_5009.t1.e1,5,0,7,14,12,54
TrSC58v2_5009.t1,3,0,5,12,0,3
TrSC58v2_5010.t1.e1,4,10,13,16,19,55
TrSC58v2_5010.t1,2,8,12,12,15,52
TrSC58v2_5014.t1.e1,8,13,13,25,16,70
TrSC58v2_5014.t1,0,10,11,18,12,64
TrSC58v2_5015.t1.e1,5,17,11,39,27,96
TrSC58v2_5015.t1,4,1,9,26,23,59
TrSC58v2_5016.t1.e1,26,18,35,131,90,355
TrSC58v2_5016.t1,1,26,17,69,40,122
TrSC58v2_5017.t1.e1,12,15,47,23,13,119
TrSC58v2_5017.t1,9,13,1,17,12,140
TrSC58v2_5018.t1.e1,9,9,27,17,7,79
TrSC58v2_5018.t1,7,8,23,13,6,69
TrSC58v2_5021.t1.e1,4,17,5,9,3,22
TrSC58v2_5021.t1,0,0,4,8,2,16
TrSC58v2_5022.t1.e1,56,32,125,199,164,426
TrSC58v2_5022.t1,39,29,121,188,123,504
TrSC58v2_5023.t1.e1,23,45,61,90,44,236
TrSC58v2_5023.t1,1,2,49,67,2,182
TrSC58v2_5024.t1.e1,1,7,12,8,28,60
TrSC58v2_5024.t1,1,2,10,7,19,49
TrSC58v2_5026.t1.e1,9,9,7,9,17,24
TrSC58v2_5026.t1,2,0,5,6,0,17
TrSC58v2_5027.t1.e1,12,11,22,26,11,100
TrSC58v2_5027.t1,11,10,18,4,9,89
TrSC58v2_5028.t1.e1,11,13,34,30,29,2
TrSC58v2_5028.t1,9,10,30,26,29,273
TrSC58v2_5029.t1.e1,2,6,0,7,0,5
TrSC58v2_5029.t1,1,1,0,1,0,5
TrSC58v2_5030.t1.e1,5,5,8,13,2,39
TrSC58v2_5030.t1,4,2,7,11,2,36
TrSC58v2_5032.t1.e1,1,9,1,6,4,15
TrSC58v2_5032.t1,1,7,1,5,4,3
TrSC58v2_5033.t1.e1,4,10,26,10,6,15
TrSC58v2_5033.t1,0,1,0,9,5,11
TrSC58v2_5034.t1.e1,8,0,4,9,17,30
TrSC58v2_5034.t1,6,0,0,6,15,26
TrSC58v2_5035.t1.e1,15,14,80,34,42,152
TrSC58v2_5035.t1,13,12,0,32,38,119
TrSC58v2_5036.t1.e1,6,8,24,17,13,66
TrSC58v2_5036.t1,4,0,19,15,11,59
TrSC58v2_5038.t1.e1,4,8,16,13,7,55
TrSC58v2_5038.t1,0,2,3,11,6,69
TrSC58v2_5039.t1.e1,6,0,4,13,9,65
TrSC58v2_5039.t1,5,0,3,12,8,60
TrSC58v2_5040.t1.e1,11,0,7,7,22,44
TrSC58v2_5040.t1,0,0,6,6,1,3
TrSC58v2_5042.t1.e1,13,5,14,10,7,28
TrSC58v2_5042.t1,2,4,13,9,6,27
TrSC58v2_5043.t1.e1,25,36,106,77,74,372
TrSC58v2_5043.t1,12,32,97,63,72,413
MSTRG.4907.1,23,33,82,96,80,372
TrSC58v2_5044.t1.e1,14,32,54,47,30,169
TrSC58v2_5044.t1,12,21,49,40,23,141
TrSC58v2_5045.t1.e1,4,4,8,11,7,25
TrSC58v2_5045.t1,3,0,4,3,6,25
TrSC58v2_5046.t1.e1,8,6,10,17,12,83
TrSC58v2_5046.t1,1,5,9,12,10,59
TrSC58v2_5047.t1.e1,8,6,14,19,9,67
TrSC58v2_5047.t1,7,1,12,19,8,62
TrSC58v2_5050.t1.e1,7,7,19,20,13,95
TrSC58v2_5050.t1,6,6,15,18,11,78
TrSC58v2_5051.t1.e1,6,3,23,16,25,49
TrSC58v2_5051.t1,5,2,22,15,3,46
TrSC58v2_5052.t1.e1,6,3,8,13,4,36
TrSC58v2_5052.t1,4,0,0,1,1,16
TrSC58v2_5054.t1.e1,11,9,15,29,12,60
TrSC58v2_5054.t1,1,2,14,24,0,64
TrSC58v2_5055.t1.e1,4,8,9,16,10,65
TrSC58v2_5055.t1,0,6,7,13,8,75
TrSC58v2_5056.t1.e1,8,3,1,5,8,20
TrSC58v2_5056.t1,0,1,1,0,7,20
TrSC58v2_5057.t1.e1,17,47,14,45,5,68
TrSC58v2_5057.t1,1,0,12,18,1,45
TrSC58v2_5058.t1.e1,18,14,12,37,24,113
TrSC58v2_5058.t1,1,10,12,29,19,93
TrSC58v2_5059.t1.e1,4,7,12,10,5,42
TrSC58v2_5059.t1,3,5,10,8,4,27
TrSC58v2_5060.t1.e1,25,18,33,61,36,169
TrSC58v2_5060.t1,20,14,26,56,36,148
TrSC58v2_5061.t1.e1,3,8,15,10,14,53
TrSC58v2_5061.t1,0,7,14,7,12,48
TrSC58v2_5062.t1.e1,3,4,18,20,8,44
TrSC58v2_5062.t1,2,0,0,18,7,34
TrSC58v2_5063.t1.e1,7,4,11,18,13,44
TrSC58v2_5063.t1,1,0,8,15,11,35
TrSC58v2_5064.t1.e1,6,14,38,31,46,247
TrSC58v2_5064.t1,5,14,35,26,37,8
TrSC58v2_5065.t1.e1,4,2,15,9,12,20
TrSC58v2_5065.t1,0,1,12,8,9,16
TrSC58v2_5068.t1.e1,3,3,8,15,9,27
TrSC58v2_5068.t1,2,2,2,2,2,26
TrSC58v2_5069.t1.e1,10,13,29,39,32,93
TrSC58v2_5069.t1,9,1,25,3,6,83
TrSC58v2_5070.t1.e1,8,7,22,7,4,30
TrSC58v2_5070.t1,0,5,17,6,5,25
TrSC58v2_5071.t1.e1,3,0,5,3,2,9
TrSC58v2_5071.t1,0,0,4,2,2,8
TrSC58v2_5072.t1.e1,3,8,34,10,31,23
TrSC58v2_5072.t1,0,0,0,10,1,15
TrSC58v2_5073.t1.e1,2,0,10,10,7,10
TrSC58v2_5073.t1,0,0,4,12,1,9
TrSC58v2_5074.t1.e1,3,11,7,17,13,87
TrSC58v2_5074.t1,0,9,5,0,11,3
TrSC58v2_5075.t1.e1,4,9,22,30,8,72
TrSC58v2_5075.t1,0,6,15,24,0,63
TrSC58v2_5076.t1.e1,18,4,22,23,26,66
TrSC58v2_5076.t1,14,0,21,20,24,59
TrSC58v2_5077.t1.e1,5,7,27,10,8,75
TrSC58v2_5077.t1,3,5,0,7,5,63
TrSC58v2_5078.t1.e1,1,2,15,12,12,57
TrSC58v2_5078.t1,1,0,12,11,12,55
TrSC58v2_5080.t1.e1,2,4,12,20,10,67
TrSC58v2_5080.t1,1,0,10,18,8,60
TrSC58v2_5083.t1.e1,19,5,10,15,13,61
TrSC58v2_5083.t1,0,4,7,14,12,56
TrSC58v2_5084.t1.e1,13,19,32,26,17,74
TrSC58v2_5084.t1,11,1,25,20,15,67
TrSC58v2_5085.t1.e1,4,4,9,5,7,80
TrSC58v2_5085.t1,0,0,8,4,0,51
TrSC58v2_5086.t1.e1,16,16,22,26,14,69
TrSC58v2_5086.t1,0,6,18,6,12,65
TrSC58v2_5087.t1.e1,4,15,0,2,0,38
TrSC58v2_5087.t1,0,0,0,1,0,31
TrSC58v2_5088.t1.e1,4,0,4,6,0,13
TrSC58v2_5088.t1,0,0,3,5,0,10
TrSC58v2_5090.t1.e1,5,11,10,23,13,41
TrSC58v2_5090.t1,4,2,9,21,11,39
TrSC58v2_5091.t1.e1,7,19,15,40,20,137
TrSC58v2_5091.t1,6,0,0,0,0,1
TrSC58v2_5093.t1.e1,89,119,173,256,196,566
TrSC58v2_5093.t1,61,81,127,181,148,900
TrSC58v2_5094.t1.e1,57,61,111,174,107,367
TrSC58v2_5094.t1,45,46,81,116,76,543
TrSC58v2_5095.t1.e1,1,10,31,22,9,38
TrSC58v2_5095.t1,1,2,2,19,7,36
TrSC58v2_5096.t1.e1,3,14,28,15,11,50
TrSC58v2_5096.t1,0,0,12,11,9,14
TrSC58v2_5097.t1.e1,5,6,6,22,5,46
TrSC58v2_5097.t1,5,0,3,3,4,1
TrSC58v2_5098.t1.e1,3,3,5,9,5,10
TrSC58v2_5098.t1,0,2,4,7,4,8
TrSC58v2_5099.t1.e1,4,12,3,14,10,4
TrSC58v2_5099.t1,2,1,11,2,2,53
TrSC58v2_5100.t1.e1,3,3,5,8,5,10
TrSC58v2_5100.t1,0,2,4,7,4,8
TrSC58v2_5101.t1.e1,2,10,1,6,2,16
TrSC58v2_5101.t1,1,1,5,2,2,20
TrSC58v2_5102.t1.e1,3,5,13,13,9,28
TrSC58v2_5102.t1,0,1,17,11,7,37
TrSC58v2_5103.t1.e1,2,10,4,3,1,17
TrSC58v2_5103.t1,0,1,1,2,1,14
TrSC58v2_5104.t1.e1,3,3,5,7,13,10
TrSC58v2_5104.t1,0,2,6,6,1,12
TrSC58v2_5105.t1.e1,3,4,7,9,7,26
TrSC58v2_5105.t1,0,1,7,2,6,1
TrSC58v2_5106.t1.e1,7,16,9,15,9,65
TrSC58v2_5106.t1,0,0,0,13,2,4
MSTRG.4968.1,7,9,9,26,14,108
TrSC58v2_5107.t1.e1,4,14,21,7,3,49
TrSC58v2_5107.t1,1,0,0,6,2,2
TrSC58v2_5109.t1.e1,8,4,20,36,6,58
TrSC58v2_5109.t1,1,3,2,3,5,49
TrSC58v2_5111.t1.e1,10,3,15,12,15,39
TrSC58v2_5111.t1,0,1,1,11,7,36
TrSC58v2_5112.t1.e1,4,0,27,19,20,44
TrSC58v2_5112.t1,0,0,0,16,14,38
TrSC58v2_5113.t1,13,13,23,1,31,53
TrSC58v2_5113.t1.e1,13,16,35,72,39,145
MSTRG.4976.2,2,0,0,0,0,0
MSTRG.4978.1,30,36,74,146,105,399
TrSC58v2_5409.t1,0,8,22,4,15,4
TrSC58v2_5409.t1.e1,8,11,26,73,22,138
TrSC58v2_5410.t1,5,12,16,19,11,47
TrSC58v2_5410.t1.e1,7,17,20,24,16,53
TrSC58v2_5411.t1,23,28,40,83,59,196
TrSC58v2_5411.t1.e1,27,33,49,99,65,221
TrSC58v2_5413.t1,0,0,0,6,4,1
TrSC58v2_5413.t1.e1,5,0,11,7,5,49
TrSC58v2_5414.t1,1,1,2,6,2,21
TrSC58v2_5414.t1.e1,1,2,6,7,8,24
TrSC58v2_5416.t1,3,0,15,15,4,46
TrSC58v2_5416.t1.e1,4,8,19,22,4,51
MSTRG.5275.1,2,22,4,19,6,38
TrSC58v2_5418.t1,0,2,4,24,12,37
TrSC58v2_5418.t1.e1,6,3,25,28,13,42
TrSC58v2_5417.t1,7,6,23,40,24,106
TrSC58v2_5417.t1.e1,10,8,23,47,28,119
TrSC58v2_5419.t1,0,11,9,10,12,46
TrSC58v2_5419.t1.e1,3,13,11,12,13,51
TrSC58v2_5420.t1,0,11,6,24,10,44
TrSC58v2_5420.t1.e1,16,12,8,26,14,47
TrSC58v2_5423.t1,1,0,2,1,1,8
TrSC58v2_5423.t1.e1,3,0,2,3,2,9
TrSC58v2_5424.t1,10,9,10,35,21,1
TrSC58v2_5424.t1.e1,15,11,13,43,25,104
TrSC58v2_5425.t1,0,0,0,7,18,38
TrSC58v2_5425.t1.e1,5,4,16,9,22,43
TrSC58v2_5428.t1,20,32,31,53,47,184
TrSC58v2_5428.t1.e1,21,44,35,60,50,212
TrSC58v2_5431.t1,0,0,0,5,0,11
TrSC58v2_5431.t1.e1,4,0,19,5,5,13
TrSC58v2_5429.t1,9,14,30,50,32,140
TrSC58v2_5429.t1.e1,11,17,30,59,47,176
TrSC58v2_5430.t1,5,16,12,35,22,63
TrSC58v2_5430.t1.e1,7,24,14,38,26,68
TrSC58v2_5432.t1,2,9,11,14,11,50
TrSC58v2_5432.t1.e1,10,12,12,16,12,51
TrSC58v2_5433.t1,6,0,0,8,6,28
TrSC58v2_5433.t1.e1,8,15,8,9,8,30
TrSC58v2_5435.t1,5,8,11,22,10,43
TrSC58v2_5435.t1.e1,5,9,13,27,15,47
TrSC58v2_5434.t1,5,2,11,50,16,58
TrSC58v2_5434.t1.e1,7,3,14,53,20,68
TrSC58v2_5437.t1,0,0,6,5,7,29
TrSC58v2_5437.t1.e1,4,4,8,7,9,34
TrSC58v2_5442.t1,7,5,2,8,4,19
TrSC58v2_5442.t1.e1,8,6,7,10,4,22
TrSC58v2_5438.t1,2,3,8,14,5,24
TrSC58v2_5438.t1.e1,3,4,9,15,6,27
TrSC58v2_5439.t1,6,5,2,5,3,18
TrSC58v2_5439.t1.e1,7,6,6,11,4,21
TrSC58v2_5440.t1,1,1,1,1,1,7
TrSC58v2_5440.t1.e1,2,1,6,5,3,9
TrSC58v2_5441.t1,2,4,13,20,9,37
TrSC58v2_5441.t1.e1,4,5,15,23,11,44
TrSC58v2_5443.t1,2,0,7,6,3,13
TrSC58v2_5443.t1.e1,3,7,7,7,3,15
TrSC58v2_5144.t1,0,1,0,2,3,29
TrSC58v2_5144.t1.e1,0,3,11,12,15,24
TrSC58v2_5146.t1,0,0,0,0,1,2
TrSC58v2_5146.t1.e1,0,0,0,0,1,3
MSTRG.5033.1,0,56,95,171,0,363
TrSC58v2_5175.t1,0,6,0,9,0,0
TrSC58v2_5175.t1.e1,0,7,7,13,13,44
TrSC58v2_5180.t1,0,4,3,8,1,3
TrSC58v2_5180.t1.e1,0,5,3,9,11,22
TrSC58v2_5188.t1,0,1,0,7,9,22
TrSC58v2_5188.t1.e1,0,1,7,6,8,25
MSTRG.5062.1,0,4,2,13,3,29
TrSC58v2_5208.t1,0,1,0,5,1,22
TrSC58v2_5208.t1.e1,0,13,0,6,6,23
TrSC58v2_5217.t1,0,0,2,6,7,11
TrSC58v2_5217.t1.e1,0,0,14,7,7,13
TrSC58v2_5221.t1,0,1,0,2,1,18
TrSC58v2_5221.t1.e1,0,4,11,19,14,23
MSTRG.5086.1,0,0,0,60,38,147
MSTRG.5086.3,0,36,88,0,0,298
MSTRG.5086.4,0,0,45,122,91,60
TrSC58v2_5224.t1,0,0,1,3,0,16
TrSC58v2_5224.t1.e1,0,4,3,6,0,21
TrSC58v2_5225.t1,0,2,4,13,0,19
TrSC58v2_5225.t1.e1,0,3,5,15,4,20
MSTRG.5091.1,0,0,4,7,5,45
TrSC58v2_5234.t1.e1,0,0,0,0,0,0
TrSC58v2_5234.t1,0,0,0,0,0,0
TrSC58v2_5235.t1.e1,0,0,0,0,0,0
TrSC58v2_5235.t1,0,0,0,0,0,0
TrSC58v2_5236.t1.e1,0,0,0,0,0,0
TrSC58v2_5236.t1,0,0,0,0,0,0
TrSC58v2_5239.t1,0,2,1,20,2,77
TrSC58v2_5239.t1.e1,0,26,10,22,32,80
TrSC58v2_5257.t1,0,0,2,13,6,15
TrSC58v2_5257.t1.e1,0,3,13,17,8,23
TrSC58v2_5258.t1,0,5,1,7,9,8
TrSC58v2_5258.t1.e1,0,6,2,8,11,9
TrSC58v2_5269.t1,0,0,0,0,0,11
TrSC58v2_5269.t1.e1,0,3,11,0,4,18
TrSC58v2_5282.t1,0,0,1,2,2,29
TrSC58v2_5282.t1.e1,0,0,3,9,13,33
TrSC58v2_5140.t1,12,0,13,47,30,98
TrSC58v2_5140.t1.e1,12,4,17,55,37,127
TrSC58v2_5141.t1,6,1,6,5,1,2
TrSC58v2_5141.t1.e1,9,5,12,42,34,70
TrSC58v2_5142.t1,0,1,12,29,16,64
TrSC58v2_5142.t1.e1,3,23,14,43,21,75
TrSC58v2_5143.t1,0,0,0,1,0,32
TrSC58v2_5143.t1.e1,4,3,5,9,13,29
TrSC58v2_5145.t1,7,12,10,32,11,62
TrSC58v2_5145.t1.e1,8,16,14,36,41,68
TrSC58v2_5147.t1,2,3,4,0,8,17
TrSC58v2_5147.t1.e1,2,3,4,3,8,19
TrSC58v2_5148.t1,19,16,32,55,33,124
TrSC58v2_5148.t1.e1,22,17,47,49,40,138
TrSC58v2_5149.t1,4,0,14,2,4,20
TrSC58v2_5149.t1.e1,6,0,16,3,5,24
TrSC58v2_5150.t1,0,4,4,10,10,45
TrSC58v2_5150.t1.e1,7,5,10,12,11,51
TrSC58v2_5151.t1,4,0,11,0,13,37
TrSC58v2_5151.t1.e1,5,4,12,37,16,39
TrSC58v2_5152.t1,15,6,15,23,23,76
TrSC58v2_5152.t1.e1,22,8,23,27,25,87
TrSC58v2_5153.t1,0,0,13,2,0,3
TrSC58v2_5153.t1.e1,4,0,2,4,0,30
TrSC58v2_5154.t1,0,3,13,4,8,1
TrSC58v2_5154.t1.e1,4,3,14,5,10,89
TrSC58v2_5155.t1,6,0,2,6,7,40
TrSC58v2_5155.t1.e1,8,8,22,5,8,51
TrSC58v2_5156.t1,1,2,8,9,1,29
TrSC58v2_5156.t1.e1,3,3,8,10,3,33
TrSC58v2_5157.t1,6,10,43,54,10,78
TrSC58v2_5157.t1.e1,7,11,4,11,11,92
TrSC58v2_5158.t1,0,0,8,12,1,30
TrSC58v2_5158.t1.e1,6,0,9,14,15,34
TrSC58v2_5159.t1,8,8,26,3,23,71
TrSC58v2_5159.t1.e1,11,10,35,43,27,83
TrSC58v2_5160.t1,1,0,1,17,1,24
TrSC58v2_5160.t1.e1,2,0,21,18,15,22
TrSC58v2_5161.t1,2,0,1,1,3,17
TrSC58v2_5161.t1.e1,8,0,2,2,4,13
TrSC58v2_5162.t1,3,22,29,52,14,137
TrSC58v2_5162.t1.e1,15,24,34,61,16,157
TrSC58v2_5163.t1,7,0,9,18,9,24
TrSC58v2_5163.t1.e1,10,4,12,23,10,27
TrSC58v2_5164.t1,5,7,13,37,18,87
TrSC58v2_5164.t1.e1,6,8,18,41,23,99
TrSC58v2_5165.t1,0,0,21,18,4,57
TrSC58v2_5165.t1.e1,11,7,24,21,33,71
TrSC58v2_5166.t1,3,1,3,18,1,39
TrSC58v2_5166.t1.e1,4,15,5,25,17,45
TrSC58v2_5167.t1,1,0,3,8,1,9
TrSC58v2_5167.t1.e1,2,0,13,9,8,10
TrSC58v2_5168.t1,4,5,22,16,20,82
TrSC58v2_5168.t1.e1,5,6,25,22,22,102
TrSC58v2_5169.t1,22,37,71,150,97,346
TrSC58v2_5169.t1.e1,25,41,83,163,112,368
TrSC58v2_5170.t1,1,6,41,35,37,100
TrSC58v2_5170.t1.e1,12,7,50,38,41,122
MSTRG.5031.1,55,42,68,195,81,328
TrSC58v2_5171.t1,1,0,6,10,0,39
TrSC58v2_5171.t1.e1,6,8,22,11,8,42
TrSC58v2_5172.t1,4,4,8,22,49,32
TrSC58v2_5172.t1.e1,4,5,10,27,61,39
TrSC58v2_5173.t1,9,1,1,8,9,11
TrSC58v2_5173.t1.e1,17,1,1,5,21,7
TrSC58v2_5174.t1,0,9,14,12,7,1
TrSC58v2_5174.t1.e1,3,11,18,16,9,104
TrSC58v2_5176.t1,1,1,1,2,1,6
TrSC58v2_5176.t1.e1,2,2,2,2,4,7
MSTRG.5037.1,65,57,236,284,241,769
TrSC58v2_5177.t1,22,3,33,78,27,129
TrSC58v2_5177.t1.e1,27,26,37,88,29,138
TrSC58v2_5178.t1,4,10,0,20,5,64
TrSC58v2_5178.t1.e1,4,11,23,22,6,76
TrSC58v2_5179.t1,5,4,2,4,6,18
TrSC58v2_5179.t1.e1,6,4,7,4,7,18
TrSC58v2_5181.t1,1,3,1,4,3,25
TrSC58v2_5181.t1.e1,4,3,6,23,4,28
TrSC58v2_5182.t1,0,1,6,8,0,2
TrSC58v2_5182.t1.e1,4,2,7,10,3,40
TrSC58v2_5183.t1,2,2,5,10,9,7
TrSC58v2_5183.t1.e1,3,2,5,11,9,15
TrSC58v2_5184.t1,1,0,2,1,1,1
TrSC58v2_5184.t1.e1,1,0,2,2,1,2
TrSC58v2_5185.t1,1,0,0,8,1,14
TrSC58v2_5185.t1.e1,1,22,4,9,23,16
TrSC58v2_5186.t1,16,11,31,56,24,11
TrSC58v2_5186.t1.e1,17,13,37,45,26,225
TrSC58v2_5187.t1,4,15,13,33,34,88
TrSC58v2_5187.t1.e1,5,19,15,40,43,107
TrSC58v2_5189.t1,0,0,1,5,3,11
TrSC58v2_5189.t1.e1,4,4,6,4,3,13
TrSC58v2_5190.t1,10,13,28,37,22,128
TrSC58v2_5190.t1.e1,15,15,35,42,25,158
TrSC58v2_5191.t1,11,15,25,23,24,129
TrSC58v2_5191.t1.e1,12,15,25,24,24,130
TrSC58v2_5192.t1,0,0,4,1,9,46
TrSC58v2_5192.t1.e1,12,5,4,36,11,39
TrSC58v2_5193.t1,2,3,6,6,1,24
TrSC58v2_5193.t1.e1,2,4,7,9,11,26
MSTRG.5055.1,22,12,34,31,25,142
TrSC58v2_5194.t1,3,6,16,9,8,59
TrSC58v2_5194.t1.e1,4,6,18,32,9,71
TrSC58v2_5195.t1.e1,28,48,63,134,60,313
TrSC58v2_5195.t1,26,41,53,108,53,382
TrSC58v2_5196.t1.e1,20,37,59,108,53,232
TrSC58v2_5196.t1,18,33,38,87,36,346
TrSC58v2_5197.t1.e1,7,8,10,21,9,71
TrSC58v2_5197.t1,0,0,9,18,7,43
TrSC58v2_5198.t1.e1,5,21,19,61,41,120
TrSC58v2_5198.t1,2,15,15,58,39,117
TrSC58v2_5199.t1.e1,1,8,5,21,5,27
TrSC58v2_5199.t1,1,2,2,17,4,24
TrSC58v2_5200.t1.e1,8,3,3,17,7,18
TrSC58v2_5200.t1,0,2,3,15,5,15
TrSC58v2_5201.t1.e1,10,12,6,66,15,76
TrSC58v2_5201.t1,8,9,6,2,14,69
TrSC58v2_5202.t1.e1,6,12,15,11,5,43
TrSC58v2_5202.t1,2,2,4,10,2,31
TrSC58v2_5203.t1.e1,6,14,4,34,35,68
TrSC58v2_5203.t1,4,10,3,34,28,58
TrSC58v2_5204.t1.e1,1,7,7,8,2,26
TrSC58v2_5204.t1,1,1,6,7,2,24
TrSC58v2_5205.t1.e1,5,15,24,31,27,86
TrSC58v2_5205.t1,4,12,22,27,24,73
TrSC58v2_5206.t1.e1,10,20,13,20,27,77
TrSC58v2_5206.t1,7,0,1,20,23,74
MSTRG.5070.1,15,6,30,29,23,103
TrSC58v2_5207.t1.e1,6,14,16,18,19,117
TrSC58v2_5207.t1,0,14,14,0,13,1
TrSC58v2_5209.t1.e1,5,9,28,29,13,103
TrSC58v2_5209.t1,4,8,19,22,11,98
TrSC58v2_5210.t1.e1,33,17,24,33,9,53
TrSC58v2_5210.t1,3,15,0,3,2,47
TrSC58v2_5211.t1.e1,14,26,78,52,52,212
TrSC58v2_5211.t1,12,24,62,49,42,186
TrSC58v2_5212.t1.e1,15,40,83,67,72,227
TrSC58v2_5212.t1,12,31,74,64,66,218
TrSC58v2_5213.t1.e1,15,63,39,84,82,162
TrSC58v2_5213.t1,14,1,36,59,1,126
TrSC58v2_5214.t1.e1,7,7,12,39,10,62
TrSC58v2_5214.t1,5,5,11,31,9,51
TrSC58v2_5215.t1.e1,4,5,9,21,3,40
TrSC58v2_5215.t1,1,4,8,20,1,39
TrSC58v2_5216.t1.e1,4,4,5,8,15,42
TrSC58v2_5216.t1,3,0,0,7,10,33
TrSC58v2_5218.t1.e1,12,4,8,13,17,53
TrSC58v2_5218.t1,0,1,6,11,2,1
TrSC58v2_5219.t1.e1,7,9,4,39,14,73
TrSC58v2_5219.t1,6,7,3,2,12,64
TrSC58v2_5220.t1.e1,9,4,11,15,15,46
TrSC58v2_5220.t1,7,3,0,14,2,2
TrSC58v2_5222.t1.e1,11,4,15,8,10,48
TrSC58v2_5222.t1,8,3,26,0,0,0
TrSC58v2_5223.t1.e1,3,1,2,3,2,22
TrSC58v2_5223.t1,2,1,2,7,3,11
TrSC58v2_5226.t1.e1,13,4,36,49,37,170
TrSC58v2_5226.t1,9,3,31,42,33,137
TrSC58v2_5227.t1.e1,4,8,42,14,16,45
TrSC58v2_5227.t1,3,6,0,12,0,42
TrSC58v2_5228.t1.e1,6,4,21,12,25,67
TrSC58v2_5228.t1,1,4,0,10,2,3
TrSC58v2_5229.t1.e1,9,0,22,6,5,26
TrSC58v2_5229.t1,8,0,2,5,4,24
TrSC58v2_5230.t1.e1,5,8,7,27,17,33
TrSC58v2_5230.t1,0,0,6,23,15,28
TrSC58v2_5231.t1.e1,24,8,14,19,18,116
TrSC58v2_5231.t1,7,6,10,17,15,3
TrSC58v2_5232.t1.e1,11,7,18,38,36,85
TrSC58v2_5232.t1,8,6,14,29,3,60
TrSC58v2_5233.t1.e1,13,9,16,90,43,6
TrSC58v2_5233.t1,12,7,11,71,37,277
TrSC58v2_5237.t1.e1,9,25,117,136,86,246
TrSC58v2_5237.t1,8,18,1,0,1,11
TrSC58v2_5238.t1.e1,29,16,35,103,66,183
TrSC58v2_5238.t1,21,13,30,88,53,214
MSTRG.5100.1,1,7,26,45,23,86
TrSC58v2_5240.t1.e1,6,12,16,26,9,93
TrSC58v2_5240.t1,5,9,14,20,8,86
TrSC58v2_5241.t1.e1,9,4,7,18,13,54
TrSC58v2_5241.t1,0,3,5,13,11,49
TrSC58v2_5242.t1.e1,3,8,18,30,16,28
TrSC58v2_5242.t1,0,6,15,9,0,25
TrSC58v2_5243.t1.e1,12,4,20,37,23,58
TrSC58v2_5243.t1,8,4,17,28,20,50
TrSC58v2_5244.t1.e1,23,0,41,19,48,104
TrSC58v2_5244.t1,0,0,2,15,1,88
TrSC58v2_5245.t1.e1,3,4,46,11,6,63
TrSC58v2_5245.t1,0,0,1,8,0,1
TrSC58v2_5246.t1.e1,4,0,4,5,14,24
TrSC58v2_5246.t1,0,0,0,5,2,1
TrSC58v2_5247.t1.e1,4,0,0,14,8,32
TrSC58v2_5247.t1,0,0,0,2,7,4
TrSC58v2_5248.t1.e1,11,17,53,33,20,82
TrSC58v2_5248.t1,8,15,1,26,15,75
TrSC58v2_5249.t1.e1,4,0,5,5,6,22
TrSC58v2_5249.t1,0,0,4,0,5,1
TrSC58v2_5250.t1.e1,7,7,25,29,22,137
TrSC58v2_5250.t1,5,5,23,21,19,0
TrSC58v2_5251.t1.e1,8,19,10,28,30,62
TrSC58v2_5251.t1,0,2,9,20,3,48
TrSC58v2_5252.t1.e1,9,20,21,40,20,95
TrSC58v2_5252.t1,7,1,18,35,18,77
TrSC58v2_5253.t1.e1,5,16,4,14,9,49
TrSC58v2_5253.t1,0,0,0,13,8,43
TrSC58v2_5254.t1.e1,14,4,10,33,16,59
TrSC58v2_5254.t1,13,3,9,31,14,54
TrSC58v2_5255.t1.e1,4,3,11,11,6,20
TrSC58v2_5255.t1,0,1,8,4,6,4
TrSC58v2_5256.t1.e1,12,3,5,6,15,33
TrSC58v2_5256.t1,3,2,0,0,3,30
MSTRG.5121.1,14,8,11,68,50,165
TrSC58v2_5259.t1.e1,4,5,19,31,11,50
TrSC58v2_5259.t1,0,0,0,1,10,1
TrSC58v2_5260.t1.e1,8,7,6,9,12,31
TrSC58v2_5260.t1,0,6,5,7,9,27
TrSC58v2_5261.t1.e1,7,0,6,4,9,22
TrSC58v2_5261.t1,0,0,1,1,0,19
TrSC58v2_5262.t1.e1,13,17,13,64,51,106
TrSC58v2_5262.t1,11,17,10,44,0,74
TrSC58v2_5263.t1.e1,10,9,25,11,21,74
TrSC58v2_5263.t1,8,7,8,25,3,71
TrSC58v2_5266.t1.e1,8,12,14,9,15,76
TrSC58v2_5266.t1,6,9,8,33,0,30
TrSC58v2_5270.t1.e1,16,7,20,33,18,103
TrSC58v2_5270.t1,1,5,17,27,16,78
TrSC58v2_5271.t1.e1,4,6,27,18,16,49
TrSC58v2_5271.t1,3,5,1,14,1,35
TrSC58v2_5272.t1.e1,3,7,22,9,12,45
TrSC58v2_5272.t1,0,0,1,12,1,2
TrSC58v2_5273.t1.e1,3,2,2,3,2,12
TrSC58v2_5273.t1,3,1,1,4,1,9
TrSC58v2_5274.t1.e1,15,16,18,36,23,83
TrSC58v2_5274.t1,12,13,16,33,21,80
TrSC58v2_5275.t1.e1,13,7,18,25,28,43
TrSC58v2_5275.t1,2,6,15,19,21,37
TrSC58v2_5276.t1.e1,8,27,55,104,87,287
TrSC58v2_5276.t1,6,26,53,88,70,250
TrSC58v2_5277.t1.e1,10,4,5,11,16,26
TrSC58v2_5277.t1,0,0,4,8,0,25
TrSC58v2_5278.t1.e1,13,7,14,20,14,67
TrSC58v2_5278.t1,0,5,13,18,12,59
TrSC58v2_5279.t1.e1,5,4,4,32,13,61
TrSC58v2_5279.t1,4,0,4,2,11,44
TrSC58v2_5280.t1.e1,9,27,37,49,85,128
TrSC58v2_5280.t1,6,24,32,42,1,110
TrSC58v2_5281.t1.e1,8,20,43,28,20,117
TrSC58v2_5281.t1,5,16,36,25,19,102
TrSC58v2_5283.t1.e1,17,17,38,79,40,202
TrSC58v2_5283.t1,13,14,33,68,35,186
MSTRG.5304.1,3,14,27,41,24,95
TrSC58v2_5447.t1,5,0,0,15,8,44
TrSC58v2_5447.t1.e1,6,0,15,17,11,39
TrSC58v2_5445.t1,1,0,13,26,1,36
TrSC58v2_5445.t1.e1,4,0,16,28,17,42
TrSC58v2_5446.t1,4,0,11,22,13,9
TrSC58v2_5446.t1.e1,5,22,14,25,11,148
TrSC58v2_5444.t1,1,4,13,21,9,37
TrSC58v2_5444.t1.e1,4,5,15,23,10,43
TrSC58v2_5448.t1,1,4,0,6,5,22
TrSC58v2_5448.t1.e1,11,5,30,7,6,6
TrSC58v2_5449.t1,0,3,13,8,10,1
TrSC58v2_5449.t1.e1,8,4,22,11,12,85
TrSC58v2_5450.t1,4,6,0,3,4,12
TrSC58v2_5450.t1.e1,4,7,0,3,4,13
TrSC58v2_5454.t1.e1,1,1,1,1,1,2
TrSC58v2_5454.t1,1,1,1,1,1,2
TrSC58v2_5455.t1.e1,4,11,23,19,27,100
TrSC58v2_5455.t1,2,0,0,10,14,2
TrSC58v2_5459.t1.e1,2,0,2,7,11,11
TrSC58v2_5459.t1,1,0,1,7,0,9
TrSC58v2_5461.t1.e1,4,7,26,30,30,55
TrSC58v2_5461.t1,0,1,23,27,27,49
TrSC58v2_5456.t1.e1,3,4,4,9,10,19
TrSC58v2_5456.t1,2,1,2,3,3,15
TrSC58v2_5457.t1.e1,1,1,0,0,0,3
TrSC58v2_5457.t1,0,1,0,0,0,2
TrSC58v2_5458.t1.e1,1,1,0,0,0,3
TrSC58v2_5458.t1,1,1,0,0,0,2
TrSC58v2_5462.t1.e1,3,4,4,6,4,25
TrSC58v2_5462.t1,0,0,2,1,0,22
TrSC58v2_5463.t1.e1,11,3,6,24,20,57
TrSC58v2_5463.t1,0,0,6,21,16,49
TrSC58v2_5464.t1.e1,7,4,7,16,12,54
TrSC58v2_5464.t1,0,0,6,13,1,46
TrSC58v2_5467.t1.e1,12,5,6,4,0,18
TrSC58v2_5467.t1,0,1,5,1,0,16
TrSC58v2_5469.t1.e1,11,10,4,19,0,31
TrSC58v2_5469.t1,2,9,3,13,0,28
TrSC58v2_5471.t1.e1,10,2,6,22,1,23
TrSC58v2_5471.t1,0,1,0,20,1,21
TrSC58v2_5472.t1.e1,5,4,15,15,22,26
TrSC58v2_5472.t1,4,0,4,14,2,23
TrSC58v2_5473.t1.e1,7,0,5,4,1,15
TrSC58v2_5473.t1,0,0,3,0,1,2
TrSC58v2_5474.t1.e1,5,5,6,12,8,63
TrSC58v2_5474.t1,1,4,4,0,7,0
TrSC58v2_5478.t1.e1,3,8,0,7,0,37
TrSC58v2_5478.t1,3,6,0,5,0,31
TrSC58v2_5480.t1.e1,11,8,7,17,12,22
TrSC58v2_5480.t1,1,6,6,15,1,2
TrSC58v2_5475.t1.e1,7,10,10,22,19,73
TrSC58v2_5475.t1,6,7,9,20,14,68
TrSC58v2_5482.t1,4,0,4,8,3,18
TrSC58v2_5482.t1.e1,5,0,6,10,4,14
TrSC58v2_5483.t1,4,0,8,9,3,22
TrSC58v2_5483.t1.e1,5,0,10,12,4,28
TrSC58v2_5484.t1,6,7,13,10,12,51
TrSC58v2_5484.t1.e1,6,7,14,11,12,54
TrSC58v2_5485.t1,1,1,6,10,8,28
TrSC58v2_5485.t1.e1,7,1,7,10,8,30
TrSC58v2_5289.t1,0,0,0,0,0,0
TrSC58v2_5289.t1.e1,0,0,0,0,2,0
TrSC58v2_5290.t1,0,0,0,0,0,1
TrSC58v2_5290.t1.e1,0,0,0,0,0,8
TrSC58v2_5291.t1,0,0,0,1,0,0
TrSC58v2_5291.t1.e1,0,0,7,3,0,3
TrSC58v2_5292.t1,0,0,0,1,0,0
TrSC58v2_5292.t1.e1,0,4,0,4,0,2
TrSC58v2_5294.t1,0,1,0,1,2,2
TrSC58v2_5294.t1.e1,0,3,4,1,6,2
TrSC58v2_5298.t1,0,0,1,5,0,14
TrSC58v2_5298.t1.e1,0,0,4,5,0,17
TrSC58v2_5301.t1,0,2,5,0,0,23
TrSC58v2_5301.t1.e1,0,4,12,0,0,25
TrSC58v2_5302.t1,0,2,10,16,10,51
TrSC58v2_5302.t1.e1,0,9,11,17,11,56
TrSC58v2_5305.t1,0,0,6,8,4,23
TrSC58v2_5305.t1.e1,0,5,7,12,5,27
TrSC58v2_5313.t1,0,2,5,10,1,28
TrSC58v2_5313.t1.e1,0,2,5,11,6,33
TrSC58v2_5316.t1,0,0,5,1,0,1
TrSC58v2_5316.t1.e1,0,2,6,3,9,33
TrSC58v2_5317.t1,0,0,1,1,1,13
TrSC58v2_5317.t1.e1,0,0,16,6,1,15
TrSC58v2_5318.t1,0,0,0,11,10,37
TrSC58v2_5318.t1.e1,0,4,3,14,11,41
TrSC58v2_5323.t1,0,4,1,0,4,23
TrSC58v2_5323.t1.e1,0,4,7,7,6,25
TrSC58v2_5332.t1,0,5,13,9,23,51
TrSC58v2_5332.t1.e1,0,6,17,11,26,53
TrSC58v2_5341.t1,0,0,11,5,4,5
TrSC58v2_5341.t1.e1,0,0,12,6,4,7
TrSC58v2_5342.t1,0,0,0,0,1,0
TrSC58v2_5342.t1.e1,0,0,0,0,1,1
TrSC58v2_5343.t1,0,0,0,0,1,0
TrSC58v2_5343.t1.e1,0,0,0,0,1,1
TrSC58v2_5344.t1,0,0,0,0,1,0
TrSC58v2_5344.t1.e1,0,0,0,0,1,1
TrSC58v2_5345.t1,0,0,0,0,1,0
TrSC58v2_5345.t1.e1,0,0,0,0,1,1
TrSC58v2_5346.t1,0,0,0,0,1,0
TrSC58v2_5346.t1.e1,0,0,0,0,1,1
TrSC58v2_5347.t1,0,0,0,0,1,0
TrSC58v2_5347.t1.e1,0,0,0,0,1,0
MSTRG.5211.1,0,0,39,78,12,152
TrSC58v2_5359.t1,0,11,2,1,1,10
TrSC58v2_5359.t1.e1,0,12,6,4,2,11
TrSC58v2_5361.t1,0,4,2,14,1,50
TrSC58v2_5361.t1.e1,0,5,19,16,6,60
TrSC58v2_5370.t1,0,0,0,1,1,0
TrSC58v2_5370.t1.e1,0,0,0,5,4,10
TrSC58v2_5371.t1,0,1,4,22,4,14
TrSC58v2_5371.t1.e1,0,7,5,25,4,18
TrSC58v2_5376.t1,0,0,1,13,9,26
TrSC58v2_5376.t1.e1,0,10,11,14,9,32
TrSC58v2_5378.t1,0,0,8,3,13,1
TrSC58v2_5378.t1.e1,0,7,11,4,14,52
TrSC58v2_5379.t1,0,0,0,0,0,1
TrSC58v2_5379.t1.e1,0,0,0,0,0,8
TrSC58v2_5382.t1,0,0,0,0,0,1
TrSC58v2_5382.t1.e1,0,0,0,0,0,4
TrSC58v2_5384.t1,0,0,0,0,0,0
TrSC58v2_5384.t1.e1,0,0,0,0,4,16
TrSC58v2_5386.t1,0,0,1,5,2,18
TrSC58v2_5386.t1.e1,0,0,1,5,12,19
TrSC58v2_5390.t1,0,0,0,7,6,21
TrSC58v2_5390.t1.e1,0,4,12,9,8,24
TrSC58v2_5394.t1,0,14,6,12,15,40
TrSC58v2_5394.t1.e1,0,16,9,13,19,46
TrSC58v2_5396.t1,0,8,8,8,4,38
TrSC58v2_5396.t1.e1,0,9,9,10,6,7
TrSC58v2_5397.t1,0,0,1,0,0,1
TrSC58v2_5397.t1.e1,0,0,1,0,0,2
TrSC58v2_5288.t1,3,1,1,0,2,14
TrSC58v2_5288.t1.e1,4,2,9,6,3,17
MSTRG.5149.1,23,10,60,40,21,134
TrSC58v2_5293.t1,0,0,0,2,0,4
TrSC58v2_5293.t1.e1,2,0,0,2,0,3
TrSC58v2_5295.t1,2,7,2,12,6,27
TrSC58v2_5295.t1.e1,2,11,3,15,7,29
TrSC58v2_5296.t1,3,0,4,0,2,12
TrSC58v2_5296.t1.e1,6,0,20,19,9,14
TrSC58v2_5297.t1,0,8,1,1,0,15
TrSC58v2_5297.t1.e1,14,8,4,11,0,17
TrSC58v2_5299.t1,10,10,15,28,17,78
TrSC58v2_5299.t1.e1,11,13,18,31,21,90
TrSC58v2_5300.t1,0,4,0,2,0,0
TrSC58v2_5300.t1.e1,3,4,8,23,6,30
TrSC58v2_5303.t1,7,10,6,33,12,39
TrSC58v2_5303.t1.e1,8,12,8,36,15,44
TrSC58v2_5304.t1,0,0,0,18,29,84
TrSC58v2_5304.t1.e1,14,4,32,20,36,94
TrSC58v2_5306.t1,1,0,5,1,10,14
TrSC58v2_5306.t1.e1,5,4,6,14,11,15
TrSC58v2_5307.t1,10,7,14,54,39,79
TrSC58v2_5307.t1.e1,13,7,16,49,45,86
TrSC58v2_5308.t1,0,5,1,1,6,13
TrSC58v2_5308.t1.e1,3,6,15,1,7,15
TrSC58v2_5309.t1,0,1,8,0,4,0
TrSC58v2_5309.t1.e1,4,8,11,4,6,31
TrSC58v2_5310.t1,1,13,14,25,17,77
TrSC58v2_5310.t1.e1,5,17,16,27,19,81
TrSC58v2_5311.t1,13,7,0,13,14,51
TrSC58v2_5311.t1.e1,18,8,46,15,17,43
TrSC58v2_5312.t1,4,5,7,19,5,41
TrSC58v2_5312.t1.e1,5,7,9,23,7,36
TrSC58v2_5314.t1,3,4,2,9,5,0
TrSC58v2_5314.t1.e1,4,5,2,10,5,25
TrSC58v2_5315.t1,5,0,6,22,5,28
TrSC58v2_5315.t1.e1,5,11,7,23,6,31
TrSC58v2_5319.t1,18,16,31,31,17,84
TrSC58v2_5319.t1.e1,22,20,38,38,20,100
TrSC58v2_5320.t1,0,1,2,0,0,1
TrSC58v2_5320.t1.e1,10,4,17,14,8,37
TrSC58v2_5321.t1,8,10,9,1,15,59
TrSC58v2_5321.t1.e1,19,12,11,43,18,66
TrSC58v2_5322.t1,0,7,3,0,4,2
TrSC58v2_5322.t1.e1,11,9,4,3,5,17
TrSC58v2_5324.t1,1,0,0,0,0,1
TrSC58v2_5324.t1.e1,1,0,0,0,0,3
TrSC58v2_5325.t1,2,0,1,3,1,7
TrSC58v2_5325.t1.e1,4,0,3,8,2,7
TrSC58v2_5326.t1,7,0,2,7,0,11
TrSC58v2_5326.t1.e1,7,0,3,9,8,15
TrSC58v2_5327.t1,8,9,18,21,18,63
TrSC58v2_5327.t1.e1,10,11,19,24,25,72
TrSC58v2_5328.t1,0,9,0,15,10,54
TrSC58v2_5328.t1.e1,19,12,18,18,11,68
TrSC58v2_5329.t1,0,1,17,14,14,53
TrSC58v2_5329.t1.e1,7,3,26,16,21,59
TrSC58v2_5330.t1,4,8,32,13,5,2
TrSC58v2_5330.t1.e1,5,11,5,17,6,85
TrSC58v2_5331.t1,14,8,33,21,18,94
TrSC58v2_5331.t1.e1,21,10,35,23,23,108
TrSC58v2_5333.t1,1,0,0,4,2,1
TrSC58v2_5333.t1.e1,2,16,0,4,13,27
TrSC58v2_5334.t1,1,1,0,1,0,13
TrSC58v2_5334.t1.e1,2,3,16,7,0,14
TrSC58v2_5335.t1,0,7,8,17,8,67
TrSC58v2_5335.t1.e1,4,10,9,5,8,75
TrSC58v2_5336.t1,0,0,0,4,4,9
TrSC58v2_5336.t1.e1,3,4,7,4,5,13
TrSC58v2_5337.t1,0,0,13,11,19,41
TrSC58v2_5337.t1.e1,3,0,14,12,16,43
TrSC58v2_5338.t1,0,0,0,0,0,1
TrSC58v2_5338.t1.e1,7,0,7,5,0,22
TrSC58v2_5339.t1,1,1,1,1,0,30
TrSC58v2_5339.t1.e1,3,27,7,4,4,34
TrSC58v2_5340.t1,0,0,0,0,0,18
TrSC58v2_5340.t1.e1,6,0,11,3,0,19
TrSC58v2_5348.t1,0,6,3,9,18,47
TrSC58v2_5348.t1.e1,8,7,25,9,19,53
TrSC58v2_5349.t1,0,7,3,1,12,44
TrSC58v2_5349.t1.e1,8,8,34,42,15,50
TrSC58v2_5350.t1,2,2,5,7,10,6
TrSC58v2_5350.t1.e1,3,2,6,8,11,35
TrSC58v2_5351.t1,0,5,0,8,8,1
TrSC58v2_5351.t1.e1,4,7,0,16,9,81
TrSC58v2_5352.t1,12,9,2,4,5,4
TrSC58v2_5352.t1.e1,13,12,2,4,14,5
TrSC58v2_5353.t1,6,0,1,17,2,49
TrSC58v2_5353.t1.e1,8,4,13,20,32,57
TrSC58v2_5354.t1,0,1,3,13,0,34
TrSC58v2_5354.t1.e1,8,15,9,16,12,38
TrSC58v2_5355.t1,3,4,0,3,0,18
TrSC58v2_5355.t1.e1,4,4,9,4,0,22
TrSC58v2_5356.t1,14,14,2,35,17,88
TrSC58v2_5356.t1.e1,17,17,35,41,20,76
TrSC58v2_5357.t1,5,12,42,29,19,145
TrSC58v2_5357.t1.e1,6,14,6,32,26,131
TrSC58v2_5358.t1,5,0,22,8,8,56
TrSC58v2_5358.t1.e1,6,4,29,9,9,63
TrSC58v2_5360.t1,9,10,1,0,0,33
TrSC58v2_5360.t1.e1,12,11,1,4,11,36
TrSC58v2_5362.t1,1,2,6,0,2,35
TrSC58v2_5362.t1.e1,4,19,8,19,22,38
TrSC58v2_5363.t1,1,1,2,3,0,26
TrSC58v2_5363.t1.e1,2,2,9,4,4,30
TrSC58v2_5364.t1,2,9,1,21,5,57
TrSC58v2_5364.t1.e1,3,11,34,24,6,64
TrSC58v2_5365.t1,2,12,15,23,6,39
TrSC58v2_5365.t1.e1,3,14,21,30,7,48
TrSC58v2_5366.t1,8,10,9,19,1,32
TrSC58v2_5366.t1.e1,11,15,12,21,9,39
TrSC58v2_5367.t1,0,15,6,13,4,34
TrSC58v2_5367.t1.e1,7,16,7,16,5,36
TrSC58v2_5368.t1,1,9,2,15,12,38
TrSC58v2_5368.t1.e1,9,11,5,18,13,40
TrSC58v2_5369.t1,0,4,7,18,18,23
TrSC58v2_5369.t1.e1,19,6,8,21,21,25
TrSC58v2_5372.t1,5,1,1,5,6,12
TrSC58v2_5372.t1.e1,5,2,4,5,8,14
TrSC58v2_5373.t1,4,4,14,36,23,50
TrSC58v2_5373.t1.e1,5,5,15,40,18,60
MSTRG.5233.1,19,12,38,66,47,152
TrSC58v2_5374.t1,9,10,7,3,8,28
TrSC58v2_5374.t1.e1,6,8,7,4,8,24
TrSC58v2_5375.t1,4,4,4,6,4,23
TrSC58v2_5375.t1.e1,4,4,4,6,4,21
TrSC58v2_5377.t1,0,0,1,1,1,19
TrSC58v2_5377.t1.e1,4,4,2,12,5,22
MSTRG.5238.1,2,17,13,2,20,56
TrSC58v2_5383.t1.e1,4,8,20,15,7,90
TrSC58v2_5383.t1,3,6,16,11,5,0
TrSC58v2_5385.t1,1,0,0,0,0,0
TrSC58v2_5385.t1.e1,1,0,8,2,0,7
TrSC58v2_5387.t1,1,0,10,19,8,34
TrSC58v2_5387.t1.e1,13,14,11,22,8,37
TrSC58v2_5388.t1,0,14,12,3,0,48
TrSC58v2_5388.t1.e1,4,17,16,55,4,55
TrSC58v2_5389.t1,2,7,11,24,13,86
TrSC58v2_5389.t1.e1,3,9,14,31,15,96
TrSC58v2_5391.t1,0,12,9,20,14,2
TrSC58v2_5391.t1.e1,7,17,14,25,16,83
TrSC58v2_5392.t1,10,6,11,22,19,95
TrSC58v2_5392.t1.e1,13,9,13,16,26,104
MSTRG.5250.1,21,7,27,98,52,216
TrSC58v2_5393.t1,2,2,14,36,20,82
TrSC58v2_5393.t1.e1,12,5,14,42,21,96
TrSC58v2_5395.t1,27,12,35,48,32,146
TrSC58v2_5395.t1.e1,26,13,35,57,40,164
TrSC58v2_5398.t1,0,0,31,21,12,71
TrSC58v2_5398.t1.e1,3,4,35,26,14,79
TrSC58v2_5399.t1,0,14,26,36,33,133
TrSC58v2_5399.t1.e1,10,16,34,43,39,142
TrSC58v2_5400.t1,12,13,33,59,21,81
TrSC58v2_5400.t1.e1,13,14,37,55,23,92
TrSC58v2_5401.t1,14,15,8,46,12,90
TrSC58v2_5401.t1.e1,20,18,10,56,15,96
TrSC58v2_5402.t1,1,3,13,12,8,29
TrSC58v2_5402.t1.e1,3,4,16,15,10,36
TrSC58v2_5403.t1,4,6,9,8,6,24
TrSC58v2_5403.t1.e1,3,5,7,7,6,22
TrSC58v2_5404.t1,3,4,12,11,8,35
TrSC58v2_5404.t1.e1,3,3,11,10,7,31
TrSC58v2_5405.t1,9,10,14,14,3,40
TrSC58v2_5405.t1.e1,11,13,38,32,34,109
TrSC58v2_5406.t1,9,11,13,13,3,40
TrSC58v2_5406.t1.e1,11,12,38,33,35,111
TrSC58v2_5407.t1,11,13,34,30,23,97
TrSC58v2_5407.t1.e1,13,14,37,32,24,110
TrSC58v2_5408.t1,10,26,40,72,47,147
TrSC58v2_5408.t1.e1,11,30,47,82,54,171
TrSC58v2_5554.t1,0,0,11,1,16,40
TrSC58v2_5554.t1.e1,7,4,13,3,3,44
TrSC58v2_5555.t1,1,13,26,39,27,95
TrSC58v2_5555.t1.e1,11,2,28,46,29,107
TrSC58v2_5556.t1,0,2,1,13,0,37
TrSC58v2_5556.t1.e1,10,3,16,15,4,40
TrSC58v2_5559.t1,0,1,1,15,1,33
TrSC58v2_5559.t1.e1,3,6,1,17,16,36
TrSC58v2_5560.t1,0,0,1,9,8,28
TrSC58v2_5560.t1.e1,4,8,2,10,9,32
TrSC58v2_5561.t1,0,5,21,46,16,103
TrSC58v2_5561.t1.e1,21,7,27,51,18,107
TrSC58v2_5563.t1,4,0,0,21,12,22
TrSC58v2_5563.t1.e1,5,0,12,24,14,28
TrSC58v2_5565.t1,2,0,3,10,7,18
TrSC58v2_5565.t1.e1,3,0,4,11,8,21
MSTRG.5424.1,10,3,10,60,15,144
TrSC58v2_5567.t1,0,1,2,3,0,4
TrSC58v2_5567.t1.e1,16,19,24,20,19,44
TrSC58v2_5568.t1,27,23,46,8,79,286
TrSC58v2_5568.t1.e1,31,34,50,252,84,317
MSTRG.5428.1,76,49,222,345,254,552
TrSC58v2_5569.t1,1,0,16,32,42,129
TrSC58v2_5569.t1.e1,4,24,17,33,47,133
TrSC58v2_5570.t1,1,0,9,9,9,3
TrSC58v2_5570.t1.e1,6,4,11,11,12,77
TrSC58v2_5571.t1,0,3,22,14,13,48
TrSC58v2_5571.t1.e1,6,4,25,16,15,52
TrSC58v2_5575.t1,1,0,1,2,2,9
TrSC58v2_5575.t1.e1,4,0,1,4,8,9
TrSC58v2_5574.t1,0,0,13,1,9,27
TrSC58v2_5574.t1.e1,4,0,17,32,10,32
TrSC58v2_5576.t1,0,7,3,1,3,13
TrSC58v2_5576.t1.e1,4,9,4,2,6,15
TrSC58v2_5572.t1,4,8,10,24,19,81
TrSC58v2_5572.t1.e1,5,9,11,25,21,88
TrSC58v2_5577.t1,0,0,0,2,0,7
TrSC58v2_5577.t1.e1,3,4,4,28,4,8
TrSC58v2_5578.t1,0,0,0,2,5,27
TrSC58v2_5578.t1.e1,7,13,11,48,6,30
TrSC58v2_5581.t1,0,2,5,7,0,20
TrSC58v2_5581.t1.e1,10,25,6,8,4,23
TrSC58v2_5579.t1,14,19,18,34,25,6
TrSC58v2_5579.t1.e1,16,23,24,42,36,148
TrSC58v2_5582.t1,0,0,0,0,1,13
TrSC58v2_5582.t1.e1,3,0,8,0,6,15
TrSC58v2_5583.t1,0,3,14,20,10,52
TrSC58v2_5583.t1.e1,9,3,16,21,13,60
TrSC58v2_5584.t1,0,0,7,0,3,1
TrSC58v2_5584.t1.e1,5,0,9,0,4,27
MSTRG.5446.1,14,4,5,0,0,30
TrSC58v2_5585.t1,2,1,1,0,0,3
TrSC58v2_5585.t1.e1,2,1,2,4,6,5
TrSC58v2_5586.t1,4,1,6,5,7,28
TrSC58v2_5586.t1.e1,5,2,8,7,9,30
TrSC58v2_5587.t1,1,14,8,31,30,59
TrSC58v2_5587.t1.e1,6,17,12,31,38,71
TrSC58v2_5588.t1,1,1,3,7,3,16
TrSC58v2_5588.t1.e1,2,2,4,8,5,17
TrSC58v2_5589.t1,0,0,0,5,4,22
TrSC58v2_5589.t1.e1,3,5,25,5,4,36
TrSC58v2_5590.t1,1,0,1,1,0,9
TrSC58v2_5590.t1.e1,2,0,2,6,3,11
TrSC58v2_5591.t1,0,0,1,1,4,31
TrSC58v2_5591.t1.e1,4,6,8,28,5,39
TrSC58v2_5593.t1,2,1,0,14,1,13
TrSC58v2_5593.t1.e1,5,4,0,2,5,14
TrSC58v2_5594.t1,3,0,10,31,20,30
TrSC58v2_5594.t1.e1,4,29,15,36,27,33
TrSC58v2_5595.t1,1,0,9,0,2,24
TrSC58v2_5595.t1.e1,5,16,10,4,2,27
TrSC58v2_5596.t1,0,0,1,2,0,13
TrSC58v2_5596.t1.e1,7,4,12,20,0,15
TrSC58v2_5597.t1,11,3,10,8,3,44
TrSC58v2_5597.t1.e1,17,25,11,10,38,51
TrSC58v2_5598.t1,2,0,0,11,0,51
TrSC58v2_5598.t1.e1,9,3,19,23,6,61
TrSC58v2_5601.t1,0,4,3,17,18,68
TrSC58v2_5601.t1.e1,8,4,29,20,37,72
TrSC58v2_5606.t1,0,0,10,7,8,38
TrSC58v2_5606.t1.e1,19,0,12,40,10,60
TrSC58v2_5608.t1,2,0,18,21,11,38
TrSC58v2_5608.t1.e1,3,8,19,16,14,50
TrSC58v2_5611.t1,4,4,9,27,15,124
TrSC58v2_5611.t1.e1,5,6,10,30,16,3
TrSC58v2_5609.t1,9,12,8,24,10,43
TrSC58v2_5609.t1.e1,11,15,11,33,13,49
TrSC58v2_5612.t1,1,0,0,7,0,16
TrSC58v2_5612.t1.e1,4,4,0,8,0,19
TrSC58v2_5613.t1,4,1,8,7,0,34
TrSC58v2_5613.t1.e1,5,2,10,9,12,28
TrSC58v2_5614.t1,1,1,6,31,6,46
TrSC58v2_5614.t1.e1,3,3,6,33,6,48
TrSC58v2_5615.t1,6,13,26,42,31,77
TrSC58v2_5615.t1.e1,7,14,29,46,32,86
TrSC58v2_5619.t1,2,0,0,0,2,11
TrSC58v2_5619.t1.e1,2,6,8,0,12,13
MSTRG.5481.1,13,14,42,58,50,126
TrSC58v2_5618.t1,12,5,14,65,7,46
TrSC58v2_5618.t1.e1,16,6,20,13,10,52
TrSC58v2_5486.t1,0,0,0,0,0,3
TrSC58v2_5486.t1.e1,0,0,3,0,0,3
MSTRG.5351.1,0,0,0,4,0,11
MSTRG.5351.4,0,0,0,0,0,82
TrSC58v2_5493.t1,0,0,0,5,4,16
TrSC58v2_5493.t1.e1,0,0,10,6,8,19
TrSC58v2_5501.t1,0,0,1,7,1,28
TrSC58v2_5501.t1.e1,0,4,10,8,2,30
TrSC58v2_5503.t1,0,0,6,2,2,9
TrSC58v2_5503.t1.e1,0,0,6,6,3,12
TrSC58v2_5504.t1,0,0,1,13,1,4
TrSC58v2_5504.t1.e1,0,0,1,15,2,26
TrSC58v2_5509.t1,0,1,10,0,0,22
TrSC58v2_5509.t1.e1,0,5,12,4,11,25
TrSC58v2_5515.t1,0,1,0,1,1,18
TrSC58v2_5515.t1.e1,0,4,0,8,4,21
TrSC58v2_5519.t1,0,2,0,1,1,17
TrSC58v2_5519.t1.e1,0,2,0,2,2,19
TrSC58v2_5525.t1,0,1,0,1,1,0
TrSC58v2_5525.t1.e1,0,1,0,14,7,3
TrSC58v2_5530.t1,0,1,0,0,0,13
TrSC58v2_5530.t1.e1,0,1,0,0,0,13
TrSC58v2_5531.t1,0,9,9,28,12,55
TrSC58v2_5531.t1.e1,0,11,14,42,17,64
TrSC58v2_5538.t1,0,0,4,0,0,13
TrSC58v2_5538.t1.e1,0,0,5,13,4,14
TrSC58v2_5539.t1,0,3,1,7,0,27
TrSC58v2_5539.t1.e1,0,4,18,9,9,28
TrSC58v2_5542.t1,0,2,2,15,10,3
TrSC58v2_5542.t1.e1,0,7,13,17,12,22
TrSC58v2_5545.t1,0,1,1,1,0,2
TrSC58v2_5545.t1.e1,0,3,14,11,11,18
TrSC58v2_5547.t1,0,0,1,0,0,15
TrSC58v2_5547.t1.e1,0,0,3,0,0,18
TrSC58v2_5548.t1,0,0,6,2,6,21
TrSC58v2_5548.t1.e1,0,0,6,15,6,23
TrSC58v2_5551.t1,0,0,3,5,10,30
TrSC58v2_5551.t1.e1,0,4,5,7,10,35
TrSC58v2_5552.t1,0,0,0,0,1,0
TrSC58v2_5552.t1.e1,0,0,0,8,4,10
MSTRG.5346.1,12,18,22,16,27,111
TrSC58v2_5487.t1,1,6,11,17,25,46
TrSC58v2_5487.t1.e1,3,9,12,24,28,51
TrSC58v2_5488.t1,7,1,8,17,14,47
TrSC58v2_5488.t1.e1,8,1,9,20,19,55
TrSC58v2_5489.t1,0,0,0,6,6,23
TrSC58v2_5489.t1.e1,4,12,13,7,7,23
TrSC58v2_5490.t1,4,3,10,8,12,5
TrSC58v2_5490.t1.e1,5,5,12,9,14,4
TrSC58v2_5491.t1,1,1,25,86,46,181
TrSC58v2_5491.t1.e1,59,66,73,95,51,243
TrSC58v2_5492.t1,20,32,33,73,59,222
TrSC58v2_5492.t1.e1,23,35,37,82,66,278
TrSC58v2_5494.t1,0,0,6,16,5,44
TrSC58v2_5494.t1.e1,7,19,8,18,6,51
TrSC58v2_5495.t1,1,0,2,1,9,3
TrSC58v2_5495.t1.e1,2,7,24,18,10,41
TrSC58v2_5496.t1,5,16,30,58,2,90
TrSC58v2_5496.t1.e1,9,20,35,65,78,98
TrSC58v2_5497.t1,7,0,0,1,4,102
TrSC58v2_5497.t1.e1,8,4,22,11,5,1
TrSC58v2_5498.t1,9,0,7,1,14,25
TrSC58v2_5498.t1.e1,13,14,10,55,21,29
TrSC58v2_5499.t1,1,0,1,0,4,30
TrSC58v2_5499.t1.e1,2,2,15,23,5,32
TrSC58v2_5500.t1,1,1,6,1,14,17
TrSC58v2_5500.t1.e1,14,11,9,29,15,19
TrSC58v2_5502.t1,0,0,2,29,11,28
TrSC58v2_5502.t1.e1,5,0,3,32,13,30
TrSC58v2_5505.t1,0,0,9,16,10,26
TrSC58v2_5505.t1.e1,4,15,11,17,12,33
TrSC58v2_5506.t1,3,2,2,0,17,6
TrSC58v2_5506.t1.e1,5,14,39,60,21,117
TrSC58v2_5507.t1,44,78,93,174,93,456
TrSC58v2_5507.t1.e1,47,83,108,190,99,387
TrSC58v2_5508.t1,0,0,2,2,7,38
TrSC58v2_5508.t1.e1,8,0,3,21,8,42
TrSC58v2_5510.t1,8,3,9,23,17,78
TrSC58v2_5510.t1.e1,11,5,11,32,22,83
TrSC58v2_5511.t1,3,2,1,2,0,36
TrSC58v2_5511.t1.e1,4,3,19,19,12,40
TrSC58v2_5512.t1,5,3,8,16,6,54
TrSC58v2_5512.t1.e1,6,4,12,22,8,61
TrSC58v2_5513.t1,8,0,0,0,2,34
TrSC58v2_5513.t1.e1,10,0,14,15,27,40
TrSC58v2_5514.t1,0,1,1,7,2,23
TrSC58v2_5514.t1.e1,4,4,6,8,3,23
TrSC58v2_5516.t1,3,5,12,19,27,52
TrSC58v2_5516.t1.e1,5,7,14,26,31,57
TrSC58v2_5517.t1,8,11,10,26,10,64
TrSC58v2_5517.t1.e1,10,14,11,30,14,68
TrSC58v2_5518.t1,1,0,0,1,3,5
TrSC58v2_5518.t1.e1,3,0,0,8,3,18
TrSC58v2_5520.t1,0,4,12,21,15,55
TrSC58v2_5520.t1.e1,4,5,16,23,17,61
TrSC58v2_5521.t1,4,0,1,0,0,34
TrSC58v2_5521.t1.e1,5,0,22,21,9,36
TrSC58v2_5522.t1,0,0,5,1,1,25
TrSC58v2_5522.t1.e1,7,0,6,6,14,28
TrSC58v2_5523.t1,1,2,0,0,2,0
TrSC58v2_5523.t1.e1,2,2,12,9,5,25
TrSC58v2_5524.t1,1,1,6,0,5,29
TrSC58v2_5524.t1.e1,23,3,8,24,6,34
TrSC58v2_5526.t1,8,0,2,30,26,53
TrSC58v2_5526.t1.e1,9,8,23,34,28,55
TrSC58v2_5527.t1,0,10,25,34,28,82
TrSC58v2_5527.t1.e1,6,11,28,37,31,99
TrSC58v2_5528.t1,15,13,24,37,36,106
TrSC58v2_5528.t1.e1,20,16,28,36,42,132
TrSC58v2_5529.t1,3,0,4,7,5,3
TrSC58v2_5529.t1.e1,4,0,5,9,5,41
TrSC58v2_5532.t1,2,1,6,1,1,1
TrSC58v2_5532.t1.e1,5,8,8,7,7,39
TrSC58v2_5533.t1,0,2,8,5,1,20
TrSC58v2_5533.t1.e1,7,9,10,6,7,25
TrSC58v2_5534.t1,0,14,21,10,2,40
TrSC58v2_5534.t1.e1,7,18,27,11,13,44
TrSC58v2_5537.t1,2,0,8,11,0,26
TrSC58v2_5537.t1.e1,3,0,9,14,5,23
TrSC58v2_5540.t1,0,1,0,1,0,28
TrSC58v2_5540.t1.e1,5,8,9,16,25,33
TrSC58v2_5541.t1,3,0,8,5,9,23
TrSC58v2_5541.t1.e1,4,4,9,6,11,31
TrSC58v2_5543.t1,0,0,0,0,0,16
TrSC58v2_5543.t1.e1,3,0,0,4,4,18
TrSC58v2_5544.t1,1,1,2,8,2,34
TrSC58v2_5544.t1.e1,10,3,8,10,14,39
TrSC58v2_5546.t1,0,0,1,0,4,21
TrSC58v2_5546.t1.e1,3,4,8,4,5,23
TrSC58v2_5549.t1,0,4,6,3,3,12
TrSC58v2_5549.t1.e1,9,5,7,3,4,15
TrSC58v2_5550.t1,0,1,0,0,3,33
TrSC58v2_5550.t1.e1,4,20,11,8,5,38
TrSC58v2_5553.t1,2,1,5,0,12,37
TrSC58v2_5553.t1.e1,9,21,6,42,14,43
TrSC58v2_5624.t1,0,2,7,1,1,18
TrSC58v2_5624.t1.e1,4,2,8,9,3,23
TrSC58v2_5621.t1,0,0,1,1,0,23
TrSC58v2_5621.t1.e1,4,0,3,26,12,27
TrSC58v2_5622.t1,5,6,5,7,0,26
TrSC58v2_5622.t1.e1,6,7,7,8,8,29
TrSC58v2_5620.t1,1,11,11,7,12,43
TrSC58v2_5620.t1.e1,10,12,13,7,13,55
MSTRG.5489.2,0,36,24,66,31,217
MSTRG.5489.4,0,1,20,7,30,60
MSTRG.5489.1,5,3,0,0,22,30
MSTRG.5489.3,5,1,3,4,20,53
TrSC58v2_5626.t1,9,6,8,10,6,34
TrSC58v2_5626.t1.e1,13,5,7,10,7,50
TrSC58v2_5627.t1,0,0,2,2,16,29
TrSC58v2_5627.t1.e1,16,13,13,17,17,78
TrSC58v2_5629.t1,1,2,0,0,0,4
TrSC58v2_5629.t1.e1,2,2,1,1,1,5
TrSC58v2_5628.t1,11,9,8,48,1,105
TrSC58v2_5628.t1.e1,13,12,58,67,68,144
TrSC58v2_5776.t1,1,1,1,2,1,4
TrSC58v2_5776.t1.e1,1,1,2,2,1,4
TrSC58v2_5773.t1,0,0,2,1,0,4
TrSC58v2_5773.t1.e1,0,0,2,1,1,3
TrSC58v2_5774.t1,0,0,13,3,1,32
TrSC58v2_5774.t1.e1,0,8,16,17,15,34
MSTRG.5634.1,2,10,22,40,24,80
TrSC58v2_5778.t1,0,4,0,2,0,22
TrSC58v2_5778.t1.e1,4,4,11,11,0,25
TrSC58v2_5779.t1,16,5,28,36,23,129
TrSC58v2_5779.t1.e1,18,7,34,40,26,123
TrSC58v2_5782.t1,0,6,5,0,0,55
TrSC58v2_5782.t1.e1,6,7,6,4,8,0
TrSC58v2_5780.t1,8,7,10,17,5,33
TrSC58v2_5780.t1.e1,9,9,11,19,7,36
TrSC58v2_5781.t1,3,0,0,1,0,13
TrSC58v2_5781.t1.e1,4,8,4,17,7,14
TrSC58v2_5783.t1,1,1,27,15,1,63
TrSC58v2_5783.t1.e1,2,2,29,17,33,70
TrSC58v2_5784.t1,1,3,3,1,3,43
TrSC58v2_5784.t1.e1,9,3,4,13,3,48
TrSC58v2_5787.t1,0,9,5,13,1,51
TrSC58v2_5787.t1.e1,11,13,6,15,7,59
TrSC58v2_5788.t1,7,20,63,67,74,226
TrSC58v2_5788.t1.e1,10,20,72,84,81,204
TrSC58v2_5789.t1,11,13,27,50,36,109
TrSC58v2_5789.t1.e1,14,14,32,67,40,128
TrSC58v2_5791.t1,0,1,18,9,3,55
TrSC58v2_5791.t1.e1,5,27,20,10,27,59
TrSC58v2_5790.t1,8,1,6,10,7,47
TrSC58v2_5790.t1.e1,10,1,8,12,9,54
TrSC58v2_5792.t1,8,4,15,17,12,89
TrSC58v2_5792.t1.e1,9,6,19,26,14,97
TrSC58v2_5794.t1,1,0,1,2,2,13
TrSC58v2_5794.t1.e1,1,0,2,11,4,12
TrSC58v2_5920.t1,13,14,18,25,40,101
TrSC58v2_5920.t1.e1,32,15,23,31,45,120
TrSC58v2_5921.t1,5,0,8,6,0,17
TrSC58v2_5921.t1.e1,5,0,11,8,8,21
TrSC58v2_5922.t1,3,1,2,9,11,0
TrSC58v2_5922.t1.e1,3,2,3,10,13,30
TrSC58v2_5923.t1,0,4,4,0,6,28
TrSC58v2_5923.t1.e1,4,6,5,26,7,30
TrSC58v2_5924.t1,16,19,34,53,40,191
TrSC58v2_5924.t1.e1,23,22,39,62,51,197
TrSC58v2_5925.t1,7,0,23,21,18,4
TrSC58v2_5925.t1.e1,9,4,25,26,21,141
TrSC58v2_6077.t1,0,0,0,0,0,7
TrSC58v2_6077.t1.e1,4,2,2,6,0,14
TrSC58v2_5926.t1,10,24,25,36,34,178
TrSC58v2_5926.t1.e1,13,26,41,38,43,189
TrSC58v2_5630.t1,0,0,0,1,1,1
TrSC58v2_5630.t1.e1,0,0,0,1,1,2
TrSC58v2_5636.t1,0,13,1,13,0,60
TrSC58v2_5636.t1.e1,0,15,23,15,11,64
TrSC58v2_5642.t1,0,4,0,1,4,10
TrSC58v2_5642.t1.e1,0,5,3,3,5,12
TrSC58v2_5643.t1,0,0,6,1,1,17
TrSC58v2_5643.t1.e1,0,0,7,3,5,18
TrSC58v2_5644.t1,0,6,5,21,8,43
TrSC58v2_5644.t1.e1,0,6,7,24,9,50
TrSC58v2_5646.t1,0,1,1,0,7,11
TrSC58v2_5646.t1.e1,0,13,3,11,8,13
TrSC58v2_5653.t1,0,3,5,16,0,37
TrSC58v2_5653.t1.e1,0,14,7,22,6,49
TrSC58v2_5655.t1,0,6,4,9,0,21
TrSC58v2_5655.t1.e1,0,7,4,11,19,26
TrSC58v2_5657.t1,0,0,4,7,4,6
TrSC58v2_5657.t1.e1,0,0,5,10,5,7
TrSC58v2_5658.t1,0,0,0,0,0,0
TrSC58v2_5658.t1.e1,0,0,0,0,0,0
TrSC58v2_5663.t1,0,2,2,0,0,14
TrSC58v2_5663.t1.e1,0,9,3,3,0,22
TrSC58v2_5669.t1,0,4,0,8,0,14
TrSC58v2_5669.t1.e1,0,5,4,10,5,16
TrSC58v2_5670.t1,0,0,1,10,8,31
TrSC58v2_5670.t1.e1,0,5,28,13,10,37
TrSC58v2_5671.t1,0,0,0,12,4,19
TrSC58v2_5671.t1.e1,0,0,0,13,5,24
TrSC58v2_5672.t1,0,0,0,1,6,28
TrSC58v2_5672.t1.e1,0,0,16,22,8,35
TrSC58v2_5677.t1,0,0,4,3,2,18
TrSC58v2_5677.t1.e1,0,4,4,4,2,23
TrSC58v2_5679.t1,0,0,1,1,1,1
TrSC58v2_5679.t1.e1,0,0,4,3,2,18
TrSC58v2_5680.t1,0,1,1,5,0,10
TrSC58v2_5680.t1.e1,0,1,2,6,0,11
TrSC58v2_5682.t1,0,0,0,6,1,17
TrSC58v2_5682.t1.e1,0,4,5,7,4,20
TrSC58v2_5686.t1,0,3,0,2,5,2
TrSC58v2_5686.t1.e1,0,4,7,2,6,4
TrSC58v2_5689.t1,0,4,4,1,1,1
TrSC58v2_5689.t1.e1,0,4,6,2,14,48
TrSC58v2_5691.t1,0,0,8,17,4,51
TrSC58v2_5691.t1.e1,0,8,11,25,5,56
TrSC58v2_5693.t1,0,3,13,7,0,24
TrSC58v2_5693.t1.e1,0,4,14,8,4,25
TrSC58v2_5694.t1,0,0,0,0,0,26
TrSC58v2_5694.t1.e1,0,0,9,5,0,29
TrSC58v2_5701.t1,0,0,4,15,6,32
TrSC58v2_5701.t1.e1,0,4,15,17,7,36
TrSC58v2_5703.t1,0,3,0,0,5,11
TrSC58v2_5703.t1.e1,0,5,0,4,6,13
MSTRG.5587.1,0,0,0,10,0,77
TrSC58v2_5724.t1,0,7,5,8,4,0
TrSC58v2_5724.t1.e1,0,9,6,8,5,8
TrSC58v2_5728.t1,0,0,0,0,0,1
TrSC58v2_5728.t1.e1,0,0,19,12,0,15
TrSC58v2_5736.t1,0,0,1,1,1,8
TrSC58v2_5736.t1.e1,0,0,5,2,8,9
TrSC58v2_5738.t1,0,0,0,0,0,1
TrSC58v2_5738.t1.e1,0,0,0,4,0,2
TrSC58v2_5740.t1,0,9,10,14,29,41
TrSC58v2_5740.t1.e1,0,12,12,16,32,52
TrSC58v2_5746.t1,0,0,5,1,0,1
TrSC58v2_5746.t1.e1,0,7,5,4,8,2
TrSC58v2_5748.t1,0,0,1,4,0,10
TrSC58v2_5748.t1.e1,0,0,11,5,4,11
TrSC58v2_5754.t1,0,0,3,2,0,2
TrSC58v2_5754.t1.e1,0,0,3,2,0,3
TrSC58v2_5755.t1,0,0,2,2,3,4
TrSC58v2_5755.t1.e1,0,0,9,5,3,5
TrSC58v2_5763.t1,0,0,0,11,0,26
TrSC58v2_5763.t1.e1,0,0,12,13,4,47
TrSC58v2_5768.t1,0,0,2,3,1,18
TrSC58v2_5768.t1.e1,0,0,25,13,2,19
TrSC58v2_5772.t1,0,0,0,1,0,1
TrSC58v2_5772.t1.e1,0,0,0,1,0,3
TrSC58v2_5631.t1,5,8,8,19,23,41
TrSC58v2_5631.t1.e1,6,9,9,35,30,58
MSTRG.5494.1,3,4,5,9,4,28
TrSC58v2_5632.t1,1,3,1,3,0,7
TrSC58v2_5632.t1.e1,2,4,2,6,1,9
TrSC58v2_5633.t1,1,1,0,1,1,3
TrSC58v2_5633.t1.e1,1,2,0,1,2,4
MSTRG.5497.1,15,15,25,60,15,106
TrSC58v2_5634.t1,2,3,4,7,17,20
TrSC58v2_5634.t1.e1,3,4,4,8,20,23
TrSC58v2_5635.t1,7,0,4,15,0,22
TrSC58v2_5635.t1.e1,9,4,5,20,4,26
TrSC58v2_5637.t1,2,3,6,8,1,59
TrSC58v2_5637.t1.e1,20,17,27,10,23,73
TrSC58v2_5638.t1,3,3,15,17,14,42
TrSC58v2_5638.t1.e1,4,4,18,24,18,52
TrSC58v2_5639.t1,7,1,16,20,10,47
TrSC58v2_5639.t1.e1,8,6,18,23,12,53
MSTRG.5504.1,27,15,29,67,26,134
MSTRG.5504.2,23,7,28,44,23,151
TrSC58v2_5640.t1,2,2,7,5,8,10
TrSC58v2_5640.t1.e1,2,2,10,5,5,7
TrSC58v2_5641.t1,1,2,9,8,5,42
TrSC58v2_5641.t1.e1,6,2,4,10,5,12
TrSC58v2_5645.t1,0,0,1,10,0,17
TrSC58v2_5645.t1.e1,9,0,4,13,8,18
TrSC58v2_5647.t1,0,11,20,24,16,39
TrSC58v2_5647.t1.e1,15,13,23,27,18,122
TrSC58v2_5648.t1,0,0,1,3,13,37
TrSC58v2_5648.t1.e1,5,7,10,4,14,47
TrSC58v2_5649.t1,24,29,58,76,78,206
TrSC58v2_5649.t1.e1,26,32,68,91,93,247
TrSC58v2_5650.t1,0,8,20,24,14,56
TrSC58v2_5650.t1.e1,19,14,25,27,21,61
TrSC58v2_5651.t1,0,0,5,18,5,25
TrSC58v2_5651.t1.e1,4,5,7,25,6,28
TrSC58v2_5652.t1,0,0,4,0,5,9
TrSC58v2_5652.t1.e1,5,5,5,7,7,10
TrSC58v2_5654.t1,6,5,15,11,13,78
TrSC58v2_5654.t1.e1,8,6,19,12,16,90
TrSC58v2_5656.t1,1,0,10,1,0,1
TrSC58v2_5656.t1.e1,4,0,12,17,5,37
TrSC58v2_5659.t1,0,2,7,3,2,15
TrSC58v2_5659.t1.e1,4,8,8,9,5,18
TrSC58v2_5660.t1,5,4,7,9,8,32
TrSC58v2_5660.t1.e1,7,5,8,10,10,37
TrSC58v2_5661.t1,0,1,13,19,9,45
TrSC58v2_5661.t1.e1,16,19,16,20,11,53
TrSC58v2_5662.t1,4,0,8,11,4,22
TrSC58v2_5662.t1.e1,8,4,11,12,5,25
TrSC58v2_5664.t1,2,1,22,31,15,53
TrSC58v2_5664.t1.e1,8,7,24,35,15,54
TrSC58v2_5665.t1,3,1,1,1,1,15
TrSC58v2_5665.t1.e1,3,12,15,1,2,17
TrSC58v2_5666.t1,21,27,34,83,52,158
TrSC58v2_5666.t1.e1,26,31,37,85,61,177
TrSC58v2_5667.t1.e1,14,5,3,16,8,16
TrSC58v2_5667.t1,2,2,3,15,6,15
TrSC58v2_5668.t1.e1,3,4,10,2,0,20
TrSC58v2_5668.t1,0,0,9,1,0,0
TrSC58v2_5673.t1.e1,10,4,2,5,5,21
TrSC58v2_5673.t1,0,0,1,1,1,2
TrSC58v2_5674.t1.e1,2,6,2,9,1,35
TrSC58v2_5674.t1,2,4,2,1,1,1
TrSC58v2_5675.t1.e1,4,2,1,6,0,11
TrSC58v2_5675.t1,1,0,1,0,0,2
TrSC58v2_5676.t1.e1,4,8,12,8,8,31
TrSC58v2_5676.t1,3,7,10,6,6,25
TrSC58v2_5678.t1.e1,4,10,6,24,15,27
TrSC58v2_5678.t1,0,8,5,21,12,21
TrSC58v2_5681.t1.e1,3,4,9,9,12,48
TrSC58v2_5681.t1,0,0,0,8,0,0
TrSC58v2_5683.t1.e1,12,18,8,25,31,80
TrSC58v2_5683.t1,0,12,6,20,22,2
TrSC58v2_5684.t1.e1,8,0,16,8,5,18
TrSC58v2_5684.t1,6,0,0,7,5,17
TrSC58v2_5685.t1.e1,8,5,8,9,6,27
TrSC58v2_5685.t1,6,4,0,7,6,23
TrSC58v2_5687.t1.e1,3,4,11,8,4,60
TrSC58v2_5687.t1,0,0,9,7,3,2
TrSC58v2_5688.t1.e1,2,2,9,17,11,53
TrSC58v2_5688.t1,0,1,8,16,9,40
TrSC58v2_5690.t1.e1,4,4,3,12,9,18
TrSC58v2_5690.t1,1,0,2,2,7,15
TrSC58v2_5692.t1.e1,2,1,3,3,0,16
TrSC58v2_5692.t1,1,1,2,3,0,15
TrSC58v2_5695.t1.e1,10,4,2,5,5,14
TrSC58v2_5695.t1,0,0,1,1,1,12
TrSC58v2_5696.t1.e1,2,7,4,9,6,38
TrSC58v2_5696.t1,2,6,3,1,0,1
TrSC58v2_5697.t1.e1,10,2,1,18,4,13
TrSC58v2_5697.t1,6,0,1,0,0,12
TrSC58v2_5698.t1.e1,4,8,12,8,8,35
TrSC58v2_5698.t1,3,7,10,6,6,29
TrSC58v2_5699.t1.e1,12,4,6,4,3,20
TrSC58v2_5699.t1,0,0,6,4,2,16
TrSC58v2_5700.t1.e1,4,3,13,45,39,56
TrSC58v2_5700.t1,0,3,9,26,1,45
TrSC58v2_5702.t1.e1,3,0,10,9,11,21
TrSC58v2_5702.t1,0,0,9,7,9,17
TrSC58v2_5704.t1.e1,8,12,4,23,7,35
TrSC58v2_5704.t1,6,8,3,17,6,30
TrSC58v2_5705.t1.e1,4,11,3,4,11,33
TrSC58v2_5705.t1,0,0,0,0,0,2
TrSC58v2_5706.t1.e1,6,8,17,18,13,80
TrSC58v2_5706.t1,5,6,13,13,11,64
TrSC58v2_5707.t1.e1,4,12,14,24,18,50
TrSC58v2_5707.t1,4,0,11,19,0,46
TrSC58v2_5708.t1.e1,4,8,3,18,10,36
TrSC58v2_5708.t1,3,7,0,15,8,34
TrSC58v2_5709.t1.e1,3,3,8,22,12,50
TrSC58v2_5709.t1,3,0,6,20,10,45
TrSC58v2_5710.t1.e1,5,0,10,3,7,25
TrSC58v2_5710.t1,4,0,8,0,6,23
TrSC58v2_5711.t1.e1,4,9,8,8,3,15
TrSC58v2_5711.t1,4,3,7,7,1,14
TrSC58v2_5712.t1.e1,5,6,3,0,2,5
TrSC58v2_5712.t1,2,4,2,0,1,5
TrSC58v2_5713.t1.e1,28,20,73,103,81,241
TrSC58v2_5713.t1,21,18,69,93,65,235
MSTRG.5575.1,21,23,78,149,109,214
TrSC58v2_5714.t1.e1,4,0,4,12,20,24
TrSC58v2_5714.t1,0,0,0,9,0,2
TrSC58v2_5715.t1.e1,7,7,7,24,7,20
TrSC58v2_5715.t1,0,5,5,16,6,17
TrSC58v2_5716.t1.e1,8,5,8,25,10,32
TrSC58v2_5716.t1,0,4,0,19,9,30
TrSC58v2_5717.t1.e1,12,2,10,42,17,81
TrSC58v2_5717.t1,10,1,9,2,14,66
TrSC58v2_5718.t1.e1,5,0,10,5,10,18
TrSC58v2_5718.t1,0,0,9,4,9,13
TrSC58v2_5719.t1.e1,3,4,38,30,23,64
TrSC58v2_5719.t1,0,0,23,5,20,60
TrSC58v2_5720.t1.e1,10,16,13,10,4,26
TrSC58v2_5720.t1,0,1,11,9,0,22
TrSC58v2_5721.t1.e1,11,4,2,13,9,20
TrSC58v2_5721.t1,0,0,0,1,9,17
TrSC58v2_5722.t1.e1,11,17,16,29,23,89
TrSC58v2_5722.t1,8,16,14,25,20,79
TrSC58v2_5723.t1.e1,3,0,4,8,0,15
TrSC58v2_5723.t1,3,0,1,7,0,14
TrSC58v2_5725.t1.e1,8,0,6,6,5,18
TrSC58v2_5725.t1,2,0,6,1,2,17
TrSC58v2_5726.t1.e1,3,4,3,0,5,18
TrSC58v2_5726.t1,2,0,1,0,5,14
TrSC58v2_5727.t1.e1,5,8,5,19,8,62
TrSC58v2_5727.t1,0,7,4,16,7,56
TrSC58v2_5729.t1.e1,4,8,46,31,16,76
TrSC58v2_5729.t1,3,7,0,2,0,4
TrSC58v2_5730.t1.e1,11,17,38,73,34,198
TrSC58v2_5730.t1,8,14,35,67,29,188
TrSC58v2_5731.t1.e1,5,5,20,20,9,64
TrSC58v2_5731.t1,3,0,1,18,8,56
TrSC58v2_5732.t1.e1,4,8,5,11,9,48
TrSC58v2_5732.t1,0,6,3,9,8,43
TrSC58v2_5733.t1.e1,3,12,27,43,26,93
TrSC58v2_5733.t1,2,13,23,36,25,74
TrSC58v2_5734.t1.e1,14,15,38,60,37,115
TrSC58v2_5734.t1,12,12,24,53,30,111
TrSC58v2_5735.t1.e1,5,4,4,16,5,29
TrSC58v2_5735.t1,4,3,0,13,0,24
TrSC58v2_5737.t1.e1,3,12,17,11,9,46
TrSC58v2_5737.t1,0,0,15,9,8,36
TrSC58v2_5739.t1.e1,4,13,31,39,31,130
TrSC58v2_5739.t1,3,9,21,28,24,116
TrSC58v2_5741.t1.e1,4,13,9,26,21,66
TrSC58v2_5741.t1,3,10,7,18,20,59
TrSC58v2_5742.t1.e1,14,8,12,6,18,30
TrSC58v2_5742.t1,0,1,10,5,16,26
TrSC58v2_5743.t1.e1,20,20,41,69,70,180
TrSC58v2_5743.t1,17,20,38,69,65,166
TrSC58v2_5744.t1.e1,20,9,24,35,27,80
TrSC58v2_5744.t1,1,7,22,31,22,75
TrSC58v2_5745.t1.e1,5,4,15,17,13,11
TrSC58v2_5745.t1,0,1,1,2,1,9
TrSC58v2_5747.t1.e1,4,0,4,6,17,25
TrSC58v2_5747.t1,3,0,4,1,1,22
MSTRG.5611.1,17,3,19,27,10,80
TrSC58v2_5749.t1,0,0,2,7,5,5
TrSC58v2_5749.t1.e1,7,0,5,9,6,51
TrSC58v2_5750.t1,1,0,2,1,1,5
TrSC58v2_5750.t1.e1,6,4,3,1,3,7
TrSC58v2_5756.t1.e1,7,13,16,24,14,61
TrSC58v2_5756.t1,7,10,13,21,11,53
TrSC58v2_5757.t1.e1,2,0,2,2,2,6
TrSC58v2_5757.t1,1,0,1,1,1,6
TrSC58v2_5758.t1.e1,1,0,3,0,1,3
TrSC58v2_5758.t1,1,0,1,0,1,3
TrSC58v2_5759.t1.e1,8,3,8,19,4,55
TrSC58v2_5759.t1,6,2,6,14,1,50
TrSC58v2_5760.t1.e1,2,3,10,10,13,16
TrSC58v2_5760.t1,1,1,4,10,4,16
TrSC58v2_5761.t1,2,3,5,12,0,17
TrSC58v2_5761.t1.e1,2,4,6,13,5,17
TrSC58v2_5762.t1.e1,16,17,27,61,29,137
TrSC58v2_5762.t1,13,14,21,60,23,119
TrSC58v2_5764.t1.e1,2,2,24,6,13,25
TrSC58v2_5764.t1,2,1,6,5,3,22
TrSC58v2_5765.t1.e1,4,17,16,38,16,59
TrSC58v2_5765.t1,2,16,15,34,14,57
TrSC58v2_5766.t1.e1,8,4,12,23,4,45
TrSC58v2_5766.t1,7,4,11,1,4,41
TrSC58v2_5767.t1.e1,9,3,11,23,9,42
TrSC58v2_5767.t1,1,3,10,18,8,36
TrSC58v2_5769.t1.e1,10,9,13,12,13,58
TrSC58v2_5769.t1,9,9,13,12,13,57
TrSC58v2_5770.t1.e1,21,19,42,76,35,169
TrSC58v2_5770.t1,1,1,0,2,3,8
TrSC58v2_5771.t1,3,1,1,3,4,17
TrSC58v2_5771.t1.e1,3,1,1,4,4,17
TrSC58v2_5800.t1,0,0,1,0,0,4
TrSC58v2_5800.t1.e1,0,0,4,14,0,28
MSTRG.5678.2,0,0,0,128,0,0
TrSC58v2_5816.t1,0,2,0,3,0,0
TrSC58v2_5816.t1.e1,0,2,0,2,6,14
TrSC58v2_5817.t1,0,0,0,1,0,7
TrSC58v2_5817.t1.e1,0,3,0,1,0,8
MSTRG.5683.1,0,21,42,0,0,28
MSTRG.5683.2,0,0,47,0,93,193
MSTRG.5683.3,0,3,3,0,0,184
TrSC58v2_5822.t1,0,7,0,5,0,50
TrSC58v2_5822.t1.e1,0,8,12,5,16,53
TrSC58v2_5823.t1,0,0,0,2,0,0
TrSC58v2_5823.t1.e1,0,0,2,2,0,0
TrSC58v2_5825.t1,0,1,2,2,2,4
TrSC58v2_5825.t1.e1,0,0,10,18,5,19
TrSC58v2_5828.t1,0,0,0,4,0,11
TrSC58v2_5828.t1.e1,0,0,0,5,0,14
TrSC58v2_5839.t1,0,0,5,9,0,0
TrSC58v2_5839.t1.e1,0,4,6,10,21,44
TrSC58v2_5841.t1,0,0,0,0,7,26
TrSC58v2_5841.t1.e1,0,15,21,24,10,32
TrSC58v2_5848.t1,0,5,5,4,2,22
TrSC58v2_5848.t1.e1,0,5,5,5,9,26
TrSC58v2_5855.t1,0,3,1,5,4,22
TrSC58v2_5855.t1.e1,0,3,2,6,4,25
TrSC58v2_5860.t1,0,1,2,3,0,8
TrSC58v2_5860.t1.e1,0,2,10,3,8,10
TrSC58v2_5861.t1,0,4,1,1,0,9
TrSC58v2_5861.t1.e1,0,4,4,2,4,9
TrSC58v2_5862.t1,0,0,0,8,0,20
TrSC58v2_5862.t1.e1,0,0,16,13,0,23
TrSC58v2_5863.t1,0,0,0,2,2,3
TrSC58v2_5863.t1.e1,0,0,12,3,10,4
TrSC58v2_5875.t1,0,0,0,6,7,35
TrSC58v2_5875.t1.e1,0,0,13,7,8,39
TrSC58v2_5878.t1,0,0,1,0,0,11
TrSC58v2_5878.t1.e1,0,0,16,4,15,13
TrSC58v2_5881.t1,0,0,3,0,6,14
TrSC58v2_5881.t1.e1,0,0,4,3,1,18
TrSC58v2_5885.t1,0,1,1,15,0,27
TrSC58v2_5885.t1.e1,0,10,3,16,0,25
TrSC58v2_5888.t1.e1,0,0,0,0,0,0
TrSC58v2_5888.t1,0,0,0,0,0,0
TrSC58v2_5889.t1.e1,0,0,0,0,0,0
TrSC58v2_5889.t1,0,0,0,0,0,0
TrSC58v2_5890.t1.e1,0,0,0,0,0,0
TrSC58v2_5890.t1,0,0,0,0,0,0
MSTRG.5753.1,0,18,0,32,0,52
TrSC58v2_5899.t1,0,0,4,2,0,42
TrSC58v2_5899.t1.e1,0,7,5,24,5,43
MSTRG.5763.3,0,1,1,0,5,7
TrSC58v2_5905.t1,0,0,0,8,1,15
TrSC58v2_5905.t1.e1,0,0,4,9,2,2
TrSC58v2_5914.t1,0,2,1,1,4,11
TrSC58v2_5914.t1.e1,0,6,11,1,5,12
TrSC58v2_5916.t1,0,0,1,5,0,21
TrSC58v2_5916.t1.e1,0,0,13,5,0,18
TrSC58v2_5919.t1,0,0,8,12,10,35
TrSC58v2_5919.t1.e1,0,7,8,14,14,42
TrSC58v2_5796.t1,8,3,5,25,9,23
TrSC58v2_5796.t1.e1,8,4,6,29,14,116
TrSC58v2_5797.t1,3,7,21,28,18,88
TrSC58v2_5797.t1.e1,4,8,25,40,26,101
TrSC58v2_5798.t1,2,0,0,1,7,20
TrSC58v2_5798.t1.e1,5,13,8,18,9,22
TrSC58v2_5799.t1,7,8,21,27,12,72
TrSC58v2_5799.t1.e1,8,10,25,33,15,76
TrSC58v2_5801.t1,0,0,3,0,7,39
TrSC58v2_5801.t1.e1,3,0,3,19,10,45
MSTRG.5664.1,15,3,24,13,17,59
TrSC58v2_5802.t1,0,1,1,4,1,13
TrSC58v2_5802.t1.e1,6,1,4,4,7,14
MSTRG.5666.1,10,6,29,67,34,116
TrSC58v2_5803.t1,6,0,8,10,7,39
TrSC58v2_5803.t1.e1,9,4,11,14,9,43
TrSC58v2_5804.t1,15,16,2,20,8,54
TrSC58v2_5804.t1.e1,16,29,40,23,10,60
TrSC58v2_5805.t1,5,12,8,12,10,41
TrSC58v2_5805.t1.e1,6,12,8,13,11,43
TrSC58v2_5806.t1,0,1,0,0,0,1
TrSC58v2_5806.t1.e1,2,1,2,0,0,1
TrSC58v2_5807.t1,0,4,4,5,9,46
TrSC58v2_5807.t1.e1,6,5,22,6,10,50
MSTRG.5672.1,22,9,15,30,12,143
TrSC58v2_5808.t1,5,3,9,3,3,22
TrSC58v2_5808.t1.e1,4,3,10,3,3,17
TrSC58v2_5809.t1,0,5,3,6,4,28
TrSC58v2_5809.t1.e1,1,7,5,9,5,35
TrSC58v2_5810.t1,0,3,4,0,1,14
TrSC58v2_5810.t1.e1,2,5,6,3,5,12
TrSC58v2_5811.t1,0,0,4,2,2,13
TrSC58v2_5811.t1.e1,2,1,5,3,2,11
TrSC58v2_5812.t1,1,2,1,1,4,8
TrSC58v2_5812.t1.e1,1,2,27,1,6,5
TrSC58v2_5813.t1,0,3,5,11,6,28
TrSC58v2_5813.t1.e1,4,4,5,12,7,32
TrSC58v2_5814.t1,0,0,0,9,0,33
TrSC58v2_5814.t1.e1,13,7,11,12,8,38
MSTRG.5678.1,51,30,89,121,96,334
TrSC58v2_5815.t1.e1,8,5,19,8,4,12
TrSC58v2_5815.t1,0,0,4,6,0,6
TrSC58v2_5818.t1,0,1,0,0,0,19
TrSC58v2_5818.t1.e1,9,6,19,8,4,20
TrSC58v2_5819.t1,1,0,0,0,2,13
TrSC58v2_5819.t1.e1,2,0,3,0,5,12
TrSC58v2_5820.t1,8,15,8,39,10,22
TrSC58v2_5820.t1.e1,12,10,11,57,12,16
TrSC58v2_5821.t1,0,1,4,3,11,44
TrSC58v2_5821.t1.e1,10,10,4,21,20,49
TrSC58v2_5824.t1,0,0,24,19,24,98
TrSC58v2_5824.t1.e1,12,11,33,22,28,77
TrSC58v2_5826.t1,0,8,10,16,14,73
TrSC58v2_5826.t1.e1,4,11,12,24,19,89
TrSC58v2_5827.t1,0,0,0,8,2,35
TrSC58v2_5827.t1.e1,5,0,8,10,5,40
TrSC58v2_5829.t1,1,5,1,10,3,11
TrSC58v2_5829.t1.e1,2,13,11,13,4,14
TrSC58v2_5830.t1,6,1,0,0,1,36
TrSC58v2_5830.t1.e1,9,7,16,21,32,45
TrSC58v2_5831.t1,1,0,3,19,5,56
TrSC58v2_5831.t1.e1,12,0,3,21,7,49
TrSC58v2_5832.t1,0,0,12,8,0,19
TrSC58v2_5832.t1.e1,4,4,14,9,0,25
TrSC58v2_5833.t1,7,0,9,22,0,70
TrSC58v2_5833.t1.e1,8,19,10,25,2,79
TrSC58v2_5834.t1,2,2,7,17,7,45
TrSC58v2_5834.t1.e1,10,3,8,18,9,42
TrSC58v2_5835.t1,0,10,2,2,1,49
TrSC58v2_5835.t1.e1,8,12,23,34,20,56
TrSC58v2_5836.t1,5,0,1,12,0,43
TrSC58v2_5836.t1.e1,7,23,1,13,6,49
TrSC58v2_5837.t1,6,0,0,15,7,24
TrSC58v2_5837.t1.e1,6,3,4,17,8,27
MSTRG.5701.1,3,4,17,17,10,50
TrSC58v2_5838.t1,0,2,2,4,5,19
TrSC58v2_5838.t1.e1,3,5,6,5,6,17
TrSC58v2_5840.t1,8,11,15,23,13,110
TrSC58v2_5840.t1.e1,10,14,18,27,14,126
TrSC58v2_5842.t1,9,1,10,20,8,46
TrSC58v2_5842.t1.e1,12,4,27,24,11,54
TrSC58v2_5843.t1,6,4,6,9,10,26
TrSC58v2_5843.t1.e1,7,4,7,10,11,38
TrSC58v2_5844.t1,0,5,10,18,17,56
TrSC58v2_5844.t1.e1,11,6,14,22,19,69
TrSC58v2_5845.t1,0,9,11,25,12,71
TrSC58v2_5845.t1.e1,17,20,25,36,14,81
TrSC58v2_5846.t1,0,17,0,47,21,112
TrSC58v2_5846.t1.e1,13,20,57,41,19,108
TrSC58v2_5847.t1,1,2,4,8,7,25
TrSC58v2_5847.t1.e1,16,4,14,8,6,23
TrSC58v2_5849.t1,12,2,23,24,0,78
TrSC58v2_5849.t1.e1,15,17,25,31,61,70
TrSC58v2_5850.t1,47,61,145,205,177,657
TrSC58v2_5850.t1.e1,53,74,160,254,209,738
TrSC58v2_5851.t1,2,0,7,6,2,17
TrSC58v2_5851.t1.e1,2,4,7,8,7,17
TrSC58v2_5852.t1,0,10,11,1,2,39
TrSC58v2_5852.t1.e1,3,12,12,6,7,41
TrSC58v2_5853.t1,9,6,17,2,11,74
TrSC58v2_5853.t1.e1,11,9,21,33,13,81
TrSC58v2_5854.t1,15,20,3,33,27,159
TrSC58v2_5854.t1.e1,16,25,41,37,31,175
TrSC58v2_5856.t1,16,15,30,1,30,124
TrSC58v2_5856.t1.e1,19,18,32,109,37,107
TrSC58v2_5857.t1,1,5,3,16,1,52
TrSC58v2_5857.t1.e1,1,6,4,18,31,62
TrSC58v2_5858.t1,0,11,17,19,8,71
TrSC58v2_5858.t1.e1,6,14,22,21,10,76
TrSC58v2_5859.t1,11,6,38,60,25,117
TrSC58v2_5859.t1.e1,14,46,42,64,29,132
TrSC58v2_5864.t1,0,0,1,13,4,28
TrSC58v2_5864.t1.e1,3,0,3,15,5,31
TrSC58v2_5865.t1,11,2,6,1,8,32
TrSC58v2_5865.t1.e1,11,5,22,7,9,35
TrSC58v2_5866.t1,20,0,22,5,38,158
TrSC58v2_5866.t1.e1,25,18,26,84,41,143
TrSC58v2_5867.t1,86,143,310,320,266,1259
TrSC58v2_5867.t1.e1,96,157,369,363,304,1498
TrSC58v2_5868.t1,1,2,1,0,9,37
TrSC58v2_5868.t1.e1,5,16,6,15,10,41
TrSC58v2_5869.t1,7,10,22,41,31,111
TrSC58v2_5869.t1.e1,8,13,25,54,36,120
TrSC58v2_5870.t1,1,2,21,25,19,94
TrSC58v2_5870.t1.e1,13,11,23,27,22,82
TrSC58v2_5871.t1,0,4,4,21,7,33
TrSC58v2_5871.t1.e1,9,5,5,18,18,35
TrSC58v2_5872.t1,3,0,16,15,9,32
TrSC58v2_5872.t1.e1,4,5,5,12,8,33
TrSC58v2_5873.t1,10,16,20,51,35,153
TrSC58v2_5873.t1.e1,12,23,23,57,43,166
TrSC58v2_5874.t1,0,0,0,11,1,31
TrSC58v2_5874.t1.e1,14,8,7,13,2,33
TrSC58v2_5876.t1,0,0,3,4,0,14
TrSC58v2_5876.t1.e1,6,11,5,5,0,15
TrSC58v2_5877.t1,5,6,7,15,7,35
TrSC58v2_5877.t1.e1,7,7,9,16,9,39
TrSC58v2_5879.t1,0,2,24,43,12,106
TrSC58v2_5879.t1.e1,31,13,26,49,14,132
TrSC58v2_5880.t1,7,0,4,5,8,6
TrSC58v2_5880.t1.e1,9,0,6,6,9,11
TrSC58v2_5882.t1,22,18,31,59,43,149
TrSC58v2_5882.t1.e1,32,20,33,65,51,166
TrSC58v2_5883.t1,4,1,0,0,0,26
TrSC58v2_5883.t1.e1,4,4,5,0,5,26
TrSC58v2_5884.t1,0,0,1,2,0,5
TrSC58v2_5884.t1.e1,15,5,10,41,20,50
TrSC58v2_5891.t1,1,1,2,10,10,40
TrSC58v2_5891.t1.e1,2,2,3,10,11,44
TrSC58v2_5892.t1,8,0,11,25,9,46
TrSC58v2_5892.t1.e1,10,11,12,29,11,50
TrSC58v2_5893.t1,12,9,51,62,31,129
TrSC58v2_5893.t1.e1,25,10,54,66,39,110
TrSC58v2_5894.t1,11,3,0,2,0,16
TrSC58v2_5894.t1.e1,12,3,13,2,0,10
TrSC58v2_5895.t1,10,17,27,39,32,148
TrSC58v2_5895.t1.e1,14,21,43,43,35,168
TrSC58v2_5896.t1,7,0,1,10,1,1
TrSC58v2_5896.t1.e1,10,4,11,11,7,76
TrSC58v2_5897.t1,8,0,0,9,0,7
TrSC58v2_5897.t1.e1,10,3,3,13,8,56
TrSC58v2_5898.t1,0,3,9,9,12,45
TrSC58v2_5898.t1.e1,3,5,10,12,15,56
TrSC58v2_5900.t1,9,4,10,20,7,66
TrSC58v2_5900.t1.e1,12,5,11,26,8,69
TrSC58v2_5901.t1,0,9,7,16,1,60
TrSC58v2_5901.t1.e1,3,10,9,18,15,62
TrSC58v2_5902.t1,25,27,32,62,39,172
TrSC58v2_5902.t1.e1,32,33,37,75,43,193
TrSC58v2_5903.t1,0,0,23,13,14,66
TrSC58v2_5903.t1.e1,4,8,27,15,16,77
TrSC58v2_5904.t1,3,9,20,11,5,43
TrSC58v2_5904.t1.e1,4,5,12,13,3,51
TrSC58v2_5906.t1,19,6,10,29,30,85
TrSC58v2_5906.t1.e1,22,8,12,35,33,94
TrSC58v2_5907.t1,6,0,0,10,9,52
TrSC58v2_5907.t1.e1,8,7,19,13,10,2
TrSC58v2_5908.t1,0,0,1,0,0,8
TrSC58v2_5908.t1.e1,1,3,7,4,1,23
TrSC58v2_5909.t1,1,1,1,4,1,8
TrSC58v2_5909.t1.e1,2,2,1,4,3,9
TrSC58v2_5910.t1,1,3,0,5,2,13
TrSC58v2_5910.t1.e1,3,4,3,5,2,15
TrSC58v2_5911.t1,1,1,1,4,1,9
TrSC58v2_5911.t1.e1,2,2,2,5,2,9
TrSC58v2_5912.t1,1,3,0,4,2,12
TrSC58v2_5912.t1.e1,2,3,3,4,2,13
TrSC58v2_5913.t1,7,0,5,16,6,45
TrSC58v2_5913.t1.e1,9,8,7,21,8,52
TrSC58v2_5915.t1,4,2,8,6,11,44
TrSC58v2_5915.t1.e1,5,3,8,8,13,51
TrSC58v2_5917.t1,5,12,1,8,10,42
TrSC58v2_5917.t1.e1,5,14,17,36,11,45
TrSC58v2_5918.t1,0,0,27,31,17,85
TrSC58v2_5918.t1.e1,35,9,30,33,18,75
MSTRG.5786.1,21,19,42,113,41,181
TrSC58v2_5936.t1,1,5,3,8,11,39
TrSC58v2_5936.t1.e1,2,12,13,9,13,39
TrSC58v2_5929.t1,6,11,11,11,22,38
TrSC58v2_5929.t1.e1,8,13,14,16,18,48
TrSC58v2_6058.t1,12,20,39,58,70,199
TrSC58v2_6058.t1.e1,14,26,48,59,87,214
TrSC58v2_6060.t1.e1,7,5,11,37,23,70
TrSC58v2_6060.t1,6,4,9,35,18,63
TrSC58v2_6061.t1.e1,4,3,13,14,13,36
TrSC58v2_6061.t1,0,0,10,10,12,29
TrSC58v2_6062.t1.e1,6,0,4,3,4,5
TrSC58v2_6062.t1,0,0,0,1,2,2
TrSC58v2_6064.t1.e1,2,0,9,8,5,31
TrSC58v2_6064.t1,1,0,7,8,1,27
TrSC58v2_6066.t1.e1,1,0,0,2,3,21
TrSC58v2_6066.t1,1,0,0,0,1,1
TrSC58v2_6070.t1.e1,3,4,12,9,7,16
TrSC58v2_6070.t1,3,0,10,6,5,14
TrSC58v2_6069.t1.e1,8,3,26,13,7,33
TrSC58v2_6069.t1,1,3,1,11,1,30
TrSC58v2_6073.t1.e1,7,3,13,20,16,46
TrSC58v2_6073.t1,0,0,10,17,0,42
TrSC58v2_6071.t1.e1,11,3,6,19,10,78
TrSC58v2_6071.t1,3,0,2,2,0,60
TrSC58v2_6072.t1.e1,10,21,19,16,13,62
TrSC58v2_6072.t1,8,17,13,11,9,55
TrSC58v2_6074.t1.e1,2,9,6,18,8,24
TrSC58v2_6074.t1,1,1,3,2,1,2
TrSC58v2_6239.t1,2,0,2,9,2,21
TrSC58v2_6239.t1.e1,5,2,8,11,5,23
MSTRG.6077.1,34,41,87,81,51,239
TrSC58v2_6242.t1,0,1,4,6,3,18
TrSC58v2_6242.t1.e1,5,3,3,5,2,14
TrSC58v2_6240.t1,3,5,4,9,5,15
TrSC58v2_6240.t1.e1,2,4,4,2,4,14
TrSC58v2_6241.t1,5,14,19,29,18,41
TrSC58v2_6241.t1.e1,9,6,22,31,19,46
TrSC58v2_6088.t1,0,1,1,1,0,0
TrSC58v2_6088.t1.e1,0,1,5,1,0,4
TrSC58v2_6091.t1,0,0,0,1,0,1
TrSC58v2_6091.t1.e1,0,4,0,1,8,52
MSTRG.5952.3,0,0,0,0,5,47
TrSC58v2_6104.t1,0,0,0,0,0,0
TrSC58v2_6104.t1.e1,0,0,0,0,0,0
TrSC58v2_6105.t1,0,0,0,0,0,0
TrSC58v2_6105.t1.e1,0,0,0,0,0,2
TrSC58v2_6106.t1,0,0,1,0,0,0
TrSC58v2_6106.t1.e1,0,0,1,0,0,0
TrSC58v2_6109.t1,0,0,0,0,0,1
TrSC58v2_6109.t1.e1,0,0,1,0,0,1
TrSC58v2_6110.t1,0,0,0,0,0,0
TrSC58v2_6110.t1.e1,0,0,0,0,0,0
TrSC58v2_6111.t1,0,0,0,0,0,0
TrSC58v2_6111.t1.e1,0,0,0,0,0,0
TrSC58v2_6112.t1,0,0,0,0,0,0
TrSC58v2_6112.t1.e1,0,0,0,0,0,0
TrSC58v2_6113.t1,0,0,0,1,0,1
TrSC58v2_6113.t1.e1,0,0,0,1,0,1
TrSC58v2_6115.t1,0,0,0,1,0,1
TrSC58v2_6115.t1.e1,0,0,0,1,0,1
TrSC58v2_6116.t1,0,0,1,1,1,1
TrSC58v2_6116.t1.e1,0,0,1,1,1,1
TrSC58v2_6117.t1,0,0,0,1,1,1
TrSC58v2_6117.t1.e1,0,0,1,1,1,2
TrSC58v2_6118.t1,0,0,0,1,1,1
TrSC58v2_6118.t1.e1,0,0,1,1,1,2
TrSC58v2_6119.t1,0,0,0,1,1,1
TrSC58v2_6119.t1.e1,0,0,1,1,1,2
TrSC58v2_6120.t1,0,0,0,1,1,1
TrSC58v2_6120.t1.e1,0,0,1,1,1,2
TrSC58v2_6121.t1,0,0,0,1,1,1
TrSC58v2_6121.t1.e1,0,0,1,1,1,2
TrSC58v2_6122.t1,0,0,0,1,1,1
TrSC58v2_6122.t1.e1,0,0,1,1,1,2
TrSC58v2_6123.t1.e1,0,0,0,0,0,0
TrSC58v2_6123.t1,0,0,0,0,0,0
TrSC58v2_6124.t1.e1,0,0,0,0,0,0
TrSC58v2_6124.t1,0,0,0,0,0,0
TrSC58v2_6128.t1,0,0,0,4,1,2
TrSC58v2_6128.t1.e1,0,0,12,5,2,34
TrSC58v2_6136.t1,0,1,1,0,0,0
TrSC58v2_6136.t1.e1,0,1,2,0,0,0
TrSC58v2_6139.t1,0,5,6,14,10,47
TrSC58v2_6139.t1.e1,0,7,7,16,12,54
TrSC58v2_6142.t1,0,0,31,19,15,37
TrSC58v2_6142.t1.e1,0,11,4,22,17,40
TrSC58v2_6144.t1,0,0,9,11,5,36
TrSC58v2_6144.t1.e1,0,0,10,13,8,40
TrSC58v2_6145.t1,0,0,1,1,1,17
TrSC58v2_6145.t1.e1,0,0,6,12,11,19
TrSC58v2_6150.t1,0,5,0,0,0,1
TrSC58v2_6150.t1.e1,0,6,14,17,11,51
TrSC58v2_6152.t1,0,0,0,13,6,13
TrSC58v2_6152.t1.e1,0,4,4,15,8,14
TrSC58v2_6159.t1,0,0,6,0,4,0
TrSC58v2_6159.t1.e1,0,4,8,4,5,19
TrSC58v2_6165.t1,0,0,1,0,1,9
TrSC58v2_6165.t1.e1,0,0,4,0,0,10
TrSC58v2_6168.t1,0,2,0,2,2,6
TrSC58v2_6168.t1.e1,0,2,0,2,2,7
TrSC58v2_6175.t1,0,1,0,0,0,2
TrSC58v2_6175.t1.e1,0,3,6,0,4,9
TrSC58v2_6176.t1,0,0,0,0,1,9
TrSC58v2_6176.t1.e1,0,0,0,13,1,11
TrSC58v2_6178.t1,0,0,14,12,5,30
TrSC58v2_6178.t1.e1,0,18,16,14,9,33
TrSC58v2_6180.t1,0,0,0,1,1,6
TrSC58v2_6180.t1.e1,0,0,5,4,3,7
TrSC58v2_6183.t1,0,0,0,0,0,0
TrSC58v2_6183.t1.e1,0,0,5,5,5,11
TrSC58v2_6187.t1,0,0,6,9,2,14
TrSC58v2_6187.t1.e1,0,4,6,10,9,16
TrSC58v2_6193.t1,0,0,1,12,1,17
TrSC58v2_6193.t1.e1,0,0,3,14,3,19
TrSC58v2_6196.t1,0,0,0,3,2,1
TrSC58v2_6196.t1.e1,0,0,4,4,10,35
TrSC58v2_6197.t1,0,0,0,0,0,11
TrSC58v2_6197.t1.e1,0,0,9,8,0,13
TrSC58v2_6203.t1,0,0,0,1,0,13
TrSC58v2_6203.t1.e1,0,3,2,4,2,15
TrSC58v2_6207.t1,0,1,0,0,0,2
TrSC58v2_6207.t1.e1,0,1,0,1,0,2
TrSC58v2_6218.t1,0,0,1,8,16,29
TrSC58v2_6218.t1.e1,0,0,3,10,18,32
TrSC58v2_6226.t1,0,0,1,1,3,2
TrSC58v2_6226.t1.e1,0,0,1,5,3,3
TrSC58v2_6229.t1,0,1,5,5,3,24
TrSC58v2_6229.t1.e1,0,7,5,7,4,28
TrSC58v2_6231.t1,0,0,5,1,0,9
TrSC58v2_6231.t1.e1,0,0,6,7,0,11
TrSC58v2_6234.t1,0,1,0,12,1,30
TrSC58v2_6234.t1.e1,0,1,8,13,2,38
TrSC58v2_6079.t1,1,1,0,2,0,5
TrSC58v2_6079.t1.e1,2,1,0,1,2,4
TrSC58v2_6080.t1,1,1,1,4,4,7
TrSC58v2_6080.t1.e1,2,1,2,5,4,9
TrSC58v2_6081.t1,2,2,8,6,0,1
TrSC58v2_6081.t1.e1,2,3,11,7,2,45
TrSC58v2_6082.t1,2,1,11,1,14,39
TrSC58v2_6082.t1.e1,2,14,15,14,20,48
TrSC58v2_6083.t1,2,0,7,9,1,27
TrSC58v2_6083.t1.e1,3,4,10,11,15,29
TrSC58v2_6084.t1,0,0,0,0,0,1
TrSC58v2_6084.t1.e1,2,3,0,0,0,17
TrSC58v2_6085.t1,18,14,34,33,46,1
TrSC58v2_6085.t1.e1,21,17,41,40,59,303
TrSC58v2_6086.t1,4,1,9,5,0,29
TrSC58v2_6086.t1.e1,4,3,10,5,17,36
TrSC58v2_6087.t1,0,3,22,11,16,54
TrSC58v2_6087.t1.e1,6,4,25,13,17,56
MSTRG.5939.1,6,0,11,6,4,39
MSTRG.5941.1,13,22,28,69,77,171
TrSC58v2_6089.t1,42,43,65,144,57,311
TrSC58v2_6089.t1.e1,54,42,83,156,57,343
TrSC58v2_6090.t1,13,23,27,34,19,91
TrSC58v2_6090.t1.e1,17,26,31,44,20,104
TrSC58v2_6092.t1,0,5,4,3,6,27
TrSC58v2_6092.t1.e1,4,6,5,13,8,32
TrSC58v2_6093.t1,0,4,2,12,4,53
TrSC58v2_6093.t1.e1,3,5,18,14,5,57
MSTRG.5948.1,242,0,1676,1265,499,4919
TrSC58v2_6094.t1,220,205,360,558,286,1280
TrSC58v2_6094.t1.e1,230,240,367,538,276,1186
MSTRG.5949.1,62,44,157,186,69,473
TrSC58v2_6095.t1,2,1,4,6,2,4
TrSC58v2_6095.t1.e1,1,1,3,5,2,8
TrSC58v2_6096.t1,1,1,3,2,1,4
TrSC58v2_6096.t1.e1,1,1,2,2,1,6
MSTRG.5950.1,53,118,131,172,0,345
TrSC58v2_6097.t1,19,13,18,13,1,94
TrSC58v2_6097.t1.e1,23,14,19,14,68,89
TrSC58v2_6099.t1,325,359,199,294,365,334
TrSC58v2_6099.t1.e1,381,436,230,418,403,362
TrSC58v2_6100.t1,1,0,2,2,4,34
TrSC58v2_6100.t1.e1,1,13,25,42,38,28
TrSC58v2_6101.t1,14,13,1,43,35,186
TrSC58v2_6101.t1.e1,17,16,76,48,44,198
TrSC58v2_6102.t1,3,9,0,14,1,63
TrSC58v2_6102.t1.e1,4,11,9,16,27,68
TrSC58v2_6103.t1,11,0,7,8,3,14
TrSC58v2_6103.t1.e1,14,0,9,10,1,16
TrSC58v2_6107.t1,1,0,0,1,1,1
TrSC58v2_6107.t1.e1,1,0,1,1,1,1
TrSC58v2_6108.t1,0,0,0,0,0,0
TrSC58v2_6108.t1.e1,1,0,0,0,0,2
TrSC58v2_6114.t1,1,0,0,3,0,2
TrSC58v2_6114.t1.e1,2,0,0,4,0,2
TrSC58v2_6125.t1,0,0,1,2,1,13
TrSC58v2_6125.t1.e1,2,2,12,2,3,11
TrSC58v2_6126.t1,9,7,20,22,15,58
TrSC58v2_6126.t1.e1,10,8,21,24,19,65
TrSC58v2_6127.t1,1,1,1,1,1,12
TrSC58v2_6127.t1.e1,9,3,2,12,6,14
TrSC58v2_6129.t1,1,0,3,0,2,0
TrSC58v2_6129.t1.e1,1,3,4,0,3,11
TrSC58v2_6130.t1,0,0,4,3,12,14
TrSC58v2_6130.t1.e1,7,3,6,3,16,16
TrSC58v2_6131.t1,0,3,1,3,1,5
TrSC58v2_6131.t1.e1,1,4,2,4,1,7
TrSC58v2_6132.t1,0,3,1,3,1,5
TrSC58v2_6132.t1.e1,1,4,2,4,1,7
TrSC58v2_6133.t1,0,3,1,2,1,5
TrSC58v2_6133.t1.e1,1,4,2,3,1,7
TrSC58v2_6137.t1,0,1,0,0,0,1
TrSC58v2_6137.t1.e1,4,6,0,3,0,36
TrSC58v2_6138.t1,0,0,15,0,11,49
TrSC58v2_6138.t1.e1,9,4,16,23,13,54
TrSC58v2_6140.t1,0,7,16,26,17,72
TrSC58v2_6140.t1.e1,4,10,19,32,20,79
TrSC58v2_6141.t1,0,0,2,6,2,14
TrSC58v2_6141.t1.e1,4,7,9,7,3,16
TrSC58v2_6143.t1,0,2,2,6,11,40
TrSC58v2_6143.t1.e1,4,3,27,8,14,43
TrSC58v2_6146.t1,3,1,0,2,2,8
TrSC58v2_6146.t1.e1,4,3,0,3,4,8
TrSC58v2_6147.t1,4,1,22,2,12,74
TrSC58v2_6147.t1.e1,5,13,25,33,14,94
TrSC58v2_6148.t1,1,1,7,11,7,22
TrSC58v2_6148.t1.e1,2,2,10,14,10,30
TrSC58v2_6149.t1,0,0,2,4,5,13
TrSC58v2_6149.t1.e1,1,1,3,5,8,17
TrSC58v2_6151.t1,1,0,13,9,17,73
TrSC58v2_6151.t1.e1,2,8,15,9,21,82
TrSC58v2_6153.t1,3,10,3,18,18,2
TrSC58v2_6153.t1.e1,5,13,23,21,20,100
TrSC58v2_6154.t1,6,0,14,5,5,24
TrSC58v2_6154.t1.e1,7,0,15,7,6,33
TrSC58v2_6155.t1,0,0,2,1,1,11
TrSC58v2_6155.t1.e1,4,0,5,10,3,12
TrSC58v2_6156.t1,9,0,15,20,11,39
TrSC58v2_6156.t1.e1,11,7,16,24,14,46
TrSC58v2_6157.t1,2,0,1,6,6,33
TrSC58v2_6157.t1.e1,9,11,17,7,6,38
TrSC58v2_6158.t1,0,0,1,0,4,15
TrSC58v2_6158.t1.e1,8,0,9,6,5,20
TrSC58v2_6160.t1,0,0,0,2,0,18
TrSC58v2_6160.t1.e1,22,4,21,11,0,21
TrSC58v2_6161.t1,0,1,5,9,4,25
TrSC58v2_6161.t1.e1,7,14,6,11,4,26
TrSC58v2_6162.t1,0,0,2,0,0,3
TrSC58v2_6162.t1.e1,4,3,4,0,8,36
TrSC58v2_6163.t1,2,0,11,19,12,34
TrSC58v2_6163.t1.e1,2,4,13,21,16,36
TrSC58v2_6164.t1,4,11,5,0,21,72
TrSC58v2_6164.t1.e1,5,15,7,104,31,89
TrSC58v2_6166.t1,0,0,0,0,1,1
TrSC58v2_6166.t1.e1,3,0,5,3,3,19
TrSC58v2_6167.t1,0,0,5,9,1,20
TrSC58v2_6167.t1.e1,4,0,6,9,2,23
TrSC58v2_6169.t1,0,7,7,19,10,37
TrSC58v2_6169.t1.e1,4,13,9,24,13,50
TrSC58v2_6170.t1,2,2,1,8,4,28
TrSC58v2_6170.t1.e1,2,3,4,10,5,32
TrSC58v2_6173.t1,4,0,3,11,13,35
TrSC58v2_6173.t1.e1,6,11,4,13,16,42
TrSC58v2_6174.t1,1,1,0,1,0,2
TrSC58v2_6174.t1.e1,3,2,0,3,0,5
TrSC58v2_6177.t1,1,2,7,0,7,4
TrSC58v2_6177.t1.e1,3,16,8,13,8,63
TrSC58v2_6179.t1,0,0,1,15,7,37
TrSC58v2_6179.t1.e1,3,3,40,16,10,39
TrSC58v2_6181.t1,21,8,31,32,31,114
TrSC58v2_6181.t1.e1,26,11,31,39,37,128
TrSC58v2_6182.t1,0,0,5,10,9,16
TrSC58v2_6182.t1.e1,11,18,6,12,11,20
TrSC58v2_6184.t1,0,1,1,0,3,6
TrSC58v2_6184.t1.e1,12,1,4,3,3,7
TrSC58v2_6185.t1,2,0,0,11,5,4
TrSC58v2_6185.t1.e1,2,4,0,12,7,39
TrSC58v2_6186.t1.e1,23,0,9,17,7,14
TrSC58v2_6186.t1,0,0,6,0,5,11
TrSC58v2_6188.t1.e1,3,3,4,11,6,29
TrSC58v2_6188.t1,0,1,0,10,5,25
TrSC58v2_6189.t1.e1,4,4,10,21,10,22
TrSC58v2_6189.t1,0,0,8,2,0,4
TrSC58v2_6190.t1.e1,10,10,15,35,22,52
TrSC58v2_6190.t1,8,7,11,14,18,42
TrSC58v2_6191.t1.e1,3,10,24,30,28,150
TrSC58v2_6191.t1,1,0,23,24,24,0
TrSC58v2_6192.t1.e1,7,6,26,55,22,71
TrSC58v2_6192.t1,5,6,18,49,20,66
TrSC58v2_6194.t1.e1,8,4,12,12,12,51
TrSC58v2_6194.t1,0,3,0,0,11,1
TrSC58v2_6195.t1.e1,35,28,72,64,48,304
TrSC58v2_6195.t1,0,23,64,58,44,251
TrSC58v2_6198.t1.e1,1,4,0,8,3,36
TrSC58v2_6198.t1,1,0,0,0,1,3
TrSC58v2_6199.t1.e1,3,0,19,22,15,58
TrSC58v2_6199.t1,0,0,2,20,14,49
TrSC58v2_6200.t1.e1,8,0,9,7,4,16
TrSC58v2_6200.t1,7,0,7,6,1,14
TrSC58v2_6201.t1.e1,7,4,17,17,15,59
TrSC58v2_6201.t1,7,4,14,15,12,52
TrSC58v2_6202.t1.e1,4,4,4,20,8,31
TrSC58v2_6202.t1,2,0,0,0,2,27
TrSC58v2_6204.t1.e1,1,2,3,3,3,10
TrSC58v2_6204.t1,1,1,2,0,2,8
MSTRG.6041.1,15,5,0,0,3,26
TrSC58v2_6205.t1.e1,1,6,0,4,1,4
TrSC58v2_6205.t1,1,2,0,2,1,4
TrSC58v2_6206.t1.e1,4,2,8,8,5,17
TrSC58v2_6206.t1,4,2,0,2,2,15
TrSC58v2_6208.t1.e1,9,3,9,7,9,59
TrSC58v2_6208.t1,1,1,8,0,7,2
TrSC58v2_6209.t1.e1,4,4,6,9,0,16
TrSC58v2_6209.t1,1,0,5,2,0,14
TrSC58v2_6210.t1.e1,4,3,0,4,1,26
TrSC58v2_6210.t1,0,1,0,0,1,8
TrSC58v2_6211.t1.e1,10,3,24,20,23,119
TrSC58v2_6211.t1,9,0,22,19,26,2
TrSC58v2_6212.t1.e1,10,4,7,15,13,21
TrSC58v2_6212.t1,9,0,6,3,2,19
TrSC58v2_6213.t1.e1,3,0,2,3,3,22
TrSC58v2_6213.t1,0,0,2,2,1,16
TrSC58v2_6214.t1.e1,5,20,7,11,7,29
TrSC58v2_6214.t1,0,0,1,0,5,26
TrSC58v2_6215.t1.e1,7,15,20,3,8,36
TrSC58v2_6215.t1,0,0,2,3,0,33
MSTRG.6050.1,10,0,22,13,10,56
TrSC58v2_6216.t1.e1,5,4,11,20,12,31
TrSC58v2_6216.t1,4,3,8,17,0,25
TrSC58v2_6217.t1.e1,5,0,0,1,4,15
TrSC58v2_6217.t1,1,0,0,1,0,14
TrSC58v2_6219.t1.e1,4,8,8,10,0,19
TrSC58v2_6219.t1,0,5,7,0,0,13
TrSC58v2_6220.t1.e1,10,0,4,3,12,27
TrSC58v2_6220.t1,2,0,0,2,0,20
TrSC58v2_6221.t1.e1,5,5,26,16,13,94
TrSC58v2_6221.t1,4,4,22,13,14,78
TrSC58v2_6222.t1.e1,2,2,4,20,9,26
TrSC58v2_6222.t1,1,1,0,16,7,20
TrSC58v2_6223.t1.e1,4,3,10,15,12,34
TrSC58v2_6223.t1,0,2,9,10,10,28
TrSC58v2_6224.t1.e1,5,0,22,10,17,24
TrSC58v2_6224.t1,0,0,18,7,15,18
TrSC58v2_6225.t1.e1,15,8,35,27,14,59
TrSC58v2_6225.t1,1,7,30,24,11,56
MSTRG.6062.1,15,74,113,191,130,442
TrSC58v2_6227.t1.e1,4,4,4,11,9,48
TrSC58v2_6227.t1,3,3,4,1,7,39
TrSC58v2_6228.t1.e1,4,9,13,26,13,111
TrSC58v2_6228.t1,0,7,10,24,11,80
TrSC58v2_6230.t1.e1,1,9,7,10,28,91
TrSC58v2_6230.t1,1,6,5,8,19,2
TrSC58v2_6232.t1.e1,4,10,18,15,5,56
TrSC58v2_6232.t1,3,0,19,11,4,50
TrSC58v2_6233.t1.e1,11,0,6,33,4,34
TrSC58v2_6233.t1,0,0,5,0,0,27
TrSC58v2_6235.t1.e1,4,5,9,11,8,47
TrSC58v2_6235.t1,0,5,8,9,7,41
TrSC58v2_6236.t1.e1,3,5,10,3,4,22
TrSC58v2_6236.t1,3,0,8,1,3,18
TrSC58v2_6237.t1.e1,7,0,8,22,13,37
TrSC58v2_6237.t1,0,0,0,0,11,4
TrSC58v2_6244.t1,3,0,0,13,7,24
TrSC58v2_6244.t1.e1,4,0,8,15,11,30
MSTRG.6078.1,29,20,46,45,31,231
MSTRG.6079.1,14,39,25,39,43,181
TrSC58v2_6247.t1,1,0,22,14,3,23
TrSC58v2_6247.t1.e1,3,3,26,16,4,27
TrSC58v2_6248.t1,0,2,7,15,13,49
TrSC58v2_6248.t1.e1,4,11,9,18,14,53
TrSC58v2_6243.t1,3,13,15,20,14,50
TrSC58v2_6243.t1.e1,4,15,17,27,16,52
TrSC58v2_6245.t1,5,4,1,0,1,42
TrSC58v2_6245.t1.e1,6,5,37,10,8,45
TrSC58v2_6250.t1,0,0,3,1,3,16
TrSC58v2_6250.t1.e1,6,0,3,23,3,18
TrSC58v2_6251.t1,5,5,8,14,7,29
TrSC58v2_6251.t1.e1,6,6,11,19,8,25
TrSC58v2_6252.t1,1,1,0,1,0,19
TrSC58v2_6252.t1.e1,3,1,7,1,0,21
MSTRG.6093.1,12,6,47,73,35,84
MSTRG.6094.2,85,56,75,86,30,78
MSTRG.6094.1,16,66,226,288,186,786
TrSC58v2_6254.t1,4,4,6,88,7,41
TrSC58v2_6254.t1.e1,3,3,9,10,6,48
TrSC58v2_6255.t1,22,21,54,79,78,243
TrSC58v2_6255.t1.e1,29,26,63,95,65,273
TrSC58v2_6258.t1,1,0,2,6,0,12
TrSC58v2_6258.t1.e1,1,0,3,7,8,13
TrSC58v2_6259.t1,0,6,0,7,1,21
TrSC58v2_6259.t1.e1,7,7,4,8,13,23
TrSC58v2_6260.t1,0,6,0,5,6,1
TrSC58v2_6260.t1.e1,8,8,34,6,8,70
TrSC58v2_6261.t1,9,0,11,14,8,1
TrSC58v2_6261.t1.e1,13,4,13,19,9,94
TrSC58v2_5938.t1,0,0,0,0,2,6
TrSC58v2_5938.t1.e1,0,0,0,0,2,7
TrSC58v2_5940.t1,0,1,2,1,3,21
TrSC58v2_5940.t1.e1,0,2,2,7,4,22
MSTRG.5804.1,0,0,36,102,0,212
TrSC58v2_5955.t1,0,2,2,2,0,2
TrSC58v2_5955.t1.e1,0,3,9,20,4,43
TrSC58v2_5961.t1,0,0,1,1,0,1
TrSC58v2_5961.t1.e1,0,0,3,3,4,7
TrSC58v2_5965.t1,0,0,0,2,1,2
TrSC58v2_5965.t1.e1,0,9,7,2,10,58
TrSC58v2_5966.t1,0,0,0,3,2,9
TrSC58v2_5966.t1.e1,0,0,0,10,5,10
TrSC58v2_5974.t1,0,2,4,9,8,19
TrSC58v2_5974.t1.e1,0,2,4,8,7,18
TrSC58v2_5993.t1,0,3,0,15,12,4
TrSC58v2_5993.t1.e1,0,4,27,20,15,127
TrSC58v2_5996.t1,0,0,11,4,5,28
TrSC58v2_5996.t1.e1,0,0,13,4,7,30
TrSC58v2_6000.t1,0,1,0,1,3,29
TrSC58v2_6000.t1.e1,0,6,7,6,10,35
TrSC58v2_6005.t1,0,8,3,0,3,38
TrSC58v2_6005.t1.e1,0,9,13,4,17,42
TrSC58v2_6009.t1,0,0,1,0,0,22
TrSC58v2_6009.t1.e1,0,4,1,3,5,25
MSTRG.5869.1,0,10,34,52,40,137
TrSC58v2_6027.t1,0,2,7,17,8,18
TrSC58v2_6027.t1.e1,0,2,8,18,9,18
TrSC58v2_6032.t1,0,9,20,0,4,34
TrSC58v2_6032.t1.e1,0,10,24,30,5,49
MSTRG.5887.1,0,0,0,272,0,0
TrSC58v2_6037.t1,0,4,0,1,0,5
TrSC58v2_6037.t1.e1,0,5,3,4,9,62
TrSC58v2_6046.t1,0,0,7,0,2,25
TrSC58v2_6046.t1.e1,0,19,14,26,13,76
TrSC58v2_6049.t1,0,2,3,3,6,16
TrSC58v2_6049.t1.e1,0,2,3,4,6,16
TrSC58v2_6050.t1,0,0,0,5,6,34
TrSC58v2_6050.t1.e1,0,4,4,7,6,40
TrSC58v2_6056.t1,0,1,1,0,0,2
TrSC58v2_6056.t1.e1,0,1,1,0,0,3
TrSC58v2_5937.t1,6,2,7,3,2,23
TrSC58v2_5937.t1.e1,6,2,9,10,3,24
TrSC58v2_5939.t1,4,11,8,11,20,50
TrSC58v2_5939.t1.e1,5,12,11,38,24,57
TrSC58v2_5941.t1,1,0,1,20,8,29
TrSC58v2_5941.t1.e1,11,4,20,22,10,34
TrSC58v2_5942.t1,0,4,24,3,15,78
TrSC58v2_5942.t1.e1,14,5,25,32,17,84
TrSC58v2_5943.t1,8,10,13,1,11,72
TrSC58v2_5943.t1.e1,11,13,16,37,13,90
TrSC58v2_5944.t1,9,8,9,20,15,73
TrSC58v2_5944.t1.e1,10,15,23,26,27,79
TrSC58v2_5945.t1,0,17,24,21,30,68
TrSC58v2_5945.t1.e1,11,21,25,24,32,80
TrSC58v2_5946.t1,0,0,6,10,0,4
TrSC58v2_5946.t1.e1,2,0,7,20,0,74
TrSC58v2_5947.t1,1,15,12,34,8,56
TrSC58v2_5947.t1.e1,29,16,13,37,12,60
TrSC58v2_5948.t1,34,37,74,88,58,237
TrSC58v2_5948.t1.e1,30,46,92,102,74,211
TrSC58v2_5949.t1,98,97,155,193,113,634
TrSC58v2_5949.t1.e1,102,109,174,215,119,673
TrSC58v2_5950.t1,16,16,43,47,3,138
TrSC58v2_5950.t1.e1,18,17,49,51,80,143
TrSC58v2_5951.t1,69,89,163,208,115,530
TrSC58v2_5951.t1.e1,77,103,176,227,125,617
TrSC58v2_5952.t1,0,4,3,1,8,1
TrSC58v2_5952.t1.e1,8,5,3,1,12,1
TrSC58v2_5953.t1,4,7,5,6,13,2
TrSC58v2_5953.t1.e1,6,9,5,7,16,2
TrSC58v2_5954.t1,16,23,85,48,32,150
TrSC58v2_5954.t1.e1,19,26,10,55,34,183
TrSC58v2_5956.t1,1,1,1,0,10,24
TrSC58v2_5956.t1.e1,10,3,17,8,13,36
TrSC58v2_5957.t1,2,1,1,3,1,11
TrSC58v2_5957.t1.e1,9,11,14,4,1,12
TrSC58v2_5958.t1,0,12,20,15,4,73
TrSC58v2_5958.t1.e1,8,14,23,18,31,89
TrSC58v2_5959.t1,9,9,22,23,24,73
TrSC58v2_5959.t1.e1,12,11,26,27,29,85
MSTRG.5811.1,64,138,167,255,112,638
TrSC58v2_5960.t1,2,1,2,1,1,1
TrSC58v2_5960.t1.e1,2,1,5,1,1,1
TrSC58v2_5962.t1,1,1,0,2,1,6
TrSC58v2_5962.t1.e1,7,10,0,3,3,7
TrSC58v2_5963.t1,0,0,1,1,1,17
TrSC58v2_5963.t1.e1,3,5,7,14,17,19
TrSC58v2_5964.t1,0,3,6,4,2,25
TrSC58v2_5964.t1.e1,6,4,7,6,5,21
MSTRG.5817.1,2,11,18,12,13,52
TrSC58v2_5967.t1,7,6,2,25,26,102
TrSC58v2_5967.t1.e1,10,7,88,28,30,114
TrSC58v2_5968.t1,6,11,18,17,13,50
TrSC58v2_5968.t1.e1,7,15,15,21,10,40
TrSC58v2_5969.t1,0,0,3,4,3,11
TrSC58v2_5969.t1.e1,8,6,3,4,3,10
TrSC58v2_5970.t1,22,24,7,82,60,177
TrSC58v2_5970.t1.e1,25,29,106,76,69,194
TrSC58v2_5971.t1,0,0,2,14,2,32
TrSC58v2_5971.t1.e1,11,46,29,20,20,46
MSTRG.5824.1,53,113,153,167,141,741
TrSC58v2_5972.t1,33,60,78,85,80,368
TrSC58v2_5972.t1.e1,38,51,71,78,84,308
TrSC58v2_5973.t1,4,14,16,15,7,31
TrSC58v2_5973.t1.e1,5,13,15,13,7,28
TrSC58v2_5975.t1,0,5,11,8,4,26
TrSC58v2_5975.t1.e1,6,4,9,8,3,24
TrSC58v2_5976.t1,0,2,14,18,6,57
TrSC58v2_5976.t1.e1,18,2,17,20,6,62
TrSC58v2_5977.t1,30,33,36,57,41,138
TrSC58v2_5977.t1.e1,34,31,42,70,49,165
TrSC58v2_5978.t1,4,0,24,14,6,47
TrSC58v2_5978.t1.e1,4,7,28,16,8,51
TrSC58v2_5979.t1,0,7,8,13,5,21
TrSC58v2_5979.t1.e1,8,8,9,17,5,23
TrSC58v2_5980.t1,1,0,0,17,4,23
TrSC58v2_5980.t1.e1,1,0,5,23,5,25
TrSC58v2_5981.t1,21,26,56,66,32,198
TrSC58v2_5981.t1.e1,22,30,57,70,34,205
TrSC58v2_5982.t1,0,1,1,1,1,3
TrSC58v2_5982.t1.e1,2,2,8,4,2,15
TrSC58v2_5983.t1,0,8,18,6,5,35
TrSC58v2_5983.t1.e1,5,8,3,7,7,37
TrSC58v2_5984.t1,2,5,6,6,5,26
TrSC58v2_5984.t1.e1,2,5,8,6,7,43
TrSC58v2_5985.t1,2,6,6,6,5,36
TrSC58v2_5985.t1.e1,4,7,9,8,7,41
TrSC58v2_5986.t1,2,4,7,5,4,25
TrSC58v2_5986.t1.e1,2,5,8,6,4,26
TrSC58v2_5987.t1,1,2,1,1,1,4
TrSC58v2_5987.t1.e1,1,2,2,2,1,5
TrSC58v2_5988.t1,1,2,2,2,2,8
TrSC58v2_5988.t1.e1,1,3,2,2,2,8
TrSC58v2_5989.t1,1,2,1,1,1,4
TrSC58v2_5989.t1.e1,1,2,2,2,1,5
TrSC58v2_5990.t1,2,2,2,2,2,5
TrSC58v2_5990.t1.e1,2,2,3,2,2,6
TrSC58v2_5991.t1,6,10,0,28,0,64
TrSC58v2_5991.t1.e1,8,12,31,32,34,76
TrSC58v2_5992.t1,0,0,2,1,0,20
TrSC58v2_5992.t1.e1,3,0,4,7,0,23
TrSC58v2_5994.t1,7,15,24,61,31,123
TrSC58v2_5994.t1.e1,8,18,30,67,35,138
TrSC58v2_5995.t1,0,1,0,39,16,2
TrSC58v2_5995.t1.e1,7,17,0,7,17,51
TrSC58v2_5997.t1,8,11,12,48,20,54
TrSC58v2_5997.t1.e1,11,12,22,52,27,63
TrSC58v2_5998.t1,13,10,13,20,19,70
TrSC58v2_5998.t1.e1,31,11,16,25,23,75
TrSC58v2_5999.t1,3,1,11,18,3,7
TrSC58v2_5999.t1.e1,4,2,12,19,19,37
TrSC58v2_6001.t1,0,0,7,2,1,32
TrSC58v2_6001.t1.e1,6,7,8,23,22,35
TrSC58v2_6002.t1,11,5,5,31,27,92
TrSC58v2_6002.t1.e1,11,7,6,37,33,105
TrSC58v2_6003.t1,0,5,11,3,0,66
TrSC58v2_6003.t1.e1,20,7,14,76,23,72
TrSC58v2_6004.t1,5,1,0,0,2,44
TrSC58v2_6004.t1.e1,7,25,12,30,25,49
TrSC58v2_6006.t1,27,20,49,99,47,171
TrSC58v2_6006.t1.e1,32,27,10,19,58,189
MSTRG.5859.1,45,48,136,144,119,501
TrSC58v2_6007.t1,66,108,181,125,151,522
TrSC58v2_6007.t1.e1,69,95,211,171,123,621
TrSC58v2_6008.t1,7,17,4,19,14,1
TrSC58v2_6008.t1.e1,9,23,66,23,18,132
TrSC58v2_6010.t1,0,12,8,2,7,33
TrSC58v2_6010.t1.e1,3,14,10,15,8,37
TrSC58v2_6011.t1,1,7,5,0,12,57
TrSC58v2_6011.t1.e1,27,8,6,26,13,61
TrSC58v2_6012.t1,3,16,15,22,22,95
TrSC58v2_6012.t1.e1,5,17,18,25,24,118
TrSC58v2_6013.t1,6,11,18,19,15,78
TrSC58v2_6013.t1.e1,8,2,20,20,16,83
TrSC58v2_6014.t1,16,9,22,32,9,106
TrSC58v2_6014.t1.e1,19,12,23,36,13,128
TrSC58v2_6015.t1,4,12,2,20,11,75
TrSC58v2_6015.t1.e1,5,16,64,40,14,87
TrSC58v2_6016.t1,5,1,1,1,1,2
TrSC58v2_6016.t1.e1,6,1,1,1,1,7
TrSC58v2_6017.t1,3,1,1,3,1,21
TrSC58v2_6017.t1.e1,6,1,1,3,1,22
TrSC58v2_6018.t1,1,0,2,26,1,47
TrSC58v2_6018.t1.e1,1,9,32,27,20,51
TrSC58v2_6019.t1,2,5,22,27,24,69
TrSC58v2_6019.t1.e1,3,5,25,31,28,77
TrSC58v2_6020.t1,17,0,48,36,22,102
TrSC58v2_6020.t1.e1,20,3,52,39,20,111
TrSC58v2_6021.t1,57,49,129,180,118,421
TrSC58v2_6021.t1.e1,71,59,150,233,147,467
TrSC58v2_6022.t1,1,1,0,1,0,23
TrSC58v2_6022.t1.e1,6,14,8,19,0,26
TrSC58v2_6023.t1,0,8,16,12,0,83
TrSC58v2_6023.t1.e1,30,10,20,13,15,88
TrSC58v2_6024.t1,19,13,50,86,64,135
TrSC58v2_6024.t1.e1,25,18,60,84,66,359
TrSC58v2_6025.t1,11,15,31,51,50,188
TrSC58v2_6025.t1.e1,12,16,33,59,51,192
TrSC58v2_6026.t1,0,0,2,1,5,22
TrSC58v2_6026.t1.e1,6,0,4,2,6,26
TrSC58v2_6028.t1,0,14,31,29,21,80
TrSC58v2_6028.t1.e1,10,14,38,32,21,90
TrSC58v2_6029.t1,4,10,8,7,13,43
TrSC58v2_6029.t1.e1,5,12,9,34,18,50
TrSC58v2_6030.t1,7,10,20,35,36,97
TrSC58v2_6030.t1.e1,9,14,24,39,46,83
TrSC58v2_6031.t1,21,14,27,66,51,148
TrSC58v2_6031.t1.e1,25,16,32,71,57,162
TrSC58v2_6033.t1,14,0,10,44,10,87
TrSC58v2_6033.t1.e1,16,12,14,6,12,12
TrSC58v2_6034.t1,9,17,13,53,28,122
TrSC58v2_6034.t1.e1,13,22,19,58,31,126
TrSC58v2_6035.t1,50,39,83,92,50,402
TrSC58v2_6035.t1.e1,45,45,98,111,65,298
TrSC58v2_6036.t1,90,101,152,121,121,690
TrSC58v2_6036.t1.e1,84,111,169,123,142,587
TrSC58v2_6038.t1,1,1,6,13,1,22
TrSC58v2_6038.t1.e1,6,7,6,13,2,23
TrSC58v2_6039.t1,6,8,15,19,2,11
TrSC58v2_6039.t1.e1,7,0,17,24,27,113
MSTRG.5890.1,33,39,82,90,57,241
MSTRG.5892.1,19,28,66,102,56,215
TrSC58v2_6040.t1,30,22,47,68,29,170
TrSC58v2_6040.t1.e1,34,23,52,73,32,183
TrSC58v2_6041.t1,5,5,1,2,7,30
TrSC58v2_6041.t1.e1,5,6,21,30,8,32
TrSC58v2_6042.t1,9,4,10,18,1,74
TrSC58v2_6042.t1.e1,10,4,11,23,47,81
TrSC58v2_6043.t1,2,0,6,7,0,15
TrSC58v2_6043.t1.e1,3,0,7,8,12,17
TrSC58v2_6044.t1,3,1,2,3,1,60
TrSC58v2_6044.t1.e1,17,15,50,53,33,73
TrSC58v2_6045.t1,0,5,16,40,14,75
TrSC58v2_6045.t1.e1,8,6,19,50,18,78
TrSC58v2_6047.t1,0,5,8,9,4,39
TrSC58v2_6047.t1.e1,4,6,12,12,5,46
TrSC58v2_6048.t1,10,6,30,35,15,80
TrSC58v2_6048.t1.e1,12,9,30,34,19,90
TrSC58v2_6051.t1,5,1,17,8,11,69
TrSC58v2_6051.t1.e1,6,7,23,31,13,81
TrSC58v2_6052.t1,6,18,37,66,51,182
TrSC58v2_6052.t1.e1,6,20,42,79,56,211
TrSC58v2_6053.t1,7,28,39,76,68,240
TrSC58v2_6053.t1.e1,8,30,40,95,82,299
TrSC58v2_6054.t1,12,1,20,69,23,125
TrSC58v2_6054.t1.e1,14,61,23,79,27,140
TrSC58v2_6055.t1,0,3,0,4,0,27
TrSC58v2_6055.t1.e1,4,4,14,5,4,28
TrSC58v2_6057.t1,2,2,21,18,14,128
TrSC58v2_6057.t1.e1,25,18,24,20,15,141
TrSC58v2_6355.t1.e1,1,0,1,1,1,3
TrSC58v2_6355.t1,0,0,0,1,1,2
TrSC58v2_6356.t1.e1,4,5,8,7,5,25
TrSC58v2_6356.t1,3,4,6,5,4,21
TrSC58v2_6357.t1.e1,1,0,1,1,1,3
TrSC58v2_6357.t1,0,0,0,1,1,2
TrSC58v2_6358.t1.e1,4,10,8,9,4,49
TrSC58v2_6358.t1,3,0,6,6,4,0
TrSC58v2_6361.t1.e1,3,4,6,3,3,11
TrSC58v2_6361.t1,0,3,3,3,3,10
TrSC58v2_6364.t1,0,3,9,18,9,36
TrSC58v2_6364.t1.e1,8,4,12,19,10,39
TrSC58v2_6366.t1,10,4,14,40,13,83
TrSC58v2_6366.t1.e1,11,5,15,32,12,74
MSTRG.6112.1,0,0,50,0,0,172
TrSC58v2_6299.t1,0,0,0,7,0,0
TrSC58v2_6299.t1.e1,0,0,0,8,0,28
TrSC58v2_6302.t1,0,1,7,3,0,44
TrSC58v2_6302.t1.e1,0,7,8,47,0,62
TrSC58v2_6311.t1,0,2,4,1,10,16
TrSC58v2_6311.t1.e1,0,3,5,2,11,21
TrSC58v2_6314.t1,0,0,10,6,9,0
TrSC58v2_6314.t1.e1,0,4,13,7,11,89
MSTRG.6151.1,0,0,26,0,14,93
TrSC58v2_6315.t1,0,0,5,0,3,11
TrSC58v2_6315.t1.e1,0,13,4,38,4,8
TrSC58v2_6323.t1,0,1,2,1,1,4
TrSC58v2_6323.t1.e1,0,2,2,1,1,4
TrSC58v2_6343.t1,0,0,0,0,0,0
TrSC58v2_6343.t1.e1,0,0,0,0,0,2
TrSC58v2_6344.t1.e1,0,0,0,0,0,0
TrSC58v2_6344.t1,0,0,0,0,0,0
TrSC58v2_6347.t1,0,0,3,0,0,12
TrSC58v2_6347.t1.e1,0,4,2,8,0,14
MSTRG.6102.1,6,0,0,0,13,100
TrSC58v2_6262.t1,2,13,0,1,3,18
TrSC58v2_6262.t1.e1,2,15,8,41,3,23
TrSC58v2_6263.t1,9,6,40,5,12,140
TrSC58v2_6263.t1.e1,10,7,42,132,14,164
TrSC58v2_6264.t1,1,2,0,1,4,15
TrSC58v2_6264.t1.e1,5,4,6,9,5,17
TrSC58v2_6265.t1,6,3,1,6,5,20
TrSC58v2_6265.t1.e1,7,19,2,7,5,21
TrSC58v2_6266.t1,0,0,1,2,1,20
TrSC58v2_6266.t1.e1,4,12,5,27,3,22
MSTRG.6107.1,4,0,4,19,17,11
TrSC58v2_6267.t1,9,4,15,1,12,80
TrSC58v2_6267.t1.e1,12,4,18,28,14,70
TrSC58v2_6268.t1,0,5,13,11,11,2
TrSC58v2_6268.t1.e1,4,7,15,13,14,46
TrSC58v2_6269.t1,0,0,8,12,7,28
TrSC58v2_6269.t1.e1,8,4,9,16,7,24
TrSC58v2_6270.t1,27,34,52,71,56,230
TrSC58v2_6270.t1.e1,31,39,54,73,58,257
TrSC58v2_6271.t1,0,0,14,3,6,6
TrSC58v2_6271.t1.e1,34,27,14,53,39,7
TrSC58v2_6272.t1,5,1,10,6,5,51
TrSC58v2_6272.t1.e1,6,4,12,8,7,54
TrSC58v2_6273.t1,0,0,7,1,2,17
TrSC58v2_6273.t1.e1,4,0,8,12,9,18
TrSC58v2_6274.t1,12,21,42,64,42,129
TrSC58v2_6274.t1.e1,15,23,49,74,48,153
TrSC58v2_6275.t1,1,3,1,0,2,23
TrSC58v2_6275.t1.e1,10,19,11,12,2,25
TrSC58v2_6276.t1,4,3,8,7,4,28
TrSC58v2_6276.t1.e1,6,4,11,7,5,29
TrSC58v2_6277.t1,0,0,3,15,10,2
TrSC58v2_6277.t1.e1,17,0,18,19,12,73
TrSC58v2_6278.t1,0,5,45,17,8,1
TrSC58v2_6278.t1.e1,4,6,4,21,8,117
TrSC58v2_6279.t1,3,0,11,9,2,0
TrSC58v2_6279.t1.e1,3,4,15,12,21,104
TrSC58v2_6280.t1,0,1,5,10,1,21
TrSC58v2_6280.t1.e1,2,7,7,11,10,26
TrSC58v2_6281.t1,11,5,11,20,5,39
TrSC58v2_6281.t1.e1,12,7,13,29,6,58
TrSC58v2_6282.t1,7,4,4,14,3,19
TrSC58v2_6282.t1.e1,8,5,5,19,4,23
TrSC58v2_6283.t1,2,0,2,3,2,8
TrSC58v2_6283.t1.e1,3,2,3,4,2,11
TrSC58v2_6284.t1,63,77,173,240,134,591
TrSC58v2_6284.t1.e1,65,79,220,297,155,738
TrSC58v2_6285.t1,2,9,1,21,14,50
TrSC58v2_6285.t1.e1,9,10,17,22,15,53
TrSC58v2_6286.t1,18,17,16,31,18,94
TrSC58v2_6286.t1.e1,23,21,19,35,23,101
MSTRG.6129.1,7,11,0,12,0,67
TrSC58v2_6287.t1,4,1,7,25,13,5
TrSC58v2_6287.t1.e1,5,2,10,2,15,4
TrSC58v2_6288.t1,8,3,6,10,12,8
TrSC58v2_6288.t1.e1,9,2,8,8,16,9
TrSC58v2_6289.t1,0,7,16,29,2,37
TrSC58v2_6289.t1.e1,7,8,19,45,72,49
MSTRG.6128.1,7,21,37,51,32,121
TrSC58v2_6292.t1,7,6,19,53,22,4
TrSC58v2_6292.t1.e1,9,7,29,81,44,186
TrSC58v2_6296.t1,0,1,1,4,5,18
TrSC58v2_6296.t1.e1,4,3,1,5,5,20
TrSC58v2_6297.t1,1,2,2,4,3,6
TrSC58v2_6297.t1.e1,2,2,3,4,3,7
TrSC58v2_6298.t1,2,5,22,12,23,37
TrSC58v2_6298.t1.e1,2,6,26,13,25,41
TrSC58v2_6300.t1.e1,3,4,1,10,13,31
TrSC58v2_6300.t1,0,3,1,2,11,29
TrSC58v2_6301.t1.e1,1,7,12,20,8,38
TrSC58v2_6301.t1,1,0,8,17,6,28
TrSC58v2_6303.t1.e1,7,3,41,12,8,42
TrSC58v2_6303.t1,0,0,2,8,6,52
TrSC58v2_6304.t1.e1,14,37,72,58,37,138
TrSC58v2_6304.t1,11,30,57,48,32,123
TrSC58v2_6305.t1.e1,6,9,3,10,1,28
TrSC58v2_6305.t1,0,1,3,10,1,26
TrSC58v2_6306.t1.e1,28,9,21,36,15,62
TrSC58v2_6306.t1,1,0,18,29,13,55
TrSC58v2_6307.t1.e1,4,7,12,9,0,25
TrSC58v2_6307.t1,0,6,0,7,0,23
TrSC58v2_6308.t1.e1,27,35,45,64,45,154
TrSC58v2_6308.t1,22,24,38,53,36,131
TrSC58v2_6309.t1.e1,18,16,40,68,35,301
TrSC58v2_6309.t1,15,14,33,62,28,2
TrSC58v2_6310.t1.e1,3,7,3,11,5,12
TrSC58v2_6310.t1,0,5,2,6,4,9
TrSC58v2_6312.t1.e1,12,7,7,20,10,51
TrSC58v2_6312.t1,10,7,5,0,8,47
TrSC58v2_6313.t1.e1,14,19,24,43,27,87
TrSC58v2_6313.t1,11,14,21,39,23,75
TrSC58v2_6316.t1.e1,19,51,72,78,61,286
TrSC58v2_6316.t1,17,37,59,62,51,230
TrSC58v2_6317.t1.e1,10,10,26,35,31,104
TrSC58v2_6317.t1,8,8,21,18,23,86
TrSC58v2_6318.t1.e1,7,20,18,22,23,101
TrSC58v2_6318.t1,6,9,16,18,21,87
TrSC58v2_6319.t1.e1,7,8,4,41,6,40
TrSC58v2_6319.t1,5,0,3,2,5,49
TrSC58v2_6320.t1.e1,4,7,11,23,29,62
TrSC58v2_6320.t1,0,6,9,20,24,57
MSTRG.6156.1,7,4,14,26,27,75
MSTRG.6158.1,22,4,44,94,44,211
TrSC58v2_6321.t1.e1,16,10,23,40,18,101
TrSC58v2_6321.t1,12,9,22,27,20,86
TrSC58v2_6322.t1.e1,4,8,6,7,7,29
TrSC58v2_6322.t1,4,0,5,7,3,26
TrSC58v2_6324.t1.e1,12,22,42,45,46,326
TrSC58v2_6324.t1,10,19,30,49,40,8
TrSC58v2_6325.t1.e1,4,0,4,3,0,12
TrSC58v2_6325.t1,0,0,0,2,0,0
TrSC58v2_6326.t1.e1,3,0,5,15,6,27
TrSC58v2_6326.t1,3,0,3,13,5,25
TrSC58v2_6327.t1.e1,15,5,13,42,16,71
TrSC58v2_6327.t1,1,0,10,3,14,64
TrSC58v2_6328.t1.e1,4,5,0,9,8,32
TrSC58v2_6328.t1,0,4,0,8,0,1
TrSC58v2_6329.t1.e1,3,2,11,9,4,12
TrSC58v2_6329.t1,3,1,1,1,0,10
TrSC58v2_6330.t1.e1,7,22,35,36,9,113
TrSC58v2_6330.t1,6,19,28,26,8,101
TrSC58v2_6331.t1.e1,14,14,11,31,4,63
TrSC58v2_6331.t1,7,13,10,1,3,54
TrSC58v2_6332.t1.e1,3,4,12,43,5,49
TrSC58v2_6332.t1,0,0,11,3,4,41
TrSC58v2_6333.t1.e1,5,6,25,19,22,57
TrSC58v2_6333.t1,4,4,19,17,17,49
TrSC58v2_6334.t1.e1,4,6,8,11,0,18
TrSC58v2_6334.t1,1,5,1,10,0,15
TrSC58v2_6335.t1.e1,20,33,31,108,80,162
TrSC58v2_6335.t1,14,26,27,9,3,138
TrSC58v2_6336.t1.e1,2,6,18,8,14,53
TrSC58v2_6336.t1,1,5,2,0,12,46
TrSC58v2_6337.t1.e1,4,0,8,2,3,36
TrSC58v2_6337.t1,0,0,6,1,1,31
TrSC58v2_6338.t1.e1,4,0,0,13,15,36
TrSC58v2_6338.t1,0,0,0,2,12,3
TrSC58v2_6339.t1.e1,4,3,11,9,10,20
TrSC58v2_6339.t1,1,1,3,2,8,17
TrSC58v2_6340.t1.e1,3,9,13,15,11,25
TrSC58v2_6340.t1,1,2,12,12,1,22
TrSC58v2_6341.t1.e1,10,28,23,65,24,92
TrSC58v2_6341.t1,9,3,21,63,22,89
MSTRG.6180.1,16,7,52,73,36,228
TrSC58v2_6342.t1.e1,10,9,28,24,20,77
TrSC58v2_6342.t1,3,3,25,23,19,72
MSTRG.6183.1,7,2,4,40,11,53
TrSC58v2_6345.t1.e1,6,0,3,0,1,5
TrSC58v2_6345.t1,2,0,3,0,0,6
TrSC58v2_6346.t1,1,0,3,1,0,5
TrSC58v2_6346.t1.e1,1,0,4,4,0,4
TrSC58v2_6348.t1.e1,2,2,1,0,4,2
TrSC58v2_6348.t1,0,1,1,0,0,1
TrSC58v2_6349.t1.e1,13,10,13,25,14,57
TrSC58v2_6349.t1,11,8,9,20,11,43
MSTRG.6189.1,18,18,22,35,7,109
TrSC58v2_6350.t1.e1,21,3,11,42,8,33
TrSC58v2_6350.t1,15,2,1,2,6,29
TrSC58v2_6351.t1.e1,1,4,0,2,5,2
TrSC58v2_6351.t1,1,4,0,2,2,2
TrSC58v2_6352.t1.e1,11,4,11,34,19,61
TrSC58v2_6352.t1,9,4,11,31,17,43
TrSC58v2_6353.t1.e1,3,2,5,8,7,16
TrSC58v2_6353.t1,2,2,4,8,5,19
TrSC58v2_6354.t1.e1,37,2,19,24,12,28
TrSC58v2_6354.t1,0,13,1,22,2,50
TrSC58v2_6481.t1,6,1,15,37,16,54
TrSC58v2_6481.t1.e1,9,28,17,40,20,58
TrSC58v2_6482.t1,1,4,5,11,8,21
TrSC58v2_6482.t1.e1,1,12,10,12,9,22
TrSC58v2_6483.t1,0,3,0,1,1,22
TrSC58v2_6483.t1.e1,4,5,6,24,6,38
MSTRG.6319.1,35,26,128,107,119,435
TrSC58v2_6484.t1,1,1,10,7,0,8
TrSC58v2_6484.t1.e1,5,6,13,7,0,43
TrSC58v2_6509.t1,9,7,10,28,8,30
TrSC58v2_6509.t1.e1,11,9,13,32,11,37
TrSC58v2_6511.t1,1,6,1,3,1,21
TrSC58v2_6511.t1.e1,6,7,4,11,4,26
TrSC58v2_6512.t1,0,0,0,1,8,42
TrSC58v2_6512.t1.e1,4,0,15,14,9,34
TrSC58v2_6513.t1,9,1,11,4,9,54
TrSC58v2_6513.t1.e1,13,1,14,5,10,49
TrSC58v2_6510.t1,56,43,82,112,71,300
TrSC58v2_6510.t1.e1,56,54,80,111,81,297
TrSC58v2_6491.t1,0,0,4,0,0,8
TrSC58v2_6491.t1.e1,0,1,7,5,4,9
TrSC58v2_6493.t1,0,0,0,0,3,1
TrSC58v2_6493.t1.e1,0,0,1,0,3,1
TrSC58v2_6496.t1,0,0,0,1,0,1
TrSC58v2_6496.t1.e1,0,0,0,1,2,1
TrSC58v2_6497.t1,0,0,0,0,0,0
TrSC58v2_6497.t1.e1,0,0,0,0,0,0
TrSC58v2_6499.t1,0,0,0,0,5,9
TrSC58v2_6499.t1.e1,0,0,0,0,6,11
TrSC58v2_6506.t1,0,0,7,16,0,14
TrSC58v2_6506.t1.e1,0,0,8,24,7,17
TrSC58v2_6485.t1,5,9,10,37,13,73
TrSC58v2_6485.t1.e1,6,11,12,46,15,89
MSTRG.6322.1,1,3,0,4,8,38
TrSC58v2_6486.t1,0,1,0,8,10,29
TrSC58v2_6486.t1.e1,12,3,10,9,15,23
MSTRG.6323.1,9,4,17,47,23,135
TrSC58v2_6487.t1,13,0,4,5,3,17
TrSC58v2_6487.t1.e1,0,4,6,6,12,30
TrSC58v2_6488.t1,4,2,2,11,1,7
TrSC58v2_6488.t1.e1,0,1,2,1,2,7
MSTRG.6325.1,12,16,41,49,21,175
TrSC58v2_6489.t1,19,0,54,84,48,123
TrSC58v2_6489.t1.e1,23,44,60,36,45,269
TrSC58v2_6490.t1,1,0,1,2,1,6
TrSC58v2_6490.t1.e1,1,0,1,3,2,6
TrSC58v2_6492.t1,8,7,14,32,15,89
TrSC58v2_6492.t1.e1,9,9,17,35,21,110
MSTRG.6330.1,2,18,12,29,18,72
TrSC58v2_6494.t1,0,0,6,2,0,0
TrSC58v2_6494.t1.e1,2,2,5,2,3,17
TrSC58v2_6495.t1,5,8,5,16,8,25
TrSC58v2_6495.t1.e1,6,10,5,19,10,32
TrSC58v2_6498.t1,0,0,0,0,0,0
TrSC58v2_6498.t1.e1,4,0,0,0,0,7
TrSC58v2_6500.t1,0,0,19,2,3,42
TrSC58v2_6500.t1.e1,11,16,0,21,3,44
TrSC58v2_6501.t1,3,2,5,4,5,43
TrSC58v2_6501.t1.e1,4,3,5,56,7,45
TrSC58v2_6502.t1,0,0,0,1,3,2
TrSC58v2_6502.t1.e1,3,3,8,29,29,32
TrSC58v2_6503.t1,6,3,1,12,8,30
TrSC58v2_6503.t1.e1,7,4,6,14,9,35
TrSC58v2_6504.t1,1,0,3,2,1,12
TrSC58v2_6504.t1.e1,3,1,4,9,2,13
TrSC58v2_6505.t1,0,0,3,8,7,11
TrSC58v2_6505.t1.e1,8,4,3,9,0,9
TrSC58v2_6507.t1,0,0,2,10,9,26
TrSC58v2_6507.t1.e1,10,0,13,11,8,21
TrSC58v2_6370.t1,0,0,0,0,7,14
TrSC58v2_6370.t1.e1,0,4,10,18,8,19
TrSC58v2_6378.t1,0,1,2,1,4,21
TrSC58v2_6378.t1.e1,0,8,6,6,4,23
TrSC58v2_6383.t1,0,0,3,1,8,17
TrSC58v2_6383.t1.e1,0,0,13,10,9,20
TrSC58v2_6386.t1,0,1,2,8,3,9
TrSC58v2_6386.t1.e1,0,2,5,9,3,11
TrSC58v2_6395.t1,0,0,6,4,8,15
TrSC58v2_6395.t1.e1,0,4,7,4,10,17
TrSC58v2_6397.t1,0,1,0,0,0,1
TrSC58v2_6397.t1.e1,0,1,0,8,0,9
TrSC58v2_6402.t1,0,0,0,1,0,7
TrSC58v2_6402.t1.e1,0,3,0,4,0,8
MSTRG.6239.2,0,0,35,34,28,215
TrSC58v2_6407.t1,0,5,2,0,6,1
TrSC58v2_6407.t1.e1,0,7,3,12,8,52
TrSC58v2_6409.t1,0,1,4,3,8,8
TrSC58v2_6409.t1.e1,0,2,4,4,9,24
TrSC58v2_6411.t1,0,0,0,0,0,1
TrSC58v2_6411.t1.e1,0,0,16,0,0,28
TrSC58v2_6416.t1,0,3,0,1,0,12
TrSC58v2_6416.t1.e1,0,5,10,2,0,14
TrSC58v2_6429.t1,0,4,4,0,1,2
TrSC58v2_6429.t1.e1,0,2,3,0,3,2
TrSC58v2_6443.t1,0,0,5,2,4,26
TrSC58v2_6443.t1.e1,0,3,6,3,5,30
TrSC58v2_6445.t1,0,0,0,2,9,2
TrSC58v2_6445.t1.e1,0,8,0,25,10,19
TrSC58v2_6450.t1,0,0,1,2,0,19
TrSC58v2_6450.t1.e1,0,0,11,8,0,22
MSTRG.6286.1,0,9,14,23,7,70
MSTRG.6300.1,0,11,13,37,5,48
MSTRG.6305.1,0,0,65,3,0,8
TrSC58v2_6469.t1,0,0,1,2,1,6
TrSC58v2_6469.t1.e1,0,0,3,3,1,7
TrSC58v2_6472.t1,0,8,16,45,16,66
MSTRG.6308.2,0,0,52,45,23,109
TrSC58v2_6475.t1,0,1,2,9,2,5
TrSC58v2_6475.t1.e1,0,2,6,11,4,13
TrSC58v2_6476.t1,0,3,4,12,11,34
TrSC58v2_6476.t1.e1,0,4,5,10,15,27
TrSC58v2_6367.t1,10,1,5,7,14,23
TrSC58v2_6367.t1.e1,10,4,5,9,16,31
TrSC58v2_6368.t1,1,1,1,1,1,24
TrSC58v2_6368.t1.e1,3,11,6,6,7,27
TrSC58v2_6369.t1,0,0,4,0,1,29
TrSC58v2_6369.t1.e1,3,0,21,0,8,33
TrSC58v2_6371.t1,17,8,32,3,43,132
TrSC58v2_6371.t1.e1,19,10,37,126,63,148
TrSC58v2_6372.t1,6,12,13,22,13,124
TrSC58v2_6372.t1.e1,9,14,16,26,16,24
TrSC58v2_6373.t1,0,5,4,32,7,53
TrSC58v2_6373.t1.e1,11,29,49,36,9,58
TrSC58v2_6374.t1,6,6,7,17,26,31
TrSC58v2_6374.t1.e1,9,8,9,22,4,40
TrSC58v2_6375.t1,4,0,16,14,10,52
TrSC58v2_6375.t1.e1,6,5,20,19,13,60
TrSC58v2_6376.t1,6,8,12,13,18,72
TrSC58v2_6376.t1.e1,8,10,19,16,23,79
TrSC58v2_6377.t1,0,2,6,9,9,31
TrSC58v2_6377.t1.e1,3,2,7,12,9,32
MSTRG.6216.1,70,59,100,155,100,344
TrSC58v2_6379.t1,45,57,89,147,69,391
TrSC58v2_6379.t1.e1,50,68,111,119,76,482
TrSC58v2_6380.t1,36,53,82,96,47,349
TrSC58v2_6380.t1.e1,39,64,97,74,54,446
TrSC58v2_6381.t1,6,1,9,7,4,4
TrSC58v2_6381.t1.e1,16,3,10,9,5,67
TrSC58v2_6382.t1,13,17,37,89,73,183
TrSC58v2_6382.t1.e1,15,22,46,90,66,164
TrSC58v2_6387.t1.e1,3,11,5,23,6,27
TrSC58v2_6387.t1,2,8,0,0,3,32
TrSC58v2_6388.t1,10,7,11,25,4,48
TrSC58v2_6388.t1.e1,11,7,13,28,19,50
TrSC58v2_6389.t1.e1,9,33,16,21,29,85
TrSC58v2_6389.t1,0,0,14,18,0,69
TrSC58v2_6390.t1.e1,4,2,4,3,3,39
TrSC58v2_6390.t1,4,1,3,5,2,8
MSTRG.6224.1,5,6,22,50,14,53
TrSC58v2_6392.t1.e1,2,0,1,3,2,13
TrSC58v2_6392.t1,1,0,0,2,2,5
TrSC58v2_6393.t1,0,0,0,0,0,1
TrSC58v2_6393.t1.e1,3,0,0,0,0,2
TrSC58v2_6394.t1.e1,8,7,13,13,18,25
TrSC58v2_6394.t1,0,5,11,8,1,22
TrSC58v2_6398.t1.e1,8,7,8,4,15,9
TrSC58v2_6398.t1,3,0,1,1,2,4
TrSC58v2_6399.t1.e1,4,4,19,9,7,49
TrSC58v2_6399.t1,1,3,0,6,6,3
TrSC58v2_6400.t1.e1,4,7,21,39,30,135
TrSC58v2_6400.t1,0,0,1,2,0,4
TrSC58v2_6401.t1.e1,14,25,43,53,29,342
TrSC58v2_6401.t1,9,20,43,49,26,0
TrSC58v2_6403.t1.e1,12,9,9,15,39,68
TrSC58v2_6403.t1,10,7,7,13,1,45
MSTRG.6236.1,6,2,11,9,24,18
TrSC58v2_6404.t1.e1,18,9,2,21,14,31
TrSC58v2_6404.t1,0,1,4,23,12,31
TrSC58v2_6405.t1,31,1,14,11,4,5
TrSC58v2_6405.t1.e1,14,36,7,28,8,10
MSTRG.6237.1,9,13,18,69,21,130
TrSC58v2_6406.t1.e1,4,5,9,6,1,38
TrSC58v2_6406.t1,0,0,7,4,1,31
MSTRG.6241.1,18,2,7,9,5,47
TrSC58v2_6408.t1,1,1,1,1,1,4
TrSC58v2_6408.t1.e1,1,1,1,1,1,1
TrSC58v2_6410.t1.e1,3,7,5,36,14,9
TrSC58v2_6410.t1,1,5,3,18,17,63
TrSC58v2_6412.t1.e1,5,7,2,4,5,18
TrSC58v2_6412.t1,0,0,0,3,0,13
TrSC58v2_6415.t1.e1,1,0,2,6,9,18
TrSC58v2_6415.t1,1,0,2,4,9,16
TrSC58v2_6417.t1.e1,11,0,15,9,11,92
TrSC58v2_6417.t1,8,0,13,6,10,6
TrSC58v2_6418.t1.e1,18,21,38,55,34,174
TrSC58v2_6418.t1,15,17,34,51,28,155
TrSC58v2_6419.t1.e1,9,12,9,20,8,51
TrSC58v2_6419.t1,6,10,8,0,7,45
TrSC58v2_6420.t1.e1,4,9,26,23,7,34
TrSC58v2_6420.t1,4,9,1,3,6,32
TrSC58v2_6421.t1.e1,9,8,21,18,14,71
TrSC58v2_6421.t1,7,1,17,14,11,59
TrSC58v2_6422.t1.e1,8,0,8,8,20,49
TrSC58v2_6422.t1,6,0,7,1,1,40
TrSC58v2_6423.t1.e1,92,86,178,286,159,623
TrSC58v2_6423.t1,72,80,153,260,149,584
TrSC58v2_6424.t1.e1,1,3,0,3,2,11
TrSC58v2_6424.t1,1,1,0,3,1,10
TrSC58v2_6425.t1.e1,30,14,27,61,35,160
TrSC58v2_6425.t1,27,12,24,53,31,154
TrSC58v2_6426.t1,0,4,8,21,3,76
TrSC58v2_6426.t1.e1,26,6,11,24,4,80
TrSC58v2_6427.t1,1,0,4,2,0,21
TrSC58v2_6427.t1.e1,1,6,10,3,0,23
TrSC58v2_6428.t1,2,2,1,3,1,5
TrSC58v2_6428.t1.e1,4,4,1,4,8,4
TrSC58v2_6430.t1,0,0,0,2,0,11
TrSC58v2_6430.t1.e1,3,0,5,8,4,14
TrSC58v2_6431.t1,5,17,6,28,13,60
TrSC58v2_6431.t1.e1,6,26,9,31,18,65
TrSC58v2_6432.t1,5,0,1,13,15,1
TrSC58v2_6432.t1.e1,7,4,4,20,16,50
TrSC58v2_6433.t1,6,6,5,1,7,61
TrSC58v2_6433.t1.e1,8,7,6,16,8,68
TrSC58v2_6434.t1,1,0,0,0,0,27
TrSC58v2_6434.t1.e1,3,11,24,12,4,32
TrSC58v2_6435.t1,17,4,26,45,17,84
TrSC58v2_6435.t1.e1,20,5,30,57,20,92
TrSC58v2_6436.t1,1,0,5,5,5,13
TrSC58v2_6436.t1.e1,3,4,6,5,6,14
TrSC58v2_6437.t1,6,0,15,17,10,43
TrSC58v2_6437.t1.e1,8,16,20,19,12,50
TrSC58v2_6438.t1,1,1,2,9,3,29
TrSC58v2_6438.t1.e1,2,7,4,10,3,32
TrSC58v2_6439.t1,0,3,0,5,0,2
TrSC58v2_6439.t1.e1,4,4,4,7,4,45
TrSC58v2_6440.t1,0,5,13,15,11,32
TrSC58v2_6440.t1.e1,5,6,15,17,15,35
MSTRG.6271.1,10,44,26,54,43,165
TrSC58v2_6441.t1,0,0,0,9,5,2
TrSC58v2_6441.t1.e1,4,4,12,10,6,80
TrSC58v2_6442.t1,0,0,7,23,14,45
TrSC58v2_6442.t1.e1,9,5,9,25,15,51
TrSC58v2_6444.t1,0,0,1,3,1,2
TrSC58v2_6444.t1.e1,5,5,1,4,2,31
TrSC58v2_6446.t1,22,34,49,57,28,3
TrSC58v2_6446.t1.e1,25,46,55,66,33,307
TrSC58v2_6447.t1,2,1,5,8,2,24
TrSC58v2_6447.t1.e1,7,6,6,10,25,30
TrSC58v2_6448.t1,13,20,24,55,21,112
TrSC58v2_6448.t1.e1,17,23,33,6,28,133
TrSC58v2_6449.t1,12,1,1,48,23,134
TrSC58v2_6449.t1.e1,14,37,62,54,29,160
TrSC58v2_6451.t1,1,11,4,26,11,70
TrSC58v2_6451.t1.e1,18,12,53,29,12,80
TrSC58v2_6452.t1,4,4,20,12,7,34
TrSC58v2_6452.t1.e1,5,5,22,18,9,42
TrSC58v2_6453.t1,0,0,4,7,0,2
TrSC58v2_6453.t1.e1,9,0,5,8,8,32
TrSC58v2_6454.t1,1,0,2,1,0,0
TrSC58v2_6454.t1.e1,1,0,2,1,3,0
TrSC58v2_6455.t1,3,1,19,8,11,66
TrSC58v2_6455.t1.e1,16,9,22,31,12,75
MSTRG.6288.1,7,14,10,16,13,56
TrSC58v2_6456.t1.e1,6,21,40,52,30,142
TrSC58v2_6456.t1,4,16,36,48,29,144
MSTRG.6290.1,15,19,29,51,13,82
TrSC58v2_6457.t1.e1,13,18,33,71,29,159
TrSC58v2_6457.t1,11,15,31,60,23,132
TrSC58v2_6458.t1.e1,1,1,2,1,7,6
TrSC58v2_6458.t1,1,1,2,1,0,4
TrSC58v2_6459.t1.e1,3,8,10,10,10,23
TrSC58v2_6459.t1,1,7,2,10,3,21
MSTRG.6294.1,8,11,29,49,11,92
TrSC58v2_6460.t1.e1,7,19,18,21,29,74
TrSC58v2_6460.t1,5,15,15,17,24,62
TrSC58v2_6461.t1.e1,7,3,10,16,9,44
TrSC58v2_6461.t1,6,3,10,15,8,39
TrSC58v2_6462.t1.e1,12,23,16,22,11,52
TrSC58v2_6462.t1,11,9,16,22,10,52
MSTRG.6298.1,27,13,11,47,14,127
TrSC58v2_6463.t1.e1,24,27,84,121,141,271
TrSC58v2_6463.t1,20,22,8,3,6,214
TrSC58v2_6464.t1.e1,10,11,24,21,9,50
TrSC58v2_6464.t1,1,10,20,24,8,54
TrSC58v2_6465.t1,3,4,5,7,7,22
TrSC58v2_6465.t1.e1,3,4,5,7,8,21
TrSC58v2_6466.t1.e1,14,3,4,3,16,27
TrSC58v2_6466.t1,5,2,3,3,2,30
TrSC58v2_6467.t1.e1,7,10,29,35,21,158
TrSC58v2_6467.t1,4,7,23,28,17,75
TrSC58v2_6468.t1.e1,5,0,3,15,8,32
TrSC58v2_6468.t1,0,0,1,13,0,29
TrSC58v2_6470.t1.e1,2,1,3,5,6,15
TrSC58v2_6470.t1,1,1,3,5,6,15
TrSC58v2_6471.t1.e1,5,5,7,14,9,26
TrSC58v2_6471.t1,0,5,8,15,10,26
TrSC58v2_6472.t1.e1,48,15,42,86,36,198
MSTRG.6308.3,35,44,0,106,56,265
TrSC58v2_6473.t1.e1,15,21,2,64,51,214
TrSC58v2_6473.t1,11,1,2,53,39,164
TrSC58v2_6474.t1.e1,5,6,20,32,2,45
TrSC58v2_6474.t1,5,3,2,0,0,0
TrSC58v2_6477.t1.e1,5,7,15,18,23,38
TrSC58v2_6477.t1,2,6,11,19,19,43
TrSC58v2_6478.t1.e1,10,17,59,74,42,185
TrSC58v2_6478.t1,6,0,52,62,42,186
MSTRG.6313.1,5,8,10,16,23,48
TrSC58v2_6603.t1.e1,2,0,0,2,2,4
TrSC58v2_6603.t1,1,0,0,1,1,1
TrSC58v2_6606.t1.e1,2,5,2,6,2,13
TrSC58v2_6606.t1,1,0,2,5,1,12
MSTRG.6446.2,0,0,0,7,19,130
TrSC58v2_6605.t1.e1,10,17,19,5,6,11
TrSC58v2_6605.t1,0,0,15,5,11,9
TrSC58v2_9458.t1.e1,5,1,5,13,4,28
TrSC58v2_9458.t1,2,1,5,12,3,28
TrSC58v2_6604.t1.e1,2,9,8,21,3,33
TrSC58v2_6604.t1,0,6,1,19,3,28
TrSC58v2_6602.t1.e1,1,1,0,1,2,1
TrSC58v2_6602.t1,1,1,0,1,0,1
TrSC58v2_6607.t1.e1,15,30,27,58,29,111
TrSC58v2_6607.t1,12,3,25,54,27,102
TrSC58v2_6608.t1.e1,1,1,5,4,2,4
TrSC58v2_6608.t1,0,0,4,1,1,3
TrSC58v2_6611.t1,0,0,0,0,0,2
TrSC58v2_6611.t1.e1,2,0,0,2,0,6
TrSC58v2_6522.t1,0,0,0,1,0,1
TrSC58v2_6522.t1.e1,0,0,0,2,0,4
TrSC58v2_6524.t1,0,0,0,1,0,0
TrSC58v2_6524.t1.e1,0,0,0,1,0,0
TrSC58v2_6525.t1.e1,0,0,0,0,0,0
TrSC58v2_6525.t1,0,0,0,0,0,0
MSTRG.6362.1,0,0,34,67,49,115
TrSC58v2_6526.t1,0,0,0,1,1,1
TrSC58v2_6526.t1.e1,0,0,7,4,5,29
TrSC58v2_6530.t1,0,0,1,0,2,9
TrSC58v2_6530.t1.e1,0,0,3,4,22,10
TrSC58v2_6537.t1,0,5,0,3,0,6
TrSC58v2_6537.t1.e1,0,5,8,3,15,8
TrSC58v2_6538.t1,0,2,0,2,0,11
TrSC58v2_6538.t1.e1,0,2,0,2,0,12
TrSC58v2_6540.t1,0,1,0,1,4,13
TrSC58v2_6540.t1.e1,0,1,0,4,4,20
TrSC58v2_6541.t1,0,0,0,0,2,9
TrSC58v2_6541.t1.e1,0,0,8,16,3,12
TrSC58v2_6545.t1,0,0,0,1,0,2
TrSC58v2_6545.t1.e1,0,0,0,3,0,10
TrSC58v2_6546.t1,0,0,1,0,1,2
TrSC58v2_6546.t1.e1,0,0,1,8,2,2
TrSC58v2_6548.t1,0,0,0,0,7,1
TrSC58v2_6548.t1.e1,0,3,13,14,9,25
TrSC58v2_6549.t1,0,5,8,17,4,41
TrSC58v2_6549.t1.e1,0,7,10,24,5,45
TrSC58v2_6550.t1,0,0,0,0,1,3
TrSC58v2_6550.t1.e1,0,0,0,0,1,6
TrSC58v2_6553.t1,0,1,7,5,1,22
TrSC58v2_6553.t1.e1,0,3,8,6,2,27
TrSC58v2_6554.t1,0,0,0,0,0,14
TrSC58v2_6554.t1.e1,0,0,8,2,0,16
TrSC58v2_6556.t1,0,2,14,0,14,19
TrSC58v2_6556.t1.e1,0,2,18,51,15,21
TrSC58v2_6561.t1,0,1,2,9,1,32
TrSC58v2_6561.t1.e1,0,3,27,10,5,35
TrSC58v2_6562.t1,0,0,0,0,1,8
TrSC58v2_6562.t1.e1,0,0,0,8,3,8
TrSC58v2_6563.t1,0,0,5,0,4,17
TrSC58v2_6563.t1.e1,0,0,6,4,5,22
TrSC58v2_6575.t1,0,7,4,15,10,29
TrSC58v2_6575.t1.e1,0,8,5,18,12,39
TrSC58v2_6580.t1,0,7,40,35,30,3
TrSC58v2_6580.t1.e1,0,9,44,49,40,159
TrSC58v2_6585.t1,0,0,19,40,6,66
TrSC58v2_6585.t1.e1,0,4,21,49,9,73
TrSC58v2_6586.t1,0,0,5,0,0,2
TrSC58v2_6586.t1.e1,0,0,6,0,0,27
TrSC58v2_6597.t1,0,0,12,7,8,43
TrSC58v2_6597.t1.e1,0,0,14,8,11,50
TrSC58v2_6601.t1,0,0,2,10,5,30
TrSC58v2_6601.t1.e1,0,0,25,11,8,34
TrSC58v2_6517.t1,4,8,5,13,9,11
TrSC58v2_6517.t1.e1,5,10,7,19,13,89
TrSC58v2_6518.t1,0,1,0,2,1,1
TrSC58v2_6518.t1.e1,19,6,11,27,10,42
TrSC58v2_6519.t1,0,1,1,0,9,1
TrSC58v2_6519.t1.e1,30,3,6,4,10,29
TrSC58v2_6520.t1,8,10,29,42,36,129
TrSC58v2_6520.t1.e1,9,11,30,45,39,138
TrSC58v2_6521.t1,0,6,18,9,1,34
TrSC58v2_6521.t1.e1,5,9,20,11,23,38
TrSC58v2_6523.t1,0,2,0,1,11,1
TrSC58v2_6523.t1.e1,4,2,15,10,12,32
TrSC58v2_6527.t1.e1,8,3,8,10,7,26
TrSC58v2_6527.t1,0,3,0,9,6,22
TrSC58v2_6528.t1.e1,7,3,6,3,7,8
TrSC58v2_6528.t1,2,0,5,3,2,8
TrSC58v2_6529.t1.e1,6,0,2,8,18,21
TrSC58v2_6529.t1,1,0,1,2,0,19
TrSC58v2_6531.t1.e1,8,9,36,61,14,54
TrSC58v2_6531.t1,0,7,2,2,10,37
TrSC58v2_6532.t1.e1,3,0,5,8,13,51
TrSC58v2_6532.t1,0,0,4,7,9,48
TrSC58v2_6533.t1.e1,3,9,4,13,6,62
TrSC58v2_6533.t1,0,7,0,0,1,4
TrSC58v2_6534.t1.e1,8,4,6,7,3,26
TrSC58v2_6534.t1,0,1,5,5,3,23
MSTRG.6371.1,3,0,8,14,0,27
TrSC58v2_6535.t1.e1,6,0,8,16,8,50
TrSC58v2_6535.t1,5,0,7,13,7,40
TrSC58v2_6536.t1.e1,8,4,4,1,11,21
TrSC58v2_6536.t1,6,0,0,1,1,18
TrSC58v2_6539.t1.e1,15,9,11,19,32,67
TrSC58v2_6539.t1,12,15,9,15,28,53
TrSC58v2_6542.t1.e1,9,3,5,9,5,11
TrSC58v2_6542.t1,0,3,0,1,4,10
MSTRG.6381.1,3,0,7,0,0,37
TrSC58v2_6543.t1.e1,5,7,9,21,22,27
TrSC58v2_6543.t1,4,6,1,3,0,25
TrSC58v2_6544.t1.e1,15,13,7,39,10,48
TrSC58v2_6544.t1,2,2,6,2,9,44
TrSC58v2_6547.t1.e1,13,7,34,41,34,85
TrSC58v2_6547.t1,10,0,28,46,28,75
TrSC58v2_6551.t1.e1,3,12,9,14,7,23
TrSC58v2_6551.t1,0,0,7,11,5,20
TrSC58v2_6552.t1.e1,5,5,8,42,4,33
TrSC58v2_6552.t1,0,0,0,0,3,30
TrSC58v2_6555.t1.e1,9,3,5,9,5,11
TrSC58v2_6555.t1,0,3,0,1,4,10
TrSC58v2_6557.t1.e1,28,42,80,193,98,341
TrSC58v2_6557.t1,23,36,72,157,81,293
TrSC58v2_6558.t1.e1,1,5,23,12,6,41
TrSC58v2_6558.t1,1,4,4,12,6,34
TrSC58v2_6559.t1.e1,3,0,4,11,9,8
TrSC58v2_6559.t1,0,0,0,0,8,10
TrSC58v2_6560.t1.e1,4,4,14,16,18,64
TrSC58v2_6560.t1,0,0,11,13,14,3
TrSC58v2_6564.t1.e1,7,2,8,2,7,13
TrSC58v2_6564.t1,0,1,7,1,6,12
TrSC58v2_6565.t1.e1,2,0,14,5,6,28
TrSC58v2_6565.t1,1,0,3,5,2,23
TrSC58v2_6566.t1.e1,1,6,19,19,14,37
TrSC58v2_6566.t1,1,1,15,7,13,35
MSTRG.6406.1,3,4,18,60,37,88
TrSC58v2_6567.t1.e1,4,10,7,4,28,89
TrSC58v2_6567.t1,3,9,6,3,22,9
TrSC58v2_6568.t1.e1,10,27,38,51,81,228
TrSC58v2_6568.t1,7,20,31,40,62,2
TrSC58v2_6569.t1.e1,3,4,7,16,13,35
TrSC58v2_6569.t1,2,0,6,13,11,30
TrSC58v2_6570.t1.e1,5,14,14,35,18,49
TrSC58v2_6570.t1,4,12,12,30,15,43
TrSC58v2_6571.t1.e1,19,3,25,49,29,86
TrSC58v2_6571.t1,17,0,19,35,26,75
TrSC58v2_6572.t1.e1,3,11,26,43,21,96
TrSC58v2_6572.t1,0,9,18,37,19,67
TrSC58v2_6573.t1.e1,13,2,5,4,5,13
TrSC58v2_6573.t1,2,2,1,0,1,10
TrSC58v2_6574.t1.e1,13,0,7,10,8,30
TrSC58v2_6574.t1,0,0,0,8,1,24
TrSC58v2_6576.t1.e1,3,3,3,11,9,12
TrSC58v2_6576.t1,0,2,2,10,7,11
TrSC58v2_6577.t1.e1,5,12,8,12,0,10
TrSC58v2_6577.t1,1,0,6,1,0,13
TrSC58v2_6578.t1.e1,8,7,4,9,5,29
TrSC58v2_6578.t1,0,2,0,7,4,24
TrSC58v2_6579.t1.e1,9,16,22,43,32,120
TrSC58v2_6579.t1,6,15,21,30,25,103
TrSC58v2_6581.t1.e1,23,4,7,11,8,33
TrSC58v2_6581.t1,4,0,6,10,7,4
TrSC58v2_6582.t1.e1,8,18,29,57,13,106
TrSC58v2_6582.t1,6,13,0,44,11,85
TrSC58v2_6583.t1.e1,6,15,15,18,23,32
TrSC58v2_6583.t1,0,0,14,15,17,29
TrSC58v2_6584.t1.e1,13,3,11,25,20,52
TrSC58v2_6584.t1,10,3,10,21,17,45
TrSC58v2_6587.t1.e1,13,20,15,45,20,74
TrSC58v2_6587.t1,10,16,15,43,14,79
MSTRG.6428.1,26,17,16,76,17,180
TrSC58v2_6588.t1.e1,51,88,141,168,1,181
TrSC58v2_6588.t1,1,1,1,1,102,293
TrSC58v2_6589.t1.e1,12,14,16,34,17,57
TrSC58v2_6589.t1,10,10,13,24,13,76
TrSC58v2_6590.t1.e1,30,57,87,105,65,245
TrSC58v2_6590.t1,27,47,74,95,61,294
TrSC58v2_6591.t1.e1,12,13,14,33,17,69
TrSC58v2_6591.t1,10,10,13,25,13,57
TrSC58v2_6592.t1.e1,30,60,87,111,61,238
TrSC58v2_6592.t1,25,47,71,93,66,303
MSTRG.6434.1,17,16,25,53,25,149
TrSC58v2_6593.t1,5,8,4,11,7,20
TrSC58v2_6593.t1.e1,5,5,6,16,5,6
TrSC58v2_6594.t1.e1,1,3,2,3,3,8
TrSC58v2_6594.t1,1,1,3,4,3,8
TrSC58v2_6595.t1.e1,26,47,124,84,83,213
TrSC58v2_6595.t1,23,41,1,74,0,201
TrSC58v2_6596.t1.e1,14,8,7,20,16,43
TrSC58v2_6596.t1,11,0,0,17,13,37
TrSC58v2_6598.t1.e1,4,4,3,1,4,21
TrSC58v2_6598.t1,0,1,0,1,0,18
TrSC58v2_6599.t1.e1,23,12,15,28,27,66
TrSC58v2_6599.t1,0,9,13,24,23,63
TrSC58v2_6600.t1.e1,4,5,9,8,9,41
TrSC58v2_6600.t1,0,4,7,7,6,38
TrSC58v2_6720.t1,12,18,36,89,46,166
TrSC58v2_6720.t1.e1,14,21,39,96,63,184
TrSC58v2_6721.t1,3,1,4,1,3,18
TrSC58v2_6721.t1.e1,3,4,5,10,4,20
TrSC58v2_6722.t1,0,0,0,1,1,33
TrSC58v2_6722.t1.e1,3,0,14,15,11,36
TrSC58v2_6724.t1,0,1,9,7,0,2
TrSC58v2_6724.t1.e1,7,3,12,8,4,63
TrSC58v2_6723.t1,0,0,18,4,12,3
TrSC58v2_6723.t1.e1,6,0,22,5,17,114
TrSC58v2_6725.t1,0,2,0,1,2,17
TrSC58v2_6725.t1.e1,11,5,0,1,6,19
TrSC58v2_6728.t1,4,0,6,19,9,55
TrSC58v2_6728.t1.e1,4,21,8,15,11,48
TrSC58v2_6729.t1,3,12,3,14,11,52
TrSC58v2_6729.t1.e1,6,13,5,15,12,58
TrSC58v2_6730.t1,1,0,0,5,2,16
TrSC58v2_6730.t1.e1,10,4,4,6,5,19
TrSC58v2_6732.t1,8,6,2,17,10,71
TrSC58v2_6732.t1.e1,11,8,22,20,11,79
TrSC58v2_6735.t1,6,11,25,31,37,100
TrSC58v2_6735.t1.e1,8,13,26,35,40,125
TrSC58v2_6739.t1,4,4,0,6,13,32
TrSC58v2_6739.t1.e1,5,6,31,8,17,37
TrSC58v2_6741.t1.e1,13,14,33,31,23,93
TrSC58v2_6741.t1,0,13,0,14,19,75
TrSC58v2_6742.t1.e1,5,7,9,9,5,35
TrSC58v2_6742.t1,3,3,2,1,2,9
TrSC58v2_6743.t1.e1,3,3,3,17,12,32
TrSC58v2_6743.t1,1,3,3,15,9,30
MSTRG.6576.1,3,3,0,19,5,16
TrSC58v2_6744.t1.e1,1,3,3,3,2,5
TrSC58v2_6744.t1,1,3,2,1,1,6
TrSC58v2_6745.t1.e1,12,26,20,47,26,89
TrSC58v2_6745.t1,7,2,18,37,23,125
TrSC58v2_6747.t1,1,1,1,2,4,2
TrSC58v2_6747.t1.e1,1,1,3,3,4,9
TrSC58v2_6746.t1,1,1,1,6,2,4
TrSC58v2_6746.t1.e1,12,10,6,7,9,29
TrSC58v2_6749.t1,0,0,0,7,3,11
TrSC58v2_6749.t1.e1,4,2,6,9,9,12
TrSC58v2_6750.t1,0,4,11,11,11,33
TrSC58v2_6750.t1.e1,2,5,13,14,14,46
TrSC58v2_6756.t1,2,9,18,16,9,59
TrSC58v2_6756.t1.e1,3,10,20,20,13,66
TrSC58v2_6757.t1,0,0,8,16,11,35
TrSC58v2_6757.t1.e1,4,10,9,17,12,41
TrSC58v2_6752.t1,0,20,39,63,72,216
TrSC58v2_6752.t1.e1,17,22,40,73,72,200
TrSC58v2_6758.t1,4,0,0,4,9,8
TrSC58v2_6758.t1.e1,5,4,16,5,11,46
TrSC58v2_6760.t1,8,0,6,2,2,3
TrSC58v2_6760.t1.e1,9,6,7,32,15,44
TrSC58v2_6761.t1,2,5,9,0,7,25
TrSC58v2_6761.t1.e1,3,6,10,18,8,28
TrSC58v2_6763.t1,9,3,10,6,6,33
TrSC58v2_6763.t1.e1,10,15,11,7,7,39
TrSC58v2_6765.t1,1,1,1,1,7,15
TrSC58v2_6765.t1.e1,4,7,5,1,7,17
TrSC58v2_6762.t1,12,4,20,41,22,60
TrSC58v2_6762.t1.e1,15,5,23,44,28,70
TrSC58v2_6767.t1,0,2,4,12,5,27
TrSC58v2_6767.t1.e1,3,9,5,15,5,30
TrSC58v2_6766.t1,32,21,51,270,78,301
TrSC58v2_6766.t1.e1,35,25,55,8,87,338
TrSC58v2_6769.t1,0,1,2,17,2,28
TrSC58v2_6769.t1.e1,7,2,24,19,5,29
TrSC58v2_6770.t1,0,0,2,9,0,18
TrSC58v2_6770.t1.e1,4,0,5,10,0,21
TrSC58v2_6772.t1,5,4,5,5,0,20
TrSC58v2_6772.t1.e1,6,5,6,5,0,23
TrSC58v2_6771.t1,5,4,0,7,11,30
TrSC58v2_6771.t1.e1,6,5,4,9,13,35
TrSC58v2_6774.t1,0,1,1,0,1,1
TrSC58v2_6774.t1.e1,3,8,4,0,4,3
TrSC58v2_6773.t1,5,0,5,3,6,27
TrSC58v2_6773.t1.e1,6,6,11,4,8,23
TrSC58v2_6775.t1,1,0,0,1,0,21
TrSC58v2_6775.t1.e1,9,0,6,11,5,26
TrSC58v2_6779.t1,0,2,4,1,4,26
TrSC58v2_6779.t1.e1,5,3,4,4,5,34
TrSC58v2_6778.t1,7,8,1,15,0,28
TrSC58v2_6778.t1.e1,10,9,28,16,10,33
TrSC58v2_6781.t1,0,0,0,14,3,43
TrSC58v2_6781.t1.e1,3,4,8,16,5,6
TrSC58v2_6782.t1,2,1,0,2,9,35
TrSC58v2_6782.t1.e1,7,15,30,23,13,43
TrSC58v2_6783.t1,0,8,8,31,22,72
TrSC58v2_6783.t1.e1,10,10,44,39,30,85
TrSC58v2_6785.t1,4,2,5,3,0,28
TrSC58v2_6785.t1.e1,5,8,5,7,22,29
TrSC58v2_6780.t1,17,18,81,136,92,272
TrSC58v2_6780.t1.e1,21,21,79,156,115,299
TrSC58v2_6794.t1,1,2,4,0,0,13
TrSC58v2_6794.t1.e1,4,8,5,12,0,15
TrSC58v2_6796.t1,0,8,0,10,2,46
TrSC58v2_6796.t1.e1,11,10,22,12,29,57
TrSC58v2_6797.t1,0,1,8,9,1,29
TrSC58v2_6797.t1.e1,3,3,10,9,1,35
TrSC58v2_6798.t1,0,6,5,0,0,38
TrSC58v2_6798.t1.e1,5,7,7,22,31,42
TrSC58v2_6799.t1,0,4,9,2,0,1
TrSC58v2_6799.t1.e1,3,5,13,37,16,71
TrSC58v2_6801.t1,7,19,35,52,44,156
TrSC58v2_6801.t1.e1,9,23,41,61,48,181
TrSC58v2_6788.t1,0,0,6,0,11,33
TrSC58v2_6788.t1.e1,0,8,9,4,12,37
TrSC58v2_6786.t1,6,12,24,45,41,111
TrSC58v2_6786.t1.e1,8,15,28,45,38,119
TrSC58v2_6787.t1,1,0,5,1,1,18
TrSC58v2_6787.t1.e1,4,8,5,10,3,20
TrSC58v2_6789.t1,0,0,4,0,0,2
TrSC58v2_6789.t1.e1,4,4,5,16,4,13
TrSC58v2_6790.t1,8,6,5,17,10,54
TrSC58v2_6790.t1.e1,11,8,7,21,11,62
TrSC58v2_6791.t1,4,6,4,27,17,45
TrSC58v2_6791.t1.e1,6,8,6,29,21,47
TrSC58v2_6792.t1,3,0,0,7,0,24
TrSC58v2_6792.t1.e1,5,12,7,8,7,29
TrSC58v2_6803.t1,0,1,0,0,0,13
TrSC58v2_6803.t1.e1,2,2,3,4,0,14
TrSC58v2_6802.t1,5,8,11,13,10,39
TrSC58v2_6802.t1.e1,6,11,13,18,13,53
MSTRG.6682.1,4,2,16,25,35,58
TrSC58v2_6849.t1,23,26,41,52,50,175
TrSC58v2_6849.t1.e1,26,30,47,59,57,209
TrSC58v2_6853.t1,5,4,21,27,15,61
TrSC58v2_6853.t1.e1,6,6,24,32,17,101
TrSC58v2_6859.t1,1,3,7,6,1,21
TrSC58v2_6859.t1.e1,3,7,11,7,9,28
TrSC58v2_6862.t1,0,6,11,11,4,11
TrSC58v2_6862.t1.e1,2,7,14,13,6,15
TrSC58v2_6860.t1,0,5,0,6,1,23
TrSC58v2_6860.t1.e1,3,6,15,7,9,26
MSTRG.6684.1,6,5,2,11,6,34
TrSC58v2_6850.t1,1,1,1,61,3,196
TrSC58v2_6850.t1.e1,58,54,105,71,122,216
TrSC58v2_6851.t1,16,12,31,46,39,147
TrSC58v2_6851.t1.e1,14,11,27,43,32,139
TrSC58v2_6852.t1,5,9,20,28,18,52
TrSC58v2_6852.t1.e1,4,14,15,20,13,47
TrSC58v2_6863.t1,2,0,9,9,6,1
TrSC58v2_6863.t1.e1,2,0,13,14,7,80
TrSC58v2_6866.t1,1,0,0,1,0,0
TrSC58v2_6866.t1.e1,1,0,1,1,1,4
TrSC58v2_6867.t1,2,3,9,7,12,29
TrSC58v2_6867.t1.e1,3,5,13,9,15,35
MSTRG.6702.1,15,12,10,17,5,75
TrSC58v2_6871.t1.e1,13,8,8,18,11,38
TrSC58v2_6871.t1,10,6,6,17,8,30
TrSC58v2_6887.t1,18,15,33,46,37,103
TrSC58v2_6887.t1.e1,21,16,38,50,43,113
TrSC58v2_6888.t1,1,2,3,4,1,28
TrSC58v2_6888.t1.e1,2,9,23,37,18,36
TrSC58v2_6891.t1,0,0,2,0,11,1
TrSC58v2_6891.t1.e1,6,0,10,12,2,24
TrSC58v2_6895.t1,0,1,2,2,6,41
TrSC58v2_6895.t1.e1,15,3,4,21,15,44
TrSC58v2_6892.t1,2,8,6,8,5,1
TrSC58v2_6892.t1.e1,3,10,8,11,7,46
TrSC58v2_6893.t1,3,0,1,2,0,13
TrSC58v2_6893.t1.e1,4,0,10,12,8,15
TrSC58v2_6872.t1,0,0,0,0,5,2
TrSC58v2_6872.t1.e1,0,7,0,5,6,18
TrSC58v2_6873.t1,0,6,7,0,4,1
TrSC58v2_6873.t1.e1,0,7,9,7,5,54
TrSC58v2_6874.t1,0,0,0,1,3,2
TrSC58v2_6874.t1.e1,0,0,0,2,4,9
TrSC58v2_6875.t1,0,0,5,4,0,10
TrSC58v2_6875.t1.e1,0,9,7,5,0,13
TrSC58v2_6876.t1,0,1,0,1,1,6
TrSC58v2_6876.t1.e1,0,1,0,3,3,7
TrSC58v2_6878.t1,0,0,3,1,0,15
TrSC58v2_6878.t1.e1,0,0,4,5,0,17
TrSC58v2_6880.t1,0,4,5,4,4,6
TrSC58v2_6880.t1.e1,0,6,6,4,6,55
TrSC58v2_6882.t1,0,0,1,3,1,11
TrSC58v2_6882.t1.e1,0,0,4,3,8,13
TrSC58v2_6884.t1,0,1,4,10,0,18
TrSC58v2_6884.t1.e1,0,10,5,12,0,16
MSTRG.6704.1,24,14,23,28,18,108
TrSC58v2_6877.t1.e1,2,14,17,15,6,33
TrSC58v2_6877.t1,1,0,15,13,6,28
TrSC58v2_6879.t1.e1,8,11,11,14,13,44
TrSC58v2_6879.t1,7,10,11,13,12,38
TrSC58v2_6881.t1.e1,11,0,4,9,11,23
TrSC58v2_6881.t1,0,0,0,1,0,18
TrSC58v2_6883.t1.e1,8,8,9,12,16,30
TrSC58v2_6883.t1,1,1,8,0,0,1
TrSC58v2_6885.t1.e1,5,4,8,20,10,42
TrSC58v2_6885.t1,4,0,6,13,8,49
TrSC58v2_6886.t1.e1,7,23,47,20,70,110
TrSC58v2_6886.t1,0,0,3,18,1,3
MSTRG.6720.1,30,9,23,39,9,132
TrSC58v2_6617.t1,0,0,0,0,0,0
TrSC58v2_6617.t1.e1,0,0,0,0,0,0
TrSC58v2_6618.t1,0,0,0,0,0,0
TrSC58v2_6618.t1.e1,0,0,0,0,0,0
TrSC58v2_6619.t1,0,0,0,0,0,0
TrSC58v2_6619.t1.e1,0,0,0,0,0,0
TrSC58v2_6620.t1,0,0,0,0,0,0
TrSC58v2_6620.t1.e1,0,0,0,0,0,0
TrSC58v2_6621.t1,0,0,0,0,0,0
TrSC58v2_6621.t1.e1,0,0,0,0,0,0
TrSC58v2_6622.t1,0,0,0,0,0,0
TrSC58v2_6622.t1.e1,0,0,0,0,0,4
TrSC58v2_6623.t1,0,0,0,0,0,1
TrSC58v2_6623.t1.e1,0,0,0,0,0,11
TrSC58v2_6624.t1,0,0,0,0,0,0
TrSC58v2_6624.t1.e1,0,0,0,0,0,0
TrSC58v2_6625.t1,0,0,0,0,0,0
TrSC58v2_6625.t1.e1,0,0,0,0,0,0
TrSC58v2_6626.t1,0,0,0,0,0,0
TrSC58v2_6626.t1.e1,0,0,0,0,0,0
TrSC58v2_6627.t1,0,3,7,19,0,32
TrSC58v2_6627.t1.e1,0,4,9,21,8,36
TrSC58v2_6638.t1,0,0,1,1,2,3
TrSC58v2_6638.t1.e1,0,0,2,2,2,3
TrSC58v2_6642.t1,0,0,19,12,8,51
TrSC58v2_6642.t1.e1,0,4,21,13,9,55
TrSC58v2_6643.t1,0,0,0,0,1,0
TrSC58v2_6643.t1.e1,0,0,0,4,3,8
TrSC58v2_6648.t1,0,5,5,7,3,35
TrSC58v2_6648.t1.e1,0,6,5,7,13,42
TrSC58v2_6649.t1,0,3,4,5,3,8
TrSC58v2_6649.t1.e1,0,4,5,6,4,9
MSTRG.6483.1,0,0,0,0,0,104
TrSC58v2_6652.t1,0,5,10,15,10,59
TrSC58v2_6652.t1.e1,0,7,12,18,13,70
TrSC58v2_6664.t1,0,1,0,0,0,4
TrSC58v2_6664.t1.e1,0,2,0,2,0,4
TrSC58v2_6665.t1,0,1,1,2,0,10
TrSC58v2_6665.t1.e1,0,2,3,3,2,12
MSTRG.6504.1,0,0,2,38,15,35
TrSC58v2_6675.t1,0,3,0,1,0,15
TrSC58v2_6675.t1.e1,0,4,12,17,4,18
MSTRG.6513.2,0,0,0,0,0,298
MSTRG.6513.1,0,20,0,0,0,242
TrSC58v2_6678.t1,0,2,0,0,2,0
TrSC58v2_6678.t1.e1,0,3,4,2,3,11
TrSC58v2_6685.t1,0,3,3,9,1,24
TrSC58v2_6685.t1.e1,0,12,4,10,1,27
TrSC58v2_6696.t1,0,0,3,1,0,2
TrSC58v2_6696.t1.e1,0,0,3,1,0,2
TrSC58v2_6697.t1,0,0,3,2,1,7
TrSC58v2_6697.t1.e1,0,0,3,1,2,6
TrSC58v2_6698.t1,0,0,1,2,1,1
TrSC58v2_6698.t1.e1,0,0,2,2,4,16
TrSC58v2_6706.t1,0,0,0,7,3,16
TrSC58v2_6706.t1.e1,0,0,2,9,7,14
TrSC58v2_6709.t1,0,0,12,0,3,30
TrSC58v2_6709.t1.e1,0,11,11,16,3,35
TrSC58v2_6711.t1,0,0,1,2,5,11
TrSC58v2_6711.t1.e1,0,4,8,13,8,13
TrSC58v2_6715.t1,0,0,0,0,0,12
TrSC58v2_6715.t1.e1,0,0,0,4,5,15
TrSC58v2_6616.t1.e1,4,4,8,5,0,30
TrSC58v2_6616.t1,4,0,1,4,0,5
TrSC58v2_6628.t1,1,1,4,0,1,24
TrSC58v2_6628.t1.e1,4,3,4,16,3,25
TrSC58v2_6629.t1,0,0,1,1,9,45
TrSC58v2_6629.t1.e1,4,0,11,29,11,49
TrSC58v2_6630.t1,0,1,0,0,0,10
TrSC58v2_6630.t1.e1,8,9,4,0,5,12
TrSC58v2_6631.t1,6,0,18,16,10,56
TrSC58v2_6631.t1.e1,7,6,24,18,13,47
TrSC58v2_6632.t1,0,0,0,5,0,9
TrSC58v2_6632.t1.e1,4,0,2,6,14,8
TrSC58v2_6633.t1,4,25,42,20,22,65
TrSC58v2_6633.t1.e1,84,58,129,278,182,773
TrSC58v2_6634.t1,6,0,16,19,19,58
TrSC58v2_6634.t1.e1,8,6,18,22,26,64
TrSC58v2_6635.t1,45,44,88,158,114,448
TrSC58v2_6635.t1.e1,51,51,106,179,123,507
TrSC58v2_6636.t1,8,10,23,2,31,116
TrSC58v2_6636.t1.e1,11,15,28,74,35,134
TrSC58v2_6637.t1,41,21,73,108,95,257
TrSC58v2_6637.t1.e1,44,28,69,108,90,272
TrSC58v2_6639.t1,5,6,22,33,5,106
TrSC58v2_6639.t1.e1,6,8,24,39,52,113
TrSC58v2_6640.t1,4,1,1,1,1,39
TrSC58v2_6640.t1.e1,5,11,1,2,6,45
TrSC58v2_6641.t1,3,3,0,9,9,46
TrSC58v2_6641.t1.e1,5,5,3,12,11,50
TrSC58v2_6644.t1,1,0,2,1,4,12
TrSC58v2_6644.t1.e1,3,0,7,11,5,12
TrSC58v2_6645.t1,0,4,9,11,0,34
TrSC58v2_6645.t1.e1,3,5,13,12,8,38
TrSC58v2_6646.t1,0,12,11,26,14,76
TrSC58v2_6646.t1.e1,4,15,14,29,16,85
TrSC58v2_6647.t1,1,0,13,6,0,13
TrSC58v2_6647.t1.e1,7,16,14,8,16,116
TrSC58v2_6650.t1,5,0,3,2,23,27
TrSC58v2_6650.t1.e1,8,22,37,16,0,30
TrSC58v2_6651.t1,13,4,3,20,2,60
TrSC58v2_6651.t1.e1,14,30,35,23,32,65
TrSC58v2_6653.t1,19,18,42,58,24,214
TrSC58v2_6653.t1.e1,22,20,49,63,26,237
TrSC58v2_6654.t1,9,7,18,39,17,103
TrSC58v2_6654.t1.e1,9,8,20,42,18,114
TrSC58v2_6655.t1,7,0,0,15,1,49
TrSC58v2_6655.t1.e1,8,8,15,16,11,53
MSTRG.6489.1,57,54,139,123,105,486
TrSC58v2_6656.t1,7,7,15,19,11,77
TrSC58v2_6656.t1.e1,7,8,15,20,12,72
TrSC58v2_6657.t1,8,8,17,23,18,97
TrSC58v2_6657.t1.e1,8,8,17,24,16,101
TrSC58v2_6658.t1,1,3,7,7,8,66
TrSC58v2_6658.t1.e1,14,5,8,7,7,85
TrSC58v2_6659.t1,15,23,23,55,21,139
TrSC58v2_6659.t1.e1,20,26,20,77,23,147
TrSC58v2_6660.t1,0,5,7,3,8,2
TrSC58v2_6660.t1.e1,4,7,9,28,12,81
TrSC58v2_6661.t1,2,0,10,11,5,8
TrSC58v2_6661.t1.e1,3,0,12,13,7,88
TrSC58v2_6662.t1,8,6,15,17,12,53
TrSC58v2_6662.t1.e1,9,7,17,19,14,61
TrSC58v2_6663.t1,13,5,24,34,22,126
TrSC58v2_6663.t1.e1,14,9,30,38,26,157
MSTRG.6496.1,25,4,19,43,32,112
TrSC58v2_6666.t1,11,9,17,17,15,39
TrSC58v2_6666.t1.e1,13,10,20,19,17,99
TrSC58v2_6667.t1,1,0,0,7,0,11
TrSC58v2_6667.t1.e1,1,12,0,8,0,13
TrSC58v2_6668.t1,10,3,19,21,0,7
TrSC58v2_6668.t1.e1,12,4,26,19,17,142
TrSC58v2_6669.t1,0,15,22,30,33,104
TrSC58v2_6669.t1.e1,4,15,26,33,38,144
TrSC58v2_6670.t1,1,1,0,1,2,1
TrSC58v2_6670.t1.e1,1,2,10,1,1,2
TrSC58v2_6671.t1,6,6,12,15,11,48
TrSC58v2_6671.t1.e1,7,8,14,18,13,55
TrSC58v2_6672.t1,1,1,4,4,4,13
TrSC58v2_6672.t1.e1,1,1,8,4,5,19
MSTRG.6507.1,8,4,7,7,8,42
TrSC58v2_6673.t1,0,0,0,0,5,9
TrSC58v2_6673.t1.e1,5,0,26,25,6,24
TrSC58v2_6674.t1,1,0,0,0,0,0
TrSC58v2_6674.t1.e1,1,0,0,0,0,4
TrSC58v2_6676.t1,17,6,24,34,22,19
TrSC58v2_6676.t1.e1,19,7,60,72,52,21
TrSC58v2_6677.t1,12,16,13,30,0,0
MSTRG.6513.5,3,3,16,14,7,208
TrSC58v2_6677.t1.e1,8,11,12,26,45,0
TrSC58v2_6679.t1,1,8,15,12,9,33
TrSC58v2_6679.t1.e1,9,9,16,14,12,37
MSTRG.6513.8,26,25,50,71,47,198
TrSC58v2_6680.t1,2,4,7,8,8,45
TrSC58v2_6680.t1.e1,3,4,9,10,6,33
TrSC58v2_6681.t1,5,1,2,1,3,0
TrSC58v2_6681.t1.e1,6,2,4,8,3,15
TrSC58v2_6682.t1,2,1,4,4,2,18
TrSC58v2_6682.t1.e1,2,3,5,5,6,19
TrSC58v2_6683.t1,17,17,31,33,25,133
TrSC58v2_6683.t1.e1,15,14,27,37,22,109
TrSC58v2_6684.t1,8,0,0,1,1,63
TrSC58v2_6684.t1.e1,11,8,31,42,23,78
TrSC58v2_6686.t1,10,11,19,27,11,90
TrSC58v2_6686.t1.e1,12,14,27,31,12,98
MSTRG.6511.1,16,17,39,74,30,115
TrSC58v2_6687.t1,0,11,16,2,26,85
TrSC58v2_6687.t1.e1,11,13,18,58,5,92
TrSC58v2_6688.t1,5,0,0,6,3,14
TrSC58v2_6688.t1.e1,6,11,4,19,3,16
TrSC58v2_6689.t1,12,0,25,38,23,101
TrSC58v2_6689.t1.e1,17,16,29,43,27,123
TrSC58v2_6690.t1,3,0,2,9,6,31
TrSC58v2_6690.t1.e1,9,8,8,11,6,32
TrSC58v2_6691.t1,0,0,17,2,8,31
TrSC58v2_6691.t1.e1,11,15,20,16,10,33
TrSC58v2_6692.t1,3,8,19,8,12,92
TrSC58v2_6692.t1.e1,5,9,22,9,12,77
TrSC58v2_6693.t1,3,3,7,3,8,28
TrSC58v2_6693.t1.e1,6,4,7,12,9,30
TrSC58v2_6694.t1,0,0,0,0,8,18
TrSC58v2_6694.t1.e1,4,8,6,0,10,19
TrSC58v2_6695.t1,6,3,1,15,2,38
TrSC58v2_6695.t1.e1,7,3,22,16,8,39
TrSC58v2_6699.t1,14,16,5,30,10,88
TrSC58v2_6699.t1.e1,15,17,36,34,12,99
TrSC58v2_6700.t1,4,3,13,12,14,50
TrSC58v2_6700.t1.e1,6,4,16,13,16,54
TrSC58v2_6701.t1,0,13,3,9,0,48
TrSC58v2_6701.t1.e1,12,15,46,11,8,54
TrSC58v2_6702.t1,0,4,9,8,6,34
TrSC58v2_6702.t1.e1,4,4,11,9,7,39
TrSC58v2_6703.t1,13,14,19,31,22,102
TrSC58v2_6703.t1.e1,13,16,22,46,25,106
TrSC58v2_6704.t1,2,0,1,2,3,14
TrSC58v2_6704.t1.e1,9,4,6,10,5,16
TrSC58v2_6705.t1,11,8,22,34,26,140
TrSC58v2_6705.t1.e1,14,10,25,37,32,125
TrSC58v2_6707.t1,0,16,0,43,19,89
TrSC58v2_6707.t1.e1,4,20,32,46,24,101
TrSC58v2_6708.t1,4,0,6,7,3,22
TrSC58v2_6708.t1.e1,5,0,6,9,4,27
TrSC58v2_6710.t1,1,0,1,7,1,10
TrSC58v2_6710.t1.e1,2,0,9,8,3,15
TrSC58v2_6712.t1,0,1,0,2,5,20
TrSC58v2_6712.t1.e1,8,1,0,4,6,20
TrSC58v2_6713.t1,5,0,0,14,0,1
TrSC58v2_6713.t1.e1,5,3,12,16,7,87
TrSC58v2_6714.t1,1,1,7,2,5,33
TrSC58v2_6714.t1.e1,2,3,7,11,6,37
TrSC58v2_6716.t1,1,1,2,4,4,28
TrSC58v2_6716.t1.e1,3,3,3,20,6,36
TrSC58v2_6717.t1,5,0,10,1,13,81
TrSC58v2_6717.t1.e1,6,9,12,43,15,92
TrSC58v2_6718.t1,0,0,12,18,7,1
TrSC58v2_6718.t1.e1,3,8,14,20,6,76
TrSC58v2_6896.t1,5,8,19,18,11,88
TrSC58v2_6896.t1.e1,6,11,20,22,13,99
TrSC58v2_6897.t1,7,2,0,4,20,57
TrSC58v2_6897.t1.e1,7,27,8,28,24,61
TrSC58v2_6808.t1,0,0,0,0,15,1
TrSC58v2_6808.t1.e1,0,11,3,15,16,60
TrSC58v2_6809.t1,0,0,0,0,1,13
TrSC58v2_6809.t1.e1,0,0,0,0,7,22
TrSC58v2_6814.t1,0,5,1,0,12,32
TrSC58v2_6814.t1.e1,0,6,19,13,15,40
TrSC58v2_6820.t1,0,0,0,0,0,0
TrSC58v2_6820.t1.e1,0,5,0,5,0,23
TrSC58v2_6823.t1,0,0,1,1,0,7
TrSC58v2_6823.t1.e1,0,0,3,2,0,8
TrSC58v2_6824.t1,0,1,3,10,5,14
TrSC58v2_6824.t1.e1,0,5,4,12,5,14
TrSC58v2_6827.t1,0,1,6,6,0,19
TrSC58v2_6827.t1.e1,0,3,6,9,4,21
TrSC58v2_6839.t1,0,2,5,3,7,26
TrSC58v2_6839.t1.e1,0,2,6,2,9,22
TrSC58v2_6840.t1,0,1,1,0,1,14
TrSC58v2_6840.t1.e1,0,10,3,0,2,12
TrSC58v2_6841.t1,0,0,2,2,3,4
TrSC58v2_6841.t1.e1,0,0,3,4,3,10
TrSC58v2_6843.t1,0,0,0,8,3,21
TrSC58v2_6843.t1.e1,0,0,4,9,4,23
TrSC58v2_6804.t1,19,13,44,114,52,201
TrSC58v2_6804.t1.e1,22,15,50,121,60,226
TrSC58v2_6805.t1,16,4,23,32,25,130
TrSC58v2_6805.t1.e1,17,35,27,35,27,148
TrSC58v2_6806.t1,0,0,3,0,7,33
TrSC58v2_6806.t1.e1,4,5,34,21,8,34
TrSC58v2_6807.t1,1,3,1,1,1,11
TrSC58v2_6807.t1.e1,4,9,2,2,4,13
TrSC58v2_6810.t1,1,5,7,1,1,40
TrSC58v2_6810.t1.e1,20,6,19,22,7,43
TrSC58v2_6811.t1,17,24,69,152,100,392
TrSC58v2_6811.t1.e1,20,28,72,165,97,348
TrSC58v2_6812.t1,9,7,11,12,0,1
TrSC58v2_6812.t1.e1,10,9,14,16,10,46
TrSC58v2_6813.t1,1,1,2,1,0,10
TrSC58v2_6813.t1.e1,1,1,12,3,0,11
TrSC58v2_6815.t1,5,0,1,1,0,0
TrSC58v2_6815.t1.e1,6,5,15,7,4,11
TrSC58v2_6816.t1,2,1,0,2,4,13
TrSC58v2_6816.t1.e1,3,14,11,15,5,15
TrSC58v2_6817.t1,0,0,0,13,4,38
TrSC58v2_6817.t1.e1,11,7,14,14,5,45
TrSC58v2_6818.t1,0,1,1,2,0,4
TrSC58v2_6818.t1.e1,3,7,7,17,0,28
TrSC58v2_6819.t1,0,1,0,3,4,1
TrSC58v2_6819.t1.e1,8,2,0,4,5,27
TrSC58v2_6821.t1,2,3,12,13,22,3
TrSC58v2_6821.t1.e1,3,5,14,17,24,172
TrSC58v2_6822.t1,10,13,96,43,28,149
TrSC58v2_6822.t1.e1,12,16,9,39,32,155
TrSC58v2_6825.t1,1,0,12,3,9,1
TrSC58v2_6825.t1.e1,3,6,13,14,11,26
TrSC58v2_6826.t1,5,0,10,34,0,5
TrSC58v2_6826.t1.e1,6,22,11,47,26,102
TrSC58v2_6828.t1,0,0,5,1,1,1
TrSC58v2_6828.t1.e1,14,0,6,4,10,12
TrSC58v2_6829.t1,0,1,3,6,2,14
TrSC58v2_6829.t1.e1,8,4,3,7,13,15
TrSC58v2_6830.t1,3,6,8,9,8,0
TrSC58v2_6830.t1.e1,4,7,9,10,11,20
TrSC58v2_6831.t1,5,7,0,14,14,41
TrSC58v2_6831.t1.e1,6,9,4,17,16,48
TrSC58v2_6832.t1,1,0,0,1,1,13
TrSC58v2_6832.t1.e1,1,0,0,10,3,13
TrSC58v2_6833.t1,14,13,15,5,13,76
TrSC58v2_6833.t1.e1,17,17,18,61,18,78
TrSC58v2_6834.t1,4,0,10,26,14,58
TrSC58v2_6834.t1.e1,5,3,14,29,17,65
TrSC58v2_6835.t1,53,49,53,99,67,314
TrSC58v2_6835.t1.e1,14,60,60,121,85,395
TrSC58v2_6836.t1,1,3,3,20,8,22
TrSC58v2_6836.t1.e1,4,14,3,17,10,25
TrSC58v2_6837.t1,0,4,0,5,9,69
TrSC58v2_6837.t1.e1,15,5,13,67,10,78
TrSC58v2_6838.t1,3,0,7,8,7,19
TrSC58v2_6838.t1.e1,5,0,10,12,9,22
TrSC58v2_6842.t1,0,0,0,1,1,2
TrSC58v2_6842.t1.e1,5,8,29,10,2,52
TrSC58v2_6844.t1,4,9,8,18,4,31
TrSC58v2_6844.t1.e1,6,11,11,26,5,38
TrSC58v2_6845.t1,0,3,18,0,0,30
TrSC58v2_6845.t1.e1,7,4,21,21,23,33
TrSC58v2_6846.t1,0,0,5,11,5,28
TrSC58v2_6846.t1.e1,9,4,6,13,6,29
TrSC58v2_6975.t1.e1,8,4,6,15,3,25
TrSC58v2_6975.t1,0,3,5,1,2,17
TrSC58v2_6976.t1.e1,1,2,5,6,2,27
TrSC58v2_6976.t1,0,0,1,5,0,2
TrSC58v2_6991.t1,0,1,3,1,3,2
TrSC58v2_6991.t1.e1,0,6,9,1,12,7
TrSC58v2_6990.t1,1,0,1,2,0,3
TrSC58v2_6990.t1.e1,1,1,9,5,0,7
TrSC58v2_6992.t1,0,0,0,0,2,31
TrSC58v2_6992.t1.e1,3,4,1,15,3,36
TrSC58v2_6993.t1,1,0,6,4,3,21
TrSC58v2_6993.t1.e1,4,0,8,5,4,23
TrSC58v2_6988.t1,0,0,1,1,0,7
TrSC58v2_6988.t1.e1,0,0,2,5,0,7
TrSC58v2_6985.t1,36,39,79,68,47,112
MSTRG.6815.1,6,4,0,25,12,143
TrSC58v2_6985.t1.e1,8,9,2,42,53,169
MSTRG.6815.4,5,6,2,15,43,41
TrSC58v2_6986.t1,1,1,3,8,2,16
TrSC58v2_6986.t1.e1,1,1,8,8,2,18
TrSC58v2_6987.t1,5,7,2,11,8,28
TrSC58v2_6987.t1.e1,5,7,8,12,9,32
TrSC58v2_6989.t1,30,49,49,95,94,353
TrSC58v2_6989.t1.e1,28,39,69,93,92,281
TrSC58v2_7004.t1,12,6,29,20,19,83
TrSC58v2_7004.t1.e1,13,9,35,23,21,96
TrSC58v2_6996.t1,0,1,2,2,1,17
TrSC58v2_6996.t1.e1,0,5,3,10,2,19
TrSC58v2_6997.t1,0,1,1,0,2,57
TrSC58v2_6997.t1.e1,0,1,2,9,4,7
TrSC58v2_6994.t1,10,7,18,11,8,23
TrSC58v2_6994.t1.e1,12,31,28,13,10,95
TrSC58v2_6995.t1,1,0,1,2,6,14
TrSC58v2_6995.t1.e1,2,0,3,7,8,15
TrSC58v2_6998.t1,8,20,42,44,31,134
TrSC58v2_6998.t1.e1,10,23,48,52,37,147
TrSC58v2_6999.t1,0,0,1,2,1,1
TrSC58v2_6999.t1.e1,4,7,4,30,2,38
TrSC58v2_7000.t1,11,4,1,12,2,45
TrSC58v2_7000.t1.e1,12,5,45,14,21,56
TrSC58v2_7001.t1,1,0,0,1,0,10
TrSC58v2_7001.t1.e1,6,4,3,11,0,11
TrSC58v2_7002.t1,0,7,20,1,15,56
TrSC58v2_7002.t1.e1,4,9,24,91,19,60
TrSC58v2_7003.t1,1,2,4,2,0,20
TrSC58v2_7003.t1.e1,2,3,4,15,4,22
TrSC58v2_6899.t1,0,2,7,1,0,10
TrSC58v2_6899.t1.e1,0,5,7,3,0,10
TrSC58v2_6903.t1,0,0,6,0,8,25
TrSC58v2_6903.t1.e1,0,0,8,7,8,29
TrSC58v2_6904.t1,0,0,4,5,4,19
TrSC58v2_6904.t1.e1,0,4,5,6,4,21
TrSC58v2_6906.t1,0,3,15,35,2,71
TrSC58v2_6906.t1.e1,0,13,18,39,62,85
TrSC58v2_6912.t1,0,1,3,12,0,40
TrSC58v2_6912.t1.e1,0,2,3,15,8,45
TrSC58v2_6918.t1,0,0,5,0,0,0
TrSC58v2_6918.t1.e1,0,0,5,4,12,13
TrSC58v2_6919.t1,0,0,1,0,0,1
TrSC58v2_6919.t1.e1,0,4,16,0,4,21
MSTRG.6764.1,0,62,137,162,80,500
TrSC58v2_6929.t1,0,0,10,0,8,49
TrSC58v2_6929.t1.e1,0,12,10,28,7,51
TrSC58v2_6931.t1,0,0,3,1,0,17
TrSC58v2_6931.t1.e1,0,0,4,1,2,20
TrSC58v2_6933.t1,0,5,2,0,0,43
TrSC58v2_6933.t1.e1,0,7,32,40,20,46
TrSC58v2_6934.t1,0,0,6,11,9,25
TrSC58v2_6934.t1.e1,0,0,8,13,10,29
TrSC58v2_6944.t1,0,0,6,5,6,27
TrSC58v2_6944.t1.e1,0,4,7,5,7,28
TrSC58v2_6946.t1,0,1,2,4,1,17
TrSC58v2_6946.t1.e1,0,6,11,6,9,19
TrSC58v2_6954.t1,0,0,0,0,0,7
TrSC58v2_6954.t1.e1,0,8,0,0,0,8
TrSC58v2_6955.t1,0,0,0,1,0,21
TrSC58v2_6955.t1.e1,0,0,0,1,8,26
TrSC58v2_6956.t1,0,0,7,8,4,9
TrSC58v2_6956.t1.e1,0,0,11,10,5,11
TrSC58v2_6958.t1,0,0,1,4,1,8
TrSC58v2_6958.t1.e1,0,11,2,5,3,10
MSTRG.6797.5,0,0,0,0,0,36
MSTRG.6797.6,0,17,0,0,0,41
MSTRG.6797.1,0,24,1,0,1,34
TrSC58v2_6964.t1,0,0,0,2,0,13
TrSC58v2_6964.t1.e1,0,0,12,11,8,16
TrSC58v2_6967.t1,0,1,0,1,0,5
TrSC58v2_6967.t1.e1,0,6,0,2,0,5
TrSC58v2_6968.t1,0,0,3,1,0,9
TrSC58v2_6968.t1.e1,0,0,3,6,0,11
TrSC58v2_6969.t1,0,1,0,9,8,24
TrSC58v2_6969.t1.e1,0,5,4,9,9,26
TrSC58v2_6971.t1,0,0,0,0,0,3
TrSC58v2_6971.t1.e1,0,0,0,0,4,3
MSTRG.6807.1,0,0,0,43,0,74
TrSC58v2_6898.t1,3,8,13,6,28,89
TrSC58v2_6898.t1.e1,4,10,19,69,30,96
TrSC58v2_6900.t1,1,0,0,2,2,6
TrSC58v2_6900.t1.e1,1,0,6,6,9,26
TrSC58v2_6901.t1,0,0,0,1,0,0
TrSC58v2_6901.t1.e1,4,2,0,4,0,9
MSTRG.6736.1,7,5,15,8,13,75
TrSC58v2_6902.t1,1,2,8,14,1,1
TrSC58v2_6902.t1.e1,2,2,9,17,31,24
MSTRG.6739.1,7,10,26,78,59,156
TrSC58v2_6905.t1,8,3,25,24,25,89
TrSC58v2_6905.t1.e1,10,4,29,28,30,100
TrSC58v2_6907.t1,10,0,28,86,44,133
TrSC58v2_6907.t1.e1,12,14,37,95,49,146
TrSC58v2_6908.t1,0,0,2,1,1,18
TrSC58v2_6908.t1.e1,3,4,3,7,9,22
TrSC58v2_6909.t1,0,3,8,10,8,22
TrSC58v2_6909.t1.e1,4,4,11,13,9,30
TrSC58v2_6910.t1,1,13,29,32,26,72
TrSC58v2_6910.t1.e1,23,33,32,39,30,83
TrSC58v2_6911.t1,1,0,0,2,6,7
TrSC58v2_6911.t1.e1,1,0,0,2,6,6
TrSC58v2_6913.t1,0,6,14,24,11,69
TrSC58v2_6913.t1.e1,4,8,16,26,12,77
TrSC58v2_6914.t1,4,12,25,5,26,99
TrSC58v2_6914.t1.e1,5,12,32,64,31,114
TrSC58v2_6915.t1,1,5,19,52,34,33
TrSC58v2_6915.t1.e1,2,6,21,59,39,126
TrSC58v2_6916.t1,0,0,18,38,22,42
TrSC58v2_6916.t1.e1,7,24,19,40,26,43
TrSC58v2_6917.t1,2,1,0,4,2,15
TrSC58v2_6917.t1.e1,8,6,12,5,3,16
TrSC58v2_6920.t1,0,0,1,3,4,7
TrSC58v2_6920.t1.e1,8,0,3,14,4,8
TrSC58v2_6921.t1,0,0,1,3,0,12
TrSC58v2_6921.t1.e1,4,3,2,5,0,13
TrSC58v2_6922.t1,0,8,33,25,7,71
TrSC58v2_6922.t1.e1,5,10,38,28,9,89
TrSC58v2_6923.t1,3,4,6,12,6,24
TrSC58v2_6923.t1.e1,4,5,8,16,7,27
TrSC58v2_6924.t1,0,3,20,1,0,1
TrSC58v2_6924.t1.e1,5,4,23,25,5,75
MSTRG.6761.1,7,5,17,14,13,40
TrSC58v2_6925.t1,8,11,17,32,25,113
TrSC58v2_6925.t1.e1,10,16,25,48,38,112
TrSC58v2_6926.t1,0,0,0,0,5,25
TrSC58v2_6926.t1.e1,4,0,4,10,5,28
TrSC58v2_6927.t1,7,7,18,25,14,68
TrSC58v2_6927.t1.e1,27,7,19,20,17,77
TrSC58v2_6928.t1,4,9,0,11,13,30
TrSC58v2_6928.t1.e1,5,13,3,14,14,34
TrSC58v2_6930.t1,14,6,12,22,16,58
TrSC58v2_6930.t1.e1,15,7,13,20,13,71
TrSC58v2_6932.t1,15,9,17,30,31,83
TrSC58v2_6932.t1.e1,19,10,20,34,44,92
TrSC58v2_6935.t1,0,1,0,0,0,2
TrSC58v2_6935.t1.e1,9,4,16,16,12,34
TrSC58v2_6936.t1,6,0,6,0,5,43
TrSC58v2_6936.t1.e1,8,0,6,16,7,6
TrSC58v2_6937.t1,0,9,0,35,1,68
TrSC58v2_6937.t1.e1,3,11,31,40,41,79
TrSC58v2_6938.t1,10,3,6,2,9,31
TrSC58v2_6938.t1.e1,12,3,7,16,10,34
TrSC58v2_6939.t1,8,5,1,1,0,90
TrSC58v2_6939.t1.e1,11,6,23,70,48,101
TrSC58v2_6940.t1,1,0,0,9,0,40
TrSC58v2_6940.t1.e1,3,16,4,10,16,47
TrSC58v2_6941.t1,3,0,5,17,4,6
TrSC58v2_6941.t1.e1,4,4,7,20,5,93
TrSC58v2_6942.t1,3,0,6,17,6,8
TrSC58v2_6942.t1.e1,4,7,9,19,7,75
TrSC58v2_6943.t1,10,4,12,26,16,97
TrSC58v2_6943.t1.e1,15,5,13,29,18,109
TrSC58v2_6945.t1,0,3,2,5,8,21
TrSC58v2_6945.t1.e1,4,4,3,7,9,22
TrSC58v2_6947.t1,5,5,7,17,4,43
TrSC58v2_6947.t1.e1,6,7,7,18,5,54
TrSC58v2_6948.t1,5,1,18,21,18,78
TrSC58v2_6948.t1.e1,6,11,20,24,19,80
TrSC58v2_6949.t1,0,0,0,1,0,20
TrSC58v2_6949.t1.e1,4,0,11,13,0,23
TrSC58v2_6950.t1,5,0,4,15,13,48
TrSC58v2_6950.t1.e1,7,3,6,16,14,58
TrSC58v2_6951.t1,1,0,16,12,11,50
TrSC58v2_6951.t1.e1,2,6,20,17,13,55
TrSC58v2_6952.t1,2,9,1,19,0,60
TrSC58v2_6952.t1.e1,2,9,34,21,12,68
TrSC58v2_6953.t1,2,1,0,13,2,17
TrSC58v2_6953.t1.e1,10,6,3,14,2,18
TrSC58v2_6957.t1,0,0,1,3,0,11
TrSC58v2_6957.t1.e1,2,5,4,3,0,12
TrSC58v2_6959.t1,4,0,5,6,9,20
TrSC58v2_6959.t1.e1,4,4,7,7,11,27
MSTRG.6797.3,16,18,197,60,166,205
MSTRG.6797.4,16,18,30,71,26,175
MSTRG.6797.2,15,16,30,71,25,175
TrSC58v2_6960.t1,3,2,9,29,10,25
TrSC58v2_6960.t1.e1,4,2,10,29,12,20
TrSC58v2_6961.t1,1,0,11,13,12,16
TrSC58v2_6961.t1.e1,8,5,4,24,10,23
TrSC58v2_6962.t1,1,0,4,14,0,37
TrSC58v2_6962.t1.e1,15,7,29,31,36,42
TrSC58v2_6963.t1,1,1,1,28,5,18
TrSC58v2_6963.t1.e1,8,4,17,12,23,27
TrSC58v2_6965.t1,0,0,2,8,0,26
TrSC58v2_6965.t1.e1,4,4,8,10,16,29
TrSC58v2_6966.t1,0,0,0,8,5,19
TrSC58v2_6966.t1.e1,3,0,5,12,6,23
TrSC58v2_6970.t1.e1,4,2,4,9,24,37
TrSC58v2_6970.t1,0,1,0,8,1,34
TrSC58v2_6972.t1.e1,6,7,19,9,16,56
TrSC58v2_6972.t1,0,0,0,8,2,43
TrSC58v2_6973.t1.e1,4,1,6,11,7,25
TrSC58v2_6973.t1,3,1,6,10,5,22
TrSC58v2_6974.t1.e1,7,4,14,8,12,11
TrSC58v2_6974.t1,4,3,11,7,10,18
TrSC58v2_7006.t1,0,1,3,3,1,5
TrSC58v2_7006.t1.e1,0,1,3,4,2,6
TrSC58v2_7008.t1,0,1,3,3,1,5
TrSC58v2_7008.t1.e1,0,1,3,3,2,6
TrSC58v2_7010.t1,0,1,3,3,1,5
TrSC58v2_7010.t1.e1,0,1,3,3,3,5
TrSC58v2_7021.t1,0,0,0,1,0,2
TrSC58v2_7021.t1.e1,0,0,0,1,0,10
TrSC58v2_7025.t1,0,1,1,0,2,0
TrSC58v2_7025.t1.e1,0,7,3,4,10,0
TrSC58v2_7028.t1,0,0,2,0,1,1
TrSC58v2_7028.t1.e1,0,0,2,0,3,4
MSTRG.6861.1,0,16,0,45,17,115
TrSC58v2_7034.t1,0,10,5,17,9,68
TrSC58v2_7034.t1.e1,0,11,6,20,10,82
MSTRG.6868.1,0,9,0,11,4,39
TrSC58v2_7061.t1,0,1,1,6,2,2
TrSC58v2_7061.t1.e1,0,1,1,5,13,2
TrSC58v2_7075.t1,0,3,6,1,1,20
TrSC58v2_7075.t1.e1,0,4,8,17,11,22
TrSC58v2_7078.t1,0,2,4,13,4,34
TrSC58v2_7078.t1.e1,0,5,5,16,5,37
MSTRG.6906.1,0,0,21,28,13,0
TrSC58v2_7005.t1,2,0,1,4,1,6
TrSC58v2_7005.t1.e1,0,0,1,4,1,7
TrSC58v2_7007.t1,1,1,0,0,2,12
TrSC58v2_7007.t1.e1,1,1,6,7,2,15
MSTRG.6837.1,7,3,11,22,9,38
TrSC58v2_7009.t1,2,1,0,5,0,9
TrSC58v2_7009.t1.e1,2,1,5,6,2,13
TrSC58v2_7011.t1,1,1,4,2,4,1
TrSC58v2_7011.t1.e1,1,1,4,3,5,14
MSTRG.6841.1,19,29,54,83,42,211
TrSC58v2_7012.t1,2,6,14,4,13,34
TrSC58v2_7012.t1.e1,2,8,18,20,17,55
TrSC58v2_7013.t1,7,6,7,17,15,53
TrSC58v2_7013.t1.e1,9,8,10,19,19,88
TrSC58v2_7014.t1,6,7,11,22,20,70
TrSC58v2_7014.t1.e1,8,8,15,26,25,78
TrSC58v2_7015.t1,21,17,1,1,66,138
TrSC58v2_7015.t1.e1,29,22,71,101,0,161
TrSC58v2_7016.t1,17,24,45,53,47,169
TrSC58v2_7016.t1.e1,21,26,50,57,59,179
TrSC58v2_7017.t1,0,5,2,2,8,35
TrSC58v2_7017.t1.e1,12,6,17,26,9,38
TrSC58v2_7018.t1,0,0,0,2,5,69
TrSC58v2_7018.t1.e1,15,11,7,23,6,80
TrSC58v2_7019.t1,3,5,2,0,0,36
TrSC58v2_7019.t1.e1,4,7,5,4,11,45
TrSC58v2_7020.t1,8,7,15,22,19,63
TrSC58v2_7020.t1.e1,11,9,18,24,21,71
TrSC58v2_7022.t1,1,1,3,3,1,11
TrSC58v2_7022.t1.e1,1,5,3,4,5,11
TrSC58v2_7023.t1,0,1,6,1,1,14
TrSC58v2_7023.t1.e1,8,3,7,8,7,15
TrSC58v2_7024.t1,0,9,7,9,2,0
TrSC58v2_7024.t1.e1,4,10,8,11,6,14
TrSC58v2_7026.t1,0,1,9,0,4,16
TrSC58v2_7026.t1.e1,3,3,10,8,4,22
TrSC58v2_7027.t1,1,0,0,2,0,4
TrSC58v2_7027.t1.e1,2,0,4,19,12,5
TrSC58v2_7029.t1,30,48,111,179,89,472
TrSC58v2_7029.t1.e1,30,53,118,187,98,442
TrSC58v2_7030.t1,1,8,10,15,1,22
TrSC58v2_7030.t1.e1,4,8,11,17,9,24
TrSC58v2_7031.t1,6,2,12,3,4,14
TrSC58v2_7031.t1.e1,6,2,15,4,3,12
TrSC58v2_7032.t1,3,1,3,1,1,4
TrSC58v2_7032.t1.e1,2,1,4,1,1,3
TrSC58v2_7033.t1,11,0,5,15,18,34
TrSC58v2_7033.t1.e1,13,5,7,15,21,37
TrSC58v2_7035.t1,20,13,22,44,26,95
TrSC58v2_7035.t1.e1,25,16,24,51,29,110
TrSC58v2_7036.t1,7,18,27,3,25,80
TrSC58v2_7036.t1.e1,10,26,32,79,31,93
TrSC58v2_7037.t1,1,0,4,14,11,38
TrSC58v2_7037.t1.e1,41,15,14,17,13,40
TrSC58v2_7038.t1,1,1,1,1,1,3
TrSC58v2_7038.t1.e1,1,2,1,4,2,3
TrSC58v2_7039.t1,1,0,1,0,1,8
TrSC58v2_7039.t1.e1,3,0,5,0,4,1
TrSC58v2_7040.t1,0,0,1,5,6,1
TrSC58v2_7040.t1.e1,3,4,6,6,7,16
TrSC58v2_7041.t1,5,0,0,8,0,8
TrSC58v2_7041.t1.e1,5,0,11,10,11,7
TrSC58v2_7042.t1,8,6,14,15,20,57
TrSC58v2_7042.t1.e1,9,8,15,17,25,51
TrSC58v2_7043.t1,0,0,10,21,0,3
TrSC58v2_7043.t1.e1,3,5,14,26,19,61
TrSC58v2_7044.t1,12,15,3,17,19,62
TrSC58v2_7044.t1.e1,21,19,18,22,22,63
MSTRG.6875.1,54,35,61,85,76,235
TrSC58v2_7045.t1,1,1,5,11,3,22
TrSC58v2_7045.t1.e1,1,1,6,16,10,26
TrSC58v2_7046.t1,4,2,4,15,8,56
TrSC58v2_7046.t1.e1,28,16,20,19,11,66
TrSC58v2_7047.t1,3,1,2,2,1,9
TrSC58v2_7047.t1.e1,4,2,2,2,2,9
TrSC58v2_7048.t1,5,10,10,19,10,35
TrSC58v2_7048.t1.e1,7,12,12,21,12,39
TrSC58v2_7049.t1,0,1,1,0,4,1
TrSC58v2_7049.t1.e1,4,3,7,8,6,27
MSTRG.6881.1,69,69,97,156,96,463
TrSC58v2_7050.t1,2,1,1,1,1,2
TrSC58v2_7050.t1.e1,1,1,1,1,1,6
TrSC58v2_7051.t1,2,1,1,1,1,5
TrSC58v2_7051.t1.e1,3,1,1,1,1,2
TrSC58v2_7052.t1,8,12,14,17,12,39
TrSC58v2_7052.t1.e1,6,9,11,21,10,37
TrSC58v2_7053.t1,0,1,1,1,0,7
TrSC58v2_7053.t1.e1,3,3,6,5,6,12
TrSC58v2_7054.t1,15,8,3,18,8,60
TrSC58v2_7054.t1.e1,23,10,32,24,11,98
TrSC58v2_7055.t1,5,11,11,19,11,41
TrSC58v2_7055.t1.e1,6,9,9,16,9,46
TrSC58v2_7056.t1,1,1,1,1,1,6
TrSC58v2_7056.t1.e1,3,1,1,1,1,2
MSTRG.6884.1,27,14,33,64,57,129
MSTRG.6885.1,11,0,0,0,5,34
TrSC58v2_7057.t1,5,1,2,15,8,30
TrSC58v2_7057.t1.e1,3,1,10,21,8,29
MSTRG.6885.4,6,1,11,13,11,31
TrSC58v2_7058.t1,2,1,2,3,0,1
TrSC58v2_7058.t1.e1,2,1,2,3,1,1
TrSC58v2_7059.t1,1,3,0,4,2,14
TrSC58v2_7059.t1.e1,2,3,2,5,2,16
MSTRG.6887.1,26,27,50,47,17,126
MSTRG.6887.2,24,9,35,37,5,123
TrSC58v2_7060.t1,0,1,3,6,3,17
TrSC58v2_7060.t1.e1,2,4,4,7,4,11
TrSC58v2_7062.t1,5,5,0,10,8,42
TrSC58v2_7062.t1.e1,7,7,35,15,7,53
TrSC58v2_7063.t1,5,1,6,17,11,53
TrSC58v2_7063.t1.e1,6,10,8,19,9,71
TrSC58v2_7064.t1,6,7,11,22,25,69
TrSC58v2_7064.t1.e1,8,8,15,26,20,77
TrSC58v2_7065.t1,8,14,12,6,2,107
TrSC58v2_7065.t1.e1,10,20,44,103,56,127
TrSC58v2_7066.t1,9,5,27,23,17,51
TrSC58v2_7066.t1.e1,11,8,29,27,18,60
TrSC58v2_7067.t1,7,13,16,0,21,86
TrSC58v2_7067.t1.e1,9,16,18,83,23,96
TrSC58v2_7068.t1,3,0,23,17,27,53
TrSC58v2_7068.t1.e1,5,4,25,26,32,62
TrSC58v2_7069.t1,4,1,11,16,7,36
TrSC58v2_7069.t1.e1,5,10,21,18,8,44
TrSC58v2_7070.t1,6,18,25,43,23,118
TrSC58v2_7070.t1.e1,9,21,37,54,26,132
TrSC58v2_7071.t1,28,12,27,32,25,84
TrSC58v2_7071.t1.e1,32,16,30,45,31,99
TrSC58v2_7072.t1,0,0,1,30,9,75
TrSC58v2_7072.t1.e1,16,20,20,33,11,87
TrSC58v2_7073.t1,1,1,0,1,0,21
TrSC58v2_7073.t1.e1,13,2,7,13,4,23
TrSC58v2_7074.t1,14,11,38,62,27,130
TrSC58v2_7074.t1.e1,16,12,45,67,30,141
TrSC58v2_7076.t1,0,4,10,25,17,5
TrSC58v2_7076.t1.e1,11,6,12,33,20,84
MSTRG.6903.1,8,8,21,20,7,80
TrSC58v2_7077.t1,5,3,19,4,14,92
TrSC58v2_7077.t1.e1,7,4,22,76,16,99
TrSC58v2_7079.t1,14,10,35,99,1,163
TrSC58v2_7079.t1.e1,18,13,44,111,122,178
TrSC58v2_7080.t1,11,4,22,33,13,79
TrSC58v2_7080.t1.e1,12,6,24,39,14,93
TrSC58v2_7081.t1,10,0,15,19,20,61
TrSC58v2_7081.t1.e1,13,7,21,24,22,70
TrSC58v2_7082.t1,3,22,2,31,20,118
TrSC58v2_7082.t1.e1,26,24,53,34,22,131
TrSC58v2_7083.t1,1,0,1,2,2,19
TrSC58v2_7083.t1.e1,5,0,5,3,3,22
TrSC58v2_7084.t1,11,0,6,38,22,123
TrSC58v2_7084.t1.e1,13,19,22,40,26,130
TrSC58v2_7085.t1,0,0,0,1,13,49
TrSC58v2_7085.t1.e1,8,11,29,26,2,64
TrSC58v2_7086.t1,11,17,30,31,34,122
TrSC58v2_7086.t1.e1,13,21,32,33,34,144
TrSC58v2_7087.t1,1,5,2,14,3,6
TrSC58v2_7087.t1.e1,13,5,12,16,3,93
TrSC58v2_7088.t1,10,11,1,15,12,94
TrSC58v2_7088.t1.e1,14,14,46,17,18,111
MSTRG.6918.1,8,10,12,14,7,44
MSTRG.6919.1,37,30,71,124,35,282
MSTRG.6920.1,5,8,14,62,42,105
TrSC58v2_7089.t1,4,9,10,9,7,26
TrSC58v2_7089.t1.e1,6,1,8,18,17,52
MSTRG.6920.4,17,11,0,72,14,157
MSTRG.6921.1,56,63,97,185,100,534
TrSC58v2_7090.t1,10,4,16,3,7,12
TrSC58v2_7090.t1.e1,7,4,22,7,7,14
TrSC58v2_7091.t1,1,0,1,3,2,4
TrSC58v2_7091.t1.e1,1,0,1,4,3,3
TrSC58v2_7209.t1,1,3,4,4,5,15
TrSC58v2_7209.t1.e1,1,3,5,4,5,16
TrSC58v2_7205.t1,1,2,0,5,6,9
TrSC58v2_7205.t1.e1,2,3,4,7,7,11
TrSC58v2_7208.t1,1,3,2,3,3,20
TrSC58v2_7208.t1.e1,3,4,19,11,12,18
TrSC58v2_7210.t1,34,51,68,101,53,301
TrSC58v2_7210.t1.e1,32,46,63,96,48,254
TrSC58v2_7211.t1,32,47,84,103,63,270
TrSC58v2_7211.t1.e1,28,31,74,96,54,257
TrSC58v2_7212.t1,1,0,0,2,1,10
TrSC58v2_7212.t1.e1,3,0,5,8,12,10
TrSC58v2_7213.t1,0,2,16,23,1,59
TrSC58v2_7213.t1.e1,18,14,18,26,5,66
TrSC58v2_7215.t1,0,1,1,23,19,84
TrSC58v2_7215.t1.e1,23,23,32,26,22,90
TrSC58v2_7216.t1,0,4,8,2,0,25
TrSC58v2_7216.t1.e1,15,5,11,2,14,29
TrSC58v2_7214.t1,22,35,78,131,58,299
TrSC58v2_7214.t1.e1,25,35,90,122,56,359
TrSC58v2_7222.t1,5,1,2,2,8,21
TrSC58v2_7222.t1.e1,6,7,23,19,9,25
TrSC58v2_7218.t1,0,1,8,12,7,43
TrSC58v2_7218.t1.e1,0,5,7,13,9,4
MSTRG.7049.1,84,106,162,216,152,700
TrSC58v2_7217.t1,30,36,54,93,46,251
TrSC58v2_7217.t1.e1,36,31,63,76,50,300
TrSC58v2_7219.t1,0,8,14,3,6,35
TrSC58v2_7219.t1.e1,17,10,11,4,9,45
TrSC58v2_7220.t1,17,13,25,53,19,117
TrSC58v2_7220.t1.e1,19,11,28,44,21,138
TrSC58v2_7225.t1,1,0,0,0,0,10
TrSC58v2_7225.t1.e1,11,0,0,15,4,15
TrSC58v2_7223.t1,24,22,33,92,36,133
TrSC58v2_7223.t1.e1,26,24,37,103,40,144
TrSC58v2_7224.t1,5,16,14,0,15,77
TrSC58v2_7224.t1.e1,6,17,17,48,18,90
TrSC58v2_7226.t1,9,12,20,29,22,88
TrSC58v2_7226.t1.e1,12,14,25,34,28,94
TrSC58v2_7227.t1,15,2,27,37,23,104
TrSC58v2_7227.t1.e1,17,20,33,40,29,120
MSTRG.7060.1,0,7,12,24,0,28
TrSC58v2_7229.t1,0,0,0,1,0,0
TrSC58v2_7229.t1.e1,0,0,1,1,0,1
TrSC58v2_7228.t1,11,3,13,40,24,61
TrSC58v2_7228.t1.e1,12,4,30,48,29,70
TrSC58v2_7231.t1,0,4,13,23,1,66
TrSC58v2_7231.t1.e1,23,12,15,22,28,61
TrSC58v2_7230.t1,24,14,13,31,15,6
TrSC58v2_7230.t1.e1,27,21,16,35,17,194
TrSC58v2_7232.t1,3,11,26,28,21,92
TrSC58v2_7232.t1.e1,24,14,30,24,23,84
TrSC58v2_7233.t1,12,13,15,33,28,87
TrSC58v2_7233.t1.e1,14,19,17,36,32,101
TrSC58v2_7236.t1,1,0,14,30,18,67
TrSC58v2_7236.t1.e1,4,0,15,32,31,70
TrSC58v2_7234.t1,0,8,13,38,9,76
TrSC58v2_7234.t1.e1,4,9,18,43,27,106
TrSC58v2_7235.t1,20,1,1,27,2,75
TrSC58v2_7235.t1.e1,3,18,38,30,43,84
TrSC58v2_7238.t1,0,0,2,6,0,10
TrSC58v2_7238.t1.e1,4,7,4,7,20,11
TrSC58v2_7240.t1,0,5,2,5,5,11
TrSC58v2_7240.t1.e1,3,7,5,6,6,13
TrSC58v2_7239.t1,13,3,27,13,18,4
TrSC58v2_7239.t1.e1,18,3,33,15,23,171
TrSC58v2_7242.t1,4,3,4,8,18,21
TrSC58v2_7242.t1.e1,5,4,6,10,22,25
TrSC58v2_7243.t1,5,0,0,0,0,30
TrSC58v2_7243.t1.e1,6,7,5,0,3,38
TrSC58v2_7244.t1,0,0,2,10,2,38
TrSC58v2_7244.t1.e1,16,4,41,13,25,46
TrSC58v2_7241.t1,11,13,19,31,10,73
TrSC58v2_7241.t1.e1,12,15,23,38,10,85
TrSC58v2_7245.t1,6,0,2,8,6,36
TrSC58v2_7245.t1.e1,6,0,14,9,6,39
TrSC58v2_7251.t1,14,6,14,29,18,76
TrSC58v2_7251.t1.e1,17,8,16,32,20,85
TrSC58v2_7259.t1.e1,8,6,18,13,4,24
TrSC58v2_7259.t1,2,2,2,3,3,22
TrSC58v2_7252.t1,9,0,15,17,22,38
TrSC58v2_7252.t1.e1,12,4,19,20,24,37
TrSC58v2_7261.t1.e1,4,1,6,16,6,35
TrSC58v2_7261.t1,0,1,5,14,0,31
TrSC58v2_7260.t1.e1,9,3,32,34,23,94
TrSC58v2_7260.t1,9,0,25,31,19,83
TrSC58v2_7246.t1,7,17,17,23,23,63
TrSC58v2_7246.t1.e1,8,19,19,25,28,66
TrSC58v2_7247.t1,3,10,25,8,20,8
TrSC58v2_7247.t1.e1,5,14,27,11,25,91
TrSC58v2_7248.t1,1,1,1,15,4,1
TrSC58v2_7248.t1.e1,5,5,20,2,4,45
TrSC58v2_7249.t1,11,3,0,23,9,55
TrSC58v2_7249.t1.e1,15,4,44,30,11,70
TrSC58v2_7250.t1,14,13,24,42,38,120
TrSC58v2_7250.t1.e1,17,14,26,46,42,129
TrSC58v2_7263.t1.e1,5,3,27,8,15,46
TrSC58v2_7263.t1,0,2,0,7,0,2
TrSC58v2_7264.t1.e1,4,4,5,6,4,15
TrSC58v2_7264.t1,1,0,0,1,0,1
TrSC58v2_7265.t1.e1,14,20,19,58,29,133
TrSC58v2_7265.t1,9,16,16,52,22,97
TrSC58v2_7266.t1.e1,5,8,11,23,7,73
TrSC58v2_7266.t1,3,0,9,2,5,2
TrSC58v2_7269.t1.e1,7,6,6,14,4,40
TrSC58v2_7269.t1,6,2,5,0,1,25
TrSC58v2_7270.t1.e1,6,18,28,51,58,112
TrSC58v2_7270.t1,5,14,24,47,3,92
TrSC58v2_7272.t1.e1,10,8,10,30,8,70
TrSC58v2_7272.t1,0,7,9,26,0,62
TrSC58v2_7273.t1.e1,6,11,21,19,9,66
TrSC58v2_7273.t1,5,9,19,16,0,57
TrSC58v2_7271.t1.e1,29,46,43,75,43,227
TrSC58v2_7271.t1,27,36,37,61,35,193
TrSC58v2_7275.t1.e1,6,11,16,18,8,40
TrSC58v2_7275.t1,6,1,2,15,7,34
TrSC58v2_7277.t1.e1,3,4,8,8,10,34
TrSC58v2_7277.t1,0,3,0,6,7,26
TrSC58v2_7278.t1.e1,11,20,10,14,7,46
TrSC58v2_7278.t1,0,0,7,11,5,41
TrSC58v2_7279.t1.e1,4,10,4,4,9,50
TrSC58v2_7279.t1,4,8,3,0,6,17
TrSC58v2_7280.t1.e1,23,26,35,41,42,224
TrSC58v2_7280.t1,17,22,32,36,33,200
MSTRG.7112.1,0,0,0,0,28,0
TrSC58v2_7281.t1.e1,20,31,70,81,37,280
TrSC58v2_7281.t1,15,23,51,54,47,181
TrSC58v2_7282.t1.e1,48,36,76,139,17,317
TrSC58v2_7282.t1,8,12,24,18,32,119
TrSC58v2_7284.t1.e1,5,25,29,34,23,213
TrSC58v2_7284.t1,4,23,20,28,20,2
TrSC58v2_7285.t1.e1,5,2,5,7,9,22
TrSC58v2_7285.t1,3,0,2,6,7,18
TrSC58v2_7286.t1.e1,37,45,51,2,23,109
TrSC58v2_7286.t1,33,2,3,112,21,95
MSTRG.7117.1,14,0,14,37,8,26
TrSC58v2_7287.t1.e1,28,16,43,34,38,116
TrSC58v2_7287.t1,23,13,38,28,30,103
TrSC58v2_7294.t1.e1,3,12,17,21,7,41
TrSC58v2_7294.t1,2,10,16,14,6,38
MSTRG.7125.1,27,46,99,123,98,515
MSTRG.7126.1,5,13,23,29,27,83
MSTRG.7127.1,41,42,51,123,120,396
TrSC58v2_7295.t1.e1,1,13,22,27,11,49
TrSC58v2_7295.t1,1,12,15,1,11,42
TrSC58v2_7296.t1.e1,7,27,28,44,43,103
TrSC58v2_7296.t1,5,7,26,32,21,98
MSTRG.7129.1,28,20,35,88,49,216
MSTRG.7130.1,4,0,2,8,0,32
MSTRG.7131.1,8,10,0,4,2,24
TrSC58v2_7288.t1.e1,30,20,51,34,16,141
TrSC58v2_7288.t1,25,16,45,29,13,122
TrSC58v2_7289.t1.e1,6,7,19,8,10,59
TrSC58v2_7289.t1,2,6,10,6,8,34
TrSC58v2_7290.t1.e1,4,23,44,20,8,55
TrSC58v2_7290.t1,0,0,3,18,0,47
TrSC58v2_7291.t1.e1,13,18,18,25,30,59
TrSC58v2_7291.t1,0,1,12,22,2,51
MSTRG.7123.1,52,0,102,0,84,455
TrSC58v2_7292.t1.e1,31,49,19,111,34,137
TrSC58v2_7292.t1,10,28,13,84,23,64
TrSC58v2_7293.t1.e1,2,5,1,5,9,2
TrSC58v2_7293.t1,1,5,1,4,0,3
TrSC58v2_7299.t1.e1,5,19,15,26,33,54
TrSC58v2_7299.t1,4,5,13,29,4,48
MSTRG.7133.1,13,13,32,14,14,44
MSTRG.7134.1,23,6,17,56,29,116
TrSC58v2_7303.t1.e1,1,3,9,7,4,13
TrSC58v2_7303.t1,1,1,0,6,1,10
MSTRG.7138.1,16,4,26,34,13,64
TrSC58v2_7300.t1,17,6,14,33,22,92
TrSC58v2_7300.t1.e1,16,9,15,31,19,85
TrSC58v2_7301.t1,1,0,0,2,1,1
TrSC58v2_7301.t1.e1,1,0,1,2,1,1
TrSC58v2_7304.t1,6,8,19,28,11,51
TrSC58v2_7304.t1.e1,8,12,23,43,15,77
TrSC58v2_7099.t1,0,2,3,0,13,47
TrSC58v2_7099.t1.e1,0,15,10,22,26,54
TrSC58v2_7101.t1,0,8,0,2,0,0
TrSC58v2_7101.t1.e1,0,10,4,16,7,19
MSTRG.6943.1,0,12,19,39,13,49
MSTRG.6947.1,0,33,0,14,17,32
MSTRG.6948.1,0,0,51,0,0,131
MSTRG.6951.1,0,3,24,0,8,62
MSTRG.6951.2,0,0,0,28,7,63
TrSC58v2_7134.t1,0,0,6,4,0,1
TrSC58v2_7134.t1.e1,0,0,7,5,0,33
TrSC58v2_7140.t1,0,0,0,4,1,4
TrSC58v2_7140.t1.e1,0,0,0,4,1,5
TrSC58v2_7143.t1,0,1,5,12,1,16
TrSC58v2_7143.t1.e1,0,2,5,14,2,18
TrSC58v2_7151.t1,0,4,0,4,6,26
TrSC58v2_7151.t1.e1,0,4,13,6,8,28
TrSC58v2_7152.t1,0,0,7,8,4,42
TrSC58v2_7152.t1.e1,0,10,8,9,5,43
MSTRG.6991.1,0,32,0,0,0,119
TrSC58v2_7161.t1,0,0,0,0,1,60
TrSC58v2_7161.t1.e1,0,3,12,19,12,55
MSTRG.7003.1,0,8,22,0,35,83
TrSC58v2_7178.t1,0,7,2,0,3,29
TrSC58v2_7178.t1.e1,0,7,11,6,23,33
TrSC58v2_7179.t1,0,0,0,1,0,9
TrSC58v2_7179.t1.e1,0,0,4,6,0,9
TrSC58v2_7183.t1,0,9,7,4,7,23
TrSC58v2_7183.t1.e1,0,10,7,4,7,24
TrSC58v2_7188.t1,0,1,0,0,1,3
TrSC58v2_7188.t1.e1,0,1,0,0,4,3
TrSC58v2_7191.t1,0,0,0,8,5,32
TrSC58v2_7191.t1.e1,0,0,3,6,7,28
TrSC58v2_7200.t1,0,0,3,8,4,32
TrSC58v2_7200.t1.e1,0,12,3,11,5,37
MSTRG.6926.1,123,187,248,399,269,1380
TrSC58v2_7092.t1,2,5,4,3,6,6
TrSC58v2_7092.t1.e1,4,4,4,3,6,6
TrSC58v2_7093.t1,2,36,50,73,66,246
TrSC58v2_7093.t1.e1,123,31,74,118,67,288
MSTRG.6927.1,125,145,330,444,267,1299
TrSC58v2_7094.t1,3,14,12,9,6,12
TrSC58v2_7094.t1.e1,3,15,12,9,7,12
TrSC58v2_7095.t1,102,188,183,311,200,860
TrSC58v2_7095.t1.e1,118,25,220,354,230,1069
TrSC58v2_7096.t1,36,48,58,104,73,396
TrSC58v2_7096.t1.e1,42,53,68,107,86,467
TrSC58v2_7097.t1,16,69,93,132,101,411
TrSC58v2_7097.t1.e1,62,44,54,107,81,275
TrSC58v2_7098.t1,9,0,28,0,1,104
TrSC58v2_7098.t1.e1,11,43,42,92,30,130
MSTRG.6923.1,7,0,0,40,17,47
TrSC58v2_7100.t1,1,3,2,13,9,36
TrSC58v2_7100.t1.e1,2,3,29,14,10,40
TrSC58v2_7102.t1,22,2,11,23,2,64
TrSC58v2_7102.t1.e1,24,28,13,26,40,72
TrSC58v2_7103.t1,0,0,0,1,0,15
TrSC58v2_7103.t1.e1,4,9,3,1,0,16
TrSC58v2_7104.t1,4,3,6,4,3,5
TrSC58v2_7104.t1.e1,4,4,8,5,4,46
TrSC58v2_7105.t1,0,4,11,1,2,63
TrSC58v2_7105.t1.e1,14,5,16,44,23,87
TrSC58v2_7106.t1,0,3,5,8,6,20
TrSC58v2_7106.t1.e1,9,3,6,8,2,25
TrSC58v2_7107.t1,7,8,2,38,3,53
TrSC58v2_7107.t1.e1,8,8,28,42,28,58
TrSC58v2_7108.t1,11,11,0,18,4,66
TrSC58v2_7108.t1.e1,13,12,37,21,15,71
TrSC58v2_7109.t1,1,3,1,1,1,62
TrSC58v2_7109.t1.e1,1,4,25,29,11,69
MSTRG.6940.1,57,94,73,171,115,488
TrSC58v2_7110.t1,0,4,1,44,32,148
TrSC58v2_7110.t1.e1,26,30,57,39,35,128
TrSC58v2_7111.t1,13,18,38,61,11,132
TrSC58v2_7111.t1.e1,15,19,41,54,50,119
TrSC58v2_7112.t1,0,0,11,16,13,53
TrSC58v2_7112.t1.e1,27,17,12,18,16,59
TrSC58v2_7113.t1,13,4,11,27,12,82
TrSC58v2_7113.t1.e1,15,4,14,29,14,94
TrSC58v2_7114.t1,2,1,7,23,24,73
TrSC58v2_7114.t1.e1,24,16,10,26,27,78
TrSC58v2_7115.t1,0,8,5,40,16,37
TrSC58v2_7115.t1.e1,10,14,5,31,0,47
TrSC58v2_7116.t1,9,0,1,17,5,23
TrSC58v2_7116.t1.e1,11,2,9,19,9,27
TrSC58v2_7117.t1,0,2,20,13,16,65
TrSC58v2_7117.t1.e1,18,2,23,15,19,76
TrSC58v2_7118.t1,2,8,2,35,5,26
TrSC58v2_7118.t1.e1,4,9,1,18,20,14
TrSC58v2_7119.t1,0,2,4,12,6,28
TrSC58v2_7119.t1.e1,4,4,0,10,7,17
TrSC58v2_7120.t1,1,12,19,17,17,61
TrSC58v2_7120.t1.e1,6,13,23,20,19,66
TrSC58v2_7121.t1,8,8,21,28,8,78
TrSC58v2_7121.t1.e1,13,9,23,30,9,87
TrSC58v2_7122.t1,0,0,0,1,1,1
TrSC58v2_7122.t1.e1,9,2,8,6,1,1
TrSC58v2_7123.t1,1,2,4,4,5,11
TrSC58v2_7123.t1.e1,1,4,4,3,4,10
TrSC58v2_7124.t1,0,1,2,11,5,27
TrSC58v2_7124.t1.e1,9,6,13,8,4,25
TrSC58v2_7125.t1,0,4,12,8,3,38
TrSC58v2_7125.t1.e1,7,6,1,6,0,2
TrSC58v2_7126.t1,1,0,8,15,9,41
TrSC58v2_7126.t1.e1,3,17,9,17,11,35
TrSC58v2_7127.t1,3,0,2,1,2,19
TrSC58v2_7127.t1.e1,7,11,13,11,7,22
TrSC58v2_7128.t1,83,52,102,223,91,427
TrSC58v2_7128.t1.e1,94,46,127,246,107,516
TrSC58v2_7129.t1,1,3,4,7,17,44
TrSC58v2_7129.t1.e1,4,3,4,7,19,47
TrSC58v2_7130.t1,17,12,18,30,34,112
TrSC58v2_7130.t1.e1,19,16,19,37,37,124
TrSC58v2_7131.t1,141,235,436,417,358,1714
TrSC58v2_7131.t1.e1,147,270,477,442,312,1982
TrSC58v2_7132.t1,0,1,4,17,2,58
TrSC58v2_7132.t1.e1,28,10,64,22,51,67
TrSC58v2_7133.t1,72,60,111,233,124,516
TrSC58v2_7133.t1.e1,82,71,132,280,140,641
TrSC58v2_7135.t1,0,1,1,0,15,93
TrSC58v2_7135.t1.e1,24,52,80,71,20,107
TrSC58v2_7136.t1,1,7,17,31,15,70
TrSC58v2_7136.t1.e1,30,7,19,33,16,77
TrSC58v2_7137.t1,0,3,20,21,0,82
TrSC58v2_7137.t1.e1,4,4,22,24,46,85
TrSC58v2_7138.t1,3,8,17,24,3,82
TrSC58v2_7138.t1.e1,4,11,20,26,42,92
MSTRG.6968.1,3,0,17,11,15,99
TrSC58v2_7139.t1,2,10,26,27,21,95
TrSC58v2_7139.t1.e1,2,13,30,30,23,77
MSTRG.6970.1,8,2,18,13,0,48
TrSC58v2_7141.t1,10,8,28,30,4,0
TrSC58v2_7141.t1.e1,13,9,32,34,30,166
TrSC58v2_7142.t1,1,1,2,4,1,3
TrSC58v2_7142.t1.e1,2,2,4,12,2,6
TrSC58v2_7144.t1,1,0,4,7,1,36
TrSC58v2_7144.t1.e1,2,4,5,11,24,43
TrSC58v2_7145.t1,4,4,0,17,1,54
TrSC58v2_7145.t1.e1,4,4,19,19,14,62
TrSC58v2_7146.t1,4,4,7,21,15,120
TrSC58v2_7146.t1.e1,5,6,41,25,17,139
TrSC58v2_7147.t1,0,8,18,8,5,44
TrSC58v2_7147.t1.e1,8,10,19,9,21,49
MSTRG.6979.1,18,29,22,80,66,221
TrSC58v2_7148.t1,7,9,46,53,10,49
TrSC58v2_7148.t1.e1,9,12,60,61,11,57
MSTRG.6980.1,12,22,45,42,29,114
TrSC58v2_7149.t1,1,3,1,1,7,10
TrSC58v2_7149.t1.e1,5,7,2,2,7,9
TrSC58v2_7150.t1,0,0,0,0,4,29
TrSC58v2_7150.t1.e1,15,6,0,22,5,32
MSTRG.6983.1,33,18,66,54,21,229
TrSC58v2_7153.t1,2,13,17,8,7,85
TrSC58v2_7153.t1.e1,2,14,18,44,8,94
TrSC58v2_7154.t1,1,9,3,1,7,31
TrSC58v2_7154.t1.e1,29,10,13,53,8,36
TrSC58v2_7155.t1,29,17,43,40,30,200
TrSC58v2_7155.t1.e1,32,20,49,45,35,228
TrSC58v2_7156.t1,0,5,2,1,2,1
TrSC58v2_7156.t1.e1,3,5,12,4,5,9
TrSC58v2_7157.t1,11,13,16,1,16,2
TrSC58v2_7157.t1.e1,12,17,24,65,19,200
TrSC58v2_7158.t1,0,0,0,0,0,12
TrSC58v2_7158.t1.e1,18,1,21,19,16,5
TrSC58v2_7159.t1,2,1,1,11,1,22
TrSC58v2_7159.t1.e1,2,4,2,12,1,23
TrSC58v2_7160.t1,2,3,7,8,11,40
TrSC58v2_7160.t1.e1,11,1,8,21,12,44
TrSC58v2_7162.t1,2,1,3,2,3,18
TrSC58v2_7162.t1.e1,7,1,5,12,17,19
MSTRG.6996.1,11,0,15,28,30,87
TrSC58v2_7163.t1,24,31,2,85,59,198
TrSC58v2_7163.t1.e1,4,35,59,91,69,245
TrSC58v2_7164.t1,2,6,9,0,0,62
TrSC58v2_7164.t1.e1,3,8,13,33,34,53
TrSC58v2_7165.t1,39,35,62,125,71,274
TrSC58v2_7165.t1.e1,39,39,77,115,63,333
TrSC58v2_7166.t1,6,4,16,44,18,54
TrSC58v2_7166.t1.e1,8,5,20,39,18,47
TrSC58v2_7167.t1,11,11,20,50,13,109
TrSC58v2_7167.t1.e1,12,9,27,58,19,127
TrSC58v2_7168.t1,0,22,59,80,52,236
TrSC58v2_7168.t1.e1,108,26,68,86,61,266
TrSC58v2_7169.t1,12,3,11,29,5,36
TrSC58v2_7169.t1.e1,7,4,13,33,6,33
TrSC58v2_7170.t1,11,3,12,38,14,48
TrSC58v2_7170.t1.e1,13,4,14,45,7,74
TrSC58v2_7171.t1,5,1,6,15,8,28
TrSC58v2_7171.t1.e1,6,4,8,20,10,21
TrSC58v2_7172.t1,0,0,1,11,5,31
TrSC58v2_7172.t1.e1,5,6,2,13,6,36
TrSC58v2_7173.t1,4,15,12,27,11,5
TrSC58v2_7173.t1.e1,6,22,14,31,0,131
TrSC58v2_7174.t1,9,0,1,20,6,87
TrSC58v2_7174.t1.e1,11,15,19,23,6,52
TrSC58v2_7175.t1,2,1,9,11,2,24
TrSC58v2_7175.t1.e1,2,10,10,12,4,27
TrSC58v2_7176.t1,0,8,11,57,8,39
TrSC58v2_7176.t1.e1,8,9,13,10,9,31
TrSC58v2_7177.t1,0,14,32,114,27,6
TrSC58v2_7177.t1.e1,8,21,40,0,35,203
TrSC58v2_7180.t1,11,14,30,1,0,4
TrSC58v2_7180.t1.e1,13,19,34,134,50,253
TrSC58v2_7181.t1,3,5,13,28,18,4
TrSC58v2_7181.t1.e1,5,6,16,32,22,162
TrSC58v2_7182.t1,1,6,5,2,2,2
TrSC58v2_7182.t1.e1,1,7,5,37,8,66
TrSC58v2_7184.t1,14,11,29,51,58,126
TrSC58v2_7184.t1.e1,19,12,35,57,13,150
TrSC58v2_7185.t1,11,7,0,22,15,31
TrSC58v2_7185.t1.e1,11,8,8,26,17,42
TrSC58v2_7186.t1.e1,33,29,80,119,70,272
TrSC58v2_7186.t1,1,3,1,18,2,2
TrSC58v2_7187.t1.e1,11,16,24,64,24,82
TrSC58v2_7187.t1,8,12,19,55,20,77
MSTRG.7022.1,8,4,0,11,0,25
TrSC58v2_7189.t1.e1,9,6,17,35,18,88
TrSC58v2_7189.t1,7,5,14,30,16,86
TrSC58v2_7190.t1.e1,13,6,18,23,14,66
TrSC58v2_7190.t1,12,0,16,17,11,61
TrSC58v2_7192.t1.e1,8,10,13,35,16,78
TrSC58v2_7192.t1,6,7,11,50,14,89
MSTRG.7025.1,3,4,4,3,0,26
TrSC58v2_7193.t1.e1,10,2,3,3,1,4
TrSC58v2_7193.t1,9,1,2,2,1,4
TrSC58v2_7196.t1.e1,10,6,12,20,12,45
TrSC58v2_7196.t1,8,3,5,19,12,42
MSTRG.7030.1,10,20,10,50,38,129
TrSC58v2_7197.t1.e1,8,1,4,10,4,23
TrSC58v2_7197.t1,7,1,0,8,4,21
TrSC58v2_7201.t1.e1,5,1,8,8,7,24
TrSC58v2_7201.t1,2,1,7,9,5,23
MSTRG.7033.1,1,8,9,9,3,32
TrSC58v2_7202.t1.e1,4,4,7,7,6,27
TrSC58v2_7202.t1,0,0,6,9,5,25
TrSC58v2_7492.t1.e1,15,18,23,30,10,73
TrSC58v2_7492.t1,11,12,18,24,7,60
TrSC58v2_7495.t1,0,0,0,0,0,0
TrSC58v2_7495.t1.e1,0,0,0,0,0,0
MSTRG.7332.1,3,8,11,31,11,74
TrSC58v2_7493.t1,1,1,1,1,1,5
TrSC58v2_7493.t1.e1,0,1,1,1,1,5
TrSC58v2_7494.t1.e1,5,13,4,14,6,22
TrSC58v2_7494.t1,1,2,2,6,3,11
TrSC58v2_7496.t1.e1,9,3,12,25,27,57
TrSC58v2_7496.t1,8,3,11,20,23,60
TrSC58v2_7497.t1,1,1,1,1,1,3
TrSC58v2_7497.t1.e1,1,1,1,1,2,5
TrSC58v2_7500.t1.e1,10,5,11,23,20,70
TrSC58v2_7500.t1,8,4,10,21,14,84
TrSC58v2_7501.t1.e1,26,18,60,104,58,195
TrSC58v2_7501.t1,21,16,1,92,53,173
TrSC58v2_7502.t1.e1,9,11,17,21,28,36
TrSC58v2_7502.t1,6,8,11,17,0,33
TrSC58v2_7503.t1.e1,6,0,8,12,0,27
TrSC58v2_7503.t1,5,0,3,11,0,25
TrSC58v2_7504.t1.e1,25,4,8,26,32,36
TrSC58v2_7504.t1,0,3,6,1,2,29
TrSC58v2_7505.t1.e1,12,0,0,14,20,44
TrSC58v2_7505.t1,10,0,0,4,17,35
TrSC58v2_7507.t1.e1,6,6,24,22,7,41
TrSC58v2_7507.t1,5,4,20,21,5,36
TrSC58v2_7510.t1.e1,4,10,3,14,4,13
TrSC58v2_7510.t1,3,0,1,12,4,17
TrSC58v2_7506.t1.e1,8,20,30,74,44,156
TrSC58v2_7506.t1,6,15,26,53,32,130
TrSC58v2_7517.t1,1,6,5,1,7,20
TrSC58v2_7517.t1.e1,2,7,3,10,9,16
TrSC58v2_7522.t1,0,1,2,6,1,3
TrSC58v2_7522.t1.e1,2,2,12,8,2,8
TrSC58v2_7512.t1,0,1,1,2,0,8
TrSC58v2_7512.t1.e1,0,2,4,3,2,8
TrSC58v2_7513.t1,0,0,0,1,0,2
TrSC58v2_7513.t1.e1,0,0,0,2,6,2
TrSC58v2_7514.t1,0,1,1,3,0,7
TrSC58v2_7514.t1.e1,0,2,5,4,2,8
MSTRG.7348.1,8,0,0,0,0,15
TrSC58v2_7511.t1,1,0,0,1,0,2
TrSC58v2_7511.t1.e1,1,0,0,2,2,2
TrSC58v2_7523.t1,2,1,1,7,1,31
TrSC58v2_7523.t1.e1,7,1,17,8,7,34
TrSC58v2_7525.t1,5,2,12,47,18,73
TrSC58v2_7525.t1.e1,20,20,13,53,23,77
TrSC58v2_7524.t1,3,0,5,11,3,8
TrSC58v2_7524.t1.e1,4,0,6,11,4,12
MSTRG.7365.1,4,17,3,9,4,30
TrSC58v2_7528.t1,1,0,3,6,0,0
TrSC58v2_7528.t1.e1,1,0,4,8,4,19
TrSC58v2_7531.t1.e1,5,8,21,13,22,50
TrSC58v2_7531.t1,0,1,17,11,19,30
TrSC58v2_7526.t1,3,3,4,0,0,16
TrSC58v2_7526.t1.e1,4,5,6,0,4,31
TrSC58v2_7533.t1.e1,4,0,20,7,7,43
TrSC58v2_7533.t1,0,0,2,0,6,41
TrSC58v2_7534.t1.e1,2,3,15,24,13,54
TrSC58v2_7534.t1,1,1,12,1,11,49
TrSC58v2_7536.t1.e1,3,5,7,5,9,23
TrSC58v2_7536.t1,1,2,6,5,2,22
TrSC58v2_7535.t1.e1,36,21,50,88,58,231
TrSC58v2_7535.t1,36,16,43,78,50,199
TrSC58v2_7571.t1.e1,1,4,4,13,2,11
TrSC58v2_7571.t1,1,3,3,10,1,10
TrSC58v2_7573.t1.e1,12,7,20,16,8,30
TrSC58v2_7573.t1,1,1,0,13,6,27
MSTRG.7409.1,44,0,0,128,0,136
TrSC58v2_7572.t1,9,18,8,9,24,54
TrSC58v2_7572.t1.e1,8,26,94,40,65,137
MSTRG.7413.1,7,0,18,23,41,38
TrSC58v2_7575.t1.e1,5,6,12,25,13,58
TrSC58v2_7575.t1,4,6,11,24,12,57
TrSC58v2_7577.t1.e1,6,4,7,42,4,48
TrSC58v2_7577.t1,0,0,0,3,0,36
TrSC58v2_7578.t1.e1,8,5,10,26,13,56
TrSC58v2_7578.t1,0,0,9,21,12,45
TrSC58v2_7579.t1.e1,5,9,24,30,20,73
TrSC58v2_7579.t1,5,9,19,25,17,69
MSTRG.7417.1,16,10,26,49,14,96
TrSC58v2_7581.t1.e1,4,4,8,4,12,22
TrSC58v2_7581.t1,0,3,0,6,1,19
TrSC58v2_7583.t1.e1,4,9,6,14,8,32
TrSC58v2_7583.t1,0,0,5,12,7,30
MSTRG.7141.1,0,0,0,0,0,114
TrSC58v2_7310.t1,0,0,3,1,0,5
TrSC58v2_7310.t1.e1,0,2,10,2,3,13
TrSC58v2_7311.t1,0,0,3,3,0,10
TrSC58v2_7311.t1.e1,0,0,5,5,3,9
TrSC58v2_7319.t1,0,2,2,7,5,1
TrSC58v2_7319.t1.e1,0,4,2,7,6,21
TrSC58v2_7333.t1,0,1,1,2,2,16
TrSC58v2_7333.t1.e1,0,2,4,7,4,20
TrSC58v2_7337.t1,0,5,1,11,11,19
TrSC58v2_7337.t1.e1,0,6,19,13,15,24
MSTRG.7174.1,0,0,0,24,20,148
TrSC58v2_7344.t1,0,1,0,1,1,33
TrSC58v2_7344.t1.e1,0,5,4,3,3,37
TrSC58v2_7361.t1,0,0,5,2,3,4
TrSC58v2_7361.t1.e1,0,4,5,3,5,26
MSTRG.7198.3,0,0,0,0,11,0
TrSC58v2_7363.t1,0,2,6,6,7,30
TrSC58v2_7363.t1.e1,0,2,13,7,8,37
TrSC58v2_7371.t1,0,2,9,12,10,13
TrSC58v2_7371.t1.e1,0,2,10,13,11,14
TrSC58v2_7374.t1,0,0,0,0,0,0
TrSC58v2_7374.t1.e1,0,3,3,2,11,27
TrSC58v2_7382.t1,0,0,2,4,1,26
TrSC58v2_7382.t1.e1,0,0,2,5,4,30
MSTRG.7231.1,0,0,0,33,32,84
MSTRG.7140.1,1,18,15,33,20,101
TrSC58v2_7305.t1,7,8,14,15,10,7
TrSC58v2_7305.t1.e1,9,10,17,19,13,19
TrSC58v2_7306.t1,1,0,3,0,2,6
TrSC58v2_7306.t1.e1,2,3,4,2,2,8
TrSC58v2_7307.t1,2,0,1,7,1,16
TrSC58v2_7307.t1.e1,4,3,4,7,5,17
TrSC58v2_7308.t1,11,22,42,116,62,208
TrSC58v2_7308.t1.e1,13,26,45,124,68,234
TrSC58v2_7309.t1,1,1,0,1,3,9
TrSC58v2_7309.t1.e1,2,2,0,2,4,10
TrSC58v2_7312.t1,1,7,6,16,7,16
TrSC58v2_7312.t1.e1,1,8,6,11,7,14
TrSC58v2_7313.t1,0,0,8,10,6,23
TrSC58v2_7313.t1.e1,3,3,9,11,7,23
TrSC58v2_7314.t1,0,18,37,80,24,178
TrSC58v2_7314.t1.e1,84,21,63,123,36,222
MSTRG.7151.1,10,23,22,45,29,109
MSTRG.7152.1,15,34,29,47,47,181
TrSC58v2_7317.t1,5,0,0,1,2,2
TrSC58v2_7317.t1.e1,6,0,0,11,3,18
TrSC58v2_7318.t1,0,0,4,0,5,32
TrSC58v2_7318.t1.e1,3,5,5,3,7,37
TrSC58v2_7320.t1,8,7,8,18,8,28
TrSC58v2_7320.t1.e1,10,9,11,25,12,35
TrSC58v2_7321.t1,9,0,17,15,12,25
TrSC58v2_7321.t1.e1,10,19,24,17,15,32
TrSC58v2_7322.t1,15,0,7,12,10,51
TrSC58v2_7322.t1.e1,21,4,8,16,13,64
TrSC58v2_7323.t1,1,0,2,27,22,75
TrSC58v2_7323.t1.e1,2,8,29,30,26,79
TrSC58v2_7324.t1,14,22,34,54,37,106
TrSC58v2_7324.t1.e1,15,28,40,59,42,114
TrSC58v2_7325.t1,0,0,0,6,12,35
TrSC58v2_7325.t1.e1,26,3,8,6,15,38
TrSC58v2_7326.t1,0,2,13,1,17,33
TrSC58v2_7326.t1.e1,16,3,17,27,20,39
TrSC58v2_7327.t1,4,7,1,3,25,74
TrSC58v2_7327.t1.e1,5,9,23,32,28,80
TrSC58v2_7328.t1,1,0,8,1,0,31
TrSC58v2_7328.t1.e1,6,3,2,3,8,34
TrSC58v2_7329.t1,3,0,0,0,1,57
TrSC58v2_7329.t1.e1,4,3,31,52,16,46
TrSC58v2_7330.t1,4,8,2,1,15,103
TrSC58v2_7330.t1.e1,5,10,29,46,20,120
TrSC58v2_7331.t1,1,0,4,5,5,22
TrSC58v2_7331.t1.e1,10,9,6,6,5,26
TrSC58v2_7332.t1,3,27,24,41,30,103
TrSC58v2_7332.t1.e1,21,30,25,46,32,122
TrSC58v2_7334.t1,2,0,25,15,0,60
TrSC58v2_7334.t1.e1,18,18,28,16,14,52
TrSC58v2_7335.t1,0,0,9,21,2,45
TrSC58v2_7335.t1.e1,15,12,11,24,32,48
TrSC58v2_7336.t1,5,13,6,11,4,47
TrSC58v2_7336.t1.e1,6,13,7,12,4,52
TrSC58v2_7338.t1,5,0,0,13,4,3
TrSC58v2_7338.t1.e1,7,18,8,11,6,3
TrSC58v2_7339.t1,0,2,1,9,1,23
TrSC58v2_7339.t1.e1,7,17,11,10,11,31
TrSC58v2_7340.t1,5,3,2,9,21,69
TrSC58v2_7340.t1.e1,18,3,19,50,23,78
TrSC58v2_7341.t1,2,0,8,20,12,19
TrSC58v2_7341.t1.e1,2,0,9,23,13,21
TrSC58v2_7342.t1,1,2,2,4,2,10
TrSC58v2_7342.t1.e1,1,3,3,4,2,11
TrSC58v2_7343.t1,0,0,0,2,1,56
TrSC58v2_7343.t1.e1,9,20,23,37,10,62
TrSC58v2_7345.t1,9,23,17,54,31,104
TrSC58v2_7345.t1.e1,12,28,22,53,39,117
TrSC58v2_7346.t1,0,1,0,1,0,1
TrSC58v2_7346.t1.e1,4,3,0,11,12,20
TrSC58v2_7347.t1,0,2,2,1,1,23
TrSC58v2_7347.t1.e1,4,3,12,12,10,23
TrSC58v2_7348.t1,59,42,81,136,66,300
TrSC58v2_7348.t1.e1,66,45,95,155,70,337
TrSC58v2_7349.t1,3,0,2,13,15,27
TrSC58v2_7349.t1.e1,3,0,17,14,17,25
TrSC58v2_7350.t1,0,1,0,1,1,29
TrSC58v2_7350.t1.e1,3,4,14,16,3,9
TrSC58v2_7351.t1,1,2,7,2,1,14
TrSC58v2_7351.t1.e1,3,13,7,2,6,14
TrSC58v2_7352.t1,12,8,11,21,8,89
TrSC58v2_7352.t1.e1,16,10,13,27,9,93
TrSC58v2_7353.t1,2,9,2,11,9,34
TrSC58v2_7353.t1.e1,15,11,16,13,11,40
TrSC58v2_7354.t1,1,6,0,7,0,2
TrSC58v2_7354.t1.e1,3,6,4,9,0,23
TrSC58v2_7355.t1,8,1,9,1,11,47
TrSC58v2_7355.t1.e1,9,7,11,32,13,51
TrSC58v2_7356.t1,28,3,21,69,44,147
TrSC58v2_7356.t1.e1,31,45,23,73,51,164
TrSC58v2_7357.t1,1,8,0,40,19,48
TrSC58v2_7357.t1.e1,29,9,22,36,23,52
TrSC58v2_7358.t1,8,10,24,45,38,102
TrSC58v2_7358.t1.e1,18,12,28,47,41,111
TrSC58v2_7359.t1,5,1,9,11,11,50
TrSC58v2_7359.t1.e1,7,2,10,13,12,58
TrSC58v2_7360.t1,3,0,0,0,1,19
TrSC58v2_7360.t1.e1,4,3,0,10,12,27
TrSC58v2_7362.t1,84,67,93,187,211,487
TrSC58v2_7362.t1.e1,14,71,117,210,29,568
MSTRG.7200.1,25,25,21,30,53,152
TrSC58v2_7364.t1,0,0,12,18,16,54
TrSC58v2_7364.t1.e1,13,15,15,21,17,62
TrSC58v2_7365.t1,6,0,24,49,31,103
TrSC58v2_7365.t1.e1,7,11,30,55,38,129
TrSC58v2_7366.t1,1,0,7,11,1,18
TrSC58v2_7366.t1.e1,2,8,8,12,10,20
TrSC58v2_7367.t1,13,21,28,38,27,76
TrSC58v2_7367.t1.e1,18,25,29,48,34,89
TrSC58v2_7368.t1,5,0,0,1,0,1
TrSC58v2_7368.t1.e1,6,17,15,32,7,76
TrSC58v2_7369.t1,14,0,22,30,20,113
TrSC58v2_7369.t1.e1,19,15,24,43,22,123
MSTRG.7207.1,4,6,0,18,4,45
TrSC58v2_7370.t1,4,16,0,40,23,97
TrSC58v2_7370.t1.e1,6,18,49,45,28,122
TrSC58v2_7372.t1,25,6,30,77,6,231
TrSC58v2_7372.t1.e1,28,71,35,86,87,280
TrSC58v2_7373.t1,4,0,10,5,6,27
TrSC58v2_7373.t1.e1,5,10,21,50,7,30
MSTRG.7213.1,68,41,107,116,78,397
TrSC58v2_7375.t1,4,5,4,14,13,31
TrSC58v2_7375.t1.e1,5,6,5,17,16,39
TrSC58v2_7376.t1,5,8,1,3,15,52
TrSC58v2_7376.t1.e1,7,9,22,35,18,55
TrSC58v2_7377.t1,0,0,3,0,0,14
TrSC58v2_7377.t1.e1,3,0,4,8,0,16
TrSC58v2_7378.t1,8,2,3,7,7,3
TrSC58v2_7378.t1.e1,9,17,37,9,9,108
TrSC58v2_7379.t1,5,8,10,23,11,58
TrSC58v2_7379.t1.e1,6,9,11,26,12,51
TrSC58v2_7380.t1,0,0,0,7,7,19
TrSC58v2_7380.t1.e1,4,0,2,8,8,21
TrSC58v2_7381.t1,25,5,22,20,32,85
TrSC58v2_7381.t1.e1,28,6,27,30,35,121
TrSC58v2_7383.t1,0,12,4,37,12,73
TrSC58v2_7383.t1.e1,4,15,51,43,14,77
TrSC58v2_7384.t1,3,6,9,33,15,70
TrSC58v2_7384.t1.e1,4,7,10,6,17,76
TrSC58v2_7385.t1,1,0,2,2,1,23
TrSC58v2_7385.t1.e1,2,0,19,24,22,31
MSTRG.7224.1,19,13,19,74,41,95
TrSC58v2_7386.t1,1,1,9,30,6,11
TrSC58v2_7386.t1.e1,8,26,11,35,22,144
TrSC58v2_7387.t1,10,11,19,34,16,73
TrSC58v2_7387.t1.e1,11,12,21,37,17,79
MSTRG.7227.1,38,38,75,132,41,280
TrSC58v2_7388.t1,11,14,55,47,20,86
TrSC58v2_7388.t1.e1,13,16,57,51,23,91
TrSC58v2_7389.t1,3,4,6,23,8,47
TrSC58v2_7389.t1.e1,4,5,7,27,10,51
MSTRG.7231.2,8,0,13,0,0,8
TrSC58v2_7390.t1,3,5,0,5,2,91
TrSC58v2_7390.t1.e1,3,7,14,6,2,8
TrSC58v2_7391.t1,1,0,0,12,6,19
TrSC58v2_7391.t1.e1,3,0,7,13,7,23
TrSC58v2_7392.t1,13,4,2,46,17,118
TrSC58v2_7392.t1.e1,14,6,30,49,18,134
TrSC58v2_7393.t1,0,5,11,6,15,33
TrSC58v2_7393.t1.e1,9,6,12,38,16,38
TrSC58v2_7394.t1,13,0,4,2,3,37
TrSC58v2_7394.t1.e1,17,15,4,3,4,43
TrSC58v2_7395.t1,0,0,11,24,4,7
TrSC58v2_7395.t1.e1,4,25,16,26,5,71
TrSC58v2_7396.t1,8,0,12,14,17,71
TrSC58v2_7396.t1.e1,14,13,14,15,20,76
TrSC58v2_7397.t1,10,0,19,10,20,59
TrSC58v2_7397.t1.e1,12,6,22,12,29,66
TrSC58v2_7398.t1,0,1,0,0,0,0
TrSC58v2_7398.t1.e1,4,14,21,42,23,63
TrSC58v2_7399.t1,5,0,7,21,0,50
TrSC58v2_7399.t1.e1,6,10,10,25,38,60
TrSC58v2_7400.t1,0,0,0,5,0,30
TrSC58v2_7400.t1.e1,3,9,20,6,15,35
TrSC58v2_7401.t1.e1,14,8,23,42,28,83
TrSC58v2_7401.t1,0,0,17,36,22,75
TrSC58v2_7402.t1.e1,10,12,10,34,28,86
TrSC58v2_7402.t1,7,11,7,31,22,81
TrSC58v2_7403.t1.e1,8,6,11,26,12,75
TrSC58v2_7403.t1,0,5,8,18,1,60
TrSC58v2_7404.t1,59,95,149,301,158,649
TrSC58v2_7404.t1.e1,63,105,170,345,168,681
TrSC58v2_7587.t1.e1,12,7,35,15,10,37
TrSC58v2_7587.t1,1,1,3,0,1,41
TrSC58v2_7584.t1.e1,8,4,31,11,27,80
TrSC58v2_7584.t1,6,3,25,10,21,68
TrSC58v2_7588.t1.e1,3,8,13,18,9,28
TrSC58v2_7588.t1,3,2,11,16,2,26
TrSC58v2_7585.t1.e1,1,1,7,5,3,5
TrSC58v2_7585.t1,1,1,1,4,1,5
TrSC58v2_7586.t1.e1,8,5,41,15,28,62
TrSC58v2_7586.t1,0,3,35,13,24,84
TrSC58v2_7589.t1.e1,31,14,26,41,26,91
TrSC58v2_7589.t1,1,11,20,37,19,87
TrSC58v2_7591.t1.e1,4,8,35,29,19,68
TrSC58v2_7591.t1,3,7,1,25,16,64
TrSC58v2_7592.t1.e1,4,0,4,10,8,7
TrSC58v2_7592.t1,0,0,3,8,7,6
TrSC58v2_7593.t1.e1,4,0,16,18,11,7
TrSC58v2_7593.t1,0,0,2,16,2,2
TrSC58v2_7597.t1.e1,5,0,9,12,0,10
TrSC58v2_7597.t1,0,0,2,1,0,3
TrSC58v2_7408.t1,0,0,9,16,3,26
TrSC58v2_7408.t1.e1,0,7,10,18,20,30
TrSC58v2_7415.t1,0,0,1,1,1,18
TrSC58v2_7415.t1.e1,0,0,9,10,4,21
TrSC58v2_7416.t1,0,4,0,15,5,18
TrSC58v2_7416.t1.e1,0,4,4,18,6,22
TrSC58v2_7424.t1,0,1,0,0,0,26
TrSC58v2_7424.t1.e1,0,3,22,8,9,30
TrSC58v2_7431.t1,0,3,10,9,8,13
TrSC58v2_7431.t1.e1,0,3,12,10,10,14
TrSC58v2_7436.t1,0,3,0,3,2,15
TrSC58v2_7436.t1.e1,0,3,8,6,6,16
TrSC58v2_7438.t1,0,0,1,0,0,24
TrSC58v2_7438.t1.e1,0,7,5,4,19,29
MSTRG.7288.1,0,0,0,0,0,129
MSTRG.7304.1,0,40,85,129,53,399
MSTRG.7316.2,0,0,0,28,0,0
TrSC58v2_7481.t1,0,1,7,5,0,2
TrSC58v2_7481.t1.e1,0,2,9,6,0,58
TrSC58v2_7489.t1,0,0,0,2,1,7
TrSC58v2_7489.t1.e1,0,0,0,7,3,6
MSTRG.7245.1,5,13,26,25,28,126
MSTRG.7247.1,4,10,5,15,5,45
TrSC58v2_7406.t1,2,4,6,11,5,25
TrSC58v2_7406.t1.e1,1,4,5,10,4,25
TrSC58v2_7407.t1,11,32,54,79,44,191
TrSC58v2_7407.t1.e1,8,29,49,74,32,186
TrSC58v2_7409.t1,0,0,4,1,5,9
TrSC58v2_7409.t1.e1,11,2,5,8,6,11
TrSC58v2_7410.t1.e1,3,9,31,23,10,36
TrSC58v2_7410.t1,0,6,25,18,8,34
TrSC58v2_7411.t1.e1,13,11,25,35,34,92
TrSC58v2_7411.t1,3,10,15,33,31,83
TrSC58v2_7412.t1.e1,31,27,78,133,80,292
TrSC58v2_7412.t1,1,22,59,112,66,245
TrSC58v2_7413.t1.e1,4,0,19,11,4,16
TrSC58v2_7413.t1,4,0,1,2,1,17
TrSC58v2_7414.t1.e1,5,10,9,24,10,37
TrSC58v2_7414.t1,0,7,7,1,10,33
MSTRG.7257.1,14,81,107,190,132,560
TrSC58v2_7417.t1.e1,3,7,5,9,7,18
TrSC58v2_7417.t1,3,1,5,6,6,17
TrSC58v2_7418.t1.e1,4,10,14,21,11,66
TrSC58v2_7418.t1,3,8,12,18,8,53
TrSC58v2_7421.t1.e1,7,9,19,28,14,67
TrSC58v2_7421.t1,5,6,17,26,9,53
TrSC58v2_7422.t1.e1,10,7,12,32,21,59
TrSC58v2_7422.t1,2,6,11,18,15,38
TrSC58v2_7423.t1.e1,3,0,3,5,3,20
TrSC58v2_7423.t1,2,0,1,0,0,18
TrSC58v2_7425.t1.e1,30,5,14,27,5,35
TrSC58v2_7425.t1,0,5,13,25,4,33
TrSC58v2_7426.t1.e1,29,4,28,70,32,112
TrSC58v2_7426.t1,0,3,21,1,0,105
TrSC58v2_7427.t1.e1,2,1,0,2,2,25
TrSC58v2_7427.t1,1,1,0,1,1,18
TrSC58v2_7428.t1.e1,5,11,5,11,11,48
TrSC58v2_7428.t1,0,7,4,8,9,39
TrSC58v2_7429.t1.e1,6,10,12,54,3,78
TrSC58v2_7429.t1,4,0,8,2,0,56
TrSC58v2_7430.t1.e1,5,2,9,9,9,45
TrSC58v2_7430.t1,4,1,8,8,8,44
TrSC58v2_7432.t1.e1,4,6,5,9,8,18
TrSC58v2_7432.t1,0,5,4,8,5,16
TrSC58v2_7433.t1.e1,8,12,21,26,24,94
TrSC58v2_7433.t1,6,3,4,22,21,87
TrSC58v2_7434.t1.e1,9,20,8,11,13,84
TrSC58v2_7434.t1,6,1,0,10,12,3
TrSC58v2_7435.t1.e1,4,12,8,23,12,48
TrSC58v2_7435.t1,0,0,6,1,10,44
TrSC58v2_7437.t1.e1,6,5,22,68,19,63
TrSC58v2_7437.t1,5,4,16,1,15,56
TrSC58v2_7439.t1.e1,7,10,6,35,24,21
TrSC58v2_7439.t1,6,8,2,0,1,19
TrSC58v2_7440.t1.e1,15,14,24,20,8,27
TrSC58v2_7440.t1,12,1,1,18,0,20
TrSC58v2_7441.t1.e1,3,14,9,12,36,40
TrSC58v2_7441.t1,0,2,8,9,2,37
TrSC58v2_7442.t1.e1,22,14,22,35,35,170
TrSC58v2_7442.t1,16,12,18,30,30,3
TrSC58v2_7443.t1.e1,5,3,14,11,7,37
TrSC58v2_7443.t1,4,2,11,9,7,25
TrSC58v2_7444.t1.e1,16,22,31,54,41,123
TrSC58v2_7444.t1,15,17,27,48,36,109
MSTRG.7286.1,6,11,23,28,16,71
TrSC58v2_7445.t1.e1,12,15,36,39,29,159
TrSC58v2_7445.t1,9,12,33,36,25,132
TrSC58v2_7446.t1.e1,14,8,22,47,34,19
TrSC58v2_7446.t1,0,3,18,24,25,22
TrSC58v2_7447.t1.e1,6,3,19,9,13,41
TrSC58v2_7447.t1,5,2,1,9,11,38
TrSC58v2_7448.t1.e1,13,15,20,25,11,52
TrSC58v2_7448.t1,0,11,16,3,10,36
TrSC58v2_7449.t1.e1,7,14,9,19,12,25
TrSC58v2_7449.t1,1,13,8,1,2,24
TrSC58v2_7450.t1.e1,109,63,181,267,133,774
TrSC58v2_7450.t1,2,56,148,221,104,567
MSTRG.7293.1,32,18,60,88,49,194
TrSC58v2_7451.t1,8,0,1,8,7,17
TrSC58v2_7451.t1.e1,4,0,0,8,7,16
MSTRG.7296.2,48,55,157,189,84,593
MSTRG.7296.3,35,76,77,240,138,756
TrSC58v2_7452.t1,11,8,1,47,15,71
TrSC58v2_7452.t1.e1,9,10,30,11,13,69
TrSC58v2_7453.t1.e1,12,17,20,45,34,109
TrSC58v2_7453.t1,9,13,18,37,30,124
TrSC58v2_7454.t1.e1,19,11,35,68,31,129
TrSC58v2_7454.t1,16,10,30,63,24,120
TrSC58v2_7455.t1.e1,9,10,21,27,18,72
TrSC58v2_7455.t1,6,9,17,20,12,62
MSTRG.7301.1,31,40,0,70,42,348
TrSC58v2_7456.t1.e1,4,7,38,23,14,10
TrSC58v2_7456.t1,3,7,24,13,8,0
TrSC58v2_7457.t1.e1,6,10,8,29,18,71
TrSC58v2_7457.t1,1,2,0,1,15,63
TrSC58v2_7458.t1.e1,46,24,56,72,52,151
TrSC58v2_7458.t1,1,1,46,63,45,130
MSTRG.7304.2,16,15,31,48,28,131
TrSC58v2_7459.t1.e1,25,4,3,8,9,27
TrSC58v2_7459.t1,1,5,4,8,7,25
TrSC58v2_7460.t1.e1,4,0,3,5,4,11
TrSC58v2_7460.t1,0,0,0,2,3,10
TrSC58v2_7461.t1.e1,9,17,24,34,40,111
TrSC58v2_7461.t1,5,3,10,22,2,33
TrSC58v2_7462.t1.e1,6,20,33,37,20,94
TrSC58v2_7462.t1,4,1,39,33,18,76
TrSC58v2_7463.t1.e1,20,5,22,78,23,110
TrSC58v2_7463.t1,0,4,18,1,19,86
TrSC58v2_7464.t1.e1,12,12,26,40,19,105
TrSC58v2_7464.t1,8,9,24,27,16,88
TrSC58v2_7465.t1.e1,25,42,112,53,15,172
TrSC58v2_7465.t1,7,6,12,12,6,22
TrSC58v2_7466.t1.e1,16,13,14,33,10,81
TrSC58v2_7466.t1,1,11,13,32,10,73
TrSC58v2_7467.t1.e1,4,8,11,26,4,42
TrSC58v2_7467.t1,0,6,8,24,3,37
TrSC58v2_7468.t1.e1,12,3,16,27,9,38
TrSC58v2_7468.t1,0,0,1,3,7,35
TrSC58v2_7469.t1,1,0,0,6,1,21
TrSC58v2_7469.t1.e1,1,0,4,7,14,22
TrSC58v2_7470.t1.e1,27,74,29,12,21,205
TrSC58v2_7470.t1,10,13,85,89,101,227
TrSC58v2_7471.t1.e1,11,12,4,6,0,25
TrSC58v2_7471.t1,9,1,4,4,0,20
TrSC58v2_7472.t1.e1,20,8,16,21,15,97
TrSC58v2_7472.t1,19,7,11,19,14,78
TrSC58v2_7473.t1.e1,20,5,7,22,11,58
TrSC58v2_7473.t1,17,2,6,18,10,56
TrSC58v2_7474.t1.e1,5,11,24,15,13,56
TrSC58v2_7474.t1,5,7,17,11,12,51
TrSC58v2_7475.t1.e1,18,16,30,42,22,150
TrSC58v2_7475.t1,12,12,24,36,18,134
MSTRG.7316.1,38,17,46,136,116,382
TrSC58v2_7476.t1.e1,4,11,14,11,8,36
TrSC58v2_7476.t1,4,1,0,19,7,35
TrSC58v2_7477.t1.e1,16,0,15,17,13,40
TrSC58v2_7477.t1,1,0,1,14,12,34
TrSC58v2_7478.t1,10,2,0,27,5,34
TrSC58v2_7478.t1.e1,13,19,49,41,50,244
TrSC58v2_7479.t1.e1,16,8,20,23,8,53
TrSC58v2_7479.t1,11,0,17,16,5,42
TrSC58v2_7480.t1.e1,4,0,18,23,18,24
TrSC58v2_7480.t1,0,0,1,1,15,20
TrSC58v2_7482.t1.e1,8,0,4,14,29,23
TrSC58v2_7482.t1,7,0,0,10,2,21
TrSC58v2_7483.t1.e1,8,7,16,7,12,31
TrSC58v2_7483.t1,6,1,0,8,2,33
TrSC58v2_7484.t1.e1,9,4,17,13,18,51
TrSC58v2_7484.t1,6,3,15,11,1,45
TrSC58v2_7485.t1.e1,7,3,9,13,21,21
TrSC58v2_7485.t1,0,0,0,0,1,28
TrSC58v2_7486.t1.e1,4,16,17,8,8,57
TrSC58v2_7486.t1,0,0,14,6,0,64
TrSC58v2_7487.t1.e1,13,2,6,10,12,27
TrSC58v2_7487.t1,0,1,1,1,1,24
TrSC58v2_7488.t1.e1,21,18,26,45,24,122
TrSC58v2_7488.t1,21,14,22,37,21,115
TrSC58v2_7490.t1.e1,28,8,25,9,23,37
TrSC58v2_7490.t1,1,6,1,6,1,31
TrSC58v2_7491.t1.e1,25,34,48,121,68,273
TrSC58v2_7491.t1,22,24,41,110,62,266
MSTRG.7440.1,5,6,28,18,7,38
TrSC58v2_7599.t1.e1,5,2,13,21,18,42
TrSC58v2_7599.t1,4,2,10,20,15,40
MSTRG.7441.1,9,0,23,0,5,50
TrSC58v2_7545.t1,0,2,0,3,0,22
TrSC58v2_7545.t1.e1,0,2,0,4,0,23
TrSC58v2_7548.t1,0,0,0,1,0,0
TrSC58v2_7548.t1.e1,0,3,0,3,0,15
MSTRG.7391.1,0,0,0,111,0,0
TrSC58v2_7562.t1,0,8,9,22,16,63
TrSC58v2_7562.t1.e1,0,23,13,29,19,74
TrSC58v2_7538.t1.e1,20,5,18,28,29,65
TrSC58v2_7538.t1,18,5,16,24,0,52
TrSC58v2_7539.t1.e1,8,3,0,9,7,26
TrSC58v2_7539.t1,6,1,0,8,5,22
TrSC58v2_7540.t1.e1,15,16,23,37,19,73
TrSC58v2_7540.t1,13,13,15,32,17,63
TrSC58v2_7541.t1.e1,29,36,106,172,79,329
TrSC58v2_7541.t1,26,35,78,151,81,272
TrSC58v2_7542.t1.e1,12,21,21,22,15,113
TrSC58v2_7542.t1,9,0,15,18,0,1
TrSC58v2_7543.t1.e1,3,4,5,10,7,40
TrSC58v2_7543.t1,0,0,4,1,6,2
TrSC58v2_7544.t1.e1,4,5,3,1,12,18
TrSC58v2_7544.t1,1,1,2,1,9,18
TrSC58v2_7546.t1.e1,4,0,4,11,7,26
TrSC58v2_7546.t1,3,0,3,0,6,22
TrSC58v2_7547.t1.e1,2,6,6,8,22,62
TrSC58v2_7547.t1,1,5,5,5,0,58
TrSC58v2_7549.t1.e1,3,6,10,4,17,39
TrSC58v2_7549.t1,0,4,9,3,16,36
TrSC58v2_7550.t1.e1,16,25,109,86,55,141
TrSC58v2_7550.t1,14,0,3,74,49,133
TrSC58v2_7551.t1.e1,4,4,24,29,28,87
TrSC58v2_7551.t1,3,0,21,22,25,73
TrSC58v2_7552.t1.e1,6,0,21,26,14,77
TrSC58v2_7552.t1,5,0,15,17,11,69
TrSC58v2_7553.t1.e1,7,4,7,14,13,59
TrSC58v2_7553.t1,6,3,6,10,0,55
TrSC58v2_7554.t1.e1,22,14,22,33,42,187
TrSC58v2_7554.t1,9,12,17,0,9,44
TrSC58v2_7555.t1.e1,2,16,17,31,24,73
TrSC58v2_7555.t1,0,14,13,28,21,67
TrSC58v2_7556.t1.e1,10,10,15,13,9,65
TrSC58v2_7556.t1,9,1,11,10,8,1
TrSC58v2_7557.t1.e1,3,0,16,9,4,35
TrSC58v2_7557.t1,1,0,1,8,1,2
TrSC58v2_7558.t1.e1,11,11,16,38,16,47
TrSC58v2_7558.t1,9,7,15,0,13,43
TrSC58v2_7559.t1.e1,4,0,11,12,8,37
TrSC58v2_7559.t1,4,0,1,11,7,33
TrSC58v2_7560.t1.e1,4,0,12,8,9,35
TrSC58v2_7560.t1,3,0,10,6,7,33
TrSC58v2_7561.t1.e1,4,2,0,5,2,13
TrSC58v2_7561.t1,0,2,0,5,1,11
TrSC58v2_7563.t1.e1,2,0,6,9,10,24
TrSC58v2_7563.t1,1,0,5,0,9,19
TrSC58v2_7564.t1.e1,5,14,13,13,16,36
TrSC58v2_7564.t1,4,0,9,10,14,30
TrSC58v2_7565.t1.e1,6,10,33,31,17,95
TrSC58v2_7565.t1,4,9,28,25,14,90
TrSC58v2_7566.t1.e1,6,12,31,41,17,153
TrSC58v2_7566.t1,5,10,24,32,12,4
TrSC58v2_7567.t1.e1,4,3,16,15,11,18
TrSC58v2_7567.t1,0,3,14,1,0,16
TrSC58v2_7568.t1.e1,6,18,19,51,25,126
TrSC58v2_7568.t1,5,13,16,48,22,121
TrSC58v2_7569.t1.e1,3,8,8,18,8,41
TrSC58v2_7569.t1,3,0,7,3,6,37
TrSC58v2_7570.t1.e1,13,15,43,64,36,254
TrSC58v2_7570.t1,12,14,37,54,34,202
TrSC58v2_7605.t1,0,0,0,0,8,5
TrSC58v2_7605.t1.e1,10,3,13,4,10,36
MSTRG.7439.1,17,37,42,33,32,157
TrSC58v2_7608.t1,15,8,12,12,11,68
TrSC58v2_7608.t1.e1,18,11,17,13,12,82
TrSC58v2_7600.t1,3,0,2,0,3,18
TrSC58v2_7600.t1.e1,4,8,3,10,4,23
TrSC58v2_7610.t1,1,0,0,3,0,1
TrSC58v2_7610.t1.e1,3,8,0,7,0,18
TrSC58v2_7609.t1,11,16,16,20,5,1
TrSC58v2_7609.t1.e1,13,23,19,22,6,65
TrSC58v2_7613.t1,2,8,21,27,15,74
TrSC58v2_7613.t1.e1,12,9,22,31,17,83
TrSC58v2_7611.t1,6,0,6,0,2,28
TrSC58v2_7611.t1.e1,9,0,7,11,9,44
TrSC58v2_7612.t1,1,0,0,0,1,18
TrSC58v2_7612.t1.e1,3,3,7,0,7,19
TrSC58v2_7663.t1.e1,6,7,14,14,15,61
TrSC58v2_7663.t1,5,5,12,2,13,49
TrSC58v2_7664.t1.e1,17,17,15,30,16,106
TrSC58v2_7664.t1,11,15,11,20,14,98
TrSC58v2_7665.t1.e1,8,9,10,17,26,46
TrSC58v2_7665.t1,3,8,2,13,1,39
TrSC58v2_7666.t1.e1,3,4,1,8,4,31
TrSC58v2_7666.t1,0,0,1,0,2,2
TrSC58v2_7661.t1.e1,22,16,24,26,27,74
TrSC58v2_7661.t1,15,12,20,23,23,78
MSTRG.7506.1,14,7,19,27,18,110
TrSC58v2_7662.t1.e1,23,13,33,47,25,4
TrSC58v2_7662.t1,20,13,29,32,24,213
TrSC58v2_7667.t1.e1,8,4,13,11,3,70
TrSC58v2_7667.t1,8,0,12,10,1,50
TrSC58v2_7668.t1,1,1,0,1,1,1
TrSC58v2_7668.t1.e1,1,1,2,1,2,1
MSTRG.7516.1,10,13,55,14,14,64
TrSC58v2_7672.t1,0,0,0,0,0,0
TrSC58v2_7672.t1.e1,0,0,0,0,0,0
MSTRG.7520.1,11,6,13,24,23,61
MSTRG.7521.1,14,13,20,46,28,105
MSTRG.7522.1,52,23,125,152,81,424
TrSC58v2_7671.t1,1,1,1,4,1,12
TrSC58v2_7671.t1.e1,1,2,3,5,1,22
TrSC58v2_7673.t1,2,1,2,9,4,17
TrSC58v2_7673.t1.e1,2,1,2,9,5,15
TrSC58v2_7674.t1,6,13,7,33,15,56
TrSC58v2_7674.t1.e1,8,2,7,42,19,61
MSTRG.7526.1,2,8,28,41,28,114
TrSC58v2_7669.t1,12,5,10,26,18,78
TrSC58v2_7669.t1.e1,14,7,11,32,25,101
TrSC58v2_7670.t1,12,7,14,30,10,54
TrSC58v2_7670.t1.e1,15,8,17,31,12,56
MSTRG.7456.1,0,0,25,0,34,92
TrSC58v2_7618.t1,0,0,0,9,0,1
TrSC58v2_7618.t1.e1,0,0,0,10,0,15
TrSC58v2_7623.t1,0,0,7,0,0,1
TrSC58v2_7623.t1.e1,0,0,7,15,8,35
TrSC58v2_7627.t1,0,1,3,10,2,6
TrSC58v2_7627.t1.e1,0,1,3,11,7,22
TrSC58v2_7639.t1,0,1,10,6,0,21
TrSC58v2_7639.t1.e1,0,4,11,6,0,22
MSTRG.7490.1,0,23,23,74,22,179
TrSC58v2_7656.t1,0,1,1,1,8,12
TrSC58v2_7656.t1.e1,0,4,4,6,9,13
TrSC58v2_7657.t1,0,1,5,6,1,17
TrSC58v2_7657.t1.e1,0,3,6,6,3,18
TrSC58v2_7659.t1,0,0,1,0,0,14
TrSC58v2_7659.t1.e1,0,0,19,0,0,17
TrSC58v2_7614.t1,1,0,2,14,1,10
TrSC58v2_7614.t1.e1,1,0,22,17,1,12
TrSC58v2_7615.t1,0,1,1,2,4,17
TrSC58v2_7615.t1.e1,12,11,6,10,5,17
TrSC58v2_7616.t1,8,0,12,13,9,57
TrSC58v2_7616.t1.e1,10,8,14,14,11,64
TrSC58v2_7617.t1,0,23,54,79,73,234
TrSC58v2_7617.t1.e1,77,25,63,92,85,285
TrSC58v2_7619.t1,8,4,7,20,11,37
TrSC58v2_7619.t1.e1,11,4,8,23,16,39
TrSC58v2_7620.t1,1,5,2,3,0,27
TrSC58v2_7620.t1.e1,1,6,19,3,12,30
TrSC58v2_7621.t1,0,0,0,6,1,17
TrSC58v2_7621.t1.e1,4,0,9,7,3,21
TrSC58v2_7622.t1,23,16,25,30,30,125
TrSC58v2_7622.t1.e1,34,19,27,39,34,117
TrSC58v2_7624.t1,7,3,17,13,13,97
TrSC58v2_7624.t1.e1,8,4,19,18,13,103
TrSC58v2_7625.t1,8,0,11,3,7,54
TrSC58v2_7625.t1.e1,11,0,12,32,9,50
TrSC58v2_7626.t1,7,3,12,10,6,0
TrSC58v2_7626.t1.e1,9,3,17,12,8,104
TrSC58v2_7628.t1,9,3,10,19,21,51
TrSC58v2_7628.t1.e1,12,4,12,24,26,56
TrSC58v2_7629.t1,4,3,6,12,18,43
TrSC58v2_7629.t1.e1,5,4,7,17,21,53
TrSC58v2_7630.t1,3,4,12,14,8,43
TrSC58v2_7630.t1.e1,3,5,17,17,10,46
TrSC58v2_7631.t1,0,4,11,16,4,26
TrSC58v2_7631.t1.e1,3,5,16,17,5,29
TrSC58v2_7632.t1,0,2,3,6,11,50
TrSC58v2_7632.t1.e1,5,5,23,6,13,53
TrSC58v2_7633.t1,54,26,36,104,6,262
TrSC58v2_7633.t1.e1,61,35,46,113,141,289
TrSC58v2_7634.t1,0,0,12,26,13,49
TrSC58v2_7634.t1.e1,7,19,14,29,17,58
TrSC58v2_7635.t1,25,14,20,21,15,52
TrSC58v2_7635.t1.e1,26,14,21,23,17,55
TrSC58v2_7636.t1,0,0,0,10,5,26
TrSC58v2_7636.t1.e1,3,8,2,12,6,29
TrSC58v2_7637.t1,1,0,13,1,20,48
TrSC58v2_7637.t1.e1,3,0,15,22,22,57
TrSC58v2_7638.t1,0,0,5,3,5,24
TrSC58v2_7638.t1.e1,4,4,8,3,6,25
TrSC58v2_7640.t1,12,9,25,19,20,5
TrSC58v2_7640.t1.e1,13,12,28,28,24,168
TrSC58v2_7641.t1,0,2,0,0,3,13
TrSC58v2_7641.t1.e1,4,3,0,8,9,15
TrSC58v2_7642.t1,0,0,1,2,14,8
TrSC58v2_7642.t1.e1,19,4,21,26,17,84
TrSC58v2_7643.t1,5,4,0,1,11,35
TrSC58v2_7643.t1.e1,6,5,11,27,15,41
TrSC58v2_7644.t1,10,17,33,47,26,109
TrSC58v2_7644.t1.e1,16,19,37,54,28,118
MSTRG.7487.1,5,4,25,28,10,98
TrSC58v2_7645.t1,4,7,13,34,28,3
TrSC58v2_7645.t1.e1,5,9,16,45,34,140
TrSC58v2_7646.t1,2,0,19,42,24,89
TrSC58v2_7646.t1.e1,39,11,22,49,26,98
TrSC58v2_7647.t1,0,4,5,7,7,12
TrSC58v2_7647.t1.e1,8,2,7,11,9,11
TrSC58v2_7648.t1,0,8,28,11,1,58
TrSC58v2_7648.t1.e1,7,10,33,14,34,63
TrSC58v2_7649.t1,8,8,7,13,8,5
TrSC58v2_7649.t1.e1,9,8,8,17,11,128
TrSC58v2_7650.t1,11,14,16,40,0,59
TrSC58v2_7650.t1.e1,14,15,19,44,16,66
TrSC58v2_7651.t1,0,5,0,16,5,24
TrSC58v2_7651.t1.e1,2,6,13,21,7,28
TrSC58v2_7652.t1,11,16,30,78,42,130
TrSC58v2_7652.t1.e1,12,18,40,87,47,151
TrSC58v2_7653.t1,3,4,12,12,11,58
TrSC58v2_7653.t1.e1,4,5,14,16,16,64
MSTRG.7497.1,15,12,96,72,81,339
TrSC58v2_7654.t1,0,0,0,4,0,19
TrSC58v2_7654.t1.e1,5,0,0,5,0,20
TrSC58v2_7655.t1,15,0,48,64,55,133
TrSC58v2_7655.t1.e1,16,8,55,67,61,145
MSTRG.7500.1,7,2,3,9,3,78
TrSC58v2_7658.t1.e1,35,24,76,140,79,282
TrSC58v2_7658.t1,28,19,63,120,66,257
TrSC58v2_7738.t1.e1,7,11,11,68,16,93
TrSC58v2_7738.t1,0,8,10,2,13,73
TrSC58v2_7739.t1.e1,2,0,2,20,4,11
TrSC58v2_7739.t1,1,0,1,18,0,10
TrSC58v2_7742.t1,1,1,6,4,2,11
TrSC58v2_7742.t1.e1,2,6,1,4,3,10
TrSC58v2_7743.t1,0,1,1,1,4,16
TrSC58v2_7743.t1.e1,4,4,7,10,6,13
TrSC58v2_7801.t1,0,9,24,33,12,61
TrSC58v2_7801.t1.e1,3,11,29,42,16,71
TrSC58v2_7800.t1,2,5,18,12,16,45
TrSC58v2_7800.t1.e1,3,6,20,17,20,52
TrSC58v2_7803.t1,15,10,16,48,19,101
TrSC58v2_7803.t1.e1,19,12,19,52,24,114
TrSC58v2_7804.t1,0,6,35,31,24,112
TrSC58v2_7804.t1.e1,8,6,52,35,27,120
TrSC58v2_7805.t1,36,40,63,105,73,309
TrSC58v2_7805.t1.e1,41,44,81,137,80,366
TrSC58v2_7806.t1,0,0,1,2,2,19
TrSC58v2_7806.t1.e1,3,7,13,9,12,24
TrSC58v2_7808.t1,3,0,6,4,1,7
TrSC58v2_7808.t1.e1,3,0,7,14,9,65
TrSC58v2_7809.t1,0,0,13,18,3,33
TrSC58v2_7809.t1.e1,13,4,14,20,4,39
TrSC58v2_7679.t1,0,5,2,16,1,27
TrSC58v2_7679.t1.e1,0,6,20,17,31,35
TrSC58v2_7680.t1,0,1,6,7,3,22
TrSC58v2_7680.t1.e1,0,3,7,7,5,26
TrSC58v2_7692.t1,0,0,7,7,7,0
TrSC58v2_7692.t1.e1,0,5,10,9,9,44
TrSC58v2_7698.t1,0,0,0,1,7,2
TrSC58v2_7698.t1.e1,0,5,5,9,10,46
TrSC58v2_7699.t1,0,0,0,17,2,11
TrSC58v2_7699.t1.e1,0,0,4,16,2,12
TrSC58v2_7706.t1,0,0,1,0,0,10
TrSC58v2_7706.t1.e1,0,9,4,4,2,11
TrSC58v2_7714.t1,0,0,6,11,10,31
TrSC58v2_7714.t1.e1,0,4,9,12,12,61
TrSC58v2_7715.t1,0,1,7,9,5,7
TrSC58v2_7715.t1.e1,0,2,10,11,5,54
TrSC58v2_7717.t1,0,5,0,9,1,19
TrSC58v2_7717.t1.e1,0,7,4,10,7,13
TrSC58v2_7722.t1,0,1,1,4,0,8
TrSC58v2_7722.t1.e1,0,3,6,4,0,8
TrSC58v2_7675.t1,0,6,14,15,11,57
TrSC58v2_7675.t1.e1,15,9,16,17,13,59
TrSC58v2_7676.t1,2,1,3,12,1,13
TrSC58v2_7676.t1.e1,2,1,3,1,1,20
TrSC58v2_7677.t1,5,3,12,10,8,37
TrSC58v2_7677.t1.e1,3,2,11,9,7,20
TrSC58v2_7678.t1,1,2,2,1,0,2
TrSC58v2_7678.t1.e1,1,6,3,6,0,9
MSTRG.7532.1,5,5,4,19,25,71
MSTRG.7534.1,13,0,15,24,7,116
TrSC58v2_7681.t1,0,1,5,8,1,22
TrSC58v2_7681.t1.e1,3,8,6,10,2,27
TrSC58v2_7682.t1,0,1,12,15,12,53
TrSC58v2_7682.t1.e1,4,14,15,18,15,61
TrSC58v2_7683.t1,3,0,18,17,9,61
TrSC58v2_7683.t1.e1,5,9,22,19,12,65
TrSC58v2_7684.t1,1,3,8,2,0,15
TrSC58v2_7684.t1.e1,9,4,9,24,0,16
TrSC58v2_7685.t1,0,2,2,25,0,65
TrSC58v2_7685.t1.e1,4,12,36,27,22,75
TrSC58v2_7686.t1,1,2,0,12,4,2
TrSC58v2_7686.t1.e1,2,5,4,13,5,28
TrSC58v2_7687.t1,0,0,10,13,0,27
TrSC58v2_7687.t1.e1,5,4,12,18,12,34
TrSC58v2_7688.t1,6,5,3,1,1,3
TrSC58v2_7688.t1.e1,8,7,15,30,7,56
TrSC58v2_7689.t1,5,8,0,12,12,3
TrSC58v2_7689.t1.e1,6,11,12,44,13,163
MSTRG.7544.1,26,26,54,92,0,158
TrSC58v2_7690.t1,0,1,1,1,1,2
TrSC58v2_7690.t1.e1,1,1,1,2,6,2
TrSC58v2_7691.t1.e1,1,3,5,6,0,9
TrSC58v2_7691.t1,1,1,2,5,0,9
TrSC58v2_7693.t1.e1,38,55,46,112,113,342
TrSC58v2_7693.t1,33,51,41,111,104,332
TrSC58v2_7694.t1.e1,6,5,3,10,3,29
TrSC58v2_7694.t1,2,4,1,9,0,33
TrSC58v2_7695.t1.e1,8,0,9,20,4,27
TrSC58v2_7695.t1,7,0,7,16,0,34
TrSC58v2_7696.t1.e1,6,6,14,26,19,44
TrSC58v2_7696.t1,5,4,14,21,18,34
TrSC58v2_7697.t1.e1,4,0,6,15,15,25
TrSC58v2_7697.t1,0,0,5,0,3,22
TrSC58v2_7700.t1.e1,18,28,33,37,22,115
TrSC58v2_7700.t1,15,27,28,48,25,99
TrSC58v2_7701.t1.e1,6,11,20,34,37,62
TrSC58v2_7701.t1,1,8,17,30,3,57
TrSC58v2_7702.t1.e1,29,30,27,35,18,86
TrSC58v2_7702.t1,7,2,4,6,14,83
TrSC58v2_7703.t1.e1,2,7,12,21,14,53
TrSC58v2_7703.t1,0,2,10,3,11,42
TrSC58v2_7704.t1.e1,2,5,10,9,6,23
TrSC58v2_7704.t1,0,5,8,8,5,21
TrSC58v2_7705.t1.e1,8,9,10,17,8,32
TrSC58v2_7705.t1,6,7,9,12,0,30
TrSC58v2_7707.t1.e1,9,8,9,32,12,33
TrSC58v2_7707.t1,6,6,8,0,10,30
TrSC58v2_7708.t1.e1,3,2,7,51,12,91
TrSC58v2_7708.t1,0,1,5,1,10,1
TrSC58v2_7709.t1.e1,8,5,5,8,9,40
TrSC58v2_7709.t1,0,3,4,5,9,2
TrSC58v2_7710.t1.e1,6,0,4,16,6,58
TrSC58v2_7710.t1,5,0,3,14,5,4
TrSC58v2_7711.t1.e1,11,4,11,27,17,59
TrSC58v2_7711.t1,9,3,9,0,12,51
TrSC58v2_7712.t1.e1,21,11,46,71,44,180
TrSC58v2_7712.t1,19,10,35,58,40,135
TrSC58v2_7713.t1.e1,34,14,45,20,16,61
TrSC58v2_7713.t1,1,11,0,17,15,53
TrSC58v2_7716.t1.e1,26,7,19,84,14,58
TrSC58v2_7716.t1,18,2,16,0,9,69
TrSC58v2_7718.t1.e1,29,63,68,95,56,413
TrSC58v2_7718.t1,25,35,60,86,45,353
MSTRG.7573.1,11,24,8,34,32,122
TrSC58v2_7719.t1.e1,5,3,0,4,3,12
TrSC58v2_7719.t1,1,1,0,3,2,11
TrSC58v2_7720.t1.e1,10,6,13,5,3,23
TrSC58v2_7720.t1,0,5,11,4,1,18
MSTRG.7576.1,14,0,22,0,0,177
TrSC58v2_7721.t1.e1,2,11,5,39,18,9
TrSC58v2_7721.t1,2,10,4,30,16,16
TrSC58v2_7723.t1.e1,29,17,52,58,36,107
TrSC58v2_7723.t1,26,15,41,53,33,97
TrSC58v2_7724.t1.e1,11,9,16,35,13,84
TrSC58v2_7724.t1,10,9,13,30,12,72
MSTRG.7579.1,5,0,13,7,15,42
TrSC58v2_7725.t1.e1,5,11,21,49,10,74
TrSC58v2_7725.t1,5,8,19,41,8,70
TrSC58v2_7726.t1.e1,35,10,36,32,40,101
TrSC58v2_7726.t1,28,10,1,29,0,78
TrSC58v2_7727.t1.e1,3,6,9,20,10,16
TrSC58v2_7727.t1,1,0,7,18,0,14
TrSC58v2_7728.t1.e1,4,5,11,12,14,44
TrSC58v2_7728.t1,1,2,3,10,12,38
TrSC58v2_7729.t1.e1,39,26,126,142,58,376
TrSC58v2_7729.t1,27,23,3,27,51,6
TrSC58v2_7730.t1.e1,5,4,11,20,7,38
TrSC58v2_7730.t1,3,0,9,14,5,34
TrSC58v2_7731.t1.e1,24,34,21,65,37,135
TrSC58v2_7731.t1,1,28,19,54,32,104
TrSC58v2_7732.t1.e1,5,6,24,3,5,27
TrSC58v2_7732.t1,3,0,0,3,4,0
TrSC58v2_7733.t1.e1,4,4,11,17,5,37
TrSC58v2_7733.t1,0,0,8,15,4,33
TrSC58v2_7734.t1.e1,1,11,0,0,4,6
TrSC58v2_7734.t1,1,0,0,0,1,0
TrSC58v2_7735.t1.e1,9,2,11,8,8,21
TrSC58v2_7735.t1,1,1,1,7,6,23
TrSC58v2_7736.t1.e1,14,2,7,11,9,28
TrSC58v2_7736.t1,1,2,6,9,7,25
TrSC58v2_7737.t1.e1,14,2,7,12,9,24
TrSC58v2_7737.t1,2,2,6,10,7,27
TrSC58v2_7807.t1,4,5,17,31,8,51
TrSC58v2_7807.t1.e1,4,7,15,43,11,55
TrSC58v2_7812.t1,0,3,9,18,9,37
TrSC58v2_7812.t1.e1,8,4,12,19,10,39
TrSC58v2_7811.t1,0,0,2,8,1,23
TrSC58v2_7811.t1.e1,0,0,3,1,16,21
TrSC58v2_7810.t1,24,15,36,34,32,132
TrSC58v2_7810.t1.e1,30,17,39,43,39,112
TrSC58v2_7814.t1,0,0,3,11,4,33
TrSC58v2_7814.t1.e1,7,4,8,9,5,26
TrSC58v2_7815.t1,4,0,5,14,3,29
TrSC58v2_7815.t1.e1,6,0,6,11,4,35
TrSC58v2_7818.t1.e1,7,5,14,21,29,70
TrSC58v2_7818.t1,6,4,13,15,21,56
TrSC58v2_7825.t1.e1,14,2,35,17,19,112
TrSC58v2_7825.t1,0,1,1,15,16,10
TrSC58v2_7827.t1.e1,7,2,7,13,6,39
TrSC58v2_7827.t1,0,1,5,12,5,32
TrSC58v2_7828.t1.e1,17,7,41,24,19,98
TrSC58v2_7828.t1,0,6,1,22,17,88
MSTRG.7677.1,14,7,2,15,0,39
TrSC58v2_7820.t1.e1,2,8,1,5,8,9
TrSC58v2_7820.t1,0,6,6,3,0,12
TrSC58v2_7821.t1.e1,7,13,4,8,6,52
TrSC58v2_7821.t1,0,11,0,7,5,38
TrSC58v2_7822.t1.e1,8,8,0,25,8,49
TrSC58v2_7822.t1,1,0,0,0,0,3
TrSC58v2_7823.t1.e1,9,9,25,11,9,41
TrSC58v2_7823.t1,7,8,23,8,6,36
TrSC58v2_7824.t1,4,1,0,4,1,40
TrSC58v2_7824.t1.e1,4,16,20,5,22,57
TrSC58v2_7829.t1.e1,19,8,12,15,8,80
TrSC58v2_7829.t1,18,0,0,13,6,66
TrSC58v2_7830.t1.e1,8,6,14,27,22,56
TrSC58v2_7830.t1,7,6,13,24,2,53
MSTRG.7687.1,12,16,38,77,59,190
MSTRG.7688.1,7,0,42,123,47,195
MSTRG.7689.1,3,16,19,60,31,98
MSTRG.7691.1,4,14,15,39,15,38
TrSC58v2_7831.t1.e1,6,9,39,76,19,90
TrSC58v2_7831.t1,5,6,0,3,17,84
TrSC58v2_7834.t1.e1,8,6,14,19,9,48
TrSC58v2_7834.t1,6,5,13,17,7,41
TrSC58v2_7835.t1.e1,22,10,29,60,17,76
TrSC58v2_7835.t1,2,8,26,2,12,72
TrSC58v2_7838.t1.e1,1,3,11,4,6,39
TrSC58v2_7838.t1,1,1,0,1,1,31
TrSC58v2_7839.t1,26,25,46,74,3,182
TrSC58v2_7839.t1.e1,4,29,50,80,61,187
MSTRG.7699.1,0,0,53,46,9,79
TrSC58v2_7841.t1.e1,3,8,5,17,11,5
TrSC58v2_7841.t1,0,3,3,0,1,0
TrSC58v2_7840.t1.e1,22,9,31,141,32,296
TrSC58v2_7840.t1,15,7,24,0,26,4
TrSC58v2_7842.t1.e1,13,16,23,61,15,98
TrSC58v2_7842.t1,9,11,17,0,12,63
TrSC58v2_7876.t1,1,1,2,0,1,10
TrSC58v2_7876.t1.e1,2,2,2,3,3,11
TrSC58v2_7745.t1,0,0,1,1,2,0
TrSC58v2_7745.t1.e1,0,0,4,3,2,7
TrSC58v2_7746.t1,0,8,0,19,7,29
TrSC58v2_7746.t1.e1,0,9,4,23,9,33
TrSC58v2_7748.t1,0,5,7,8,0,20
TrSC58v2_7748.t1.e1,0,6,7,10,0,21
TrSC58v2_7751.t1,0,2,1,7,5,18
TrSC58v2_7751.t1.e1,0,2,3,6,5,21
TrSC58v2_7755.t1,0,6,1,5,0,21
TrSC58v2_7755.t1.e1,0,7,8,7,12,24
TrSC58v2_7756.t1,0,0,1,2,2,9
TrSC58v2_7756.t1.e1,0,0,2,2,4,10
TrSC58v2_7759.t1,0,0,6,2,3,10
TrSC58v2_7759.t1.e1,0,0,7,7,12,11
TrSC58v2_7767.t1,0,0,0,9,0,13
TrSC58v2_7767.t1.e1,0,0,0,9,0,17
MSTRG.7625.1,0,43,100,92,78,353
MSTRG.7625.3,0,0,24,109,15,94
MSTRG.7625.4,0,31,22,63,7,40
MSTRG.7625.6,0,25,25,29,36,3
TrSC58v2_7777.t1,0,0,2,7,2,4
TrSC58v2_7777.t1.e1,0,0,2,8,2,4
TrSC58v2_7781.t1,0,0,1,0,8,26
TrSC58v2_7781.t1.e1,0,0,11,0,8,29
TrSC58v2_7785.t1,0,0,0,0,0,1
TrSC58v2_7785.t1.e1,0,0,0,0,0,3
MSTRG.7644.1,0,21,12,72,59,266
TrSC58v2_7792.t1,0,0,1,3,2,18
TrSC58v2_7792.t1.e1,0,4,2,15,19,19
TrSC58v2_7795.t1,0,1,0,4,2,5
TrSC58v2_7795.t1.e1,0,6,7,4,8,35
TrSC58v2_7744.t1,20,17,30,69,68,156
TrSC58v2_7744.t1.e1,25,21,36,76,68,192
TrSC58v2_7747.t1,1,0,46,74,45,116
TrSC58v2_7747.t1.e1,43,20,50,87,51,136
TrSC58v2_7749.t1,0,0,8,7,5,0
TrSC58v2_7749.t1.e1,3,11,12,9,7,43
TrSC58v2_7750.t1,5,7,14,41,20,63
TrSC58v2_7750.t1.e1,13,24,14,6,22,59
TrSC58v2_7752.t1,10,1,1,12,5,15
TrSC58v2_7752.t1.e1,13,6,3,12,6,22
TrSC58v2_7753.t1,5,7,17,28,18,52
TrSC58v2_7753.t1.e1,6,9,19,41,21,57
TrSC58v2_7754.t1,4,0,6,14,0,23
TrSC58v2_7754.t1.e1,4,0,6,15,0,27
TrSC58v2_7757.t1,8,30,66,68,41,182
TrSC58v2_7757.t1.e1,11,33,73,76,53,193
TrSC58v2_7758.t1,1,2,5,2,0,24
TrSC58v2_7758.t1.e1,8,8,7,24,12,27
TrSC58v2_7760.t1,0,0,1,2,2,26
TrSC58v2_7760.t1.e1,4,3,4,21,29,29
TrSC58v2_7761.t1,1,1,0,0,1,8
TrSC58v2_7761.t1.e1,4,4,0,0,3,8
TrSC58v2_7762.t1,1,4,0,2,2,28
TrSC58v2_7762.t1.e1,3,4,8,11,2,31
TrSC58v2_7763.t1,7,0,1,4,2,23
TrSC58v2_7763.t1.e1,8,0,1,4,9,28
TrSC58v2_7764.t1,9,0,13,0,30,6
TrSC58v2_7764.t1.e1,11,8,16,7,35,139
TrSC58v2_7765.t1,1,3,0,0,8,5
TrSC58v2_7765.t1.e1,1,4,10,27,9,59
TrSC58v2_7766.t1,12,21,52,98,66,193
TrSC58v2_7766.t1.e1,13,28,53,112,77,204
MSTRG.7625.2,34,2,82,103,15,349
MSTRG.7625.5,3,18,4,76,133,223
MSTRG.7625.7,41,0,0,0,0,0
TrSC58v2_7768.t1,7,10,2,5,3,14
TrSC58v2_7768.t1.e1,7,11,1,4,2,11
TrSC58v2_7769.t1,90,69,167,259,179,774
TrSC58v2_7769.t1.e1,111,85,207,326,219,979
TrSC58v2_7770.t1,8,0,17,30,18,2
TrSC58v2_7770.t1.e1,5,3,20,35,20,140
TrSC58v2_7771.t1,21,12,13,48,17,87
TrSC58v2_7771.t1.e1,27,14,18,55,25,92
TrSC58v2_7772.t1,1,10,0,13,12,75
TrSC58v2_7772.t1.e1,6,12,4,17,14,87
TrSC58v2_7773.t1,36,48,101,281,212,330
TrSC58v2_7773.t1.e1,42,57,112,40,30,364
TrSC58v2_7774.t1,0,0,9,8,2,59
TrSC58v2_7774.t1.e1,4,18,11,10,3,62
TrSC58v2_7775.t1,3,8,3,18,2,51
TrSC58v2_7775.t1.e1,4,10,4,22,12,55
TrSC58v2_7776.t1,0,12,20,19,15,88
TrSC58v2_7776.t1.e1,4,15,21,22,17,98
TrSC58v2_7778.t1,5,6,5,3,2,30
TrSC58v2_7778.t1.e1,2,6,4,3,2,26
TrSC58v2_7779.t1,10,9,19,29,17,58
TrSC58v2_7779.t1.e1,8,12,16,25,14,54
TrSC58v2_7780.t1,5,0,11,19,16,49
TrSC58v2_7780.t1.e1,7,8,15,21,21,53
TrSC58v2_7782.t1,0,0,13,2,8,51
TrSC58v2_7782.t1.e1,4,10,15,44,11,70
TrSC58v2_7783.t1,2,0,8,21,4,37
TrSC58v2_7783.t1.e1,4,0,9,2,4,46
TrSC58v2_7784.t1,17,11,16,29,28,59
TrSC58v2_7784.t1.e1,49,12,20,34,30,72
MSTRG.7642.1,6,0,19,27,26,43
TrSC58v2_7786.t1,2,9,23,33,27,99
TrSC58v2_7786.t1.e1,24,10,26,36,30,108
TrSC58v2_7787.t1,1,1,11,6,5,8
TrSC58v2_7787.t1.e1,15,1,50,7,6,9
TrSC58v2_7788.t1,2,0,14,29,22,62
TrSC58v2_7788.t1.e1,3,10,15,31,25,68
TrSC58v2_7789.t1,13,12,16,20,7,61
TrSC58v2_7789.t1.e1,15,13,20,21,8,71
TrSC58v2_7790.t1,0,1,11,27,11,69
TrSC58v2_7790.t1.e1,3,7,13,30,14,78
TrSC58v2_7791.t1,1,0,0,1,2,14
TrSC58v2_7791.t1.e1,7,0,13,6,9,16
TrSC58v2_7793.t1,7,0,1,10,5,26
TrSC58v2_7793.t1.e1,8,6,34,12,6,28
TrSC58v2_7794.t1,0,0,0,20,6,38
TrSC58v2_7794.t1.e1,4,0,38,25,7,41
TrSC58v2_7796.t1,5,1,10,14,6,22
TrSC58v2_7796.t1.e1,7,12,14,15,8,25
TrSC58v2_7797.t1,4,0,11,13,2,22
TrSC58v2_7797.t1.e1,5,12,12,20,6,24
TrSC58v2_7798.t1,18,21,50,89,37,222
TrSC58v2_7798.t1.e1,23,22,53,103,46,277
TrSC58v2_7799.t1,0,7,14,7,9,37
TrSC58v2_7799.t1.e1,3,8,20,8,10,43
TrSC58v2_7878.t1,5,6,18,39,18,131
TrSC58v2_7878.t1.e1,7,9,20,41,23,143
TrSC58v2_7884.t1,2,2,1,9,9,35
TrSC58v2_7884.t1.e1,6,6,4,10,10,42
TrSC58v2_7877.t1,19,16,30,47,36,162
TrSC58v2_7877.t1.e1,20,21,29,51,36,187
TrSC58v2_7886.t1,2,1,0,0,0,21
TrSC58v2_7886.t1.e1,9,3,4,3,0,23
TrSC58v2_7883.t1,0,3,1,0,2,17
TrSC58v2_7883.t1.e1,4,4,12,17,3,19
TrSC58v2_7885.t1,0,9,11,22,14,58
TrSC58v2_7885.t1.e1,4,10,12,24,16,63
TrSC58v2_7887.t1,6,1,10,4,14,36
TrSC58v2_7887.t1.e1,7,5,10,5,16,40
TrSC58v2_7888.t1,0,11,7,31,10,50
TrSC58v2_7888.t1.e1,5,16,9,40,15,62
TrSC58v2_7889.t1,0,3,0,12,0,19
TrSC58v2_7889.t1.e1,3,4,7,13,0,22
TrSC58v2_7901.t1,0,0,0,5,7,28
TrSC58v2_7901.t1.e1,8,10,11,6,9,31
MSTRG.7753.1,22,30,71,154,0,464
TrSC58v2_7898.t1,1,1,1,2,18,12
TrSC58v2_7898.t1.e1,4,1,1,2,41,13
TrSC58v2_7899.t1,1,1,1,1,0,5
TrSC58v2_7899.t1.e1,2,1,1,1,6,4
TrSC58v2_7897.t1,66,41,105,110,63,394
TrSC58v2_7897.t1.e1,75,49,127,128,70,314
TrSC58v2_7904.t1,0,1,0,6,3,22
TrSC58v2_7904.t1.e1,2,3,0,28,11,20
TrSC58v2_7902.t1,5,4,1,2,7,27
TrSC58v2_7902.t1.e1,6,6,14,18,8,30
TrSC58v2_7903.t1,3,1,2,11,3,17
TrSC58v2_7903.t1.e1,4,3,11,12,4,18
TrSC58v2_7905.t1,2,1,3,19,1,77
TrSC58v2_7905.t1.e1,2,14,25,23,30,66
MSTRG.7759.1,9,14,8,11,18,26
TrSC58v2_7912.t1,9,24,49,57,13,195
TrSC58v2_7912.t1.e1,11,32,58,39,72,146
TrSC58v2_7913.t1,2,0,0,0,5,25
TrSC58v2_7913.t1.e1,21,11,12,27,8,28
TrSC58v2_7914.t1,7,0,1,0,2,14
TrSC58v2_7914.t1.e1,8,3,27,21,3,57
TrSC58v2_7916.t1,4,11,7,14,2,82
TrSC58v2_7916.t1.e1,6,14,8,16,41,97
TrSC58v2_7917.t1,1,0,2,6,1,35
TrSC58v2_7917.t1.e1,15,0,5,7,2,41
TrSC58v2_7849.t1,0,0,0,0,0,0
TrSC58v2_7849.t1.e1,0,0,0,3,0,5
TrSC58v2_7851.t1,0,3,1,7,5,11
TrSC58v2_7851.t1.e1,0,3,1,7,5,11
TrSC58v2_7855.t1,0,0,2,0,1,17
TrSC58v2_7855.t1.e1,0,0,2,0,11,19
TrSC58v2_7862.t1,0,0,0,1,2,26
TrSC58v2_7862.t1.e1,0,5,8,23,12,27
TrSC58v2_7863.t1,0,0,5,1,6,30
TrSC58v2_7863.t1.e1,0,4,6,21,8,35
TrSC58v2_7866.t1,0,1,5,9,1,26
TrSC58v2_7866.t1.e1,0,1,5,9,3,28
TrSC58v2_7869.t1,0,0,5,1,4,3
TrSC58v2_7869.t1.e1,0,9,6,6,5,33
TrSC58v2_7843.t1.e1,10,0,5,12,6,20
TrSC58v2_7843.t1,1,0,0,7,5,18
TrSC58v2_7844.t1.e1,25,14,15,31,19,89
TrSC58v2_7844.t1,23,13,14,26,17,85
TrSC58v2_7845.t1.e1,8,21,23,79,41,139
TrSC58v2_7845.t1,6,18,16,4,2,119
TrSC58v2_7846.t1.e1,5,16,29,44,34,132
TrSC58v2_7846.t1,4,15,21,30,28,97
TrSC58v2_7847.t1.e1,42,22,60,90,52,176
TrSC58v2_7847.t1,37,22,51,83,44,171
TrSC58v2_7848.t1.e1,5,0,32,27,4,33
TrSC58v2_7848.t1,1,0,0,1,0,1
TrSC58v2_7850.t1,8,0,7,23,8,30
TrSC58v2_7850.t1.e1,9,8,9,26,9,33
TrSC58v2_7852.t1,0,5,11,10,7,1
TrSC58v2_7852.t1.e1,4,6,13,12,8,68
TrSC58v2_7853.t1,6,5,5,6,0,14
TrSC58v2_7853.t1.e1,7,6,6,8,19,45
TrSC58v2_7854.t1,3,6,8,11,0,44
TrSC58v2_7854.t1.e1,4,9,10,16,4,55
TrSC58v2_7856.t1,1,0,8,2,1,11
TrSC58v2_7856.t1.e1,1,0,7,2,3,12
TrSC58v2_7857.t1,19,9,37,44,2,114
TrSC58v2_7857.t1.e1,22,11,43,55,81,98
TrSC58v2_7858.t1,13,9,22,29,16,68
TrSC58v2_7858.t1.e1,17,10,27,38,20,78
TrSC58v2_7859.t1,3,2,0,15,6,4
TrSC58v2_7859.t1.e1,4,3,21,17,8,35
TrSC58v2_7860.t1,0,1,8,22,7,28
TrSC58v2_7860.t1.e1,6,4,10,25,10,33
TrSC58v2_7861.t1,0,1,1,2,4,24
TrSC58v2_7861.t1.e1,3,12,28,12,4,27
TrSC58v2_7864.t1,1,3,10,10,4,18
TrSC58v2_7864.t1.e1,1,3,9,11,4,18
TrSC58v2_7865.t1,0,2,0,9,1,83
TrSC58v2_7865.t1.e1,3,3,11,11,8,3
TrSC58v2_7867.t1,4,1,19,22,10,90
TrSC58v2_7867.t1.e1,6,22,20,23,11,92
TrSC58v2_7868.t1,0,5,3,13,1,6
TrSC58v2_7868.t1.e1,14,7,54,16,7,99
TrSC58v2_7870.t1,12,10,30,45,28,5
TrSC58v2_7870.t1.e1,16,13,36,47,31,197
TrSC58v2_7871.t1,4,0,2,8,15,42
TrSC58v2_7871.t1.e1,4,5,8,9,17,44
TrSC58v2_7872.t1,0,1,1,2,1,18
TrSC58v2_7872.t1.e1,10,14,7,13,12,20
TrSC58v2_7873.t1,8,5,12,25,0,0
TrSC58v2_7873.t1.e1,11,7,14,33,26,144
TrSC58v2_7874.t1,5,1,3,9,5,21
TrSC58v2_7874.t1.e1,5,10,4,11,5,23
TrSC58v2_7875.t1,8,0,16,1,2,7
TrSC58v2_7875.t1.e1,10,12,20,74,53,247
TrSC58v2_7922.t1,10,7,20,21,8,77
TrSC58v2_7922.t1.e1,11,8,24,24,11,101
TrSC58v2_7907.t1,1,0,3,3,3,2
TrSC58v2_7907.t1.e1,3,2,4,4,3,3
MSTRG.7762.1,6,8,16,27,20,72
TrSC58v2_7908.t1,0,0,0,0,0,0
TrSC58v2_7908.t1.e1,1,6,1,2,0,1
TrSC58v2_7909.t1,9,14,15,55,25,99
TrSC58v2_7909.t1.e1,10,17,16,19,27,43
TrSC58v2_7910.t1,2,0,3,4,5,7
TrSC58v2_7910.t1.e1,2,0,3,4,6,8
TrSC58v2_7911.t1,5,7,6,20,10,54
TrSC58v2_7911.t1.e1,6,10,10,24,17,60
MSTRG.7766.1,4,2,1,4,11,25
TrSC58v2_7924.t1,5,0,15,5,1,61
TrSC58v2_7924.t1.e1,8,17,17,37,40,76
TrSC58v2_7923.t1,0,0,6,9,2,12
TrSC58v2_7923.t1.e1,5,7,6,10,3,13
TrSC58v2_7919.t1,0,2,2,2,5,20
TrSC58v2_7919.t1.e1,4,4,23,18,11,23
TrSC58v2_7921.t1,2,6,2,12,10,44
TrSC58v2_7921.t1.e1,4,8,40,14,12,49
TrSC58v2_7918.t1,5,13,13,26,14,55
TrSC58v2_7918.t1.e1,6,14,20,31,21,90
TrSC58v2_7925.t1,8,2,31,72,31,112
TrSC58v2_7925.t1.e1,10,12,45,83,35,130
TrSC58v2_7926.t1,8,12,18,41,25,98
TrSC58v2_7926.t1.e1,10,15,25,46,29,113
TrSC58v2_7952.t1,0,2,18,15,0,51
TrSC58v2_7952.t1.e1,4,3,22,20,25,79
TrSC58v2_7951.t1,26,9,39,39,27,6
TrSC58v2_7951.t1.e1,35,12,49,43,30,286
TrSC58v2_7963.t1,5,7,22,10,6,1
TrSC58v2_7963.t1.e1,6,8,24,12,7,64
TrSC58v2_7964.t1,33,12,28,77,31,24
TrSC58v2_7964.t1.e1,36,15,35,64,36,280
TrSC58v2_7965.t1,26,23,19,52,9,102
TrSC58v2_7965.t1.e1,32,26,24,61,10,108
TrSC58v2_7966.t1,2,1,7,1,2,32
TrSC58v2_7966.t1.e1,14,5,8,18,2,40
MSTRG.7785.1,0,4,14,8,4,36
MSTRG.7797.1,0,9,0,40,4,125
TrSC58v2_7950.t1,0,4,3,10,0,10
TrSC58v2_7950.t1.e1,0,24,3,11,3,12
TrSC58v2_7927.t1,56,69,94,119,126,270
TrSC58v2_7927.t1.e1,63,67,106,145,146,300
TrSC58v2_7928.t1,3,0,6,15,15,58
TrSC58v2_7928.t1.e1,17,4,28,17,16,63
TrSC58v2_7929.t1,33,9,34,3,51,164
TrSC58v2_7929.t1.e1,37,12,38,181,58,230
TrSC58v2_7930.t1,10,16,12,30,9,52
TrSC58v2_7930.t1.e1,13,19,13,35,10,89
TrSC58v2_7931.t1,11,24,24,47,24,138
TrSC58v2_7931.t1.e1,14,31,28,88,31,154
TrSC58v2_7932.t1,5,10,10,35,13,89
TrSC58v2_7932.t1.e1,6,13,14,41,17,96
TrSC58v2_7933.t1,1,1,1,1,1,29
TrSC58v2_7933.t1.e1,3,1,9,7,3,35
TrSC58v2_7934.t1,3,7,15,14,4,26
TrSC58v2_7934.t1.e1,4,9,21,18,5,39
TrSC58v2_7935.t1,2,4,1,5,6,60
TrSC58v2_7935.t1.e1,6,6,11,7,8,63
TrSC58v2_7936.t1,14,9,1,36,9,79
TrSC58v2_7936.t1.e1,16,10,52,39,9,92
TrSC58v2_7937.t1,11,12,17,18,22,72
TrSC58v2_7937.t1.e1,11,14,21,21,29,81
TrSC58v2_7938.t1,0,10,18,42,21,76
TrSC58v2_7938.t1.e1,36,12,20,45,49,82
TrSC58v2_7939.t1,7,1,1,12,2,43
TrSC58v2_7939.t1.e1,9,11,18,18,27,67
TrSC58v2_7940.t1,0,1,0,8,1,13
TrSC58v2_7940.t1.e1,3,1,8,9,4,14
TrSC58v2_7941.t1,10,13,7,20,6,47
TrSC58v2_7941.t1.e1,15,15,9,23,7,58
TrSC58v2_7942.t1,10,13,18,49,0,71
TrSC58v2_7942.t1.e1,12,18,21,57,35,76
TrSC58v2_7943.t1,3,3,2,12,0,23
TrSC58v2_7943.t1.e1,3,3,6,13,14,27
TrSC58v2_7944.t1,1,1,2,3,13,41
TrSC58v2_7944.t1.e1,23,16,32,19,14,51
TrSC58v2_7945.t1,16,14,4,27,12,69
TrSC58v2_7945.t1.e1,21,16,72,41,16,78
TrSC58v2_7946.t1,3,5,1,7,2,29
TrSC58v2_7946.t1.e1,5,8,16,9,11,32
TrSC58v2_7947.t1,3,6,6,8,6,30
TrSC58v2_7947.t1.e1,5,8,12,9,9,34
TrSC58v2_7948.t1,3,6,7,8,6,30
TrSC58v2_7948.t1.e1,5,8,12,9,9,36
TrSC58v2_7949.t1,7,17,21,33,22,92
TrSC58v2_7949.t1.e1,9,20,24,27,26,112
TrSC58v2_7968.t1,1,1,1,1,1,3
TrSC58v2_7968.t1.e1,1,1,1,2,1,3
TrSC58v2_7967.t1,14,7,7,2,7,0
TrSC58v2_7967.t1.e1,17,9,9,33,10,83
MSTRG.7813.3,0,0,0,0,0,228
TrSC58v2_7953.t1,0,1,6,1,1,28
TrSC58v2_7953.t1.e1,5,8,8,10,5,39
TrSC58v2_7954.t1,2,3,2,15,7,41
TrSC58v2_7954.t1.e1,12,3,10,16,9,45
TrSC58v2_7955.t1,16,1,28,36,21,19
TrSC58v2_7955.t1.e1,22,35,33,41,28,28
TrSC58v2_7956.t1,0,1,6,1,2,29
TrSC58v2_7956.t1.e1,6,8,8,11,5,38
TrSC58v2_7957.t1,25,13,24,41,22,122
TrSC58v2_7957.t1.e1,21,10,20,37,18,105
TrSC58v2_7958.t1,30,36,51,70,40,186
TrSC58v2_7958.t1.e1,27,31,41,49,30,166
TrSC58v2_7959.t1,0,1,6,4,2,31
TrSC58v2_7959.t1.e1,6,8,8,8,7,38
TrSC58v2_7960.t1,12,1,11,20,10,55
TrSC58v2_7960.t1.e1,15,6,13,22,12,60
TrSC58v2_7961.t1,0,21,25,43,25,70
TrSC58v2_7961.t1.e1,43,26,47,45,29,117
TrSC58v2_7962.t1,4,1,2,7,2,18
TrSC58v2_7962.t1.e1,4,2,2,7,2,19
TrSC58v2_7969.t1,6,5,15,4,5,41
TrSC58v2_7969.t1.e1,11,6,20,14,16,54
TrSC58v2_7970.t1,2,2,4,3,2,13
TrSC58v2_7970.t1.e1,2,2,5,4,2,15
TrSC58v2_7971.t1,1,1,1,1,1,3
TrSC58v2_7971.t1.e1,1,1,1,1,1,3
TrSC58v2_7974.t1,1,1,1,1,1,4
TrSC58v2_7974.t1.e1,1,1,1,1,1,5
TrSC58v2_7972.t1,9,9,13,13,14,65
TrSC58v2_7972.t1.e1,11,10,17,17,19,89
TrSC58v2_7975.t1,3,4,7,5,5,28
TrSC58v2_7975.t1.e1,3,4,8,5,6,30
TrSC58v2_7976.t1,3,4,7,5,5,26
TrSC58v2_7976.t1.e1,3,4,8,6,6,26
TrSC58v2_7977.t1,23,6,11,11,6,114
TrSC58v2_7977.t1.e1,25,8,12,15,7,18
TrSC58v2_7978.t1,0,0,0,0,2,45
TrSC58v2_7978.t1.e1,15,4,0,3,12,49
TrSC58v2_7979.t1,2,4,5,7,8,26
TrSC58v2_7979.t1.e1,4,4,6,8,1,29
TrSC58v2_7983.t1,1,3,2,10,15,34
TrSC58v2_7983.t1.e1,2,3,5,11,18,37
TrSC58v2_7980.t1,10,14,32,24,23,88
TrSC58v2_7980.t1.e1,14,15,39,26,26,100
TrSC58v2_7984.t1,6,0,18,12,3,3
TrSC58v2_7984.t1.e1,7,9,24,14,4,92
TrSC58v2_7993.t1.e1,16,10,60,53,41,102
TrSC58v2_7993.t1,13,12,41,45,30,136
TrSC58v2_7994.t1.e1,6,4,9,8,4,14
TrSC58v2_7994.t1,4,5,8,3,2,17
TrSC58v2_7996.t1.e1,7,7,10,12,1,69
TrSC58v2_7996.t1,1,1,9,11,2,6
TrSC58v2_7997.t1.e1,4,6,4,25,4,58
TrSC58v2_7997.t1,1,5,0,22,0,51
TrSC58v2_7999.t1.e1,10,17,27,16,5,37
TrSC58v2_7999.t1,9,2,2,14,3,31
TrSC58v2_8000.t1.e1,5,13,23,28,23,75
TrSC58v2_8000.t1,4,10,16,25,18,61
TrSC58v2_8001.t1.e1,6,12,31,54,40,81
TrSC58v2_8001.t1,5,8,2,36,34,72
MSTRG.7838.1,33,34,87,103,69,323
TrSC58v2_7986.t1.e1,1,1,1,1,1,1
TrSC58v2_7986.t1,1,1,1,1,1,1
MSTRG.7839.1,5,8,21,27,16,80
TrSC58v2_7987.t1.e1,3,2,3,3,3,7
TrSC58v2_7987.t1,1,2,3,4,3,16
TrSC58v2_7988.t1.e1,1,2,4,4,3,13
TrSC58v2_7988.t1,1,2,3,4,3,11
TrSC58v2_7989.t1.e1,1,2,4,4,3,10
TrSC58v2_7989.t1,1,2,3,3,2,9
TrSC58v2_7990.t1.e1,1,2,4,5,3,13
TrSC58v2_7990.t1,1,2,3,5,3,11
TrSC58v2_7991.t1.e1,1,2,4,4,3,13
TrSC58v2_7991.t1,1,2,3,4,3,11
MSTRG.7844.1,10,8,36,27,41,78
TrSC58v2_7992.t1.e1,2,4,6,6,6,18
TrSC58v2_7992.t1,2,4,6,6,5,18
MSTRG.7845.1,19,12,55,37,49,107
TrSC58v2_8003.t1.e1,12,8,23,33,20,113
TrSC58v2_8003.t1,2,0,20,31,21,96
TrSC58v2_8004.t1.e1,5,7,11,16,17,34
TrSC58v2_8004.t1,0,0,1,0,1,30
TrSC58v2_8005.t1.e1,4,3,11,21,17,68
TrSC58v2_8005.t1,0,2,10,18,3,59
TrSC58v2_8007.t1.e1,8,0,12,6,7,36
TrSC58v2_8007.t1,6,0,9,5,5,31
TrSC58v2_8008.t1.e1,11,14,20,64,10,90
TrSC58v2_8008.t1,0,11,17,2,9,71
TrSC58v2_8009.t1.e1,15,17,50,32,35,106
TrSC58v2_8009.t1,14,15,46,29,33,99
TrSC58v2_8012.t1.e1,7,0,6,2,8,28
TrSC58v2_8012.t1,1,0,4,1,2,4
TrSC58v2_8011.t1.e1,4,6,14,12,9,69
TrSC58v2_8011.t1,3,0,11,0,8,57
TrSC58v2_8015.t1.e1,7,12,34,34,12,47
TrSC58v2_8015.t1,0,0,0,1,9,43
TrSC58v2_8016.t1.e1,10,23,32,41,80,162
TrSC58v2_8016.t1,8,17,24,37,3,144
TrSC58v2_8017.t1.e1,2,10,30,24,39,98
TrSC58v2_8017.t1,1,8,0,19,31,84
TrSC58v2_8018.t1.e1,5,3,4,8,6,82
TrSC58v2_8018.t1,4,0,0,6,5,1
TrSC58v2_8035.t1.e1,5,4,8,9,19,48
TrSC58v2_8035.t1,0,0,0,7,13,33
TrSC58v2_8032.t1.e1,3,8,12,12,12,47
TrSC58v2_8032.t1,3,10,10,10,10,41
TrSC58v2_8033.t1.e1,15,9,30,18,23,36
TrSC58v2_8033.t1,1,1,12,1,2,39
MSTRG.7888.1,4,20,33,10,13,100
TrSC58v2_8040.t1.e1,3,0,0,3,4,17
TrSC58v2_8040.t1,1,0,0,1,0,15
TrSC58v2_8036.t1.e1,12,21,44,61,20,154
TrSC58v2_8036.t1,11,17,36,43,17,166
TrSC58v2_8042.t1.e1,3,4,4,13,15,32
TrSC58v2_8042.t1,0,0,6,15,3,35
TrSC58v2_8041.t1.e1,7,5,15,15,9,34
TrSC58v2_8041.t1,6,0,19,17,7,39
TrSC58v2_8043.t1.e1,13,8,24,16,23,82
TrSC58v2_8043.t1,11,7,18,13,17,64
TrSC58v2_8044.t1.e1,3,5,10,6,5,34
TrSC58v2_8044.t1,0,4,9,0,3,29
TrSC58v2_8045.t1.e1,4,6,17,6,5,18
TrSC58v2_8045.t1,0,4,3,5,5,18
TrSC58v2_8046.t1.e1,11,4,30,21,23,65
TrSC58v2_8046.t1,10,3,24,18,24,78
TrSC58v2_8049.t1.e1,20,3,10,18,12,50
TrSC58v2_8049.t1,0,2,9,16,11,44
TrSC58v2_8029.t1,0,0,0,0,0,0
MSTRG.7873.1,29,64,82,114,69,393
TrSC58v2_8019.t1.e1,2,2,1,2,5,7
TrSC58v2_8019.t1,1,2,1,1,2,3
TrSC58v2_8020.t1.e1,24,22,33,63,26,139
TrSC58v2_8020.t1,21,23,31,57,23,142
TrSC58v2_8021.t1.e1,68,70,177,232,114,635
TrSC58v2_8021.t1,56,92,143,189,104,510
TrSC58v2_8022.t1.e1,4,10,11,11,12,44
TrSC58v2_8022.t1,3,7,9,9,10,39
TrSC58v2_8023.t1.e1,6,2,13,5,7,21
TrSC58v2_8023.t1,5,3,11,5,9,20
TrSC58v2_8024.t1.e1,11,8,6,7,7,18
TrSC58v2_8024.t1,1,17,20,28,21,109
TrSC58v2_8025.t1.e1,5,6,6,19,23,50
TrSC58v2_8025.t1,1,1,1,2,1,2
TrSC58v2_8026.t1.e1,67,85,174,184,109,613
TrSC58v2_8026.t1,53,69,140,230,100,493
MSTRG.7879.1,114,199,299,325,250,1163
TrSC58v2_8027.t1.e1,1,1,1,1,1,3
TrSC58v2_8027.t1,1,1,1,1,1,2
TrSC58v2_8028.t1,1,1,3,1,1,1
TrSC58v2_8028.t1.e1,1,1,2,1,2,4
TrSC58v2_8029.t1.e1,4,3,1,4,3,13
TrSC58v2_8030.t1.e1,2,2,2,8,4,8
TrSC58v2_8030.t1,1,1,1,1,1,1
TrSC58v2_8031.t1.e1,15,4,0,111,2,225
TrSC58v2_8031.t1,13,5,61,22,34,41
TrSC58v2_8050.t1.e1,7,5,21,37,12,69
TrSC58v2_8050.t1,5,4,17,8,10,59
TrSC58v2_8053.t1.e1,15,1,14,20,6,52
TrSC58v2_8053.t1,1,1,12,7,5,50
TrSC58v2_8055.t1.e1,8,7,11,14,4,38
TrSC58v2_8055.t1,1,3,10,14,4,33
TrSC58v2_8052.t1.e1,3,0,14,20,6,29
TrSC58v2_8052.t1,1,0,12,2,6,27
TrSC58v2_8047.t1.e1,16,4,40,40,37,126
TrSC58v2_8047.t1,11,3,35,34,27,115
TrSC58v2_8048.t1.e1,6,9,11,11,20,46
TrSC58v2_8048.t1,5,7,11,10,0,41
TrSC58v2_8056.t1.e1,17,17,31,45,16,135
TrSC58v2_8056.t1,14,16,26,41,15,116
TrSC58v2_8057.t1.e1,5,0,0,0,3,23
TrSC58v2_8057.t1,0,0,0,0,2,2
TrSC58v2_8060.t1.e1,3,7,4,7,3,45
TrSC58v2_8060.t1,2,6,3,6,3,39
TrSC58v2_8061.t1.e1,10,4,32,0,13,52
TrSC58v2_8061.t1,7,2,0,0,11,47
TrSC58v2_8062.t1.e1,5,8,3,18,4,51
TrSC58v2_8062.t1,5,0,3,2,4,5
TrSC58v2_8064.t1.e1,4,6,12,9,14,35
TrSC58v2_8064.t1,0,4,9,8,11,28
TrSC58v2_8063.t1.e1,12,22,23,24,19,97
TrSC58v2_8063.t1,9,15,19,17,19,88
TrSC58v2_8066.t1.e1,1,3,3,4,6,5
TrSC58v2_8066.t1,0,2,8,3,7,23
TrSC58v2_8068.t1.e1,2,0,0,0,0,3
TrSC58v2_8068.t1,0,0,0,0,0,1
TrSC58v2_8072.t1.e1,3,0,5,8,8,29
TrSC58v2_8072.t1,1,0,4,7,7,26
TrSC58v2_8075.t1.e1,6,0,4,7,10,31
TrSC58v2_8075.t1,0,0,4,6,8,28
TrSC58v2_8076.t1.e1,4,7,20,19,4,94
TrSC58v2_8076.t1,0,7,16,14,0,3
TrSC58v2_8078.t1.e1,4,2,9,2,14,15
TrSC58v2_8078.t1,0,2,0,1,1,12
TrSC58v2_8085.t1.e1,3,4,14,16,16,49
TrSC58v2_8085.t1,0,0,11,3,3,41
TrSC58v2_8086.t1.e1,4,0,11,18,7,26
TrSC58v2_8086.t1,3,0,9,0,1,24
TrSC58v2_8087.t1.e1,26,6,32,57,19,140
TrSC58v2_8087.t1,0,5,29,48,16,126
MSTRG.7926.1,0,0,0,0,5,74
TrSC58v2_8083.t1,0,0,8,5,1,50
TrSC58v2_8083.t1.e1,0,0,11,8,7,1
TrSC58v2_8079.t1.e1,7,17,25,44,44,87
TrSC58v2_8079.t1,3,4,9,14,12,35
TrSC58v2_8080.t1.e1,5,6,18,12,4,39
TrSC58v2_8080.t1,3,0,0,0,0,0
TrSC58v2_8081.t1.e1,17,11,28,22,22,64
TrSC58v2_8081.t1,0,0,24,19,19,56
TrSC58v2_8082.t1.e1,6,22,10,34,14,78
TrSC58v2_8082.t1,5,16,8,27,12,64
TrSC58v2_8090.t1.e1,11,4,11,4,3,30
TrSC58v2_8090.t1,0,3,0,0,0,26
TrSC58v2_8091.t1.e1,14,9,18,68,18,72
TrSC58v2_8091.t1,0,8,17,2,16,66
TrSC58v2_8092.t1.e1,5,4,3,12,4,29
TrSC58v2_8092.t1,1,3,1,0,0,20
TrSC58v2_8095.t1.e1,3,9,5,3,8,49
TrSC58v2_8095.t1,1,0,4,0,0,1
TrSC58v2_8097.t1.e1,5,4,7,12,36,57
TrSC58v2_8097.t1,0,3,5,8,2,47
TrSC58v2_8098.t1.e1,4,22,15,24,43,77
TrSC58v2_8098.t1,3,19,14,21,0,70
TrSC58v2_8142.t1.e1,3,7,14,15,16,14
TrSC58v2_8142.t1,0,6,1,0,1,12
TrSC58v2_8144.t1.e1,7,22,7,34,18,77
TrSC58v2_8144.t1,5,19,6,29,15,69
TrSC58v2_8145.t1.e1,5,15,8,11,9,38
TrSC58v2_8145.t1,4,11,7,8,1,35
TrSC58v2_8146.t1.e1,4,4,15,12,7,41
TrSC58v2_8146.t1,4,0,1,0,0,47
TrSC58v2_8148.t1.e1,12,12,34,43,29,103
TrSC58v2_8148.t1,11,12,28,35,26,88
TrSC58v2_8150.t1.e1,2,2,2,8,3,14
TrSC58v2_8150.t1,1,0,0,2,1,2
TrSC58v2_8151.t1.e1,1,1,1,1,2,4
TrSC58v2_8151.t1,0,1,0,0,1,0
TrSC58v2_8149.t1.e1,10,16,34,57,30,108
TrSC58v2_8149.t1,7,14,23,12,5,63
TrSC58v2_8152.t1.e1,18,16,25,56,29,140
TrSC58v2_8152.t1,17,15,24,51,26,127
TrSC58v2_8153.t1.e1,75,37,49,82,53,212
TrSC58v2_8153.t1,1,1,57,99,53,239
TrSC58v2_8154.t1,88,50,139,183,99,444
TrSC58v2_8154.t1.e1,77,45,146,193,129,452
TrSC58v2_8155.t1.e1,11,20,22,38,18,84
TrSC58v2_8155.t1,10,18,22,40,23,85
MSTRG.8002.1,43,38,125,172,84,377
MSTRG.8004.1,0,24,0,36,0,177
TrSC58v2_8156.t1.e1,16,2,33,2,22,2
TrSC58v2_8156.t1,3,2,3,2,10,2
MSTRG.8005.1,55,49,65,143,65,349
MSTRG.8006.1,44,28,96,77,80,170
TrSC58v2_8157.t1.e1,3,1,5,8,4,14
TrSC58v2_8157.t1,3,1,5,8,4,14
MSTRG.8008.1,6,23,7,14,16,55
TrSC58v2_8158.t1.e1,8,11,10,12,8,23
TrSC58v2_8158.t1,2,1,5,5,1,0
TrSC58v2_8104.t1,0,0,11,13,5,34
TrSC58v2_8104.t1.e1,0,7,12,16,5,39
TrSC58v2_8108.t1,0,1,3,10,1,25
TrSC58v2_8108.t1.e1,0,3,5,11,5,28
TrSC58v2_8122.t1,0,0,1,1,0,1
TrSC58v2_8122.t1.e1,0,0,10,20,0,13
TrSC58v2_8126.t1,0,1,3,9,1,14
TrSC58v2_8126.t1.e1,0,4,25,10,6,16
TrSC58v2_8132.t1,0,0,0,2,0,15
TrSC58v2_8132.t1.e1,0,0,0,18,4,17
TrSC58v2_8136.t1,0,3,6,0,1,33
TrSC58v2_8136.t1.e1,0,4,8,14,5,37
TrSC58v2_8139.t1,0,0,0,1,0,2
TrSC58v2_8139.t1.e1,0,7,0,5,3,7
MSTRG.7986.1,0,5,0,0,5,54
TrSC58v2_8141.t1,0,1,6,27,10,44
TrSC58v2_8141.t1.e1,0,1,7,31,13,55
TrSC58v2_8099.t1.e1,7,4,9,4,12,16
TrSC58v2_8099.t1,7,3,8,3,0,11
TrSC58v2_8100.t1.e1,15,3,40,27,40,79
TrSC58v2_8100.t1,11,0,3,23,2,75
TrSC58v2_8101.t1.e1,4,0,4,1,1,18
TrSC58v2_8101.t1,0,0,1,1,1,16
TrSC58v2_8102.t1.e1,8,15,41,43,35,164
TrSC58v2_8102.t1,6,11,37,37,30,141
TrSC58v2_8103.t1.e1,2,11,29,23,36,43
TrSC58v2_8103.t1,2,10,2,22,2,41
TrSC58v2_8105.t1.e1,18,5,6,14,12,34
TrSC58v2_8105.t1,15,0,4,12,0,31
TrSC58v2_8106.t1.e1,7,18,34,36,43,104
TrSC58v2_8106.t1,0,13,28,29,35,96
TrSC58v2_8107.t1.e1,3,6,6,18,7,39
TrSC58v2_8107.t1,0,5,0,1,5,36
TrSC58v2_8109.t1.e1,68,62,84,82,64,288
TrSC58v2_8109.t1,1,3,74,75,59,271
TrSC58v2_8110.t1.e1,11,17,35,25,21,84
TrSC58v2_8110.t1,0,13,31,22,18,79
TrSC58v2_8111.t1.e1,5,9,42,51,24,104
TrSC58v2_8111.t1,4,6,1,1,1,1
TrSC58v2_8112.t1.e1,4,13,14,5,12,29
TrSC58v2_8112.t1,0,9,11,4,0,23
TrSC58v2_8113.t1.e1,1,0,15,4,19,7
TrSC58v2_8113.t1,1,0,14,0,2,6
TrSC58v2_8114.t1.e1,3,7,9,12,16,22
TrSC58v2_8114.t1,0,5,6,10,11,17
TrSC58v2_8115.t1.e1,7,4,10,46,17,69
TrSC58v2_8115.t1,5,0,8,2,15,52
TrSC58v2_8116.t1.e1,4,8,9,9,25,82
TrSC58v2_8116.t1,0,7,7,8,22,66
TrSC58v2_8117.t1.e1,13,13,39,46,22,106
TrSC58v2_8117.t1,10,9,26,41,20,88
TrSC58v2_8118.t1.e1,16,21,29,20,11,57
TrSC58v2_8118.t1,0,0,0,7,1,46
TrSC58v2_8119.t1.e1,8,0,3,1,0,10
TrSC58v2_8119.t1,0,0,0,1,0,3
TrSC58v2_8120.t1.e1,2,3,4,0,13,17
TrSC58v2_8120.t1,2,1,3,0,1,18
TrSC58v2_8121.t1.e1,7,8,26,46,30,156
TrSC58v2_8121.t1,5,7,23,40,26,138
TrSC58v2_8123.t1.e1,7,4,4,13,8,21
TrSC58v2_8123.t1,5,0,3,9,7,17
TrSC58v2_8124.t1.e1,10,5,26,59,37,133
TrSC58v2_8124.t1,9,4,23,39,34,125
TrSC58v2_8125.t1.e1,6,9,12,9,8,35
TrSC58v2_8125.t1,1,8,3,1,1,31
TrSC58v2_8127.t1.e1,8,13,14,29,29,95
TrSC58v2_8127.t1,6,11,12,26,26,84
TrSC58v2_8128.t1.e1,9,9,18,33,14,83
TrSC58v2_8128.t1,7,7,15,27,13,76
TrSC58v2_8129.t1.e1,2,5,16,11,3,54
TrSC58v2_8129.t1,1,4,13,9,0,40
TrSC58v2_8130.t1.e1,13,8,30,27,28,94
TrSC58v2_8130.t1,0,0,27,21,20,79
TrSC58v2_8131.t1.e1,1,9,19,19,18,81
TrSC58v2_8131.t1,1,2,18,18,17,78
TrSC58v2_8133.t1.e1,4,11,14,14,32,54
TrSC58v2_8133.t1,3,2,12,11,2,50
TrSC58v2_8134.t1.e1,5,16,17,16,6,42
TrSC58v2_8134.t1,4,0,13,13,6,39
TrSC58v2_8135.t1.e1,17,3,45,25,19,108
TrSC58v2_8135.t1,15,0,36,22,16,73
TrSC58v2_8137.t1.e1,7,7,14,28,17,82
TrSC58v2_8137.t1,5,6,13,25,14,80
TrSC58v2_8138.t1.e1,7,14,81,50,32,140
TrSC58v2_8138.t1,6,13,3,46,3,137
TrSC58v2_8140.t1.e1,3,2,3,8,1,2
TrSC58v2_8140.t1,2,0,2,2,1,2
TrSC58v2_8225.t1,0,4,1,17,1,2
TrSC58v2_8225.t1.e1,11,6,14,21,16,66
MSTRG.8070.1,42,31,85,96,99,401
TrSC58v2_8234.t1.e1,10,15,33,73,23,131
TrSC58v2_8234.t1,8,12,31,3,19,126
TrSC58v2_8233.t1,0,5,9,13,12,54
TrSC58v2_8233.t1.e1,4,7,11,14,13,54
TrSC58v2_8235.t1.e1,10,10,32,55,24,96
TrSC58v2_8235.t1,9,9,29,2,19,91
MSTRG.8071.3,0,6,14,0,31,221
TrSC58v2_8226.t1,0,10,12,14,5,3
TrSC58v2_8226.t1.e1,4,11,2,14,5,2
TrSC58v2_8227.t1,12,12,4,63,9,42
TrSC58v2_8227.t1.e1,19,11,21,16,15,25
TrSC58v2_8228.t1,1,7,7,24,14,45
TrSC58v2_8228.t1.e1,2,10,7,30,18,54
MSTRG.8073.1,5,0,7,7,6,40
MSTRG.8074.1,30,36,98,170,108,321
TrSC58v2_8231.t1,0,9,6,9,5,22
TrSC58v2_8231.t1.e1,4,10,8,13,6,109
TrSC58v2_8232.t1,0,0,2,3,2,4
TrSC58v2_8232.t1.e1,2,0,2,4,3,3
TrSC58v2_8238.t1.e1,5,15,12,20,16,84
TrSC58v2_8238.t1,4,2,10,14,0,1
TrSC58v2_8237.t1.e1,29,40,155,127,75,400
TrSC58v2_8237.t1,26,37,127,102,55,532
TrSC58v2_8243.t1.e1,3,12,5,7,11,22
TrSC58v2_8243.t1,1,1,2,6,3,20
TrSC58v2_8241.t1.e1,6,2,27,15,14,43
TrSC58v2_8241.t1,4,2,24,13,8,35
TrSC58v2_8239.t1.e1,4,4,7,13,10,50
TrSC58v2_8239.t1,3,0,6,10,8,45
TrSC58v2_8244.t1.e1,11,8,26,16,15,47
TrSC58v2_8244.t1,11,0,2,14,2,43
TrSC58v2_8245.t1.e1,5,1,14,15,11,22
TrSC58v2_8245.t1,1,1,12,12,2,20
TrSC58v2_8247.t1.e1,22,20,46,61,80,114
TrSC58v2_8247.t1,19,14,36,51,1,97
TrSC58v2_8250.t1.e1,4,4,10,23,7,75
TrSC58v2_8250.t1,0,0,8,2,6,25
TrSC58v2_8249.t1.e1,8,17,41,33,29,209
TrSC58v2_8249.t1,6,14,34,28,20,1
TrSC58v2_8251.t1.e1,13,17,46,69,41,152
TrSC58v2_8251.t1,9,16,43,63,33,140
TrSC58v2_8253.t1.e1,8,3,0,1,13,15
TrSC58v2_8253.t1,0,3,0,1,0,0
TrSC58v2_8254.t1.e1,12,4,17,20,12,33
TrSC58v2_8254.t1,2,1,16,19,11,27
TrSC58v2_8255.t1.e1,20,19,33,17,23,132
TrSC58v2_8255.t1,15,13,30,15,21,117
MSTRG.8101.1,17,27,68,87,29,152
TrSC58v2_8256.t1.e1,22,13,48,37,36,113
TrSC58v2_8256.t1,15,11,2,33,32,108
TrSC58v2_8257.t1.e1,12,16,9,24,13,41
TrSC58v2_8257.t1,9,11,7,20,12,35
TrSC58v2_8258.t1.e1,2,4,17,22,15,18
TrSC58v2_8258.t1,1,1,16,3,2,16
TrSC58v2_8259.t1.e1,4,20,11,6,14,35
TrSC58v2_8259.t1,1,2,1,6,1,30
TrSC58v2_8260.t1.e1,8,9,22,27,5,93
TrSC58v2_8260.t1,6,6,19,23,4,80
TrSC58v2_8261.t1.e1,6,3,23,30,15,72
TrSC58v2_8261.t1,6,3,1,1,14,0
TrSC58v2_8262.t1.e1,4,7,14,7,6,17
TrSC58v2_8262.t1,0,0,11,6,2,12
TrSC58v2_8263.t1.e1,8,4,9,28,4,18
TrSC58v2_8263.t1,2,1,8,2,0,16
TrSC58v2_8265.t1.e1,4,6,5,26,4,30
TrSC58v2_8265.t1,0,0,5,2,14,24
TrSC58v2_8266.t1.e1,14,3,12,11,7,40
TrSC58v2_8266.t1,0,2,10,0,6,39
TrSC58v2_8267.t1.e1,8,4,26,8,8,38
TrSC58v2_8267.t1,7,0,23,7,0,32
TrSC58v2_8269.t1.e1,5,2,11,11,5,32
TrSC58v2_8269.t1,4,2,9,10,2,27
TrSC58v2_8268.t1.e1,19,7,56,62,16,66
TrSC58v2_8268.t1,17,6,0,3,12,56
TrSC58v2_8270.t1.e1,5,8,15,28,20,63
TrSC58v2_8270.t1,0,6,14,26,18,56
TrSC58v2_8272.t1.e1,9,4,8,15,0,35
TrSC58v2_8272.t1,0,3,7,10,0,24
TrSC58v2_8273.t1.e1,7,4,6,20,7,24
TrSC58v2_8273.t1,6,3,1,17,6,22
TrSC58v2_8274.t1.e1,11,15,10,42,12,56
TrSC58v2_8274.t1,0,0,9,1,10,42
TrSC58v2_8271.t1.e1,15,23,37,61,41,147
TrSC58v2_8271.t1,13,17,31,49,33,129
TrSC58v2_8275.t1.e1,11,18,45,65,29,137
TrSC58v2_8275.t1,9,15,30,53,27,128
TrSC58v2_8276.t1.e1,15,10,21,42,43,117
TrSC58v2_8276.t1,11,7,19,38,36,105
TrSC58v2_8277.t1.e1,14,23,25,27,30,77
TrSC58v2_8277.t1,10,0,17,22,0,62
TrSC58v2_8279.t1.e1,3,5,16,11,10,20
TrSC58v2_8279.t1,0,1,15,10,2,19
TrSC58v2_8280.t1.e1,5,5,14,22,11,33
TrSC58v2_8280.t1,0,0,11,0,9,27
TrSC58v2_8282.t1.e1,7,0,4,30,25,47
TrSC58v2_8282.t1,0,0,0,2,0,40
TrSC58v2_8281.t1.e1,5,4,26,17,11,50
TrSC58v2_8281.t1,4,3,23,15,9,44
TrSC58v2_8283.t1.e1,4,8,23,24,14,88
TrSC58v2_8283.t1,3,6,21,19,10,110
TrSC58v2_8284.t1.e1,14,27,37,68,33,230
TrSC58v2_8284.t1,11,24,38,55,28,194
TrSC58v2_8286.t1.e1,14,9,8,14,14,58
TrSC58v2_8286.t1,0,0,6,13,2,47
MSTRG.8132.1,3,6,26,31,28,76
TrSC58v2_8288.t1.e1,2,3,2,1,2,3
TrSC58v2_8288.t1,1,1,1,0,1,1
TrSC58v2_8285.t1.e1,14,9,30,20,14,120
TrSC58v2_8285.t1,12,7,29,18,10,1
TrSC58v2_8163.t1,0,0,0,1,1,0
TrSC58v2_8163.t1.e1,0,0,4,1,2,0
TrSC58v2_8164.t1,0,0,0,1,1,2
TrSC58v2_8164.t1.e1,0,0,2,1,1,8
MSTRG.8016.3,0,8,0,10,0,19
TrSC58v2_8167.t1,0,0,0,1,1,4
TrSC58v2_8167.t1.e1,0,0,3,3,1,11
MSTRG.8019.1,0,0,16,39,20,55
TrSC58v2_8169.t1,0,3,1,2,1,3
TrSC58v2_8169.t1.e1,0,3,2,2,1,3
TrSC58v2_8172.t1,0,0,6,10,4,3
TrSC58v2_8172.t1.e1,0,5,4,9,4,35
MSTRG.8024.1,0,0,0,68,0,109
TrSC58v2_8180.t1,0,0,0,1,0,8
TrSC58v2_8180.t1.e1,0,0,0,12,4,14
TrSC58v2_8192.t1,0,1,10,1,1,15
TrSC58v2_8192.t1.e1,0,3,12,8,7,17
MSTRG.8035.3,0,2,0,10,26,27
TrSC58v2_8209.t1,0,0,6,2,8,10
TrSC58v2_8209.t1.e1,0,6,7,18,9,14
TrSC58v2_8212.t1,0,0,1,0,0,0
TrSC58v2_8212.t1.e1,0,0,4,0,0,4
TrSC58v2_8213.t1,0,1,1,1,0,19
TrSC58v2_8213.t1.e1,0,10,11,3,0,23
TrSC58v2_8214.t1,0,0,1,0,0,0
TrSC58v2_8214.t1.e1,0,4,2,0,0,18
TrSC58v2_8218.t1,0,0,0,0,6,9
TrSC58v2_8218.t1.e1,0,0,0,0,6,10
MSTRG.8060.1,0,12,0,5,4,46
TrSC58v2_8159.t1.e1,44,24,101,81,79,326
TrSC58v2_8159.t1,18,21,52,58,64,290
TrSC58v2_8160.t1.e1,11,1,8,10,2,10
TrSC58v2_8160.t1,1,1,1,8,9,8
TrSC58v2_8161.t1.e1,3,2,5,7,2,9
TrSC58v2_8161.t1,2,2,0,6,0,7
TrSC58v2_8162.t1.e1,2,4,9,9,3,17
TrSC58v2_8162.t1,1,3,6,8,3,15
TrSC58v2_8165.t1,1,3,3,3,1,14
TrSC58v2_8165.t1.e1,2,3,4,4,4,16
TrSC58v2_8166.t1,1,1,5,10,1,8
TrSC58v2_8166.t1.e1,3,1,6,10,6,8
TrSC58v2_8170.t1,1,1,3,4,1,5
TrSC58v2_8170.t1.e1,5,1,3,5,2,5
TrSC58v2_8171.t1,1,2,10,5,2,27
TrSC58v2_8171.t1.e1,2,3,12,5,6,28
TrSC58v2_8173.t1,0,1,1,1,1,2
TrSC58v2_8173.t1.e1,5,1,1,1,1,1
TrSC58v2_8174.t1,1,3,11,6,5,30
TrSC58v2_8174.t1.e1,3,3,13,6,6,32
TrSC58v2_8175.t1,0,6,6,10,8,63
TrSC58v2_8175.t1.e1,4,7,8,12,9,68
TrSC58v2_8176.t1,3,1,1,9,1,46
TrSC58v2_8176.t1.e1,4,1,22,10,3,48
TrSC58v2_8177.t1,7,13,21,2,5,6
TrSC58v2_8177.t1.e1,9,17,26,3,54,6
TrSC58v2_8178.t1,6,0,2,12,13,46
TrSC58v2_8178.t1.e1,7,14,27,14,14,49
TrSC58v2_8179.t1,10,12,18,14,10,69
TrSC58v2_8179.t1.e1,11,15,20,15,13,81
TrSC58v2_8181.t1,5,8,12,19,22,65
TrSC58v2_8181.t1.e1,7,11,15,21,26,73
TrSC58v2_8182.t1,2,0,1,2,0,1
TrSC58v2_8182.t1.e1,3,0,3,3,0,10
TrSC58v2_8185.t1,6,5,8,28,8,22
TrSC58v2_8185.t1.e1,8,6,11,29,10,61
TrSC58v2_8186.t1,3,23,15,36,14,76
TrSC58v2_8186.t1.e1,3,27,17,44,16,80
TrSC58v2_8191.t1,3,0,3,10,0,15
TrSC58v2_8191.t1.e1,4,0,3,11,4,17
TrSC58v2_8193.t1,4,0,1,20,7,34
TrSC58v2_8193.t1.e1,6,6,7,15,10,40
TrSC58v2_8194.t1,8,5,16,19,15,56
TrSC58v2_8194.t1.e1,10,2,20,14,15,18
TrSC58v2_8195.t1,1,3,1,14,0,53
TrSC58v2_8195.t1.e1,4,5,16,18,12,1
TrSC58v2_8196.t1,1,3,1,1,1,25
TrSC58v2_8196.t1.e1,5,8,10,15,7,24
TrSC58v2_8197.t1,0,0,8,13,0,34
TrSC58v2_8197.t1.e1,4,0,9,15,12,37
TrSC58v2_8198.t1,2,0,3,1,0,28
TrSC58v2_8198.t1.e1,7,8,4,23,9,32
TrSC58v2_8199.t1,1,0,13,22,21,64
TrSC58v2_8199.t1.e1,14,0,15,25,24,74
TrSC58v2_8200.t1,24,8,48,38,31,123
TrSC58v2_8200.t1.e1,32,9,55,43,38,136
TrSC58v2_8201.t1,7,0,7,2,1,24
TrSC58v2_8201.t1.e1,9,8,8,23,3,26
TrSC58v2_8202.t1,0,0,2,1,7,3
TrSC58v2_8202.t1.e1,4,7,4,11,9,21
TrSC58v2_8203.t1,4,13,36,20,23,92
TrSC58v2_8203.t1.e1,5,15,37,25,28,107
TrSC58v2_8204.t1,3,6,41,50,29,143
TrSC58v2_8204.t1.e1,28,27,46,59,32,160
TrSC58v2_8205.t1,3,6,0,6,3,9
TrSC58v2_8205.t1.e1,3,6,10,7,4,17
TrSC58v2_8206.t1,0,2,5,4,2,29
TrSC58v2_8206.t1.e1,4,6,6,24,15,38
TrSC58v2_8207.t1,5,4,7,0,0,29
TrSC58v2_8207.t1.e1,6,5,8,20,0,34
TrSC58v2_8208.t1,0,0,0,0,0,2
TrSC58v2_8208.t1.e1,3,3,16,10,16,54
TrSC58v2_8210.t1,0,0,2,5,2,11
TrSC58v2_8210.t1.e1,8,0,12,6,8,12
TrSC58v2_8211.t1,7,0,21,17,13,77
TrSC58v2_8211.t1.e1,8,0,23,21,18,89
TrSC58v2_8215.t1,1,1,7,10,10,29
TrSC58v2_8215.t1.e1,9,1,8,10,12,33
TrSC58v2_8216.t1,0,0,1,2,1,15
TrSC58v2_8216.t1.e1,4,0,7,5,4,16
TrSC58v2_8217.t1,3,5,23,33,20,73
TrSC58v2_8217.t1.e1,23,8,26,42,22,80
TrSC58v2_8219.t1,0,0,5,12,7,17
TrSC58v2_8219.t1.e1,12,0,6,15,10,20
TrSC58v2_8220.t1,10,9,13,61,38,124
TrSC58v2_8220.t1.e1,12,13,16,66,40,121
TrSC58v2_8221.t1.e1,11,4,20,4,12,24
TrSC58v2_8221.t1,8,0,15,0,8,21
MSTRG.8063.1,9,21,60,46,26,155
TrSC58v2_8222.t1,3,5,11,18,9,41
TrSC58v2_8222.t1.e1,2,5,11,17,8,41
TrSC58v2_8223.t1,4,6,9,18,7,49
TrSC58v2_8223.t1.e1,4,5,7,17,6,48
TrSC58v2_8224.t1.e1,28,38,30,47,24,147
TrSC58v2_8224.t1,23,2,26,40,21,139
MSTRG.8068.1,3,13,11,18,3,8
TrSC58v2_8349.t1.e1,14,27,46,60,30,119
TrSC58v2_8349.t1,10,1,6,50,25,91
TrSC58v2_8350.t1.e1,1,1,5,3,2,2
TrSC58v2_8350.t1,0,0,4,0,1,2
MSTRG.8203.1,12,12,19,45,25,151
TrSC58v2_8351.t1,0,0,6,10,4,0
TrSC58v2_8351.t1.e1,8,12,8,12,5,47
MSTRG.8205.1,5,8,37,19,22,76
TrSC58v2_8368.t1,1,0,0,9,3,3
TrSC58v2_8368.t1.e1,10,0,20,18,14,21
TrSC58v2_8369.t1,0,0,6,1,1,22
TrSC58v2_8369.t1.e1,7,0,7,3,7,23
TrSC58v2_8370.t1,0,1,23,15,14,23
TrSC58v2_8370.t1.e1,15,3,25,19,21,87
TrSC58v2_8373.t1,3,6,2,10,18,42
TrSC58v2_8373.t1.e1,3,7,26,11,22,51
TrSC58v2_8372.t1,46,42,107,8,95,344
TrSC58v2_8372.t1.e1,48,49,126,243,113,377
TrSC58v2_8374.t1,0,7,7,12,3,2
TrSC58v2_8374.t1.e1,7,8,8,18,5,64
TrSC58v2_8375.t1,0,0,1,2,20,29
TrSC58v2_8375.t1.e1,5,11,25,28,22,34
TrSC58v2_8376.t1,1,2,12,2,0,45
TrSC58v2_8376.t1.e1,10,18,13,18,16,51
TrSC58v2_8377.t1,0,0,8,15,5,12
TrSC58v2_8377.t1.e1,4,0,11,17,6,15
TrSC58v2_8379.t1,8,12,15,24,23,100
TrSC58v2_8379.t1.e1,23,15,21,29,26,106
MSTRG.8221.1,5,18,22,29,24,64
TrSC58v2_8381.t1,5,1,0,5,5,4
TrSC58v2_8381.t1.e1,6,6,5,6,6,26
TrSC58v2_8384.t1,7,0,0,9,6,1
TrSC58v2_8384.t1.e1,9,13,11,13,8,78
TrSC58v2_8386.t1,10,3,7,18,8,35
TrSC58v2_8386.t1.e1,13,4,8,19,18,37
TrSC58v2_8387.t1,0,5,11,7,2,30
TrSC58v2_8387.t1.e1,3,7,14,9,12,32
MSTRG.8227.1,2,1,9,15,29,46
TrSC58v2_8389.t1,2,0,5,1,0,6
TrSC58v2_8389.t1.e1,5,0,5,3,4,37
TrSC58v2_8388.t1,7,14,30,25,22,68
TrSC58v2_8388.t1.e1,10,17,33,29,23,80
TrSC58v2_8390.t1,5,4,5,0,12,37
TrSC58v2_8390.t1.e1,6,4,7,4,14,40
TrSC58v2_8391.t1,9,14,19,20,9,56
TrSC58v2_8391.t1.e1,9,16,22,22,11,62
TrSC58v2_8394.t1,7,0,4,16,14,24
TrSC58v2_8394.t1.e1,8,13,4,17,17,30
TrSC58v2_8395.t1,1,6,4,10,6,16
TrSC58v2_8395.t1.e1,2,5,4,10,6,16
TrSC58v2_8396.t1,3,3,4,8,0,1
TrSC58v2_8396.t1.e1,4,4,5,10,29,60
TrSC58v2_8397.t1,21,0,1,8,10,64
TrSC58v2_8397.t1.e1,23,25,2,8,12,74
TrSC58v2_8403.t1.e1,4,1,20,3,5,13
TrSC58v2_8403.t1,1,1,1,3,4,13
TrSC58v2_8405.t1.e1,10,4,5,8,11,30
TrSC58v2_8405.t1,9,0,4,6,9,28
TrSC58v2_8406.t1.e1,9,8,7,30,7,19
TrSC58v2_8406.t1,0,0,6,1,0,17
TrSC58v2_8407.t1.e1,8,8,5,16,15,46
TrSC58v2_8407.t1,0,1,1,15,1,34
MSTRG.8142.1,0,0,27,3,17,68
TrSC58v2_8301.t1,0,0,11,9,5,30
TrSC58v2_8301.t1.e1,0,3,16,10,7,26
TrSC58v2_8306.t1,0,0,1,10,0,10
TrSC58v2_8306.t1.e1,0,0,3,11,0,11
TrSC58v2_8314.t1,0,6,1,1,8,18
TrSC58v2_8314.t1.e1,0,6,7,8,8,20
TrSC58v2_8316.t1,0,11,12,15,10,75
TrSC58v2_8316.t1.e1,0,15,18,18,11,80
TrSC58v2_8322.t1,0,0,0,3,0,6
TrSC58v2_8322.t1.e1,0,0,4,3,0,7
TrSC58v2_8325.t1,0,0,1,2,0,3
TrSC58v2_8325.t1.e1,0,0,4,3,2,10
TrSC58v2_8326.t1,0,0,0,3,0,8
TrSC58v2_8326.t1.e1,0,4,5,29,5,9
TrSC58v2_8327.t1,0,0,5,9,10,23
TrSC58v2_8327.t1.e1,0,0,6,14,14,26
TrSC58v2_8329.t1,0,0,0,1,0,13
TrSC58v2_8329.t1.e1,0,0,0,1,0,15
TrSC58v2_8331.t1,0,0,0,1,0,4
TrSC58v2_8331.t1.e1,0,0,0,1,0,4
TrSC58v2_8332.t1,0,0,0,1,0,0
TrSC58v2_8332.t1.e1,0,0,0,1,0,1
TrSC58v2_8333.t1,0,0,0,0,0,1
TrSC58v2_8333.t1.e1,0,0,0,2,0,1
TrSC58v2_8343.t1,0,0,1,0,5,16
TrSC58v2_8343.t1.e1,0,4,6,6,7,14
TrSC58v2_8290.t1.e1,3,1,6,6,7,24
TrSC58v2_8290.t1,1,1,5,4,4,22
TrSC58v2_8291.t1.e1,15,26,43,56,24,107
TrSC58v2_8291.t1,11,0,2,46,20,91
TrSC58v2_8292.t1.e1,1,1,5,4,2,3
TrSC58v2_8292.t1,0,0,4,1,1,3
TrSC58v2_8293.t1.e1,3,4,3,10,7,12
TrSC58v2_8293.t1,2,3,2,8,1,9
TrSC58v2_9461.t1.e1,4,1,2,2,2,9
TrSC58v2_9461.t1,3,1,2,1,2,8
TrSC58v2_8294.t1.e1,2,10,22,23,12,58
TrSC58v2_8294.t1,0,0,2,19,14,51
TrSC58v2_9460.t1.e1,6,1,6,2,3,11
TrSC58v2_9460.t1,2,1,2,2,3,9
TrSC58v2_8295.t1.e1,2,6,3,31,6,40
TrSC58v2_8295.t1,0,5,2,11,5,6
TrSC58v2_9459.t1.e1,2,0,4,3,2,8
TrSC58v2_9459.t1,1,0,3,3,2,7
TrSC58v2_8296.t1.e1,9,6,4,4,4,11
TrSC58v2_8296.t1,0,4,11,14,17,43
TrSC58v2_8297.t1.e1,9,6,19,14,5,31
TrSC58v2_8297.t1,1,0,1,10,0,3
TrSC58v2_8298.t1.e1,7,8,15,25,16,67
TrSC58v2_8298.t1,0,0,11,17,13,5
TrSC58v2_8299.t1.e1,4,0,9,23,18,33
TrSC58v2_8299.t1,3,0,6,19,3,31
TrSC58v2_8300.t1.e1,4,4,10,2,2,27
TrSC58v2_8300.t1,0,1,2,1,2,29
TrSC58v2_8302.t1.e1,10,7,23,51,23,125
TrSC58v2_8302.t1,8,5,19,45,20,111
TrSC58v2_8303.t1.e1,4,3,6,8,7,36
TrSC58v2_8303.t1,3,0,5,0,1,32
TrSC58v2_8304.t1.e1,3,0,10,4,9,11
TrSC58v2_8304.t1,2,0,2,3,8,10
TrSC58v2_8305.t1.e1,3,10,7,9,17,40
TrSC58v2_8305.t1,0,9,6,8,13,28
TrSC58v2_8307.t1.e1,15,0,12,0,12,10
TrSC58v2_8307.t1,0,0,8,0,4,8
TrSC58v2_8308.t1.e1,7,15,17,29,20,94
TrSC58v2_8308.t1,5,12,15,28,18,88
MSTRG.8156.1,8,11,62,105,84,207
MSTRG.8157.1,1,0,18,60,22,54
TrSC58v2_8309.t1.e1,4,1,9,15,12,52
TrSC58v2_8309.t1,0,1,8,12,11,45
TrSC58v2_8310.t1.e1,3,8,51,50,39,115
TrSC58v2_8310.t1,3,7,36,44,34,102
MSTRG.8159.1,4,14,10,38,10,68
TrSC58v2_8311.t1.e1,4,6,8,5,13,11
TrSC58v2_8311.t1,0,5,7,5,10,10
TrSC58v2_8312.t1.e1,7,8,9,15,7,28
TrSC58v2_8312.t1,6,0,7,12,6,24
TrSC58v2_8313.t1.e1,4,3,12,13,4,45
TrSC58v2_8313.t1,1,1,9,12,3,39
TrSC58v2_8315.t1.e1,14,43,59,161,89,321
TrSC58v2_8315.t1,12,38,56,116,84,302
TrSC58v2_8317.t1.e1,4,0,3,10,5,22
TrSC58v2_8317.t1,1,0,1,8,4,19
TrSC58v2_8318.t1.e1,14,4,24,34,16,91
TrSC58v2_8318.t1,11,3,2,27,14,3
TrSC58v2_8319.t1.e1,8,4,6,13,6,29
TrSC58v2_8319.t1,6,4,5,12,5,25
TrSC58v2_8320.t1.e1,3,7,44,31,18,69
TrSC58v2_8320.t1,1,6,1,27,16,61
MSTRG.8171.1,2,21,21,91,62,97
TrSC58v2_8321.t1.e1,2,10,9,7,12,34
TrSC58v2_8321.t1,0,1,0,6,3,30
TrSC58v2_8323.t1.e1,2,0,5,2,3,24
TrSC58v2_8323.t1,2,0,2,1,1,23
TrSC58v2_8324.t1.e1,10,0,8,15,4,23
TrSC58v2_8324.t1,0,0,0,0,0,15
MSTRG.8176.1,4,10,3,30,11,41
TrSC58v2_8328.t1.e1,2,2,3,2,1,3
TrSC58v2_8328.t1,2,1,2,1,1,2
MSTRG.8181.1,13,4,23,42,11,72
MSTRG.8186.1,2,0,0,4,0,0
TrSC58v2_8334.t1.e1,1,0,0,2,0,2
TrSC58v2_8334.t1,0,0,0,0,0,2
TrSC58v2_8335.t1.e1,6,7,11,43,12,56
TrSC58v2_8335.t1,5,5,0,3,11,36
TrSC58v2_8336.t1.e1,14,3,10,10,13,50
TrSC58v2_8336.t1,0,3,8,9,10,48
TrSC58v2_8337.t1.e1,14,12,21,43,23,81
TrSC58v2_8337.t1,11,9,16,38,21,76
TrSC58v2_8338.t1.e1,8,21,9,23,16,53
TrSC58v2_8338.t1,7,15,7,18,13,49
TrSC58v2_8339.t1.e1,3,0,0,0,0,12
TrSC58v2_8339.t1,0,0,0,0,0,2
TrSC58v2_8340.t1.e1,1,5,3,6,3,14
TrSC58v2_8340.t1,1,1,1,6,1,12
TrSC58v2_8341.t1.e1,4,3,10,17,9,25
TrSC58v2_8341.t1,3,0,1,14,6,21
TrSC58v2_8342.t1.e1,15,8,4,20,14,28
TrSC58v2_8342.t1,0,0,0,0,12,26
TrSC58v2_8344.t1.e1,7,12,6,8,8,33
TrSC58v2_8344.t1,5,10,5,5,7,43
TrSC58v2_8345.t1.e1,32,31,44,67,42,218
TrSC58v2_8345.t1,1,25,34,43,32,157
TrSC58v2_8346.t1.e1,13,6,5,27,5,46
TrSC58v2_8346.t1,9,5,4,1,4,37
TrSC58v2_8347.t1.e1,2,6,3,4,0,8
TrSC58v2_8347.t1,1,0,1,3,0,7
TrSC58v2_8348.t1.e1,3,4,4,19,14,41
TrSC58v2_8348.t1,3,3,3,0,1,30
TrSC58v2_8402.t1,0,0,0,8,0,1
TrSC58v2_8402.t1.e1,0,4,8,10,5,40
TrSC58v2_8399.t1,40,33,123,220,141,505
TrSC58v2_8399.t1.e1,47,41,105,269,158,588
TrSC58v2_8400.t1,3,5,8,10,9,1
TrSC58v2_8400.t1.e1,5,7,10,12,13,115
TrSC58v2_8401.t1,0,0,1,16,1,27
TrSC58v2_8401.t1.e1,9,5,14,42,3,31
TrSC58v2_8416.t1.e1,9,8,4,17,5,43
TrSC58v2_8416.t1,0,2,0,3,4,32
TrSC58v2_8412.t1.e1,11,12,21,21,17,38
TrSC58v2_8412.t1,0,0,1,3,15,35
TrSC58v2_8408.t1.e1,26,8,18,25,10,39
TrSC58v2_8408.t1,1,0,1,1,8,30
TrSC58v2_8415.t1.e1,4,9,4,7,9,11
TrSC58v2_8415.t1,0,2,4,6,0,11
TrSC58v2_8414.t1.e1,5,8,16,10,8,42
TrSC58v2_8414.t1,4,0,14,8,7,32
TrSC58v2_8409.t1.e1,3,3,4,22,4,45
TrSC58v2_8409.t1,0,0,3,2,2,3
TrSC58v2_8418.t1.e1,12,7,14,19,17,63
TrSC58v2_8418.t1,2,6,13,17,16,58
TrSC58v2_8420.t1.e1,17,43,40,64,80,175
TrSC58v2_8420.t1,12,0,1,55,1,122
TrSC58v2_8421.t1.e1,4,0,2,5,1,32
TrSC58v2_8421.t1,1,0,1,4,1,26
TrSC58v2_8422.t1.e1,5,4,8,10,9,114
TrSC58v2_8422.t1,1,3,6,9,7,8
TrSC58v2_8423.t1.e1,4,5,19,11,15,32
TrSC58v2_8423.t1,1,0,1,0,0,28
TrSC58v2_8424.t1.e1,16,11,0,1,4,24
TrSC58v2_8424.t1,0,2,0,1,4,23
TrSC58v2_8425.t1.e1,5,5,5,10,0,19
TrSC58v2_8425.t1,4,2,4,8,0,18
TrSC58v2_8427.t1.e1,4,8,7,5,0,21
TrSC58v2_8427.t1,0,0,0,4,0,16
MSTRG.8267.1,5,3,35,42,19,77
TrSC58v2_8426.t1.e1,10,7,15,23,19,154
TrSC58v2_8426.t1,7,5,10,20,13,15
TrSC58v2_8428.t1.e1,6,15,8,35,57,60
TrSC58v2_8428.t1,5,5,7,25,18,40
TrSC58v2_8429.t1,13,5,20,24,18,91
TrSC58v2_8429.t1.e1,14,6,25,31,23,101
TrSC58v2_8467.t1,8,0,10,25,11,84
TrSC58v2_8467.t1.e1,9,4,12,34,14,26
TrSC58v2_8475.t1,0,1,11,17,16,28
TrSC58v2_8475.t1.e1,11,4,13,21,17,31
TrSC58v2_8476.t1,7,1,3,3,14,48
TrSC58v2_8476.t1.e1,8,8,17,28,17,43
TrSC58v2_8479.t1,1,1,11,11,2,39
TrSC58v2_8479.t1.e1,3,16,14,12,14,40
TrSC58v2_8480.t1,1,0,3,14,1,8
TrSC58v2_8480.t1.e1,2,0,4,15,12,6
TrSC58v2_8481.t1,0,0,7,0,8,12
TrSC58v2_8481.t1.e1,4,0,7,4,9,10
TrSC58v2_8482.t1,3,0,13,14,11,5
TrSC58v2_8482.t1.e1,5,0,15,17,14,65
TrSC58v2_8483.t1.e1,9,15,20,34,24,103
TrSC58v2_8483.t1,8,13,17,30,20,82
MSTRG.8306.1,0,20,0,0,0,0
TrSC58v2_8474.t1,0,1,0,1,3,0
TrSC58v2_8474.t1.e1,0,2,0,3,3,10
TrSC58v2_8468.t1,21,2,31,43,20,131
TrSC58v2_8468.t1.e1,25,2,39,48,24,168
MSTRG.8307.1,3,6,7,12,3,59
TrSC58v2_8470.t1,3,0,2,5,6,18
TrSC58v2_8470.t1.e1,4,4,2,7,7,21
MSTRG.8309.1,2,2,3,11,3,41
TrSC58v2_8471.t1,8,3,17,23,12,64
TrSC58v2_8471.t1.e1,10,3,20,28,15,71
TrSC58v2_8472.t1,0,7,0,0,7,13
TrSC58v2_8472.t1.e1,5,9,0,4,9,16
TrSC58v2_8473.t1,4,5,3,4,7,32
TrSC58v2_8473.t1.e1,6,7,15,53,9,37
TrSC58v2_8484.t1.e1,5,11,12,14,7,36
TrSC58v2_8484.t1,4,9,10,13,6,29
TrSC58v2_8485.t1.e1,1,15,4,6,1,13
TrSC58v2_8485.t1,1,3,3,6,1,12
TrSC58v2_8486.t1.e1,9,7,11,5,8,38
TrSC58v2_8486.t1,1,6,9,4,7,36
MSTRG.8325.1,11,0,24,65,7,61
TrSC58v2_8487.t1.e1,3,0,15,24,8,25
TrSC58v2_8487.t1,1,0,2,1,0,0
TrSC58v2_8488.t1.e1,9,7,13,35,15,73
TrSC58v2_8488.t1,7,6,11,28,15,64
TrSC58v2_8490.t1.e1,4,16,12,10,6,41
TrSC58v2_8490.t1,0,0,9,9,4,36
TrSC58v2_8491.t1.e1,5,6,23,14,11,56
TrSC58v2_8491.t1,0,0,21,12,10,52
TrSC58v2_8489.t1.e1,16,12,30,26,16,114
TrSC58v2_8489.t1,14,9,24,18,13,98
TrSC58v2_8492.t1.e1,7,9,11,19,4,28
TrSC58v2_8492.t1,0,2,1,16,0,23
TrSC58v2_8493.t1.e1,9,8,9,7,8,30
TrSC58v2_8493.t1,8,2,10,8,1,28
TrSC58v2_8496.t1.e1,4,7,24,30,19,89
TrSC58v2_8496.t1,3,0,19,1,2,4
TrSC58v2_8497.t1.e1,4,9,23,18,15,61
TrSC58v2_8497.t1,0,8,19,16,13,55
TrSC58v2_8498.t1.e1,4,11,22,10,4,67
TrSC58v2_8498.t1,0,10,0,9,4,50
TrSC58v2_8436.t1,0,4,4,8,6,34
TrSC58v2_8436.t1.e1,0,5,7,11,8,38
TrSC58v2_8447.t1,0,0,1,0,0,0
TrSC58v2_8447.t1.e1,0,0,1,0,0,0
MSTRG.8288.1,0,2,7,2,2,2
MSTRG.8288.2,0,11,8,27,30,73
TrSC58v2_8460.t1,0,0,0,4,2,33
TrSC58v2_8460.t1.e1,0,5,12,5,3,39
TrSC58v2_8430.t1,6,8,31,28,11,67
TrSC58v2_8430.t1.e1,7,10,41,32,12,83
TrSC58v2_8431.t1,1,3,0,6,0,7
TrSC58v2_8431.t1.e1,6,4,0,7,0,32
TrSC58v2_8432.t1,0,5,7,2,4,29
TrSC58v2_8432.t1.e1,4,6,9,25,5,33
TrSC58v2_8433.t1,1,7,15,11,18,49
TrSC58v2_8433.t1.e1,22,9,17,12,20,54
TrSC58v2_8434.t1,4,0,8,19,9,62
TrSC58v2_8434.t1.e1,5,11,8,25,10,71
TrSC58v2_8435.t1,24,28,19,35,27,105
TrSC58v2_8435.t1.e1,30,32,43,36,32,115
TrSC58v2_8437.t1,11,5,28,36,37,112
TrSC58v2_8437.t1.e1,14,5,38,40,41,121
TrSC58v2_8438.t1,9,13,14,29,16,104
TrSC58v2_8438.t1.e1,12,18,16,36,16,120
TrSC58v2_8439.t1,0,0,1,0,3,4
TrSC58v2_8439.t1.e1,9,3,20,4,4,45
TrSC58v2_8440.t1,23,15,42,78,28,194
TrSC58v2_8440.t1.e1,24,16,47,94,28,215
TrSC58v2_8441.t1,0,6,1,11,1,38
TrSC58v2_8441.t1.e1,5,7,3,12,2,41
TrSC58v2_8442.t1,11,13,22,48,21,95
TrSC58v2_8442.t1.e1,13,16,27,53,30,98
TrSC58v2_8443.t1,2,2,4,5,3,10
TrSC58v2_8443.t1.e1,4,2,4,10,5,18
TrSC58v2_8444.t1,2,0,4,7,3,9
TrSC58v2_8444.t1.e1,3,4,5,8,5,17
TrSC58v2_8445.t1,2,0,4,7,0,9
TrSC58v2_8445.t1.e1,3,4,5,8,7,17
TrSC58v2_8446.t1,2,0,3,6,3,8
TrSC58v2_8446.t1.e1,3,4,4,9,5,20
TrSC58v2_8448.t1,2,2,6,7,9,24
TrSC58v2_8448.t1.e1,4,5,3,11,6,11
TrSC58v2_8449.t1,4,8,14,16,14,42
TrSC58v2_8449.t1.e1,4,8,10,17,14,39
TrSC58v2_8450.t1,4,2,7,5,6,18
TrSC58v2_8450.t1.e1,4,4,7,12,5,18
TrSC58v2_8451.t1,4,4,9,10,6,27
TrSC58v2_8451.t1.e1,4,5,9,11,8,28
TrSC58v2_8452.t1,44,34,36,123,65,303
TrSC58v2_8452.t1.e1,53,40,95,123,91,418
TrSC58v2_8453.t1,0,3,7,2,7,3
TrSC58v2_8453.t1.e1,5,4,9,13,8,52
TrSC58v2_8454.t1,10,8,7,22,13,34
TrSC58v2_8454.t1.e1,13,11,9,27,14,38
TrSC58v2_8455.t1,0,0,1,10,1,27
TrSC58v2_8455.t1.e1,4,0,12,11,11,28
TrSC58v2_8456.t1,4,2,1,2,18,87
TrSC58v2_8456.t1.e1,5,16,23,37,20,109
TrSC58v2_8457.t1,10,8,23,37,24,138
TrSC58v2_8457.t1.e1,13,11,34,41,25,153
TrSC58v2_8458.t1,0,0,6,8,15,42
TrSC58v2_8458.t1.e1,5,9,7,11,18,48
TrSC58v2_8459.t1,4,0,0,11,0,21
TrSC58v2_8459.t1.e1,5,8,9,12,15,24
TrSC58v2_8461.t1,9,0,14,23,1,33
TrSC58v2_8461.t1.e1,13,12,16,25,24,36
TrSC58v2_8462.t1,0,0,1,8,19,43
TrSC58v2_8462.t1.e1,10,8,33,9,21,46
TrSC58v2_8463.t1,7,12,30,26,23,120
TrSC58v2_8463.t1.e1,10,16,33,30,28,131
TrSC58v2_8464.t1,5,0,3,12,4,3
TrSC58v2_8464.t1.e1,7,0,3,16,5,49
TrSC58v2_8465.t1,3,2,1,10,4,25
TrSC58v2_8465.t1.e1,4,5,24,11,5,28
TrSC58v2_8466.t1,14,14,22,45,5,92
TrSC58v2_8466.t1.e1,19,18,31,51,36,99
TrSC58v2_8543.t1.e1,5,5,6,25,11,37
TrSC58v2_8543.t1,4,4,4,20,8,30
TrSC58v2_8555.t1.e1,3,2,2,5,1,4
TrSC58v2_8555.t1,1,2,2,4,1,3
TrSC58v2_8556.t1.e1,7,20,36,45,34,149
TrSC58v2_8556.t1,6,18,29,37,29,130
TrSC58v2_8500.t1.e1,0,0,0,0,0,1
TrSC58v2_8500.t1,0,0,0,0,0,1
MSTRG.8347.1,0,4,21,8,4,25
TrSC58v2_8517.t1,0,2,3,9,0,13
TrSC58v2_8517.t1.e1,0,5,6,8,6,12
TrSC58v2_8521.t1,0,2,1,0,1,7
TrSC58v2_8521.t1.e1,0,2,1,0,1,8
TrSC58v2_8522.t1,0,0,1,1,0,1
TrSC58v2_8522.t1.e1,0,0,2,1,0,2
MSTRG.8373.1,0,24,0,0,0,0
TrSC58v2_8532.t1,0,0,4,0,5,22
MSTRG.8383.1,0,4,0,13,0,13
TrSC58v2_8542.t1,0,1,1,0,0,12
TrSC58v2_8499.t1,18,5,32,27,1,85
TrSC58v2_8499.t1.e1,13,6,36,32,31,103
TrSC58v2_8502.t1.e1,4,5,17,12,8,92
TrSC58v2_8502.t1,0,4,14,10,7,82
TrSC58v2_8503.t1.e1,9,11,8,6,4,20
TrSC58v2_8503.t1,0,2,6,5,2,19
TrSC58v2_8504.t1,11,13,8,22,21,55
TrSC58v2_8504.t1.e1,8,16,9,26,26,64
TrSC58v2_8505.t1.e1,4,9,14,9,22,51
TrSC58v2_8505.t1,0,7,13,5,18,41
TrSC58v2_8506.t1.e1,9,4,20,4,11,72
TrSC58v2_8506.t1,0,0,17,4,8,4
TrSC58v2_8507.t1.e1,6,8,35,30,14,97
TrSC58v2_8507.t1,5,5,32,26,11,77
TrSC58v2_8508.t1.e1,8,4,13,15,7,40
TrSC58v2_8508.t1,6,3,2,12,5,33
TrSC58v2_8509.t1,1,2,2,5,0,4
TrSC58v2_8509.t1.e1,3,3,3,5,2,4
MSTRG.8348.1,12,17,9,18,12,57
MSTRG.8349.1,60,87,163,181,86,540
TrSC58v2_8512.t1,6,4,10,16,7,42
TrSC58v2_8512.t1.e1,6,5,13,17,9,49
TrSC58v2_8513.t1,6,7,16,31,22,2
TrSC58v2_8513.t1.e1,7,10,20,37,26,118
MSTRG.8352.1,9,11,33,46,26,96
TrSC58v2_8514.t1,10,0,26,37,0,63
TrSC58v2_8514.t1.e1,13,16,31,40,33,115
TrSC58v2_8515.t1,0,0,0,2,3,3
TrSC58v2_8515.t1.e1,2,3,0,3,4,4
TrSC58v2_9462.t1,0,1,33,42,1,200
TrSC58v2_9462.t1.e1,19,53,41,26,35,41
TrSC58v2_8518.t1,1,0,1,0,0,5
TrSC58v2_8518.t1.e1,3,0,2,3,0,8
MSTRG.8358.1,22,21,18,22,15,92
TrSC58v2_8519.t1.e1,2,3,1,1,4,2
TrSC58v2_8519.t1,0,0,1,1,0,1
MSTRG.8360.1,4,2,8,4,0,29
TrSC58v2_8520.t1,1,0,0,1,0,1
TrSC58v2_8520.t1.e1,1,0,0,1,0,1
MSTRG.8361.1,13,6,9,9,3,41
TrSC58v2_8523.t1.e1,4,1,9,15,2,11
TrSC58v2_8523.t1,4,1,6,1,1,0
TrSC58v2_8524.t1.e1,27,16,58,46,26,180
TrSC58v2_8524.t1,1,1,1,1,1,1
TrSC58v2_8525.t1.e1,8,21,12,17,32,184
TrSC58v2_8525.t1,0,0,11,10,0,0
TrSC58v2_8526.t1.e1,12,6,19,24,18,72
TrSC58v2_8526.t1,10,5,16,26,16,69
TrSC58v2_8527.t1,14,8,11,16,13,8
TrSC58v2_8527.t1.e1,3,5,8,19,9,104
MSTRG.8373.3,6,2,24,11,6,27
TrSC58v2_8528.t1.e1,2,4,2,3,1,7
TrSC58v2_8528.t1,2,2,1,2,1,7
TrSC58v2_8529.t1.e1,7,14,5,14,14,39
TrSC58v2_8529.t1,0,0,0,0,0,31
TrSC58v2_8530.t1.e1,1,1,7,2,3,12
TrSC58v2_8530.t1,1,1,3,1,1,12
TrSC58v2_8531.t1.e1,1,0,1,2,5,6
TrSC58v2_8531.t1,1,0,1,0,2,1
TrSC58v2_8532.t1.e1,7,8,13,24,7,61
TrSC58v2_8533.t1.e1,6,0,1,0,0,4
TrSC58v2_8533.t1,0,0,1,0,0,0
TrSC58v2_8534.t1.e1,65,31,84,78,86,234
TrSC58v2_8534.t1,33,21,64,68,1,200
TrSC58v2_8535.t1.e1,9,8,7,20,4,42
TrSC58v2_8535.t1,9,6,6,17,4,40
TrSC58v2_8536.t1.e1,5,6,6,31,17,42
TrSC58v2_8536.t1,4,5,5,22,13,35
TrSC58v2_8537.t1.e1,10,13,20,80,22,65
TrSC58v2_8537.t1,8,10,11,6,18,56
TrSC58v2_8538.t1.e1,3,2,4,2,4,11
TrSC58v2_8538.t1,1,2,4,2,3,9
TrSC58v2_8539.t1.e1,4,2,6,1,1,6
TrSC58v2_8539.t1,1,1,1,0,1,4
TrSC58v2_8540.t1,1,0,1,1,1,10
TrSC58v2_8540.t1.e1,1,0,1,1,2,10
TrSC58v2_8541.t1.e1,4,3,11,9,2,24
TrSC58v2_8541.t1,0,3,8,6,2,17
TrSC58v2_8542.t1.e1,2,1,10,10,8,11
TrSC58v2_8558.t1.e1,4,6,10,9,13,32
TrSC58v2_8558.t1,0,5,9,6,11,25
TrSC58v2_8557.t1.e1,7,25,44,15,22,37
TrSC58v2_8557.t1,6,1,3,14,1,34
TrSC58v2_8560.t1.e1,4,4,4,7,18,26
TrSC58v2_8560.t1,0,0,0,0,1,0
TrSC58v2_8559.t1.e1,13,9,14,29,23,90
TrSC58v2_8559.t1,5,6,11,25,20,78
TrSC58v2_8546.t1,3,1,4,1,2,17
TrSC58v2_8546.t1.e1,1,2,1,5,2,10
TrSC58v2_8547.t1.e1,18,16,41,38,32,139
TrSC58v2_8547.t1,16,15,40,37,30,130
TrSC58v2_8548.t1.e1,8,8,15,11,8,42
TrSC58v2_8548.t1,2,6,6,7,7,38
TrSC58v2_8549.t1.e1,18,16,44,43,35,143
TrSC58v2_8549.t1,17,15,41,42,32,130
TrSC58v2_8550.t1.e1,8,8,12,10,8,41
TrSC58v2_8550.t1,2,6,9,7,7,37
TrSC58v2_8551.t1.e1,18,13,39,44,29,125
TrSC58v2_8551.t1,15,12,35,40,26,120
MSTRG.8391.1,23,35,46,40,33,169
TrSC58v2_8552.t1,1,1,6,5,1,27
TrSC58v2_8552.t1.e1,1,1,1,1,1,2
TrSC58v2_8553.t1.e1,18,14,42,47,31,132
TrSC58v2_8553.t1,15,12,37,43,27,126
TrSC58v2_8554.t1.e1,15,28,42,32,30,149
TrSC58v2_8554.t1,7,11,17,15,13,59
TrSC58v2_8579.t1,1,0,3,18,7,50
TrSC58v2_8579.t1.e1,12,10,26,20,8,54
TrSC58v2_8580.t1,12,12,25,31,16,118
TrSC58v2_8580.t1.e1,13,13,27,37,19,139
TrSC58v2_8582.t1,0,0,0,6,0,13
TrSC58v2_8582.t1.e1,3,12,15,9,3,15
TrSC58v2_8584.t1,0,0,1,6,0,31
TrSC58v2_8584.t1.e1,12,0,12,7,2,34
TrSC58v2_8585.t1,0,0,22,14,23,50
TrSC58v2_8585.t1.e1,18,18,22,16,20,61
TrSC58v2_8586.t1,10,1,11,0,7,3
TrSC58v2_8586.t1.e1,15,14,16,26,7,95
TrSC58v2_8588.t1,0,0,1,0,0,26
TrSC58v2_8588.t1.e1,8,3,28,8,8,30
TrSC58v2_8598.t1.e1,2,0,2,2,5,8
TrSC58v2_8598.t1,0,0,0,1,0,1
TrSC58v2_8596.t1,0,0,6,17,0,14
TrSC58v2_8596.t1.e1,4,3,7,20,3,45
TrSC58v2_8609.t1.e1,4,3,3,6,2,11
TrSC58v2_8609.t1,3,2,3,3,2,11
TrSC58v2_8606.t1,2,1,1,1,1,9
TrSC58v2_8606.t1.e1,2,1,1,2,1,8
TrSC58v2_8607.t1,19,14,27,50,32,138
TrSC58v2_8607.t1.e1,10,10,24,46,24,168
TrSC58v2_8608.t1.e1,2,0,0,2,0,1
TrSC58v2_8608.t1,1,0,0,1,0,1
TrSC58v2_8602.t1,0,0,1,7,1,8
TrSC58v2_8602.t1.e1,0,7,2,9,3,10
TrSC58v2_8599.t1.e1,8,1,7,10,17,28
TrSC58v2_8599.t1,7,0,6,9,0,25
TrSC58v2_8600.t1.e1,4,3,9,14,9,32
TrSC58v2_8600.t1,0,2,8,8,6,33
TrSC58v2_8601.t1.e1,5,4,10,16,15,42
TrSC58v2_8601.t1,3,2,16,12,8,40
TrSC58v2_8603.t1.e1,15,13,25,30,25,111
TrSC58v2_8603.t1,13,11,23,28,23,94
MSTRG.8444.1,9,12,12,14,7,59
TrSC58v2_8604.t1.e1,6,12,13,17,18,61
TrSC58v2_8604.t1,5,10,9,13,14,40
TrSC58v2_8605.t1.e1,6,13,19,20,30,106
TrSC58v2_8605.t1,4,9,23,18,28,69
TrSC58v2_8562.t1,0,5,2,5,5,30
TrSC58v2_8562.t1.e1,0,6,6,5,7,41
TrSC58v2_8564.t1,0,0,3,22,22,90
TrSC58v2_8564.t1.e1,0,15,59,23,25,99
TrSC58v2_8571.t1,0,8,9,14,7,37
TrSC58v2_8571.t1.e1,0,9,11,19,9,43
TrSC58v2_8561.t1.e1,4,12,30,58,31,124
TrSC58v2_8561.t1,0,11,26,46,29,107
TrSC58v2_8563.t1.e1,3,19,10,18,17,39
TrSC58v2_8563.t1,1,0,9,15,1,34
TrSC58v2_8565.t1.e1,7,24,16,18,12,52
TrSC58v2_8565.t1,6,4,14,16,11,49
TrSC58v2_8566.t1.e1,3,14,30,27,13,22
TrSC58v2_8566.t1,0,1,1,2,11,20
MSTRG.8405.1,47,41,88,67,44,255
TrSC58v2_8567.t1,0,0,4,14,8,41
TrSC58v2_8567.t1.e1,3,15,28,15,9,42
TrSC58v2_8568.t1,28,0,104,111,87,434
TrSC58v2_8568.t1.e1,31,108,122,131,101,492
MSTRG.8408.1,4,6,16,22,19,59
TrSC58v2_8569.t1,7,2,27,27,19,55
TrSC58v2_8569.t1.e1,9,11,29,28,21,60
TrSC58v2_8570.t1,4,0,16,18,8,56
TrSC58v2_8570.t1.e1,5,4,20,21,11,62
TrSC58v2_8572.t1,1,1,15,10,1,19
TrSC58v2_8572.t1.e1,17,3,16,11,10,21
TrSC58v2_8573.t1,8,7,11,21,12,61
TrSC58v2_8573.t1.e1,9,8,13,26,17,67
TrSC58v2_8574.t1,0,0,0,2,0,1
TrSC58v2_8574.t1.e1,4,0,5,5,0,26
TrSC58v2_8575.t1,5,6,19,21,14,84
TrSC58v2_8575.t1.e1,7,9,23,29,19,90
TrSC58v2_8576.t1,10,13,22,34,40,67
TrSC58v2_8576.t1.e1,13,16,25,37,43,143
TrSC58v2_8577.t1,3,0,6,13,4,1
TrSC58v2_8577.t1.e1,5,7,8,25,5,81
TrSC58v2_8633.t1.e1,5,6,28,12,4,52
TrSC58v2_8633.t1,4,4,0,10,3,46
TrSC58v2_8634.t1.e1,2,0,37,16,6,44
TrSC58v2_8634.t1,1,0,3,15,1,40
TrSC58v2_8635.t1.e1,13,0,4,0,11,64
TrSC58v2_8635.t1,0,0,3,0,1,54
TrSC58v2_8636.t1.e1,3,0,11,9,3,33
TrSC58v2_8636.t1,2,0,2,7,0,28
MSTRG.8470.2,0,0,0,22,0,115
TrSC58v2_8630.t1,0,0,5,1,0,26
TrSC58v2_8630.t1.e1,0,7,7,16,0,35
TrSC58v2_8624.t1,1,0,5,12,2,23
TrSC58v2_8624.t1.e1,1,4,8,15,3,29
TrSC58v2_8625.t1,3,10,10,22,14,60
TrSC58v2_8625.t1.e1,3,13,12,27,18,64
TrSC58v2_8626.t1,8,0,9,16,9,49
TrSC58v2_8626.t1.e1,11,4,13,22,10,62
TrSC58v2_8627.t1.e1,7,5,16,9,21,45
TrSC58v2_8627.t1,6,0,13,6,20,36
TrSC58v2_8628.t1.e1,6,10,32,35,25,108
TrSC58v2_8628.t1,5,9,26,30,24,96
TrSC58v2_8629.t1.e1,4,5,19,3,17,2
TrSC58v2_8629.t1,3,4,7,2,12,2
TrSC58v2_8631.t1.e1,4,0,12,20,13,58
TrSC58v2_8631.t1,3,0,9,16,12,50
TrSC58v2_8614.t1,0,0,5,8,0,2
TrSC58v2_8614.t1.e1,0,0,6,9,8,61
TrSC58v2_8610.t1,4,6,19,56,17,107
TrSC58v2_8610.t1.e1,6,7,29,65,23,142
TrSC58v2_8611.t1,1,4,12,12,1,18
TrSC58v2_8611.t1.e1,6,4,13,15,5,19
TrSC58v2_8612.t1,0,0,0,1,3,21
TrSC58v2_8612.t1.e1,7,0,0,31,13,24
TrSC58v2_8613.t1,0,0,2,18,0,64
TrSC58v2_8613.t1.e1,26,15,34,20,33,73
TrSC58v2_8615.t1,13,25,29,32,20,149
TrSC58v2_8615.t1.e1,15,31,34,38,26,115
TrSC58v2_8616.t1,16,3,31,37,3,126
TrSC58v2_8616.t1.e1,13,51,38,41,48,146
TrSC58v2_8617.t1,16,32,44,46,30,192
TrSC58v2_8617.t1.e1,18,36,47,52,35,159
TrSC58v2_8618.t1,16,1,1,39,29,152
TrSC58v2_8618.t1.e1,13,62,80,53,32,177
TrSC58v2_8619.t1,5,7,24,45,20,92
TrSC58v2_8619.t1.e1,6,9,29,51,23,118
TrSC58v2_8620.t1,0,9,9,9,8,35
TrSC58v2_8620.t1.e1,2,10,9,16,9,41
TrSC58v2_8621.t1,24,9,29,38,33,105
TrSC58v2_8621.t1.e1,26,10,34,44,41,111
TrSC58v2_8622.t1,0,5,0,16,16,39
TrSC58v2_8622.t1.e1,4,6,16,20,19,90
TrSC58v2_8623.t1,2,0,4,16,1,40
TrSC58v2_8623.t1.e1,6,4,16,17,7,42
TrSC58v2_8643.t1,1,0,2,0,0,8
TrSC58v2_8643.t1.e1,2,0,3,2,0,8
TrSC58v2_8640.t1.e1,3,4,6,6,2,13
TrSC58v2_8640.t1,1,0,5,5,2,11
TrSC58v2_8644.t1.e1,4,0,4,4,4,19
TrSC58v2_8644.t1,0,0,0,0,4,15
TrSC58v2_8650.t1,1,2,1,6,3,8
TrSC58v2_8650.t1.e1,1,2,1,7,3,11
TrSC58v2_8639.t1.e1,77,35,88,174,130,400
TrSC58v2_8639.t1,59,26,90,141,124,356
TrSC58v2_8696.t1.e1,13,7,29,28,32,91
TrSC58v2_8696.t1,1,0,1,1,1,1
TrSC58v2_8697.t1.e1,4,0,7,14,12,18
TrSC58v2_8697.t1,1,0,2,13,3,17
MSTRG.8531.1,8,9,17,40,11,45
MSTRG.8532.1,0,6,0,67,21,89
TrSC58v2_8698.t1.e1,4,7,3,8,8,8
TrSC58v2_8698.t1,3,3,0,6,4,5
MSTRG.8533.1,6,4,3,2,7,38
TrSC58v2_8699.t1.e1,12,10,41,40,37,112
TrSC58v2_8699.t1,10,7,38,33,31,98
MSTRG.8535.1,12,11,17,29,27,118
TrSC58v2_8700.t1.e1,3,1,11,14,8,43
TrSC58v2_8700.t1,2,1,3,3,7,36
MSTRG.8537.1,18,14,19,11,8,88
TrSC58v2_8705.t1.e1,1,2,5,3,2,18
TrSC58v2_8705.t1,0,0,1,2,0,8
TrSC58v2_8729.t1.e1,8,4,9,3,7,17
TrSC58v2_8729.t1,0,0,8,0,5,15
MSTRG.8538.1,77,103,243,384,223,1117
TrSC58v2_8733.t1.e1,1,11,7,13,18,36
TrSC58v2_8733.t1,1,10,1,12,15,33
TrSC58v2_8734.t1.e1,12,10,20,29,27,56
TrSC58v2_8734.t1,0,9,17,24,24,50
TrSC58v2_8735.t1.e1,5,9,19,55,13,52
TrSC58v2_8735.t1,0,9,0,1,11,47
MSTRG.8550.1,2,4,11,10,4,80
TrSC58v2_8737.t1.e1,21,5,10,20,6,73
TrSC58v2_8737.t1,17,4,7,16,6,5
TrSC58v2_8738.t1.e1,6,5,28,44,22,87
TrSC58v2_8738.t1,5,5,22,38,18,74
TrSC58v2_8740.t1.e1,5,22,11,23,11,58
TrSC58v2_8740.t1,4,0,9,20,9,55
TrSC58v2_8741.t1.e1,6,18,17,21,18,54
TrSC58v2_8741.t1,0,12,15,19,16,47
TrSC58v2_8742.t1.e1,7,9,20,45,23,89
TrSC58v2_8742.t1,6,7,19,40,20,79
TrSC58v2_8743.t1.e1,17,9,16,16,12,48
TrSC58v2_8743.t1,12,8,11,14,8,43
TrSC58v2_8744.t1.e1,6,4,12,23,20,41
TrSC58v2_8744.t1,5,3,0,20,17,39
TrSC58v2_8746.t1.e1,10,0,9,5,11,39
TrSC58v2_8746.t1,7,0,6,3,9,31
TrSC58v2_8749.t1.e1,4,4,7,25,7,62
TrSC58v2_8749.t1,3,3,6,19,5,49
TrSC58v2_8654.t1,0,4,6,4,0,0
TrSC58v2_8654.t1.e1,0,6,8,5,4,64
MSTRG.8498.1,0,15,54,80,31,169
TrSC58v2_8669.t1,0,0,6,0,1,0
TrSC58v2_8669.t1.e1,0,0,8,10,3,28
TrSC58v2_8673.t1,0,2,5,6,0,0
TrSC58v2_8673.t1.e1,0,4,7,7,13,59
TrSC58v2_8674.t1,0,3,1,4,0,2
TrSC58v2_8674.t1.e1,0,4,4,5,5,27
TrSC58v2_8675.t1,0,0,0,1,3,1
TrSC58v2_8675.t1.e1,0,0,0,2,4,11
TrSC58v2_8676.t1,0,9,0,13,10,18
TrSC58v2_8676.t1.e1,0,9,7,15,13,24
TrSC58v2_8677.t1,0,0,1,2,0,3
TrSC58v2_8677.t1.e1,0,0,11,12,0,14
TrSC58v2_8679.t1,0,0,1,1,1,1
TrSC58v2_8679.t1.e1,0,0,1,1,1,1
TrSC58v2_8685.t1,0,0,1,12,0,27
TrSC58v2_8685.t1.e1,0,0,9,13,4,28
TrSC58v2_8686.t1,0,0,2,5,3,8
TrSC58v2_8686.t1.e1,0,0,10,6,5,9
TrSC58v2_8687.t1,0,0,0,1,1,2
TrSC58v2_8687.t1.e1,0,4,0,1,3,2
MSTRG.8521.1,0,0,0,0,2,24
TrSC58v2_8689.t1,0,1,0,1,1,3
TrSC58v2_8689.t1.e1,0,1,0,2,1,3
TrSC58v2_8693.t1,0,0,2,0,3,2
TrSC58v2_8693.t1.e1,0,2,11,8,29,37
TrSC58v2_8695.t1,0,0,0,0,0,5
TrSC58v2_8695.t1.e1,0,3,0,0,0,9
MSTRG.8488.1,52,47,50,126,44,226
TrSC58v2_8651.t1,2,5,12,4,10,35
TrSC58v2_8651.t1.e1,3,5,9,3,16,37
MSTRG.8489.1,112,125,220,398,212,1024
TrSC58v2_8652.t1,15,21,31,46,34,104
TrSC58v2_8652.t1.e1,12,20,29,39,35,109
TrSC58v2_8653.t1,2,2,2,3,2,4
TrSC58v2_8653.t1.e1,3,3,2,2,2,3
TrSC58v2_8655.t1,4,5,4,8,6,29
TrSC58v2_8655.t1.e1,4,6,5,11,9,34
TrSC58v2_8656.t1,1,0,7,3,4,15
TrSC58v2_8656.t1.e1,1,0,7,18,13,17
TrSC58v2_8657.t1,9,6,13,47,14,111
TrSC58v2_8657.t1.e1,10,8,18,54,20,117
TrSC58v2_8658.t1,0,6,6,13,24,42
TrSC58v2_8658.t1.e1,8,7,7,15,31,57
TrSC58v2_8659.t1,8,0,5,23,14,39
TrSC58v2_8659.t1.e1,9,8,7,29,16,43
TrSC58v2_8660.t1,0,0,0,10,4,40
TrSC58v2_8660.t1.e1,6,0,14,11,22,49
MSTRG.8497.1,31,25,51,104,97,254
TrSC58v2_8661.t1,1,2,1,7,3,16
TrSC58v2_8661.t1.e1,2,5,3,6,7,25
TrSC58v2_8662.t1,25,26,15,30,20,113
TrSC58v2_8662.t1.e1,12,12,34,67,23,127
TrSC58v2_8663.t1,1,11,8,15,2,54
TrSC58v2_8663.t1.e1,17,3,19,16,25,55
TrSC58v2_8664.t1,5,1,2,3,7,10
TrSC58v2_8664.t1.e1,0,1,2,3,8,9
TrSC58v2_8665.t1,14,2,3,2,13,6
TrSC58v2_8665.t1.e1,12,2,4,2,1,4
TrSC58v2_8666.t1,1,24,29,46,40,190
TrSC58v2_8666.t1.e1,19,26,33,55,49,233
TrSC58v2_8667.t1,25,28,38,92,68,228
TrSC58v2_8667.t1.e1,29,30,36,115,78,245
TrSC58v2_8668.t1,1,6,8,22,1,43
TrSC58v2_8668.t1.e1,10,7,14,24,27,38
TrSC58v2_8670.t1,1,0,4,5,5,20
TrSC58v2_8670.t1.e1,15,3,5,31,5,23
TrSC58v2_8671.t1,1,0,1,1,0,1
TrSC58v2_8671.t1.e1,2,0,2,4,12,14
TrSC58v2_8672.t1,0,1,0,0,4,64
TrSC58v2_8672.t1.e1,3,3,5,7,4,2
TrSC58v2_8678.t1,0,0,2,2,11,2
TrSC58v2_8678.t1.e1,3,9,9,2,12,18
TrSC58v2_8680.t1,1,0,0,1,0,1
TrSC58v2_8680.t1.e1,1,0,1,1,0,1
TrSC58v2_8681.t1,1,1,0,1,1,1
TrSC58v2_8681.t1.e1,1,1,1,1,1,1
TrSC58v2_8682.t1,1,1,1,1,1,2
TrSC58v2_8682.t1.e1,1,1,1,1,1,2
TrSC58v2_8683.t1,1,1,0,1,2,3
TrSC58v2_8683.t1.e1,2,2,4,2,2,4
TrSC58v2_8684.t1,1,1,0,1,1,1
TrSC58v2_8684.t1.e1,1,1,0,1,1,1
TrSC58v2_8688.t1,5,2,0,8,1,17
TrSC58v2_8688.t1.e1,9,3,8,10,13,17
TrSC58v2_8690.t1.e1,3,10,10,14,12,34
TrSC58v2_8690.t1,3,1,9,3,10,30
TrSC58v2_8691.t1.e1,17,12,23,66,55,159
TrSC58v2_8691.t1,15,10,19,60,47,145
TrSC58v2_8692.t1.e1,1,5,20,13,8,47
TrSC58v2_8692.t1,1,4,1,11,6,4
TrSC58v2_8694.t1.e1,3,4,6,2,5,20
TrSC58v2_8694.t1,3,1,5,2,5,18
TrSC58v2_8754.t1.e1,4,4,12,5,11,36
TrSC58v2_8754.t1,0,0,0,0,0,1
TrSC58v2_8752.t1.e1,11,8,8,22,12,46
TrSC58v2_8752.t1,1,7,6,15,11,41
TrSC58v2_8750.t1.e1,21,28,29,125,54,204
TrSC58v2_8750.t1,18,26,29,113,41,184
TrSC58v2_8751.t1.e1,3,4,3,0,9,23
TrSC58v2_8751.t1,2,0,2,0,8,1
TrSC58v2_8755.t1.e1,6,5,7,5,10,46
TrSC58v2_8755.t1,4,4,5,4,8,42
MSTRG.8580.1,21,15,23,50,28,97
MSTRG.8581.1,6,13,13,23,3,76
TrSC58v2_8766.t1.e1,15,14,23,53,23,89
TrSC58v2_8766.t1,14,13,20,51,19,72
TrSC58v2_8758.t1,0,1,1,1,6,30
TrSC58v2_8758.t1.e1,0,6,4,11,6,42
TrSC58v2_8756.t1.e1,6,0,2,14,3,17
TrSC58v2_8756.t1,5,0,1,3,2,16
TrSC58v2_8757.t1.e1,9,10,12,52,25,168
TrSC58v2_8757.t1,6,8,10,44,23,2
TrSC58v2_8759.t1.e1,1,2,3,2,1,6
TrSC58v2_8759.t1,1,0,3,2,1,5
TrSC58v2_8760.t1.e1,4,4,16,19,11,51
TrSC58v2_8760.t1,3,3,13,14,10,58
MSTRG.8576.1,20,56,53,64,71,270
TrSC58v2_8761.t1.e1,5,3,9,10,12,56
TrSC58v2_8761.t1,3,2,7,8,9,71
TrSC58v2_8762.t1,1,1,2,6,2,11
TrSC58v2_8762.t1.e1,1,2,4,9,2,14
TrSC58v2_8769.t1,6,3,2,0,8,28
TrSC58v2_8769.t1.e1,6,4,9,9,9,32
TrSC58v2_8771.t1,0,1,0,4,8,2
TrSC58v2_8771.t1.e1,3,1,4,5,10,32
TrSC58v2_8768.t1,2,1,1,0,0,7
TrSC58v2_8768.t1.e1,2,1,3,4,3,8
TrSC58v2_8772.t1,1,0,1,3,1,9
TrSC58v2_8772.t1.e1,1,4,3,4,5,11
TrSC58v2_8770.t1,1,0,0,0,2,12
TrSC58v2_8770.t1.e1,1,3,12,18,10,18
TrSC58v2_8773.t1,0,0,3,0,3,23
TrSC58v2_8773.t1.e1,8,8,4,22,11,27
TrSC58v2_8774.t1,5,8,17,30,15,56
TrSC58v2_8774.t1.e1,5,7,21,39,18,76
TrSC58v2_8775.t1,6,9,13,15,9,43
TrSC58v2_8775.t1.e1,7,11,17,19,11,46
TrSC58v2_8777.t1,14,15,32,44,13,88
TrSC58v2_8777.t1.e1,18,18,41,50,15,97
TrSC58v2_8779.t1,0,1,8,6,4,14
TrSC58v2_8779.t1.e1,3,6,9,7,4,15
MSTRG.8594.2,0,12,23,19,14,100
MSTRG.8594.1,5,7,0,22,7,7
TrSC58v2_8778.t1,7,2,6,27,19,38
TrSC58v2_8778.t1.e1,9,3,4,23,28,44
TrSC58v2_8780.t1,5,0,1,4,6,1
TrSC58v2_8780.t1.e1,6,10,2,5,9,65
TrSC58v2_8782.t1,0,0,6,4,0,1
TrSC58v2_8782.t1.e1,3,0,7,7,0,4
TrSC58v2_8781.t1,3,6,5,22,21,88
TrSC58v2_8781.t1.e1,4,8,7,29,23,78
TrSC58v2_8783.t1,6,14,19,52,19,92
TrSC58v2_8783.t1.e1,7,16,21,63,23,115
TrSC58v2_8784.t1,23,25,29,65,31,168
TrSC58v2_8784.t1.e1,25,27,32,71,34,183
TrSC58v2_8785.t1,5,5,13,11,8,37
TrSC58v2_8785.t1.e1,7,6,16,12,10,41
TrSC58v2_8787.t1,6,0,0,14,1,5
TrSC58v2_8787.t1.e1,9,10,17,16,28,84
TrSC58v2_8788.t1,1,0,12,23,2,52
TrSC58v2_8788.t1.e1,4,0,15,26,25,59
TrSC58v2_8789.t1,5,14,22,27,14,74
TrSC58v2_8789.t1.e1,6,17,24,31,16,87
TrSC58v2_8790.t1,0,0,5,5,3,15
TrSC58v2_8790.t1.e1,7,0,6,6,17,17
TrSC58v2_8791.t1,0,12,16,32,18,73
TrSC58v2_8791.t1.e1,13,14,21,35,22,85
TrSC58v2_8792.t1,0,7,17,32,21,83
TrSC58v2_8792.t1.e1,10,9,19,34,25,93
TrSC58v2_8793.t1,0,4,3,0,1,14
TrSC58v2_8793.t1.e1,3,5,3,4,6,15
MSTRG.8611.1,4,18,17,47,33,130
TrSC58v2_8794.t1,0,2,3,11,1,77
TrSC58v2_8794.t1.e1,4,8,4,12,6,3
TrSC58v2_8795.t1,1,2,5,1,0,7
TrSC58v2_8795.t1.e1,3,6,6,6,5,8
TrSC58v2_8797.t1,12,12,14,4,11,83
TrSC58v2_8797.t1.e1,14,13,18,70,16,95
TrSC58v2_8798.t1,2,8,11,31,36,93
TrSC58v2_8798.t1.e1,10,9,13,33,3,100
TrSC58v2_8799.t1,8,0,1,7,4,23
TrSC58v2_8799.t1.e1,12,5,3,12,5,26
TrSC58v2_8800.t1,4,7,1,2,0,30
TrSC58v2_8800.t1.e1,4,8,10,21,9,33
TrSC58v2_8820.t1,0,3,5,14,7,19
TrSC58v2_8820.t1.e1,10,3,6,16,9,20
TrSC58v2_8822.t1,1,0,1,3,4,17
TrSC58v2_8822.t1.e1,1,0,3,15,5,18
TrSC58v2_8823.t1,1,1,1,13,2,4
TrSC58v2_8823.t1.e1,6,12,7,16,15,59
TrSC58v2_8824.t1,1,2,2,3,2,13
TrSC58v2_8824.t1.e1,2,3,4,3,2,14
TrSC58v2_8827.t1,0,0,0,0,0,0
TrSC58v2_8827.t1.e1,5,0,11,0,0,11
TrSC58v2_8828.t1,0,0,9,10,1,44
TrSC58v2_8828.t1.e1,18,8,10,12,33,53
TrSC58v2_8831.t1,1,2,1,1,3,31
TrSC58v2_8831.t1.e1,10,12,4,10,3,33
TrSC58v2_8832.t1,9,0,12,1,18,33
TrSC58v2_8832.t1.e1,11,0,16,34,20,35
TrSC58v2_8834.t1,0,7,0,9,2,2
TrSC58v2_8834.t1.e1,7,8,22,11,13,64
TrSC58v2_8835.t1,4,2,7,7,4,19
TrSC58v2_8835.t1.e1,6,5,9,9,6,22
TrSC58v2_8836.t1,6,2,0,12,0,26
TrSC58v2_8836.t1.e1,7,13,12,13,12,28
TrSC58v2_8837.t1,9,9,22,27,14,74
TrSC58v2_8837.t1.e1,10,10,24,28,16,82
TrSC58v2_8839.t1,0,9,8,1,12,44
TrSC58v2_8839.t1.e1,8,12,9,16,17,51
TrSC58v2_8841.t1,0,0,6,11,8,38
TrSC58v2_8841.t1.e1,11,5,7,13,9,40
TrSC58v2_8840.t1,23,16,20,33,27,116
TrSC58v2_8840.t1.e1,31,21,21,36,30,124
TrSC58v2_8842.t1,7,1,6,8,7,46
TrSC58v2_8842.t1.e1,10,6,8,11,9,51
TrSC58v2_8843.t1,9,10,21,26,11,91
TrSC58v2_8843.t1.e1,12,12,25,29,12,106
TrSC58v2_8801.t1,10,6,16,35,15,44
TrSC58v2_8801.t1.e1,13,8,19,38,19,49
TrSC58v2_8802.t1,2,0,15,18,11,50
TrSC58v2_8802.t1.e1,2,5,20,22,13,60
TrSC58v2_8803.t1,2,4,0,4,4,17
TrSC58v2_8803.t1.e1,3,5,3,5,5,21
TrSC58v2_8804.t1,1,1,0,4,2,0
TrSC58v2_8804.t1.e1,6,1,6,3,2,12
MSTRG.8624.1,11,25,52,76,34,186
TrSC58v2_8805.t1,8,6,4,5,1,2
TrSC58v2_8805.t1.e1,12,10,6,4,1,2
TrSC58v2_8806.t1,1,1,1,4,3,1
TrSC58v2_8806.t1.e1,6,1,8,4,3,19
TrSC58v2_8807.t1,2,9,18,9,10,53
TrSC58v2_8807.t1.e1,9,10,19,10,9,49
TrSC58v2_8808.t1,0,1,23,33,12,80
TrSC58v2_8808.t1.e1,17,34,26,40,41,86
TrSC58v2_8809.t1,7,0,23,23,7,33
TrSC58v2_8809.t1.e1,8,0,20,30,8,36
TrSC58v2_8810.t1,18,9,8,15,7,43
TrSC58v2_8810.t1.e1,20,10,9,18,8,44
TrSC58v2_8811.t1,14,3,32,23,15,52
TrSC58v2_8811.t1.e1,18,4,26,23,18,68
TrSC58v2_8812.t1,4,10,9,30,28,56
TrSC58v2_8812.t1.e1,5,11,11,34,32,62
TrSC58v2_8813.t1,5,0,0,15,7,31
TrSC58v2_8813.t1.e1,6,7,0,21,10,34
TrSC58v2_8814.t1,8,5,0,1,0,1
TrSC58v2_8814.t1.e1,11,8,10,35,12,62
TrSC58v2_8815.t1,6,8,8,11,6,33
TrSC58v2_8815.t1.e1,8,9,10,13,9,38
TrSC58v2_8816.t1,4,1,6,16,2,12
TrSC58v2_8816.t1.e1,5,2,7,19,7,14
TrSC58v2_8847.t1,0,10,1,13,0,31
TrSC58v2_8847.t1.e1,4,11,14,15,24,32
TrSC58v2_8846.t1,0,0,12,0,0,37
TrSC58v2_8846.t1.e1,8,8,14,12,8,43
TrSC58v2_8844.t1,6,5,0,36,6,4
TrSC58v2_8844.t1.e1,7,8,3,45,7,86
TrSC58v2_8845.t1,0,1,0,2,12,39
TrSC58v2_8845.t1.e1,3,7,3,6,13,45
TrSC58v2_8848.t1,2,3,1,6,4,12
TrSC58v2_8848.t1.e1,2,3,1,6,4,14
TrSC58v2_8849.t1,1,0,9,1,1,32
TrSC58v2_8849.t1.e1,1,4,7,4,8,18
TrSC58v2_8851.t1,1,1,8,6,0,23
TrSC58v2_8851.t1.e1,7,8,9,7,11,28
TrSC58v2_8853.t1,1,1,2,5,2,12
TrSC58v2_8853.t1.e1,2,1,5,6,11,15
TrSC58v2_8852.t1,13,4,11,35,17,70
TrSC58v2_8852.t1.e1,15,5,12,50,22,78
TrSC58v2_8854.t1,3,15,30,26,23,75
TrSC58v2_8854.t1.e1,5,18,34,29,27,84
TrSC58v2_8859.t1.e1,4,0,5,24,7,57
TrSC58v2_8859.t1,3,0,4,21,5,4
TrSC58v2_8860.t1.e1,14,12,47,34,45,136
TrSC58v2_8860.t1,12,9,42,29,0,112
MSTRG.8677.1,5,0,4,4,0,40
TrSC58v2_8861.t1.e1,1,5,0,2,0,1
TrSC58v2_8861.t1,1,1,0,0,0,1
TrSC58v2_8862.t1.e1,3,4,30,38,8,30
TrSC58v2_8862.t1,0,0,2,3,1,24
TrSC58v2_8863.t1.e1,5,0,12,9,16,59
TrSC58v2_8863.t1,4,0,8,8,13,51
TrSC58v2_8864.t1.e1,6,3,9,2,6,7
TrSC58v2_8864.t1,0,3,1,2,1,6
TrSC58v2_8867.t1,0,11,10,13,8,63
TrSC58v2_8867.t1.e1,9,13,11,16,12,71
TrSC58v2_8868.t1,1,1,0,2,9,2
TrSC58v2_8868.t1.e1,1,7,0,8,2,2
TrSC58v2_8869.t1,4,3,0,8,0,42
TrSC58v2_8869.t1.e1,6,4,10,10,16,48
TrSC58v2_8870.t1,6,6,14,20,4,22
TrSC58v2_8870.t1.e1,9,9,17,23,5,26
TrSC58v2_8871.t1,0,0,10,3,0,12
TrSC58v2_8871.t1.e1,2,0,11,3,2,14
MSTRG.8687.3,23,0,0,0,0,23
TrSC58v2_8874.t1,3,11,11,22,6,60
TrSC58v2_8874.t1.e1,4,15,13,30,8,72
MSTRG.8688.1,8,14,16,89,18,227
TrSC58v2_8872.t1,10,6,13,1,13,37
TrSC58v2_8872.t1.e1,14,7,16,1,15,41
TrSC58v2_8883.t1.e1,2,0,0,3,6,4
TrSC58v2_8883.t1,1,0,0,3,6,3
TrSC58v2_8878.t1,10,0,15,11,7,38
TrSC58v2_8878.t1.e1,11,8,17,12,8,40
TrSC58v2_8884.t1.e1,16,8,8,6,19,25
TrSC58v2_8884.t1,11,0,7,2,17,21
TrSC58v2_8885.t1.e1,12,12,22,8,21,28
TrSC58v2_8885.t1,9,0,18,7,17,24
TrSC58v2_8886.t1.e1,2,3,2,3,1,20
TrSC58v2_8886.t1,1,2,1,1,1,19
TrSC58v2_8875.t1,2,0,2,2,9,17
MSTRG.8691.1,54,0,162,147,0,558
TrSC58v2_8875.t1.e1,1,6,1,1,8,2
TrSC58v2_8876.t1,1,37,7,4,33,40
TrSC58v2_8876.t1.e1,1,27,6,5,24,29
TrSC58v2_8877.t1,6,14,9,12,33,9
TrSC58v2_8877.t1.e1,7,15,10,10,41,9
TrSC58v2_8887.t1.e1,16,12,23,46,39,95
TrSC58v2_8887.t1,13,9,18,38,33,87
TrSC58v2_8888.t1.e1,5,4,8,10,10,11
TrSC58v2_8888.t1,4,0,2,10,2,10
TrSC58v2_8889.t1.e1,5,3,2,3,12,22
TrSC58v2_8889.t1,4,2,1,0,1,2
TrSC58v2_8891.t1.e1,5,6,3,28,6,40
TrSC58v2_8891.t1,4,0,3,25,5,36
TrSC58v2_8890.t1.e1,7,5,19,25,15,53
TrSC58v2_8890.t1,5,4,15,24,13,43
MSTRG.8703.1,13,19,21,31,32,81
TrSC58v2_8892.t1.e1,2,6,1,3,2,8
TrSC58v2_8892.t1,0,0,1,0,1,7
TrSC58v2_8896.t1.e1,3,15,3,15,16,33
TrSC58v2_8896.t1,0,2,0,14,8,31
TrSC58v2_8895.t1.e1,15,10,33,29,12,57
TrSC58v2_8895.t1,13,8,6,23,14,49
MSTRG.8706.1,14,27,41,91,90,180
TrSC58v2_8893.t1.e1,14,2,1,1,1,12
TrSC58v2_8893.t1,2,0,1,1,1,15
TrSC58v2_8894.t1,39,7,10,18,14,79
TrSC58v2_8894.t1.e1,12,10,22,37,15,52
MSTRG.8706.4,8,4,4,20,22,31
TrSC58v2_8903.t1.e1,4,4,22,13,15,23
TrSC58v2_8903.t1,4,3,16,11,14,20
TrSC58v2_8905.t1.e1,15,4,16,11,45,53
TrSC58v2_8905.t1,3,0,15,10,2,45
TrSC58v2_8906.t1.e1,3,11,2,17,6,35
TrSC58v2_8906.t1,0,3,0,16,5,30
TrSC58v2_8897.t1.e1,3,15,27,83,17,122
TrSC58v2_8897.t1,2,12,0,4,15,8
TrSC58v2_8898.t1.e1,3,3,1,0,4,10
TrSC58v2_8898.t1,1,2,1,0,0,10
TrSC58v2_8899.t1.e1,9,18,42,48,33,169
TrSC58v2_8899.t1,8,15,37,46,31,142
TrSC58v2_8900.t1.e1,5,5,6,16,11,19
TrSC58v2_8900.t1,4,4,4,0,10,17
TrSC58v2_8901.t1.e1,12,7,10,20,10,55
TrSC58v2_8901.t1,11,5,7,17,8,41
TrSC58v2_8902.t1.e1,19,19,29,57,30,101
TrSC58v2_8902.t1,14,13,22,52,28,77
TrSC58v2_8907.t1.e1,6,7,5,22,3,53
TrSC58v2_8907.t1,1,5,1,18,1,49
TrSC58v2_8908.t1.e1,4,3,14,18,10,32
TrSC58v2_8908.t1,0,0,1,3,8,24
TrSC58v2_8909.t1.e1,3,4,1,11,2,15
TrSC58v2_8909.t1,1,0,1,2,2,12
TrSC58v2_8910.t1.e1,3,5,2,5,0,9
TrSC58v2_8910.t1,1,1,1,1,0,8
TrSC58v2_8914.t1.e1,1,0,4,0,1,5
TrSC58v2_8914.t1,1,0,0,0,1,4
TrSC58v2_8915.t1.e1,15,34,16,27,13,57
TrSC58v2_8915.t1,2,1,12,24,9,52
TrSC58v2_8919.t1,5,12,12,21,14,83
TrSC58v2_8919.t1.e1,25,30,13,26,18,95
TrSC58v2_8924.t1,1,0,0,0,0,3
TrSC58v2_8924.t1.e1,1,1,1,2,2,4
TrSC58v2_8925.t1,6,0,6,10,0,36
TrSC58v2_8925.t1.e1,6,4,7,11,15,38
MSTRG.8730.1,18,19,34,33,36,189
TrSC58v2_8920.t1,3,2,6,10,5,9
TrSC58v2_8920.t1.e1,3,3,5,12,6,14
TrSC58v2_8921.t1,2,2,7,3,0,17
TrSC58v2_8921.t1.e1,3,2,9,4,9,23
TrSC58v2_8922.t1,2,4,3,6,8,29
TrSC58v2_8922.t1.e1,4,8,3,18,8,29
TrSC58v2_8927.t1,1,8,4,6,4,30
TrSC58v2_8927.t1.e1,3,9,5,9,5,35
TrSC58v2_8926.t1,14,17,42,59,27,130
TrSC58v2_8926.t1.e1,19,22,50,68,30,138
TrSC58v2_8928.t1,0,3,0,7,0,2
TrSC58v2_8928.t1.e1,4,4,12,8,15,51
TrSC58v2_8930.t1,13,5,1,29,2,55
TrSC58v2_8930.t1.e1,16,5,29,32,13,64
TrSC58v2_8931.t1,2,2,4,15,1,46
TrSC58v2_8931.t1.e1,10,9,17,17,5,51
TrSC58v2_8942.t1,1,0,2,2,1,6
TrSC58v2_8942.t1.e1,1,3,4,6,2,5
TrSC58v2_8943.t1,6,0,12,13,8,68
TrSC58v2_8943.t1.e1,7,12,14,16,9,73
TrSC58v2_8944.t1,0,12,5,3,4,15
TrSC58v2_8944.t1.e1,4,14,6,28,5,18
TrSC58v2_8945.t1,5,4,5,0,0,26
TrSC58v2_8945.t1.e1,6,5,6,15,0,31
TrSC58v2_8933.t1,16,18,32,52,31,138
TrSC58v2_8933.t1.e1,20,19,36,55,35,162
TrSC58v2_8934.t1,0,3,8,4,0,35
TrSC58v2_8934.t1.e1,7,4,11,5,0,37
TrSC58v2_8935.t1,2,6,25,10,10,64
TrSC58v2_8935.t1.e1,3,7,27,12,13,72
TrSC58v2_8936.t1,2,6,33,15,24,74
TrSC58v2_8936.t1.e1,2,6,37,18,27,83
TrSC58v2_8937.t1,1,1,2,1,3,15
TrSC58v2_8937.t1.e1,3,6,8,7,9,17
TrSC58v2_8938.t1,15,10,14,28,20,125
TrSC58v2_8938.t1.e1,16,13,16,33,27,142
TrSC58v2_8939.t1,0,0,1,13,0,58
TrSC58v2_8939.t1.e1,8,7,27,14,20,65
TrSC58v2_8940.t1,1,4,2,26,17,61
TrSC58v2_8940.t1.e1,17,33,31,30,20,71
TrSC58v2_8964.t1.e1,2,0,0,0,2,2
TrSC58v2_8964.t1,0,0,0,0,1,0
TrSC58v2_8965.t1,11,16,22,58,36,142
TrSC58v2_8965.t1.e1,10,15,21,56,35,141
TrSC58v2_8966.t1,16,14,25,45,41,124
TrSC58v2_8966.t1.e1,14,13,27,46,43,125
MSTRG.8778.1,27,36,53,112,68,262
TrSC58v2_8969.t1,0,1,1,2,1,37
TrSC58v2_8969.t1.e1,15,7,16,48,14,42
TrSC58v2_8970.t1,2,13,19,24,11,60
TrSC58v2_8970.t1.e1,13,17,22,32,12,62
TrSC58v2_8950.t1,0,0,1,0,0,1
TrSC58v2_8950.t1.e1,0,0,2,2,0,7
TrSC58v2_8961.t1,0,0,0,11,7,0
TrSC58v2_8961.t1.e1,0,0,10,14,8,27
TrSC58v2_8962.t1,0,0,0,0,1,0
TrSC58v2_8962.t1.e1,0,0,0,0,1,0
TrSC58v2_8963.t1,0,0,0,3,0,12
TrSC58v2_8963.t1.e1,0,0,10,11,6,18
TrSC58v2_8946.t1,7,4,4,1,1,17
TrSC58v2_8946.t1.e1,8,4,5,11,3,20
TrSC58v2_8947.t1,12,7,1,0,5,1
TrSC58v2_8947.t1.e1,16,9,12,6,6,34
TrSC58v2_8948.t1,10,1,26,44,26,102
TrSC58v2_8948.t1.e1,13,30,29,49,32,111
TrSC58v2_8949.t1,0,0,3,9,1,22
TrSC58v2_8949.t1.e1,4,6,3,10,4,25
TrSC58v2_8951.t1,0,0,7,7,11,35
TrSC58v2_8951.t1.e1,4,4,8,10,13,40
TrSC58v2_8952.t1,6,0,14,19,6,48
TrSC58v2_8952.t1.e1,8,8,16,23,6,54
TrSC58v2_8953.t1,4,5,22,20,17,50
TrSC58v2_8953.t1.e1,6,5,25,21,18,57
TrSC58v2_8954.t1,6,0,1,7,2,20
TrSC58v2_8954.t1.e1,7,19,3,8,3,24
TrSC58v2_8955.t1,1,0,6,3,0,7
TrSC58v2_8955.t1.e1,2,2,7,6,4,7
TrSC58v2_8956.t1,1,5,3,1,3,18
TrSC58v2_8956.t1.e1,2,6,3,12,5,19
TrSC58v2_8957.t1,4,1,8,7,0,34
TrSC58v2_8957.t1.e1,4,9,11,8,3,42
TrSC58v2_8958.t1,7,9,10,21,16,2
TrSC58v2_8958.t1.e1,12,12,13,26,23,64
TrSC58v2_8959.t1,6,7,8,8,2,10
TrSC58v2_8959.t1.e1,8,8,8,9,6,10
TrSC58v2_8960.t1,0,0,8,15,10,44
TrSC58v2_8960.t1.e1,3,0,8,17,15,38
TrSC58v2_8977.t1,7,11,8,17,4,52
TrSC58v2_8977.t1.e1,9,14,11,21,5,79
TrSC58v2_8972.t1,0,0,0,9,1,14
TrSC58v2_8972.t1.e1,0,0,7,11,11,15
TrSC58v2_8971.t1,1,1,0,0,0,0
TrSC58v2_8971.t1.e1,1,4,0,3,0,7
TrSC58v2_8973.t1,1,0,22,18,3,57
TrSC58v2_8973.t1.e1,2,8,23,18,14,65
TrSC58v2_8974.t1,1,0,1,5,3,7
TrSC58v2_8974.t1.e1,1,0,2,6,5,17
TrSC58v2_8975.t1,0,5,1,5,1,13
TrSC58v2_8975.t1.e1,10,1,10,5,5,14
TrSC58v2_8976.t1,4,10,9,58,21,104
TrSC58v2_8976.t1.e1,5,13,102,63,26,119
TrSC58v2_8979.t1,5,0,30,38,22,130
TrSC58v2_8979.t1.e1,7,18,32,44,24,134
MSTRG.8789.1,43,100,220,217,81,633
TrSC58v2_8981.t1,0,3,1,2,0,15
TrSC58v2_8981.t1.e1,3,3,10,7,8,17
TrSC58v2_8980.t1,7,10,31,24,32,101
TrSC58v2_8980.t1.e1,9,13,34,30,37,106
TrSC58v2_8982.t1,5,0,3,17,11,138
TrSC58v2_8982.t1.e1,28,4,21,18,12,21
TrSC58v2_8983.t1,3,0,10,10,13,49
TrSC58v2_8983.t1.e1,4,11,11,13,17,57
TrSC58v2_8989.t1,1,1,2,8,1,9
TrSC58v2_8989.t1.e1,7,1,7,9,3,10
TrSC58v2_8986.t1,12,7,29,23,22,91
TrSC58v2_8986.t1.e1,15,8,38,29,27,106
TrSC58v2_8990.t1,0,5,12,9,7,58
TrSC58v2_8990.t1.e1,4,6,14,10,10,68
TrSC58v2_8991.t1,0,2,9,11,1,28
TrSC58v2_8991.t1.e1,3,3,10,13,20,35
TrSC58v2_8988.t1,7,14,14,37,20,106
TrSC58v2_8988.t1.e1,9,16,18,41,39,117
TrSC58v2_8993.t1,1,5,6,13,3,38
TrSC58v2_8993.t1.e1,2,5,7,14,6,43
TrSC58v2_8984.t1,9,15,26,51,21,1
TrSC58v2_8984.t1.e1,11,16,35,56,24,175
TrSC58v2_8996.t1,0,0,3,12,10,50
TrSC58v2_8996.t1.e1,7,8,18,15,14,55
TrSC58v2_8997.t1,1,0,2,4,4,19
TrSC58v2_8997.t1.e1,4,3,6,5,5,20
TrSC58v2_8998.t1,1,6,6,9,8,49
TrSC58v2_8998.t1.e1,8,7,17,9,9,53
TrSC58v2_8995.t1,11,12,52,47,55,169
TrSC58v2_8995.t1.e1,14,14,58,50,57,181
TrSC58v2_8994.t1,33,34,68,94,74,227
TrSC58v2_8994.t1.e1,40,38,73,98,85,252
TrSC58v2_9033.t1,1,0,12,13,11,36
TrSC58v2_9033.t1.e1,2,14,13,15,15,38
TrSC58v2_9038.t1,8,7,1,11,7,66
TrSC58v2_9038.t1.e1,10,9,53,15,9,80
TrSC58v2_9041.t1.e1,10,4,14,22,7,52
TrSC58v2_9041.t1,8,0,11,14,6,47
TrSC58v2_9034.t1,0,8,12,17,12,41
TrSC58v2_9034.t1.e1,0,12,15,21,14,46
TrSC58v2_9035.t1,7,0,7,21,5,34
TrSC58v2_9035.t1.e1,10,6,11,20,8,40
TrSC58v2_9036.t1,5,3,9,6,9,34
TrSC58v2_9036.t1.e1,6,3,11,8,10,37
TrSC58v2_9037.t1,8,0,8,16,8,4
TrSC58v2_9037.t1.e1,10,11,9,23,11,83
TrSC58v2_9043.t1.e1,39,45,106,105,90,286
TrSC58v2_9043.t1,29,1,74,70,68,175
TrSC58v2_9044.t1.e1,2,3,3,6,7,16
TrSC58v2_9044.t1,1,3,2,5,7,14
TrSC58v2_9060.t1.e1,1,0,6,5,6,11
TrSC58v2_9060.t1,1,0,5,4,2,12
TrSC58v2_9061.t1.e1,12,20,36,35,22,123
TrSC58v2_9061.t1,10,17,31,33,19,101
TrSC58v2_9062.t1.e1,4,4,4,9,6,23
TrSC58v2_9062.t1,0,3,3,7,5,22
TrSC58v2_9063.t1.e1,3,2,1,6,6,25
TrSC58v2_9063.t1,0,1,1,5,5,23
TrSC58v2_9064.t1.e1,7,2,6,9,0,25
TrSC58v2_9064.t1,6,1,5,8,0,22
TrSC58v2_9065.t1.e1,8,11,43,30,6,93
TrSC58v2_9065.t1,7,9,2,24,5,75
TrSC58v2_9049.t1,0,0,11,4,0,21
TrSC58v2_9049.t1.e1,0,7,13,21,12,22
MSTRG.8858.1,0,13,16,26,14,71
TrSC58v2_9054.t1,0,0,6,9,6,27
TrSC58v2_9054.t1.e1,0,12,7,11,8,32
MSTRG.8861.1,0,0,13,0,0,62
TrSC58v2_9055.t1,0,0,2,0,0,8
TrSC58v2_9055.t1.e1,0,0,2,25,9,7
TrSC58v2_9046.t1.e1,6,5,3,5,5,35
TrSC58v2_9046.t1,3,3,0,4,4,32
TrSC58v2_9047.t1.e1,3,3,7,7,7,16
TrSC58v2_9047.t1,1,1,5,5,6,12
TrSC58v2_9048.t1.e1,5,0,5,8,13,23
TrSC58v2_9048.t1,4,0,0,6,0,21
TrSC58v2_9050.t1.e1,9,37,28,45,19,86
TrSC58v2_9050.t1,7,2,24,38,16,83
TrSC58v2_9051.t1.e1,6,9,11,29,10,39
TrSC58v2_9051.t1,5,8,10,25,1,35
TrSC58v2_9052.t1.e1,14,1,20,29,9,99
TrSC58v2_9052.t1,11,1,18,27,9,93
TrSC58v2_9053.t1.e1,11,17,26,40,14,70
TrSC58v2_9053.t1,9,15,23,3,13,64
TrSC58v2_9056.t1.e1,3,11,13,24,3,44
TrSC58v2_9056.t1,0,10,1,1,4,40
TrSC58v2_9057.t1.e1,17,18,10,11,2,103
TrSC58v2_9057.t1,0,0,9,9,2,3
TrSC58v2_9058.t1.e1,8,5,11,8,0,35
TrSC58v2_9058.t1,7,0,0,0,0,29
TrSC58v2_9059.t1.e1,8,4,5,17,4,18
TrSC58v2_9059.t1,1,1,1,16,0,19
TrSC58v2_9003.t1.e1,0,0,0,0,0,1
TrSC58v2_9003.t1,0,0,0,0,0,1
TrSC58v2_9005.t1,0,0,1,5,1,1
TrSC58v2_9005.t1.e1,0,0,1,6,9,6
TrSC58v2_9006.t1,0,0,1,1,0,12
TrSC58v2_9006.t1.e1,0,0,1,1,7,15
TrSC58v2_9016.t1,0,3,0,0,5,6
TrSC58v2_9016.t1.e1,0,3,0,0,6,6
MSTRG.8827.1,0,31,50,47,37,163
MSTRG.8828.1,0,13,8,34,26,141
TrSC58v2_9020.t1,0,1,1,1,1,1
TrSC58v2_9020.t1.e1,0,1,1,1,1,1
TrSC58v2_9000.t1,35,16,29,45,27,139
TrSC58v2_9000.t1.e1,33,22,27,45,25,124
TrSC58v2_9001.t1,14,9,16,27,12,51
TrSC58v2_9001.t1.e1,15,8,13,29,11,52
TrSC58v2_9002.t1,25,47,55,107,51,256
TrSC58v2_9002.t1.e1,22,46,61,97,65,221
TrSC58v2_9004.t1.e1,3,9,23,18,8,33
TrSC58v2_9004.t1,0,0,0,17,7,26
TrSC58v2_9007.t1.e1,13,7,6,25,6,26
TrSC58v2_9007.t1,0,1,5,20,5,23
TrSC58v2_9008.t1.e1,3,7,4,10,15,33
TrSC58v2_9008.t1,2,6,1,9,1,3
TrSC58v2_9009.t1.e1,14,23,17,33,10,88
TrSC58v2_9009.t1,11,19,12,26,9,75
TrSC58v2_9010.t1.e1,6,9,11,6,2,29
TrSC58v2_9010.t1,6,1,2,5,2,26
TrSC58v2_9011.t1.e1,8,12,8,18,15,70
TrSC58v2_9011.t1,0,2,0,16,5,67
TrSC58v2_9012.t1.e1,12,14,4,22,16,97
TrSC58v2_9012.t1,10,0,1,18,12,2
TrSC58v2_9013.t1.e1,14,0,5,4,1,30
TrSC58v2_9013.t1,0,0,4,3,1,28
TrSC58v2_9014.t1.e1,6,15,21,29,25,181
TrSC58v2_9014.t1,5,12,18,23,22,26
TrSC58v2_9015.t1.e1,29,9,33,65,42,142
TrSC58v2_9015.t1,17,8,29,52,2,134
TrSC58v2_9019.t1.e1,21,3,10,12,6,14
TrSC58v2_9019.t1,1,3,8,6,5,12
TrSC58v2_9021.t1.e1,14,9,17,13,17,11
TrSC58v2_9021.t1,4,1,2,4,4,14
TrSC58v2_9022.t1.e1,8,0,8,14,2,33
TrSC58v2_9022.t1,0,0,0,1,1,2
TrSC58v2_9023.t1.e1,19,4,34,29,13,183
TrSC58v2_9023.t1,0,0,23,24,13,4
TrSC58v2_9024.t1.e1,10,11,15,35,31,59
TrSC58v2_9024.t1,10,10,13,22,27,41
MSTRG.8831.2,18,0,63,100,0,265
MSTRG.8832.1,45,58,64,98,83,271
TrSC58v2_9025.t1.e1,25,33,20,56,45,228
TrSC58v2_9025.t1,21,27,16,46,0,195
TrSC58v2_9029.t1.e1,27,24,12,27,105,80
TrSC58v2_9029.t1,7,10,11,14,4,38
TrSC58v2_9030.t1.e1,15,5,24,34,15,80
TrSC58v2_9030.t1,14,4,20,27,14,71
TrSC58v2_9031.t1.e1,11,17,23,45,30,104
TrSC58v2_9031.t1,8,14,15,40,20,99
TrSC58v2_9032.t1.e1,10,9,17,37,23,77
TrSC58v2_9032.t1,1,8,15,13,0,62
MSTRG.8836.1,2,0,3,16,4,33
TrSC58v2_9067.t1.e1,15,9,13,32,18,92
TrSC58v2_9067.t1,0,8,12,26,15,82
MSTRG.8872.2,0,0,6,10,0,57
TrSC58v2_9066.t1.e1,12,14,7,9,29,23
TrSC58v2_9066.t1,8,9,24,33,24,92
TrSC58v2_9068.t1,2,3,5,1,3,21
TrSC58v2_9068.t1.e1,2,2,5,1,4,20
TrSC58v2_9069.t1,2,7,7,7,0,18
TrSC58v2_9069.t1.e1,1,6,7,6,0,18
TrSC58v2_9112.t1,1,1,2,4,1,4
TrSC58v2_9112.t1.e1,1,1,3,9,2,13
TrSC58v2_9113.t1,1,0,1,0,2,1
TrSC58v2_9113.t1.e1,1,2,2,0,5,3
TrSC58v2_9114.t1,42,26,45,115,48,118
TrSC58v2_9114.t1.e1,38,33,44,127,65,325
TrSC58v2_9135.t1,2,0,0,1,1,4
TrSC58v2_9135.t1.e1,2,0,0,1,2,5
TrSC58v2_9143.t1.e1,8,4,40,18,2,43
TrSC58v2_9143.t1,7,0,0,15,3,47
TrSC58v2_9147.t1.e1,3,4,6,0,2,6
TrSC58v2_9147.t1,1,1,5,0,2,6
TrSC58v2_9148.t1.e1,7,5,16,22,6,42
TrSC58v2_9148.t1,0,4,0,20,2,35
MSTRG.8948.1,0,69,106,0,68,330
TrSC58v2_9144.t1.e1,16,1,1,18,1,7
TrSC58v2_9144.t1,6,1,1,0,1,14
TrSC58v2_9145.t1.e1,18,6,21,127,53,165
TrSC58v2_9145.t1,11,7,28,74,6,17
TrSC58v2_9149.t1.e1,2,4,33,15,25,33
TrSC58v2_9149.t1,2,4,2,11,4,31
TrSC58v2_9150.t1.e1,2,4,15,11,6,35
TrSC58v2_9150.t1,1,3,13,11,5,31
TrSC58v2_9151.t1.e1,2,0,14,20,0,27
TrSC58v2_9151.t1,1,0,12,2,0,23
TrSC58v2_9153.t1.e1,4,3,25,4,3,28
TrSC58v2_9153.t1,3,3,3,0,2,23
TrSC58v2_9152.t1.e1,6,8,7,11,32,12
TrSC58v2_9152.t1,5,0,5,9,3,8
TrSC58v2_9154.t1.e1,4,9,15,6,5,44
TrSC58v2_9154.t1,0,8,2,5,4,36
TrSC58v2_9118.t1,0,0,0,1,3,4
TrSC58v2_9118.t1.e1,0,8,0,10,4,45
TrSC58v2_9123.t1.e1,0,0,0,0,0,0
TrSC58v2_9123.t1,0,0,0,0,0,0
TrSC58v2_9126.t1,0,2,0,0,4,19
TrSC58v2_9126.t1.e1,0,2,3,8,5,23
TrSC58v2_9127.t1,0,0,2,6,1,4
TrSC58v2_9127.t1.e1,0,0,3,6,2,6
TrSC58v2_9128.t1,0,0,0,0,0,3
TrSC58v2_9128.t1.e1,0,0,0,0,4,3
TrSC58v2_9116.t1,0,0,0,2,1,26
TrSC58v2_9116.t1.e1,5,4,4,21,11,30
TrSC58v2_9117.t1,1,0,2,247,63,190
TrSC58v2_9117.t1.e1,36,35,79,27,77,239
TrSC58v2_9119.t1,0,0,5,0,1,2
TrSC58v2_9119.t1.e1,11,0,7,14,8,18
TrSC58v2_9120.t1,7,1,0,1,1,61
TrSC58v2_9120.t1.e1,8,15,12,14,14,75
TrSC58v2_9121.t1,9,6,26,27,25,52
TrSC58v2_9121.t1.e1,11,7,28,28,27,55
TrSC58v2_9122.t1,0,0,1,9,8,50
TrSC58v2_9122.t1.e1,4,3,8,10,11,62
MSTRG.8931.1,7,15,49,53,31,127
TrSC58v2_9124.t1.e1,2,0,0,0,3,0
TrSC58v2_9124.t1,1,0,0,0,1,0
TrSC58v2_9125.t1.e1,6,5,15,31,23,66
TrSC58v2_9125.t1,4,5,11,26,20,48
MSTRG.8937.1,4,3,4,9,12,94
TrSC58v2_9129.t1.e1,6,4,4,6,8,22
TrSC58v2_9129.t1,4,3,3,5,1,20
MSTRG.8940.1,43,10,123,262,60,457
TrSC58v2_9130.t1.e1,10,44,8,8,13,57
TrSC58v2_9130.t1,8,2,3,10,16,51
TrSC58v2_9131.t1.e1,23,24,34,117,26,119
TrSC58v2_9131.t1,15,21,29,0,21,102
TrSC58v2_9132.t1.e1,15,6,19,43,17,75
TrSC58v2_9132.t1,13,4,15,39,1,64
MSTRG.8940.3,5,17,10,5,0,63
TrSC58v2_9133.t1.e1,1,1,1,1,8,16
TrSC58v2_9133.t1,0,1,2,1,1,5
TrSC58v2_9134.t1,22,13,59,88,65,23
TrSC58v2_9134.t1.e1,23,34,36,106,20,444
MSTRG.8879.2,0,11,15,12,5,69
TrSC58v2_9072.t1,0,0,1,1,4,17
TrSC58v2_9072.t1.e1,0,0,3,1,4,18
MSTRG.8879.3,0,0,9,9,0,129
TrSC58v2_9075.t1,0,5,0,6,1,16
TrSC58v2_9075.t1.e1,0,7,14,7,11,18
TrSC58v2_9077.t1,0,0,5,4,5,0
TrSC58v2_9077.t1.e1,0,0,7,6,8,16
TrSC58v2_9091.t1,0,1,1,8,2,19
TrSC58v2_9091.t1.e1,0,7,15,10,10,20
TrSC58v2_9094.t1,0,0,2,0,1,7
TrSC58v2_9094.t1.e1,0,0,1,0,8,6
TrSC58v2_9106.t1,0,7,9,11,2,35
TrSC58v2_9106.t1.e1,0,10,10,14,7,41
TrSC58v2_9110.t1,0,0,3,10,0,29
TrSC58v2_9110.t1.e1,0,15,19,11,4,37
TrSC58v2_9111.t1,0,1,2,5,7,9
TrSC58v2_9111.t1.e1,0,1,3,6,7,10
TrSC58v2_9070.t1,0,0,0,0,0,0
TrSC58v2_9070.t1.e1,2,12,15,14,6,55
MSTRG.8879.1,68,83,183,327,231,995
TrSC58v2_9071.t1,2,1,0,6,3,18
TrSC58v2_9071.t1.e1,6,3,2,5,3,17
MSTRG.8879.4,12,13,60,74,21,178
TrSC58v2_9073.t1,20,31,48,27,107,305
TrSC58v2_9073.t1.e1,16,22,28,22,80,311
MSTRG.8879.7,4,2,2,15,3,45
MSTRG.8879.9,5,3,21,50,21,125
MSTRG.8879.10,8,0,6,7,2,21
MSTRG.8879.8,7,22,10,114,13,142
MSTRG.8879.11,16,0,52,69,2,139
TrSC58v2_9074.t1,0,0,7,18,13,3
TrSC58v2_9074.t1.e1,7,9,8,20,16,45
TrSC58v2_9076.t1,0,1,2,1,1,10
TrSC58v2_9076.t1.e1,3,5,2,8,1,11
TrSC58v2_9078.t1,10,11,32,34,40,132
TrSC58v2_9078.t1.e1,15,13,39,36,43,145
TrSC58v2_9079.t1,10,10,22,45,2,68
TrSC58v2_9079.t1.e1,15,11,33,48,38,75
TrSC58v2_9080.t1,0,5,0,1,0,29
TrSC58v2_9080.t1.e1,5,7,19,17,12,36
TrSC58v2_9081.t1,15,17,21,27,18,143
TrSC58v2_9081.t1.e1,16,19,22,30,20,171
TrSC58v2_9082.t1,5,7,57,46,29,132
TrSC58v2_9082.t1.e1,7,10,57,55,32,162
TrSC58v2_9083.t1,0,1,5,4,7,26
TrSC58v2_9083.t1.e1,3,1,8,5,8,42
TrSC58v2_9084.t1,0,0,1,14,1,4
TrSC58v2_9084.t1.e1,8,20,23,17,29,110
TrSC58v2_9085.t1,1,24,44,91,45,260
TrSC58v2_9085.t1.e1,50,31,47,93,48,305
TrSC58v2_9086.t1,0,0,0,0,0,24
TrSC58v2_9086.t1.e1,14,8,4,4,8,27
TrSC58v2_9087.t1,5,3,11,20,15,46
TrSC58v2_9087.t1.e1,7,3,13,23,18,53
TrSC58v2_9088.t1,12,6,24,29,34,114
TrSC58v2_9088.t1.e1,15,24,30,31,45,132
TrSC58v2_9089.t1,6,7,12,14,12,45
TrSC58v2_9089.t1.e1,10,8,14,15,15,50
TrSC58v2_9090.t1,0,0,1,3,8,48
TrSC58v2_9090.t1.e1,8,11,6,16,10,51
TrSC58v2_9092.t1,5,4,5,12,4,13
TrSC58v2_9092.t1.e1,7,5,8,0,6,15
TrSC58v2_9093.t1,0,2,2,0,0,45
TrSC58v2_9093.t1.e1,4,4,6,7,0,26
TrSC58v2_9095.t1,27,29,18,40,19,133
TrSC58v2_9095.t1.e1,33,7,22,48,24,177
TrSC58v2_9096.t1,13,23,38,53,47,192
TrSC58v2_9096.t1.e1,16,25,45,61,58,241
TrSC58v2_9097.t1,1,28,37,44,33,142
TrSC58v2_9097.t1.e1,23,24,40,52,36,172
TrSC58v2_9098.t1,1,37,48,65,41,199
TrSC58v2_9098.t1.e1,52,42,58,79,51,252
TrSC58v2_9099.t1,2,38,51,72,49,207
TrSC58v2_9099.t1.e1,53,43,58,84,53,263
TrSC58v2_9100.t1,1,42,51,80,52,216
TrSC58v2_9100.t1.e1,54,48,58,93,59,269
TrSC58v2_9101.t1,0,4,0,12,0,30
TrSC58v2_9101.t1.e1,4,5,15,14,8,35
TrSC58v2_9102.t1,9,0,15,11,20,81
TrSC58v2_9102.t1.e1,9,4,17,12,22,89
TrSC58v2_9103.t1,1,2,0,5,0,12
TrSC58v2_9103.t1.e1,6,3,0,15,0,13
TrSC58v2_9104.t1,0,0,5,20,9,45
TrSC58v2_9104.t1.e1,4,0,6,23,11,53
TrSC58v2_9105.t1,1,1,0,9,0,14
TrSC58v2_9105.t1.e1,10,17,0,7,0,18
TrSC58v2_9107.t1,0,0,2,14,1,16
TrSC58v2_9107.t1.e1,11,4,6,15,11,18
TrSC58v2_9108.t1,0,3,4,0,5,0
TrSC58v2_9108.t1.e1,20,2,6,3,6,45
TrSC58v2_9109.t1,6,0,2,0,3,27
TrSC58v2_9109.t1.e1,6,0,7,0,4,30
MSTRG.8916.1,8,11,6,50,24,104
TrSC58v2_9155.t1.e1,73,40,111,135,72,341
TrSC58v2_9155.t1,58,38,106,106,59,306
TrSC58v2_9173.t1.e1,7,0,7,19,10,33
TrSC58v2_9173.t1,5,0,5,13,1,30
TrSC58v2_9159.t1,0,0,1,2,1,2
TrSC58v2_9159.t1.e1,0,2,1,3,1,4
TrSC58v2_9160.t1,0,0,0,0,0,2
TrSC58v2_9160.t1.e1,0,0,0,0,0,4
TrSC58v2_9169.t1,0,0,0,0,0,3
TrSC58v2_9169.t1.e1,0,0,0,1,0,3
TrSC58v2_9158.t1.e1,8,4,26,10,11,51
TrSC58v2_9158.t1,7,0,0,0,0,45
MSTRG.8963.1,42,10,62,69,25,232
TrSC58v2_9161.t1.e1,4,4,2,9,5,14
TrSC58v2_9161.t1,1,0,1,2,1,4
TrSC58v2_9162.t1.e1,4,4,1,6,2,12
TrSC58v2_9162.t1,1,2,0,1,0,10
TrSC58v2_9163.t1.e1,4,5,3,11,2,13
TrSC58v2_9163.t1,3,4,1,2,1,9
TrSC58v2_9164.t1.e1,6,2,10,9,2,23
TrSC58v2_9164.t1,4,1,2,1,0,18
TrSC58v2_9165.t1.e1,4,10,5,2,6,5
TrSC58v2_9165.t1,4,1,1,19,1,44
MSTRG.8969.1,6,13,21,12,12,42
TrSC58v2_9166.t1.e1,6,1,13,9,6,27
TrSC58v2_9166.t1,5,0,10,8,0,23
TrSC58v2_9167.t1.e1,2,9,7,9,4,17
TrSC58v2_9167.t1,1,3,7,1,2,16
TrSC58v2_9168.t1.e1,3,8,9,6,4,9
TrSC58v2_9168.t1,1,2,2,7,1,37
TrSC58v2_9170.t1.e1,1,4,8,11,2,24
TrSC58v2_9170.t1,1,3,4,6,2,13
TrSC58v2_9174.t1.e1,2,0,2,3,1,6
TrSC58v2_9174.t1,1,0,2,3,1,5
MSTRG.8978.1,34,21,46,45,30,141
TrSC58v2_9463.t1.e1,24,12,51,31,15,60
TrSC58v2_9463.t1,0,11,0,28,0,55
TrSC58v2_9177.t1,1,2,3,9,3,16
TrSC58v2_9177.t1.e1,3,3,6,17,9,35
TrSC58v2_9178.t1,3,1,4,8,8,14
TrSC58v2_9178.t1.e1,3,2,4,7,8,13
TrSC58v2_9179.t1,1,0,12,23,18,48
TrSC58v2_9179.t1.e1,3,23,11,19,14,40
MSTRG.8983.1,63,29,60,164,92,418
TrSC58v2_9180.t1,1,1,0,8,3,16
TrSC58v2_9180.t1.e1,1,4,2,10,4,17
TrSC58v2_9182.t1.e1,3,6,10,8,9,25
TrSC58v2_9182.t1,1,1,1,1,8,23
TrSC58v2_9181.t1,0,0,1,7,0,12
TrSC58v2_9181.t1.e1,3,0,1,9,0,16
TrSC58v2_9185.t1.e1,15,11,25,30,20,105
TrSC58v2_9185.t1,2,8,22,28,16,89
TrSC58v2_9186.t1.e1,14,9,21,21,29,97
TrSC58v2_9186.t1,0,7,19,18,1,72
TrSC58v2_9187.t1.e1,15,9,28,36,22,106
TrSC58v2_9187.t1,0,7,22,27,18,85
TrSC58v2_9194.t1.e1,15,11,27,53,24,126
TrSC58v2_9194.t1,13,8,24,43,22,119
TrSC58v2_9195.t1.e1,11,19,18,26,7,149
TrSC58v2_9195.t1,8,15,17,22,6,4
TrSC58v2_9196.t1.e1,16,18,31,83,15,77
TrSC58v2_9196.t1,12,15,27,3,11,69
TrSC58v2_9197.t1.e1,13,17,12,28,16,124
TrSC58v2_9197.t1,11,14,11,4,12,4
MSTRG.8993.2,0,0,0,16,0,117
TrSC58v2_9192.t1,0,1,4,4,13,42
TrSC58v2_9192.t1.e1,0,2,5,5,16,46
TrSC58v2_9189.t1.e1,27,25,59,107,52,126
TrSC58v2_9189.t1,18,13,10,50,35,0
TrSC58v2_9190.t1.e1,3,0,0,3,3,7
TrSC58v2_9190.t1,2,0,0,3,1,6
TrSC58v2_9191.t1.e1,3,8,14,9,16,33
TrSC58v2_9191.t1,0,0,1,0,1,28
TrSC58v2_9193.t1.e1,4,10,4,9,3,36
TrSC58v2_9193.t1,0,9,4,8,2,5
TrSC58v2_9198.t1.e1,7,4,14,8,15,55
TrSC58v2_9198.t1,6,4,11,8,2,4
TrSC58v2_9199.t1.e1,5,18,7,7,7,20
TrSC58v2_9199.t1,4,0,5,5,0,16
MSTRG.9005.1,23,16,46,104,0,225
TrSC58v2_9200.t1,1,1,0,0,6,9
TrSC58v2_9200.t1.e1,1,3,6,27,34,78
TrSC58v2_9202.t1.e1,12,7,15,24,12,99
TrSC58v2_9202.t1,8,5,14,21,9,27
TrSC58v2_9204.t1.e1,10,2,9,10,5,29
TrSC58v2_9204.t1,0,1,8,9,3,27
TrSC58v2_9203.t1.e1,7,7,7,10,14,81
TrSC58v2_9203.t1,6,5,6,9,10,3
TrSC58v2_9205.t1.e1,10,20,22,24,17,103
TrSC58v2_9205.t1,8,16,18,19,13,92
TrSC58v2_9206.t1.e1,16,7,22,38,10,62
TrSC58v2_9206.t1,14,5,1,10,7,57
TrSC58v2_9207.t1,0,1,1,0,1,2
TrSC58v2_9207.t1.e1,8,12,3,14,3,44
TrSC58v2_9208.t1,1,1,2,3,2,6
TrSC58v2_9208.t1.e1,2,1,2,3,3,7
TrSC58v2_9210.t1,0,0,1,3,0,10
TrSC58v2_9210.t1.e1,4,3,2,4,6,32
TrSC58v2_9209.t1,1,1,4,0,0,8
TrSC58v2_9209.t1.e1,11,1,4,8,10,10
TrSC58v2_9211.t1,10,0,16,34,21,84
TrSC58v2_9211.t1.e1,12,0,19,37,26,94
TrSC58v2_9226.t1,2,4,4,1,2,14
TrSC58v2_9226.t1.e1,3,5,5,10,2,17
TrSC58v2_9227.t1,0,2,6,1,0,15
TrSC58v2_9227.t1.e1,6,3,8,11,5,22
TrSC58v2_9228.t1,5,4,1,2,7,29
TrSC58v2_9228.t1.e1,6,6,16,18,8,33
TrSC58v2_9229.t1,3,1,6,10,1,16
TrSC58v2_9229.t1.e1,4,3,7,12,5,18
TrSC58v2_9230.t1,2,1,1,16,2,58
TrSC58v2_9230.t1.e1,3,18,16,19,21,67
TrSC58v2_9231.t1,5,4,9,1,2,66
TrSC58v2_9231.t1.e1,7,5,11,21,34,60
TrSC58v2_9232.t1,1,1,2,6,2,17
TrSC58v2_9232.t1.e1,2,2,6,6,4,18
MSTRG.9020.9,0,10,3,15,16,30
MSTRG.9015.1,1,8,4,12,7,39
TrSC58v2_9212.t1,6,4,4,4,4,17
TrSC58v2_9212.t1.e1,10,5,4,5,5,40
MSTRG.9020.2,70,0,5,78,75,312
MSTRG.9020.1,10,29,81,87,42,188
TrSC58v2_9213.t1,3,1,5,8,6,19
TrSC58v2_9213.t1.e1,3,4,5,10,6,21
TrSC58v2_9214.t1,1,0,3,5,6,15
TrSC58v2_9214.t1.e1,4,3,4,6,8,18
TrSC58v2_9215.t1,1,3,4,4,7,17
TrSC58v2_9215.t1.e1,10,4,5,6,8,19
TrSC58v2_9216.t1,0,0,3,4,2,10
TrSC58v2_9216.t1.e1,5,8,4,5,2,12
TrSC58v2_9217.t1,2,3,13,8,2,5
TrSC58v2_9217.t1.e1,3,4,15,2,1,4
TrSC58v2_9218.t1,1,2,0,3,2,6
TrSC58v2_9218.t1.e1,2,2,3,3,2,7
TrSC58v2_9219.t1,1,1,6,4,4,21
TrSC58v2_9219.t1.e1,11,1,2,1,1,3
TrSC58v2_9220.t1,2,1,1,1,1,4
TrSC58v2_9220.t1.e1,2,1,1,1,1,4
TrSC58v2_9221.t1,2,0,4,6,9,19
TrSC58v2_9221.t1.e1,2,3,3,5,7,17
TrSC58v2_9222.t1,2,3,3,2,4,8
TrSC58v2_9222.t1.e1,3,2,4,16,5,8
TrSC58v2_9223.t1,2,2,3,3,3,8
TrSC58v2_9223.t1.e1,2,3,2,3,2,6
TrSC58v2_9224.t1,2,1,1,1,1,1
TrSC58v2_9224.t1.e1,2,1,1,1,1,1
TrSC58v2_9225.t1,4,2,6,8,3,26
TrSC58v2_9225.t1.e1,6,2,5,8,3,26
TrSC58v2_9238.t1,0,0,2,1,1,13
TrSC58v2_9238.t1.e1,0,0,5,3,4,13
TrSC58v2_9233.t1,6,2,11,8,9,23
TrSC58v2_9233.t1.e1,7,9,2,9,10,24
TrSC58v2_9237.t1,2,3,8,10,10,48
TrSC58v2_9237.t1.e1,5,9,9,11,11,51
TrSC58v2_9239.t1,1,2,2,0,0,12
TrSC58v2_9239.t1.e1,3,5,2,3,0,13
TrSC58v2_9240.t1,1,1,6,6,2,13
TrSC58v2_9240.t1.e1,8,3,7,8,5,14
TrSC58v2_9241.t1,1,1,5,4,3,10
TrSC58v2_9241.t1.e1,7,8,6,5,3,11
TrSC58v2_9244.t1,15,14,57,51,36,176
TrSC58v2_9244.t1.e1,15,15,48,45,32,144
TrSC58v2_9245.t1,6,8,14,19,13,38
TrSC58v2_9245.t1.e1,5,7,12,22,16,39
TrSC58v2_9246.t1,10,6,15,10,19,44
TrSC58v2_9246.t1.e1,9,6,3,8,17,39
TrSC58v2_9247.t1,19,9,35,1,1,82
TrSC58v2_9247.t1.e1,21,14,39,39,30,89
TrSC58v2_9248.t1,18,7,1,2,13,98
TrSC58v2_9248.t1.e1,21,15,64,90,16,107
TrSC58v2_9249.t1,14,9,18,38,6,73
TrSC58v2_9249.t1.e1,16,11,20,42,8,78
TrSC58v2_9250.t1,2,2,8,4,2,61
TrSC58v2_9250.t1.e1,12,21,9,19,7,68
TrSC58v2_9253.t1,4,6,6,1,4,32
TrSC58v2_9253.t1.e1,6,8,8,27,5,38
TrSC58v2_9254.t1,5,4,1,9,7,27
TrSC58v2_9254.t1.e1,6,6,16,11,8,31
TrSC58v2_9255.t1,3,1,7,12,4,18
TrSC58v2_9255.t1.e1,4,3,8,14,4,20
TrSC58v2_9257.t1,2,0,0,14,0,61
TrSC58v2_9257.t1.e1,2,21,20,17,21,80
TrSC58v2_9258.t1,1,0,1,8,1,33
TrSC58v2_9258.t1.e1,3,6,7,10,22,29
TrSC58v2_9265.t1,1,8,13,7,6,53
TrSC58v2_9265.t1.e1,1,9,14,7,7,57
TrSC58v2_9264.t1,3,1,0,5,4,26
TrSC58v2_9264.t1.e1,4,2,3,6,5,33
TrSC58v2_9266.t1,0,7,17,23,17,80
TrSC58v2_9266.t1.e1,20,10,19,27,21,100
TrSC58v2_9267.t1,0,0,3,0,0,26
TrSC58v2_9267.t1.e1,3,4,8,4,3,30
TrSC58v2_9251.t1,0,0,1,0,4,28
TrSC58v2_9251.t1.e1,4,3,18,15,16,34
MSTRG.9048.1,72,58,187,92,71,215
TrSC58v2_9252.t1,80,39,134,99,112,462
MSTRG.9048.2,23,60,33,420,46,143
TrSC58v2_9252.t1.e1,95,44,136,156,130,754
TrSC58v2_9268.t1,10,2,21,48,26,91
TrSC58v2_9268.t1.e1,11,8,26,52,31,104
TrSC58v2_9269.t1,8,9,22,21,21,66
TrSC58v2_9269.t1.e1,11,13,27,30,25,76
TrSC58v2_9270.t1,6,4,8,17,15,49
TrSC58v2_9270.t1.e1,7,5,10,19,18,55
TrSC58v2_9271.t1,0,0,7,0,6,26
TrSC58v2_9271.t1.e1,4,3,8,26,7,27
TrSC58v2_9273.t1,1,0,0,0,2,4
TrSC58v2_9273.t1.e1,2,0,0,5,3,6
TrSC58v2_9276.t1.e1,1,0,3,0,1,2
TrSC58v2_9276.t1,1,0,3,0,1,2
TrSC58v2_9274.t1,9,0,1,3,1,2
TrSC58v2_9274.t1.e1,24,14,12,4,1,77
TrSC58v2_9284.t1.e1,1,0,1,2,0,3
TrSC58v2_9284.t1,1,0,1,1,0,2
TrSC58v2_9285.t1.e1,3,6,3,2,1,16
TrSC58v2_9285.t1,1,5,2,0,1,15
TrSC58v2_9290.t1,0,0,1,1,0,5
TrSC58v2_9290.t1.e1,9,0,1,13,4,38
TrSC58v2_9289.t1,7,0,5,7,3,27
TrSC58v2_9289.t1.e1,9,4,7,10,4,39
TrSC58v2_9291.t1,0,0,3,12,0,9
TrSC58v2_9291.t1.e1,3,13,5,13,8,36
TrSC58v2_9292.t1,1,5,14,6,8,40
TrSC58v2_9292.t1.e1,7,5,15,7,11,43
TrSC58v2_9295.t1,0,5,6,16,7,43
TrSC58v2_9295.t1.e1,8,6,7,18,8,47
TrSC58v2_9296.t1,8,0,1,32,2,55
TrSC58v2_9296.t1.e1,12,4,30,36,53,62
TrSC58v2_9294.t1,9,9,4,2,21,68
TrSC58v2_9294.t1.e1,11,12,6,43,24,79
TrSC58v2_9300.t1,0,1,0,2,0,0
TrSC58v2_9300.t1.e1,2,2,11,3,0,3
TrSC58v2_9318.t1,0,1,1,4,1,20
TrSC58v2_9318.t1.e1,2,1,7,5,1,24
TrSC58v2_9317.t1,7,13,7,1,8,2
TrSC58v2_9317.t1.e1,9,15,9,31,20,76
TrSC58v2_9319.t1,4,3,8,15,6,17
TrSC58v2_9319.t1.e1,5,4,12,19,8,21
TrSC58v2_9320.t1,9,0,15,27,18,66
TrSC58v2_9320.t1.e1,12,0,19,31,20,82
TrSC58v2_9321.t1,0,2,2,8,0,8
TrSC58v2_9321.t1.e1,8,8,3,9,0,9
TrSC58v2_9322.t1,0,1,36,13,7,37
TrSC58v2_9322.t1.e1,3,10,37,16,10,43
TrSC58v2_9325.t1,0,0,3,13,2,22
TrSC58v2_9325.t1.e1,7,4,7,14,11,25
TrSC58v2_9324.t1,0,3,13,9,0,23
TrSC58v2_9324.t1.e1,15,5,16,11,18,33
TrSC58v2_9326.t1,5,0,0,3,1,15
TrSC58v2_9326.t1.e1,6,4,4,4,6,16
TrSC58v2_9327.t1,2,5,3,4,0,3
TrSC58v2_9327.t1.e1,3,6,4,5,12,18
TrSC58v2_9328.t1,10,9,11,13,7,48
TrSC58v2_9328.t1.e1,13,9,15,15,10,56
TrSC58v2_9329.t1,4,2,25,17,22,82
TrSC58v2_9329.t1.e1,4,15,27,20,25,86
TrSC58v2_9330.t1,0,2,0,3,3,11
TrSC58v2_9330.t1.e1,2,2,6,4,4,12
TrSC58v2_9333.t1,1,0,2,3,0,5
TrSC58v2_9333.t1.e1,2,2,5,4,0,6
TrSC58v2_9334.t1,0,0,0,0,1,15
TrSC58v2_9334.t1.e1,4,4,14,12,4,18
TrSC58v2_9335.t1,0,1,4,4,1,12
TrSC58v2_9335.t1.e1,1,1,5,5,2,13
TrSC58v2_9337.t1,1,0,1,6,6,11
TrSC58v2_9337.t1.e1,2,0,1,7,7,12
TrSC58v2_9338.t1,1,3,3,1,1,11
TrSC58v2_9338.t1.e1,4,3,4,2,1,12
TrSC58v2_9307.t1,0,0,1,6,5,1
TrSC58v2_9307.t1.e1,0,4,2,21,6,33
MSTRG.9086.1,788,608,1301,2224,1229,5113
TrSC58v2_9302.t1,13,5,28,15,8,76
TrSC58v2_9302.t1.e1,12,4,26,16,9,86
TrSC58v2_9303.t1,23,13,41,17,36,120
TrSC58v2_9303.t1.e1,26,26,33,27,46,157
TrSC58v2_9304.t1,41,43,94,113,64,336
TrSC58v2_9304.t1.e1,44,48,99,132,70,377
MSTRG.9088.1,8,0,10,0,0,27
TrSC58v2_9305.t1,1,0,1,6,3,10
TrSC58v2_9305.t1.e1,1,0,2,8,4,12
TrSC58v2_9306.t1,0,2,7,17,7,19
TrSC58v2_9306.t1.e1,4,3,8,19,9,22
TrSC58v2_9308.t1,6,5,17,20,6,64
TrSC58v2_9308.t1.e1,8,6,20,28,8,75
TrSC58v2_9309.t1,35,11,50,59,31,160
TrSC58v2_9309.t1.e1,41,16,52,72,35,199
TrSC58v2_9310.t1,2,2,0,1,1,23
TrSC58v2_9310.t1.e1,5,3,0,22,7,26
TrSC58v2_9341.t1.e1,9,14,29,29,6,93
TrSC58v2_9341.t1,8,11,23,24,0,74
TrSC58v2_9344.t1.e1,6,0,4,2,2,13
TrSC58v2_9344.t1,1,0,1,1,2,10
TrSC58v2_9345.t1.e1,4,0,2,0,0,0
TrSC58v2_9345.t1,0,0,0,0,0,0
TrSC58v2_9347.t1.e1,2,6,3,15,7,26
TrSC58v2_9347.t1,0,5,0,13,6,24
TrSC58v2_9348.t1.e1,8,3,6,11,5,36
TrSC58v2_9348.t1,0,3,6,1,4,4
TrSC58v2_9349.t1.e1,5,7,12,10,4,39
TrSC58v2_9349.t1,4,5,11,8,0,33
TrSC58v2_9353.t1.e1,5,5,15,20,10,65
TrSC58v2_9353.t1,0,3,12,17,8,1
TrSC58v2_9355.t1.e1,2,5,4,2,2,8
TrSC58v2_9355.t1,1,0,2,1,1,7
TrSC58v2_9356.t1.e1,17,21,24,39,31,103
TrSC58v2_9356.t1,14,17,30,35,25,124
TrSC58v2_9370.t1.e1,1,0,1,3,1,3
TrSC58v2_9370.t1,1,0,1,2,1,4
TrSC58v2_9371.t1,2,0,2,0,3,6
TrSC58v2_9371.t1.e1,1,0,1,2,1,5
TrSC58v2_9373.t1.e1,6,0,16,12,5,38
TrSC58v2_9373.t1,5,0,12,9,3,27
MSTRG.9135.1,3,16,26,27,20,72
TrSC58v2_9357.t1.e1,15,11,35,49,20,157
TrSC58v2_9357.t1,15,10,32,47,19,141
TrSC58v2_9358.t1.e1,2,2,6,11,13,31
TrSC58v2_9358.t1,0,0,2,0,1,1
TrSC58v2_9359.t1.e1,16,12,35,67,48,155
TrSC58v2_9359.t1,13,10,30,35,46,128
TrSC58v2_9360.t1.e1,15,19,36,41,28,129
TrSC58v2_9360.t1,12,16,29,33,26,110
MSTRG.9140.1,35,27,34,88,41,212
TrSC58v2_9363.t1.e1,8,4,1,2,23,2
MSTRG.9141.1,11,9,44,43,27,212
TrSC58v2_9363.t1,0,3,1,3,4,2
TrSC58v2_9381.t1.e1,2,0,13,12,4,31
TrSC58v2_9381.t1,1,0,1,11,4,29
TrSC58v2_9382.t1.e1,2,7,3,4,4,23
TrSC58v2_9382.t1,1,5,2,3,0,20
TrSC58v2_9384.t1,1,0,0,2,0,0
TrSC58v2_9384.t1.e1,1,1,5,5,5,16
MSTRG.9147.1,0,8,15,10,4,42
TrSC58v2_9375.t1,0,2,4,3,1,21
TrSC58v2_9375.t1.e1,0,3,5,3,5,25
TrSC58v2_9374.t1.e1,12,25,40,34,19,154
TrSC58v2_9374.t1,9,23,37,29,17,136
TrSC58v2_9376.t1.e1,10,15,31,24,19,144
TrSC58v2_9376.t1,10,13,23,22,15,128
TrSC58v2_9377.t1.e1,11,15,14,11,7,39
TrSC58v2_9377.t1,8,12,11,8,5,35
TrSC58v2_9378.t1.e1,22,12,14,28,31,72
TrSC58v2_9378.t1,20,10,10,22,0,57
TrSC58v2_9379.t1.e1,6,5,22,4,9,35
TrSC58v2_9379.t1,3,4,0,0,7,25
TrSC58v2_9389.t1,1,0,2,2,1,12
TrSC58v2_9389.t1.e1,1,0,2,4,3,14
TrSC58v2_9385.t1,1,1,0,4,0,2
TrSC58v2_9385.t1.e1,1,2,0,5,0,2
TrSC58v2_9386.t1,0,1,0,8,5,18
TrSC58v2_9386.t1.e1,5,1,9,11,6,20
TrSC58v2_9387.t1,2,2,7,5,0,20
TrSC58v2_9387.t1.e1,3,2,10,7,10,27
TrSC58v2_9390.t1,0,0,18,18,6,28
TrSC58v2_9390.t1.e1,8,3,21,25,8,35
MSTRG.9164.1,135,0,0,0,0,0
TrSC58v2_9391.t1,38,102,143,217,122,634
TrSC58v2_9391.t1.e1,23,110,153,241,143,681
TrSC58v2_9392.t1,14,31,49,86,55,220
TrSC58v2_9392.t1.e1,14,34,54,95,60,252
TrSC58v2_9393.t1,1,2,5,4,0,4
TrSC58v2_9393.t1.e1,5,5,6,5,0,4
TrSC58v2_9394.t1,1,0,6,10,1,25
TrSC58v2_9394.t1.e1,2,0,11,13,9,22
TrSC58v2_9400.t1,9,6,0,16,0,39
TrSC58v2_9400.t1.e1,10,7,22,19,15,42
MSTRG.9167.1,31,79,139,176,75,477
MSTRG.9167.2,58,12,50,96,90,285
TrSC58v2_9397.t1,32,36,75,120,71,302
TrSC58v2_9397.t1.e1,26,32,66,103,65,251
TrSC58v2_9398.t1,4,5,9,7,22,15
TrSC58v2_9398.t1.e1,3,4,5,5,19,4
TrSC58v2_9399.t1,3,6,4,17,6,57
TrSC58v2_9399.t1.e1,7,6,16,20,30,60
TrSC58v2_9403.t1,2,2,2,12,16,32
TrSC58v2_9403.t1.e1,4,2,2,13,19,37
MSTRG.9172.1,6,52,62,124,52,221
TrSC58v2_9406.t1,1,0,1,7,5,16
TrSC58v2_9406.t1.e1,5,0,3,1,6,16
TrSC58v2_9411.t1,1,8,10,1,0,28
TrSC58v2_9411.t1.e1,8,10,12,24,0,31
TrSC58v2_9404.t1,4,1,14,4,7,33
TrSC58v2_9404.t1.e1,4,2,15,5,8,33
TrSC58v2_9405.t1,36,63,149,219,114,553
TrSC58v2_9405.t1.e1,66,71,156,253,176,618
TrSC58v2_9409.t1.e1,1,6,6,2,5,17
TrSC58v2_9409.t1,1,0,3,1,4,3
TrSC58v2_9412.t1,1,2,26,23,9,60
TrSC58v2_9412.t1.e1,32,17,28,24,11,62
TrSC58v2_9413.t1,0,1,3,6,0,20
TrSC58v2_9413.t1.e1,5,2,3,8,15,35
TrSC58v2_9414.t1,0,0,8,13,12,31
TrSC58v2_9414.t1.e1,6,4,11,15,14,39
TrSC58v2_9419.t1,0,4,6,7,5,45
TrSC58v2_9419.t1.e1,4,5,7,8,6,49
TrSC58v2_9417.t1,5,0,0,17,12,51
TrSC58v2_9417.t1.e1,5,4,31,21,13,63
MSTRG.9185.1,0,51,0,0,62,249
TrSC58v2_9415.t1,13,1,17,12,5,3
TrSC58v2_9415.t1.e1,14,1,25,27,6,3
TrSC58v2_9416.t1,3,3,1,9,1,13
TrSC58v2_9416.t1.e1,4,3,50,12,1,10
TrSC58v2_9424.t1,10,12,10,4,24,59
TrSC58v2_9424.t1.e1,14,15,14,34,30,65
TrSC58v2_9425.t1,0,0,0,11,3,18
TrSC58v2_9425.t1.e1,4,2,6,16,13,12
TrSC58v2_9426.t1,0,2,7,7,5,17
TrSC58v2_9426.t1.e1,2,2,10,9,7,20
TrSC58v2_9420.t1,0,0,2,0,0,3
TrSC58v2_9420.t1.e1,2,0,2,1,0,3
TrSC58v2_9421.t1,0,3,12,6,4,25
TrSC58v2_9421.t1.e1,14,4,11,8,5,24
MSTRG.9189.1,1,6,17,23,22,84
MSTRG.9193.1,27,35,41,74,26,183
TrSC58v2_9422.t1,12,8,13,29,12,79
TrSC58v2_9422.t1.e1,14,11,18,35,15,92
MSTRG.9192.1,7,0,15,9,3,22
TrSC58v2_9423.t1,13,11,27,57,44,111
TrSC58v2_9423.t1.e1,24,14,30,68,50,135
MSTRG.9196.1,7,34,65,66,39,245
MSTRG.9200.1,23,20,54,64,59,229
TrSC58v2_9428.t1.e1,12,13,22,23,18,118
TrSC58v2_9428.t1,10,2,20,25,16,104
TrSC58v2_9429.t1.e1,5,10,33,9,9,42
TrSC58v2_9429.t1,4,0,2,11,6,33
TrSC58v2_9430.t1.e1,5,1,3,3,5,38
TrSC58v2_9430.t1,0,1,0,3,5,23
TrSC58v2_9431.t1.e1,5,5,3,5,3,7
TrSC58v2_9431.t1,4,0,1,4,3,6
MSTRG.9206.1,3,0,5,5,3,18
TrSC58v2_9433.t1.e1,6,9,12,16,7,44
TrSC58v2_9433.t1,0,0,10,0,0,32
TrSC58v2_9434.t1.e1,8,0,14,14,11,37
TrSC58v2_9434.t1,7,0,2,13,9,33
TrSC58v2_9435.t1.e1,8,8,11,17,16,68
TrSC58v2_9435.t1,0,0,10,15,15,57
TrSC58v2_9438.t1.e1,8,0,0,4,3,0
TrSC58v2_9438.t1,0,0,0,0,2,0
TrSC58v2_9436.t1.e1,6,7,16,25,21,80
TrSC58v2_9436.t1,6,6,15,32,24,89
TrSC58v2_9437.t1.e1,5,4,8,15,9,19
TrSC58v2_9437.t1,3,0,7,16,11,21
TrSC58v2_9442.t1.e1,15,10,33,28,9,85
TrSC58v2_9442.t1,12,2,27,21,7,68
MSTRG.9217.1,7,0,21,15,6,83
MSTRG.9218.1,9,3,44,7,29,78
MSTRG.9219.1,16,10,37,33,10,145
TrSC58v2_9446.t1,0,0,0,0,1,0
TrSC58v2_9446.t1.e1,3,0,0,3,1,3
TrSC58v2_9448.t1,2,3,24,7,6,73
TrSC58v2_9448.t1.e1,18,3,28,37,7,82
TrSC58v2_9447.t1,8,11,23,41,25,123
TrSC58v2_9447.t1.e1,11,13,26,44,28,140
TrSC58v2_9449.t1,1,0,0,0,1,1
TrSC58v2_9449.t1.e1,2,1,1,0,1,4
MSTRG.9226.1,4,5,9,45,37,85
TrSC58v2_9453.t1,1,0,0,0,0,1
TrSC58v2_9453.t1.e1,1,0,2,0,0,2
TrSC58v2_9454.t1,0,0,3,11,0,16
TrSC58v2_9454.t1.e1,5,0,3,12,24,20
TrSC58v2_9444.t1,0,2,7,1,16,25
TrSC58v2_9444.t1.e1,9,13,8,7,18,29
MSTRG.14.1,0,0,12,17,4,75
TrSC58v2_21.t1,0,0,3,0,2,4
TrSC58v2_21.t1.e1,0,8,4,0,3,5
TrSC58v2_24.t1,0,0,0,0,2,4
TrSC58v2_24.t1.e1,0,0,0,2,3,5
TrSC58v2_26.t1,0,0,0,0,2,4
TrSC58v2_26.t1.e1,0,0,0,3,3,5
TrSC58v2_28.t1,0,0,1,1,2,7
TrSC58v2_28.t1.e1,0,2,11,6,2,7
TrSC58v2_30.t1,0,0,0,0,1,12
TrSC58v2_30.t1.e1,0,4,4,0,4,14
TrSC58v2_32.t1,0,0,0,0,2,18
TrSC58v2_32.t1.e1,0,0,0,5,3,16
TrSC58v2_37.t1,0,0,0,0,0,0
TrSC58v2_37.t1.e1,0,0,0,2,0,16
TrSC58v2_40.t1,0,5,0,6,5,21
TrSC58v2_40.t1.e1,0,6,8,6,6,24
TrSC58v2_41.t1,0,0,2,6,3,14
TrSC58v2_41.t1.e1,0,0,13,7,5,15
TrSC58v2_43.t1,0,0,1,2,0,4
TrSC58v2_43.t1.e1,0,0,3,3,0,18
TrSC58v2_47.t1,0,0,8,7,9,0
TrSC58v2_47.t1.e1,0,0,10,9,11,27
TrSC58v2_52.t1,0,0,5,8,0,24
TrSC58v2_52.t1.e1,0,7,6,10,20,29
TrSC58v2_53.t1,0,0,0,0,0,1
TrSC58v2_53.t1.e1,0,0,0,0,0,4
TrSC58v2_57.t1,0,1,0,1,1,2
TrSC58v2_57.t1.e1,0,3,0,3,3,6
TrSC58v2_60.t1,0,0,3,0,2,19
TrSC58v2_60.t1.e1,0,5,4,12,3,21
TrSC58v2_62.t1,0,0,0,2,8,31
TrSC58v2_62.t1.e1,0,8,19,27,9,36
TrSC58v2_63.t1,0,0,0,2,3,2
TrSC58v2_63.t1.e1,0,0,0,7,3,20
MSTRG.68.1,0,0,0,17,2,41
TrSC58v2_67.t1,0,0,0,5,1,2
TrSC58v2_67.t1.e1,0,0,0,6,2,24
TrSC58v2_68.t1,0,1,1,3,0,18
TrSC58v2_68.t1.e1,0,3,13,8,4,21
TrSC58v2_72.t1,0,0,1,2,0,9
TrSC58v2_72.t1.e1,0,4,7,10,0,10
TrSC58v2_73.t1,0,0,1,6,5,15
TrSC58v2_73.t1.e1,0,0,6,7,7,18
TrSC58v2_75.t1,0,0,2,13,0,16
TrSC58v2_75.t1.e1,0,0,3,16,12,18
TrSC58v2_76.t1,0,5,7,19,8,12
TrSC58v2_76.t1.e1,0,6,9,23,9,57
TrSC58v2_79.t1,0,0,1,1,1,1
TrSC58v2_79.t1.e1,0,0,1,2,2,1
TrSC58v2_86.t1,0,3,7,10,8,29
TrSC58v2_86.t1.e1,0,5,10,14,10,36
TrSC58v2_156.t1,0,1,5,7,1,16
TrSC58v2_156.t1.e1,0,4,3,9,13,18
TrSC58v2_158.t1,0,1,1,0,0,28
TrSC58v2_158.t1.e1,0,3,3,15,2,31
TrSC58v2_161.t1,0,0,1,1,2,4
TrSC58v2_161.t1.e1,0,0,5,10,7,12
TrSC58v2_163.t1,0,0,0,1,2,3
TrSC58v2_163.t1.e1,0,0,0,3,2,1
TrSC58v2_164.t1,0,1,0,0,2,10
TrSC58v2_164.t1.e1,0,1,5,0,7,12
TrSC58v2_169.t1,0,0,2,0,3,10
TrSC58v2_169.t1.e1,0,0,5,7,4,10
TrSC58v2_551.t1,0,0,1,4,1,8
TrSC58v2_551.t1.e1,0,4,2,5,6,9
TrSC58v2_553.t1,0,1,0,0,1,0
TrSC58v2_553.t1.e1,0,1,0,0,2,0
MSTRG.561.1,0,0,19,9,1,3
TrSC58v2_554.t1,0,1,0,1,1,3
TrSC58v2_554.t1.e1,0,4,0,2,7,4
TrSC58v2_557.t1,0,0,1,1,1,8
TrSC58v2_557.t1.e1,0,0,1,3,2,8
TrSC58v2_561.t1,0,0,0,0,0,0
TrSC58v2_561.t1.e1,0,0,0,0,0,0
TrSC58v2_982.t1,0,0,1,0,0,1
TrSC58v2_982.t1.e1,0,0,2,0,0,1
TrSC58v2_993.t1,0,0,0,4,2,8
TrSC58v2_993.t1.e1,0,0,0,5,3,9
TrSC58v2_997.t1,0,0,0,0,0,11
TrSC58v2_997.t1.e1,0,0,0,0,7,11
TrSC58v2_998.t1,0,0,2,11,3,40
TrSC58v2_998.t1.e1,0,0,14,12,20,46
TrSC58v2_1001.t1,0,7,19,19,18,42
TrSC58v2_1001.t1.e1,0,9,25,22,20,49
TrSC58v2_1002.t1,0,0,2,0,0,0
TrSC58v2_1002.t1.e1,0,4,3,0,0,8
TrSC58v2_1004.t1,0,0,0,0,1,2
TrSC58v2_1004.t1.e1,0,0,3,0,4,27
TrSC58v2_1005.t1,0,1,2,1,0,1
TrSC58v2_1005.t1.e1,0,2,2,7,4,7
TrSC58v2_1007.t1,0,0,1,0,1,20
TrSC58v2_1007.t1.e1,0,0,7,2,1,22
TrSC58v2_1009.t1,0,0,15,18,0,66
TrSC58v2_1009.t1.e1,0,0,18,27,15,72
TrSC58v2_1016.t1,0,0,0,0,0,0
TrSC58v2_1016.t1.e1,0,3,0,0,3,5
TrSC58v2_1018.t1,0,0,0,0,0,19
TrSC58v2_1018.t1.e1,0,8,19,26,15,25
TrSC58v2_1078.t1,0,2,3,1,1,14
TrSC58v2_1078.t1.e1,0,9,3,2,5,15
TrSC58v2_1592.t1,0,0,3,2,0,13
TrSC58v2_1592.t1.e1,0,0,3,13,9,16
TrSC58v2_1596.t1,0,4,3,11,15,30
TrSC58v2_1596.t1.e1,0,5,4,14,12,41
TrSC58v2_1599.t1,0,0,1,7,0,16
TrSC58v2_1599.t1.e1,0,0,2,7,0,17
TrSC58v2_1612.t1,0,0,1,0,1,4
TrSC58v2_1612.t1.e1,0,0,2,1,1,4
TrSC58v2_1623.t1,0,0,0,1,0,1
TrSC58v2_1623.t1.e1,0,0,21,1,10,41
TrSC58v2_1626.t1,0,0,0,0,0,0
TrSC58v2_1626.t1.e1,0,0,0,6,0,8
TrSC58v2_1627.t1,0,0,0,0,5,2
TrSC58v2_1627.t1.e1,0,0,0,11,6,10
TrSC58v2_1632.t1,0,0,0,6,10,39
TrSC58v2_1632.t1.e1,0,0,8,7,2,45
TrSC58v2_1636.t1,0,0,1,0,2,6
TrSC58v2_1636.t1.e1,0,2,5,5,3,7
TrSC58v2_1637.t1,0,0,2,1,3,1
TrSC58v2_1637.t1.e1,0,0,5,3,4,3
TrSC58v2_1779.t1,0,3,0,1,1,1
TrSC58v2_1779.t1.e1,0,5,23,11,12,39
TrSC58v2_1781.t1,0,2,4,6,3,28
TrSC58v2_1781.t1.e1,0,2,5,7,4,24
TrSC58v2_1782.t1,0,0,0,1,3,17
TrSC58v2_1782.t1.e1,0,9,0,9,4,15
TrSC58v2_1783.t1,0,5,20,13,22,71
TrSC58v2_1783.t1.e1,0,7,20,16,24,79
TrSC58v2_1785.t1,0,1,1,0,3,5
TrSC58v2_1785.t1.e1,0,1,1,0,4,5
TrSC58v2_1786.t1,0,1,1,5,2,24
TrSC58v2_1786.t1.e1,0,2,20,7,2,27
TrSC58v2_1789.t1,0,0,0,1,1,6
TrSC58v2_1789.t1.e1,0,0,0,1,3,7
TrSC58v2_1797.t1,0,0,0,0,0,1
TrSC58v2_1797.t1.e1,0,0,0,0,0,1
TrSC58v2_1798.t1,0,0,0,0,1,1
TrSC58v2_1798.t1.e1,0,0,0,0,1,1
TrSC58v2_1799.t1,0,0,0,0,0,0
TrSC58v2_1799.t1.e1,0,0,0,0,0,0
TrSC58v2_1800.t1,0,0,0,0,1,1
TrSC58v2_1800.t1.e1,0,0,0,0,1,1
TrSC58v2_1801.t1,0,0,0,0,1,1
TrSC58v2_1801.t1.e1,0,0,0,0,1,1
TrSC58v2_1802.t1,0,0,0,0,1,0
TrSC58v2_1802.t1.e1,0,0,0,0,1,0
TrSC58v2_1803.t1,0,0,0,0,1,1
TrSC58v2_1803.t1.e1,0,0,0,0,1,1
TrSC58v2_1804.t1,0,0,0,0,1,0
TrSC58v2_1804.t1.e1,0,0,0,0,1,0
TrSC58v2_1805.t1,0,0,0,0,1,0
TrSC58v2_1805.t1.e1,0,0,0,0,1,0
TrSC58v2_1806.t1,0,0,0,0,1,1
TrSC58v2_1806.t1.e1,0,0,0,0,1,1
TrSC58v2_1807.t1,0,0,0,0,1,1
TrSC58v2_1807.t1.e1,0,0,0,0,1,1
TrSC58v2_1810.t1,0,0,2,4,0,16
TrSC58v2_1810.t1.e1,0,0,15,5,6,17
TrSC58v2_1811.t1,0,1,0,1,1,1
TrSC58v2_1811.t1.e1,0,6,4,2,2,11
TrSC58v2_1815.t1,0,4,1,7,5,22
TrSC58v2_1815.t1.e1,0,5,12,8,6,25
TrSC58v2_1819.t1,0,0,10,7,9,31
TrSC58v2_1819.t1.e1,0,0,13,9,10,35
TrSC58v2_1820.t1,0,0,0,3,1,13
TrSC58v2_1820.t1.e1,0,0,4,13,4,16
MSTRG.1766.1,0,0,13,11,6,32
TrSC58v2_1821.t1,0,6,2,19,15,4
TrSC58v2_1821.t1.e1,0,8,10,22,20,61
TrSC58v2_1829.t1,0,1,3,1,2,10
TrSC58v2_1829.t1.e1,0,7,3,1,4,11
TrSC58v2_1834.t1,0,1,11,0,5,11
TrSC58v2_1834.t1.e1,0,1,13,7,6,13
TrSC58v2_1837.t1,0,0,1,0,3,16
TrSC58v2_1837.t1.e1,0,0,2,17,4,19
TrSC58v2_1838.t1,0,0,2,9,0,0
TrSC58v2_1838.t1.e1,0,2,2,10,0,13
TrSC58v2_1842.t1,0,0,5,3,0,14
TrSC58v2_1842.t1.e1,0,0,6,18,0,17
TrSC58v2_1843.t1,0,2,2,6,0,33
TrSC58v2_1843.t1.e1,0,7,4,6,10,35
TrSC58v2_1846.t1,0,0,0,9,3,21
TrSC58v2_1846.t1.e1,0,0,11,11,4,23
TrSC58v2_1855.t1,0,0,0,0,2,16
TrSC58v2_1855.t1.e1,0,4,12,0,2,18
TrSC58v2_1856.t1,0,0,0,0,1,4
TrSC58v2_1856.t1.e1,0,8,3,3,17,5
TrSC58v2_1932.t1,0,2,1,6,2,21
TrSC58v2_1932.t1.e1,0,2,3,6,2,18
TrSC58v2_1934.t1,0,0,10,9,11,3
TrSC58v2_1934.t1.e1,0,0,12,10,13,85
TrSC58v2_1937.t1,0,0,2,1,3,23
TrSC58v2_1937.t1.e1,0,0,12,34,8,24
TrSC58v2_2040.t1,0,1,0,0,8,3
TrSC58v2_2040.t1.e1,0,1,4,0,9,4
TrSC58v2_2042.t1,0,3,8,2,2,12
TrSC58v2_2042.t1.e1,0,3,9,8,9,13
TrSC58v2_2376.t1,0,0,7,16,9,28
TrSC58v2_2376.t1.e1,0,4,9,18,10,31
TrSC58v2_2378.t1,0,0,7,12,3,4
TrSC58v2_2378.t1.e1,0,7,8,14,4,56
TrSC58v2_2387.t1,0,3,1,16,1,21
TrSC58v2_2387.t1.e1,0,4,24,18,12,24
TrSC58v2_2393.t1,0,1,10,10,10,29
TrSC58v2_2393.t1.e1,0,1,13,11,12,46
MSTRG.2329.1,0,10,0,6,6,36
TrSC58v2_2395.t1,0,1,0,1,1,1
TrSC58v2_2395.t1.e1,0,1,9,1,1,7
TrSC58v2_2398.t1,0,0,4,1,1,23
TrSC58v2_2398.t1.e1,0,3,4,7,3,33
TrSC58v2_2399.t1,0,0,3,0,10,40
TrSC58v2_2399.t1.e1,0,0,4,29,11,46
TrSC58v2_2405.t1,0,0,1,1,0,2
TrSC58v2_2405.t1.e1,0,0,3,2,0,3
TrSC58v2_2406.t1,0,0,0,0,0,0
TrSC58v2_2406.t1.e1,0,0,0,0,0,0
TrSC58v2_2407.t1,0,0,0,1,0,1
TrSC58v2_2407.t1.e1,0,0,1,1,0,1
TrSC58v2_3055.t1,0,0,0,0,1,4
TrSC58v2_3055.t1.e1,0,0,4,4,6,22
TrSC58v2_3056.t1,0,0,3,0,0,11
TrSC58v2_3056.t1.e1,0,8,3,3,0,13
TrSC58v2_3061.t1,0,0,0,2,2,4
TrSC58v2_3061.t1.e1,0,0,2,2,3,4
TrSC58v2_3063.t1,0,0,0,0,6,15
TrSC58v2_3063.t1.e1,0,4,0,27,8,16
MSTRG.2984.1,0,4,3,8,15,21
TrSC58v2_3071.t1.e1,0,0,0,0,0,0
TrSC58v2_3071.t1,0,0,0,1,0,1
TrSC58v2_3074.t1.e1,0,0,0,0,0,0
TrSC58v2_3074.t1,0,0,0,0,0,0
TrSC58v2_3075.t1.e1,0,0,0,0,0,0
TrSC58v2_3075.t1,0,0,0,0,0,0
MSTRG.3261.1,0,3,20,23,32,28
TrSC58v2_3366.t1,0,0,1,6,2,9
TrSC58v2_3366.t1.e1,0,0,3,7,5,9
TrSC58v2_3367.t1,0,1,0,0,0,1
TrSC58v2_3367.t1.e1,0,2,0,2,0,2
TrSC58v2_3368.t1,0,0,1,0,0,1
TrSC58v2_3368.t1.e1,0,0,7,0,2,6
TrSC58v2_3373.t1,0,0,12,3,1,13
TrSC58v2_3373.t1.e1,0,0,11,3,8,12
TrSC58v2_3375.t1,0,0,2,2,1,2
TrSC58v2_3375.t1.e1,0,0,7,6,5,9
TrSC58v2_3376.t1,0,1,0,1,1,4
TrSC58v2_3376.t1.e1,0,1,6,2,1,4
TrSC58v2_3377.t1,0,1,0,2,1,0
TrSC58v2_3377.t1.e1,0,2,0,2,1,0
TrSC58v2_3486.t1,0,0,1,2,2,2
TrSC58v2_3486.t1.e1,0,0,6,9,3,11
TrSC58v2_3490.t1,0,1,7,2,1,4
TrSC58v2_3490.t1.e1,0,1,8,15,6,43
TrSC58v2_3503.t1,0,0,4,13,0,27
TrSC58v2_3503.t1.e1,0,4,5,14,9,32
TrSC58v2_3506.t1,0,9,4,9,7,25
TrSC58v2_3506.t1.e1,0,10,5,11,8,31
TrSC58v2_3507.t1,0,0,1,1,0,2
TrSC58v2_3507.t1.e1,0,4,3,9,0,5
TrSC58v2_3510.t1,0,0,0,0,2,1
TrSC58v2_3510.t1.e1,0,0,0,0,5,3
TrSC58v2_3682.t1,0,0,1,2,1,18
TrSC58v2_3682.t1.e1,0,0,3,2,4,20
TrSC58v2_3684.t1,0,10,15,26,12,78
TrSC58v2_3684.t1.e1,0,12,19,35,14,85
TrSC58v2_3687.t1,0,1,2,1,1,3
TrSC58v2_3687.t1.e1,0,3,7,6,2,13
TrSC58v2_3688.t1,0,0,0,0,4,1
TrSC58v2_3688.t1.e1,0,4,0,0,5,18
TrSC58v2_3689.t1,0,0,0,0,0,6
TrSC58v2_3689.t1.e1,0,0,4,4,4,5
TrSC58v2_3692.t1,0,0,1,12,8,1
TrSC58v2_3692.t1.e1,0,4,11,13,9,55
TrSC58v2_3694.t1,0,0,0,3,0,0
TrSC58v2_3694.t1.e1,0,4,4,4,4,16
TrSC58v2_3705.t1,0,0,0,0,0,1
TrSC58v2_3705.t1.e1,0,0,0,0,0,3
TrSC58v2_3706.t1,0,0,0,0,0,1
TrSC58v2_3706.t1.e1,0,0,0,0,0,1
TrSC58v2_3707.t1,0,0,0,0,2,8
TrSC58v2_3707.t1.e1,0,0,0,0,5,7
TrSC58v2_3711.t1,0,4,0,5,0,0
TrSC58v2_3711.t1.e1,0,5,11,6,0,21
TrSC58v2_3717.t1,0,0,0,6,1,10
TrSC58v2_3717.t1.e1,0,0,0,8,19,14
TrSC58v2_3962.t1,0,1,0,12,3,19
TrSC58v2_3962.t1.e1,0,4,0,16,10,20
TrSC58v2_3965.t1,0,0,3,13,0,2
TrSC58v2_3965.t1.e1,0,11,4,16,8,40
TrSC58v2_3969.t1,0,0,0,5,0,11
TrSC58v2_3969.t1.e1,0,0,0,6,0,13
TrSC58v2_3972.t1,0,1,0,3,4,20
TrSC58v2_3972.t1.e1,0,3,0,3,4,23
TrSC58v2_3979.t1,0,0,1,0,4,1
TrSC58v2_3979.t1.e1,0,0,1,5,4,12
TrSC58v2_3980.t1,0,5,10,2,2,24
TrSC58v2_3980.t1.e1,0,7,11,3,3,38
TrSC58v2_3982.t1,0,0,0,0,1,13
TrSC58v2_3982.t1.e1,0,11,4,15,8,15
TrSC58v2_3988.t1,0,1,5,8,4,18
TrSC58v2_3988.t1.e1,0,7,5,9,7,19
TrSC58v2_4225.t1,0,0,6,8,0,0
TrSC58v2_4225.t1.e1,0,0,7,10,0,29
TrSC58v2_4249.t1,0,1,4,6,2,32
TrSC58v2_4249.t1.e1,0,4,5,7,16,34
MSTRG.4120.1,0,4,17,14,19,54
TrSC58v2_4465.t1,0,2,3,4,1,6
TrSC58v2_4465.t1.e1,0,2,3,5,2,7
TrSC58v2_4468.t1,0,0,8,23,14,28
TrSC58v2_4468.t1.e1,0,0,12,27,16,38
TrSC58v2_4469.t1,0,0,7,6,1,12
TrSC58v2_4469.t1.e1,0,0,8,7,9,15
TrSC58v2_4471.t1,0,0,1,1,0,8
TrSC58v2_4471.t1.e1,0,0,2,4,0,9
TrSC58v2_4476.t1,0,14,2,1,9,51
TrSC58v2_4476.t1.e1,0,17,13,52,10,62
TrSC58v2_4477.t1,0,0,0,1,1,8
TrSC58v2_4477.t1.e1,0,4,0,13,1,9
TrSC58v2_4478.t1,0,1,0,1,1,13
TrSC58v2_4478.t1.e1,0,5,0,6,4,16
TrSC58v2_4479.t1,0,0,0,0,0,1
TrSC58v2_4479.t1.e1,0,0,0,0,0,3
TrSC58v2_4481.t1,0,1,0,1,2,11
TrSC58v2_4481.t1.e1,0,2,0,10,10,12
TrSC58v2_4482.t1,0,2,4,10,1,21
TrSC58v2_4482.t1.e1,0,6,5,12,23,23
TrSC58v2_4486.t1,0,1,4,3,2,11
TrSC58v2_4486.t1.e1,0,7,5,3,5,11
TrSC58v2_4488.t1,0,0,1,0,0,5
TrSC58v2_4488.t1.e1,0,0,4,2,6,5
TrSC58v2_4490.t1,0,3,2,6,1,17
TrSC58v2_4490.t1.e1,0,2,4,7,3,13
TrSC58v2_4501.t1,0,3,6,5,11,23
TrSC58v2_4501.t1.e1,0,4,7,16,16,25
TrSC58v2_4718.t1,0,1,1,0,1,6
TrSC58v2_4718.t1.e1,0,3,1,4,5,7
TrSC58v2_4722.t1,0,0,1,0,0,7
TrSC58v2_4722.t1.e1,0,0,3,7,0,8
TrSC58v2_4918.t1,0,3,1,13,2,18
TrSC58v2_4918.t1.e1,0,4,4,14,3,22
TrSC58v2_4919.t1,0,0,0,0,0,10
TrSC58v2_4919.t1.e1,0,3,3,0,4,12
TrSC58v2_5120.t1,0,0,0,0,0,0
TrSC58v2_5120.t1.e1,0,0,0,0,0,0
TrSC58v2_5123.t1,0,0,0,0,0,0
TrSC58v2_5123.t1.e1,0,0,0,0,0,0
TrSC58v2_5124.t1,0,0,0,0,0,0
TrSC58v2_5124.t1.e1,0,0,0,0,0,0
TrSC58v2_5126.t1,0,0,0,1,0,1
TrSC58v2_5126.t1.e1,0,0,0,2,0,1
TrSC58v2_5128.t1,0,0,4,9,0,6
TrSC58v2_5128.t1.e1,0,0,5,11,0,11
TrSC58v2_5132.t1,0,7,8,2,8,4
TrSC58v2_5132.t1.e1,0,8,10,20,9,63
TrSC58v2_5134.t1,0,0,1,0,10,17
TrSC58v2_5134.t1.e1,0,0,3,0,8,18
TrSC58v2_5139.t1,0,1,1,11,1,15
TrSC58v2_5139.t1.e1,0,3,8,12,6,17
TrSC58v2_5412.t1,0,0,0,0,1,7
TrSC58v2_5412.t1.e1,0,0,0,0,2,8
TrSC58v2_5415.t1,0,1,5,2,6,22
TrSC58v2_5415.t1.e1,0,10,6,6,7,21
TrSC58v2_5421.t1,0,2,1,9,2,20
TrSC58v2_5421.t1.e1,0,15,25,11,16,21
TrSC58v2_5422.t1,0,0,5,20,0,51
TrSC58v2_5422.t1.e1,0,0,42,30,37,57
TrSC58v2_5426.t1,0,0,0,16,6,33
TrSC58v2_5426.t1.e1,0,7,5,22,7,28
TrSC58v2_5427.t1,0,0,2,1,0,17
TrSC58v2_5427.t1.e1,0,0,2,6,0,14
TrSC58v2_5436.t1,0,2,0,0,0,5
TrSC58v2_5436.t1.e1,0,8,9,17,3,9
TrSC58v2_5451.t1,0,0,0,4,0,7
TrSC58v2_5451.t1.e1,0,0,11,4,21,10
TrSC58v2_5452.t1,0,0,1,0,4,1
TrSC58v2_5452.t1.e1,0,0,2,2,5,24
TrSC58v2_5453.t1,0,1,0,0,1,0
TrSC58v2_5453.t1.e1,0,1,0,0,1,1
TrSC58v2_5460.t1,0,0,3,0,4,15
TrSC58v2_5460.t1.e1,0,0,5,8,5,17
TrSC58v2_5465.t1,0,0,0,3,1,1
TrSC58v2_5465.t1.e1,0,0,0,3,8,8
TrSC58v2_5466.t1,0,0,1,0,10,1
TrSC58v2_5466.t1.e1,0,0,6,12,11,5
TrSC58v2_5468.t1,0,0,3,5,1,4
TrSC58v2_5468.t1.e1,0,0,3,6,3,23
TrSC58v2_5470.t1,0,8,7,29,16,64
TrSC58v2_5470.t1.e1,0,10,11,31,19,80
TrSC58v2_5476.t1,0,0,0,1,0,1
TrSC58v2_5476.t1.e1,0,0,3,15,0,16
TrSC58v2_5477.t1,0,0,0,8,0,23
TrSC58v2_5477.t1.e1,0,4,7,12,4,30
TrSC58v2_5479.t1,0,0,5,0,0,38
TrSC58v2_5479.t1.e1,0,7,7,16,24,43
TrSC58v2_5481.t1,0,0,10,0,0,10
TrSC58v2_5481.t1.e1,0,5,13,4,4,13
TrSC58v2_5557.t1,0,0,0,2,1,17
TrSC58v2_5557.t1.e1,0,8,0,4,4,21
TrSC58v2_5558.t1,0,0,0,1,0,2
TrSC58v2_5558.t1.e1,0,0,0,11,0,18
TrSC58v2_5562.t1,0,0,1,9,0,4
TrSC58v2_5562.t1.e1,0,15,1,10,12,39
TrSC58v2_5564.t1,0,0,0,0,1,0
TrSC58v2_5564.t1.e1,0,0,0,8,1,8
TrSC58v2_5566.t1,0,0,0,5,0,0
TrSC58v2_5566.t1.e1,0,5,7,6,0,0
TrSC58v2_5573.t1,0,0,4,20,1,30
TrSC58v2_5573.t1.e1,0,0,5,18,6,35
TrSC58v2_5580.t1,0,1,3,43,10,33
TrSC58v2_5580.t1.e1,0,4,25,1,13,37
TrSC58v2_5592.t1,0,0,0,7,0,2
TrSC58v2_5592.t1.e1,0,0,0,1,0,18
TrSC58v2_5599.t1,0,1,2,2,2,16
TrSC58v2_5599.t1.e1,0,2,3,6,3,18
TrSC58v2_5600.t1,0,0,0,6,6,14
TrSC58v2_5600.t1.e1,0,0,3,6,6,19
TrSC58v2_5602.t1,0,0,0,2,0,2
TrSC58v2_5602.t1.e1,0,0,5,6,0,3
TrSC58v2_5603.t1,0,5,2,11,0,21
TrSC58v2_5603.t1.e1,0,6,6,13,7,36
TrSC58v2_5604.t1,0,4,3,1,2,4
TrSC58v2_5604.t1.e1,0,5,4,6,2,5
TrSC58v2_5605.t1,0,2,0,8,1,25
TrSC58v2_5605.t1.e1,0,3,0,11,7,27
TrSC58v2_5607.t1,0,0,1,2,6,16
TrSC58v2_5607.t1.e1,0,7,27,8,7,17
TrSC58v2_5610.t1,0,0,0,15,5,3
TrSC58v2_5610.t1.e1,0,10,5,19,7,56
TrSC58v2_5616.t1,0,1,0,1,2,9
TrSC58v2_5616.t1.e1,0,3,3,7,2,7
TrSC58v2_5617.t1,0,4,2,7,5,37
TrSC58v2_5617.t1.e1,0,4,16,8,7,36
TrSC58v2_5623.t1,0,6,11,7,7,27
TrSC58v2_5623.t1.e1,0,7,13,34,7,28
TrSC58v2_5625.t1,0,0,3,1,5,41
TrSC58v2_5625.t1.e1,0,5,4,23,6,44
TrSC58v2_5775.t1,0,2,1,4,5,14
TrSC58v2_5775.t1.e1,0,1,5,3,4,11
TrSC58v2_5777.t1,0,1,0,2,1,7
TrSC58v2_5777.t1.e1,0,1,0,3,1,8
TrSC58v2_5785.t1,0,0,0,2,2,15
TrSC58v2_5785.t1.e1,0,0,0,3,6,16
TrSC58v2_5786.t1,0,0,0,1,5,4
TrSC58v2_5786.t1.e1,0,2,4,17,6,21
MSTRG.5649.1,0,9,2,8,10,34
TrSC58v2_5793.t1,0,0,0,0,4,12
TrSC58v2_5793.t1.e1,0,0,4,0,5,13
TrSC58v2_5795.t1,0,9,8,9,16,63
TrSC58v2_5795.t1.e1,0,9,10,12,18,59
TrSC58v2_6059.t1,0,0,1,2,0,19
TrSC58v2_6059.t1.e1,0,0,9,13,20,22
TrSC58v2_6063.t1,0,1,0,0,0,2
TrSC58v2_6063.t1.e1,0,6,0,4,11,19
TrSC58v2_6065.t1,0,0,0,0,1,23
TrSC58v2_6065.t1.e1,0,4,4,4,25,26
TrSC58v2_6067.t1,0,0,4,9,1,29
TrSC58v2_6067.t1.e1,0,0,19,10,6,32
TrSC58v2_6068.t1,0,8,5,13,12,34
TrSC58v2_6068.t1.e1,0,8,6,13,12,34
TrSC58v2_6075.t1.e1,0,0,0,1,0,0
TrSC58v2_6075.t1,0,0,0,1,0,0
TrSC58v2_6076.t1.e1,0,0,0,0,0,0
TrSC58v2_6076.t1,0,0,0,0,0,0
TrSC58v2_6078.t1,0,1,1,1,1,4
TrSC58v2_6078.t1.e1,0,1,1,1,7,4
TrSC58v2_6238.t1,0,0,13,13,11,62
TrSC58v2_6238.t1.e1,0,4,14,16,13,68
TrSC58v2_6246.t1,0,0,10,7,0,16
TrSC58v2_6246.t1.e1,0,4,13,9,4,20
TrSC58v2_6249.t1,0,0,0,8,5,2
TrSC58v2_6249.t1.e1,0,3,5,10,7,59
TrSC58v2_6256.t1,0,4,12,16,7,73
TrSC58v2_6256.t1.e1,0,6,17,22,8,77
TrSC58v2_6257.t1,0,0,3,0,0,5
TrSC58v2_6257.t1.e1,0,8,4,13,4,7
TrSC58v2_6359.t1.e1,0,0,0,1,0,0
TrSC58v2_6359.t1,0,0,0,1,0,0
TrSC58v2_6363.t1,0,0,0,1,1,1
TrSC58v2_6363.t1.e1,0,0,1,2,1,8
TrSC58v2_6365.t1,0,0,1,4,5,7
TrSC58v2_6365.t1.e1,0,0,2,3,5,6
TrSC58v2_6479.t1,0,0,0,1,0,0
TrSC58v2_6479.t1.e1,0,0,0,2,0,0
TrSC58v2_6480.t1,0,1,3,5,1,6
TrSC58v2_6480.t1.e1,0,2,4,5,2,21
MSTRG.6345.1,0,0,4,2,2,23
TrSC58v2_6508.t1,0,0,0,1,2,0
TrSC58v2_6508.t1.e1,0,1,7,13,2,6
TrSC58v2_6514.t1,0,0,1,0,1,22
TrSC58v2_6514.t1.e1,0,4,2,0,3,24
TrSC58v2_6515.t1,0,0,2,0,0,1
TrSC58v2_6515.t1.e1,0,3,3,0,11,16
TrSC58v2_6516.t1,0,2,2,3,1,1
TrSC58v2_6516.t1.e1,0,5,13,4,2,21
TrSC58v2_6609.t1,0,1,0,0,0,0
TrSC58v2_6609.t1.e1,0,1,0,3,0,3
TrSC58v2_6610.t1,0,0,0,0,0,1
TrSC58v2_6610.t1.e1,0,0,0,5,0,2
TrSC58v2_6612.t1,0,0,1,1,1,0
TrSC58v2_6612.t1.e1,0,1,1,5,4,6
TrSC58v2_6613.t1,0,0,2,1,0,4
TrSC58v2_6613.t1.e1,0,0,3,1,2,4
TrSC58v2_6614.t1,0,0,1,1,1,2
TrSC58v2_6614.t1.e1,0,0,1,1,1,1
TrSC58v2_6615.t1,0,0,0,1,0,1
TrSC58v2_6615.t1.e1,0,0,0,1,0,1
TrSC58v2_6719.t1,0,1,3,13,1,22
TrSC58v2_6719.t1.e1,0,2,3,16,11,22
TrSC58v2_6726.t1,0,0,2,4,2,19
TrSC58v2_6726.t1.e1,0,0,2,4,5,15
TrSC58v2_6727.t1,0,1,0,4,6,8
TrSC58v2_6727.t1.e1,0,7,0,3,7,9
TrSC58v2_6731.t1,0,1,1,9,0,15
TrSC58v2_6731.t1.e1,0,10,5,9,0,17
TrSC58v2_6733.t1,0,0,10,4,0,23
TrSC58v2_6733.t1.e1,0,3,10,4,7,28
TrSC58v2_6734.t1,0,1,0,3,1,13
TrSC58v2_6734.t1.e1,0,5,0,10,4,15
TrSC58v2_6736.t1,0,0,1,0,0,2
TrSC58v2_6736.t1.e1,0,0,7,8,0,22
TrSC58v2_6737.t1,0,0,0,2,1,21
TrSC58v2_6737.t1.e1,0,0,10,4,4,21
TrSC58v2_6738.t1,0,0,0,0,0,0
TrSC58v2_6738.t1.e1,0,0,8,5,7,8
TrSC58v2_6740.t1,0,0,0,0,0,1
TrSC58v2_6740.t1.e1,0,10,0,7,3,7
TrSC58v2_6748.t1,0,0,0,0,0,0
TrSC58v2_6748.t1.e1,0,0,0,0,0,0
TrSC58v2_6751.t1,0,0,2,3,2,11
TrSC58v2_6751.t1.e1,0,0,4,4,9,12
TrSC58v2_6753.t1,0,0,11,0,0,8
TrSC58v2_6753.t1.e1,0,4,13,4,4,10
TrSC58v2_6754.t1,0,8,6,0,10,29
TrSC58v2_6754.t1.e1,0,9,9,7,13,31
TrSC58v2_6755.t1,0,4,8,0,3,12
TrSC58v2_6755.t1.e1,0,5,10,0,4,15
TrSC58v2_6759.t1,0,0,6,0,0,1
TrSC58v2_6759.t1.e1,0,0,7,11,8,37
TrSC58v2_6764.t1,0,1,0,1,8,12
TrSC58v2_6764.t1.e1,0,7,5,2,10,17
TrSC58v2_6768.t1,0,0,1,1,1,4
TrSC58v2_6768.t1.e1,0,8,8,4,6,5
TrSC58v2_6776.t1,0,0,5,0,4,1
TrSC58v2_6776.t1.e1,0,0,5,7,5,39
TrSC58v2_6777.t1,0,0,0,6,0,1
TrSC58v2_6777.t1.e1,0,0,4,7,8,7
TrSC58v2_6784.t1,0,0,0,2,5,13
TrSC58v2_6784.t1.e1,0,4,0,6,6,14
TrSC58v2_6793.t1,0,0,0,1,0,34
TrSC58v2_6793.t1.e1,0,4,18,10,8,38
TrSC58v2_6795.t1,0,0,2,2,4,1
TrSC58v2_6795.t1.e1,0,12,5,14,4,51
MSTRG.6627.1,0,10,11,29,20,68
TrSC58v2_6800.t1,0,1,9,12,4,37
TrSC58v2_6800.t1.e1,0,11,9,14,5,42
TrSC58v2_6847.t1,0,0,0,3,0,12
TrSC58v2_6847.t1.e1,0,7,0,4,4,14
TrSC58v2_6848.t1,0,0,0,0,0,12
TrSC58v2_6848.t1.e1,0,0,8,3,0,14
TrSC58v2_6854.t1,0,0,0,1,0,0
TrSC58v2_6854.t1.e1,0,0,0,2,0,0
TrSC58v2_6855.t1,0,1,2,3,1,7
TrSC58v2_6855.t1.e1,0,1,1,3,1,6
TrSC58v2_6856.t1,0,0,1,0,0,1
TrSC58v2_6856.t1.e1,0,0,1,1,0,1
TrSC58v2_6857.t1,0,1,2,4,1,15
TrSC58v2_6857.t1.e1,0,2,4,4,2,13
TrSC58v2_6858.t1,0,0,1,0,0,1
TrSC58v2_6858.t1.e1,0,0,1,1,0,1
TrSC58v2_6861.t1,0,0,0,1,1,10
TrSC58v2_6861.t1.e1,0,2,4,5,1,11
TrSC58v2_6870.t1,0,0,0,0,1,3
TrSC58v2_6870.t1.e1,0,0,3,0,2,4
TrSC58v2_6889.t1,0,0,4,10,4,10
TrSC58v2_6889.t1.e1,0,0,5,11,4,10
TrSC58v2_6890.t1,0,0,0,8,1,3
TrSC58v2_6890.t1.e1,0,0,0,9,3,4
TrSC58v2_6894.t1,0,0,4,1,0,0
TrSC58v2_6894.t1.e1,0,4,5,4,0,27
TrSC58v2_6977.t1,0,1,1,1,1,1
TrSC58v2_6977.t1.e1,0,2,1,2,1,8
TrSC58v2_6978.t1,0,0,0,0,0,0
TrSC58v2_6978.t1.e1,0,1,1,1,0,4
TrSC58v2_6979.t1,0,0,0,0,0,0
TrSC58v2_6979.t1.e1,0,1,1,1,0,4
TrSC58v2_6980.t1,0,1,1,1,1,2
TrSC58v2_6980.t1.e1,0,2,1,2,1,10
TrSC58v2_6981.t1.e1,0,0,0,0,0,0
TrSC58v2_6981.t1,0,0,0,0,0,0
TrSC58v2_6982.t1.e1,0,0,0,0,0,0
TrSC58v2_6982.t1,0,0,0,0,0,0
TrSC58v2_6983.t1.e1,0,0,0,0,0,0
TrSC58v2_6983.t1,0,0,0,0,0,0
TrSC58v2_6984.t1,0,0,0,0,0,0
TrSC58v2_6984.t1.e1,0,0,0,0,0,0
TrSC58v2_7203.t1.e1,0,0,0,0,0,0
TrSC58v2_7203.t1,0,0,0,0,0,0
TrSC58v2_7204.t1,0,0,1,0,0,0
TrSC58v2_7204.t1.e1,0,0,3,0,0,0
TrSC58v2_7206.t1,0,0,0,0,1,0
TrSC58v2_7206.t1.e1,0,0,0,0,2,2
TrSC58v2_7207.t1,0,0,0,1,0,2
TrSC58v2_7207.t1.e1,0,0,0,2,0,2
TrSC58v2_7221.t1,0,1,7,13,7,46
TrSC58v2_7221.t1.e1,0,4,9,15,9,3
TrSC58v2_7237.t1,0,0,5,0,0,16
TrSC58v2_7237.t1.e1,0,12,5,4,8,19
TrSC58v2_7253.t1,0,4,5,3,2,11
TrSC58v2_7253.t1.e1,0,7,6,6,2,13
TrSC58v2_7254.t1,0,1,1,1,0,2
TrSC58v2_7254.t1.e1,0,2,2,2,1,3
TrSC58v2_7255.t1,0,1,1,1,1,3
TrSC58v2_7255.t1.e1,0,2,2,2,1,3
TrSC58v2_7256.t1,0,0,2,2,1,11
TrSC58v2_7256.t1.e1,0,3,3,3,1,12
TrSC58v2_7257.t1,0,0,1,0,0,1
TrSC58v2_7257.t1.e1,0,0,1,0,0,2
TrSC58v2_7258.t1,0,17,7,8,6,31
TrSC58v2_7258.t1.e1,0,24,10,10,7,34
TrSC58v2_7262.t1,0,2,2,5,3,15
TrSC58v2_7262.t1.e1,0,4,11,6,4,17
TrSC58v2_7267.t1,0,1,13,15,4,34
TrSC58v2_7267.t1.e1,0,1,16,14,4,38
TrSC58v2_7268.t1,0,0,0,8,7,16
TrSC58v2_7268.t1.e1,0,0,2,6,7,22
TrSC58v2_7274.t1,0,1,1,1,5,12
TrSC58v2_7274.t1.e1,0,2,3,4,6,13
TrSC58v2_7276.t1,0,0,0,0,6,10
TrSC58v2_7276.t1.e1,0,0,0,0,7,11
TrSC58v2_7283.t1,0,0,0,4,1,13
TrSC58v2_7283.t1.e1,0,4,0,14,7,15
TrSC58v2_7302.t1.e1,0,0,0,0,0,0
TrSC58v2_7302.t1,0,0,0,0,0,0
TrSC58v2_7405.t1,0,0,0,0,0,0
TrSC58v2_7405.t1.e1,0,0,0,0,0,0
TrSC58v2_7508.t1,0,3,0,1,7,23
TrSC58v2_7508.t1.e1,0,4,8,26,9,29
TrSC58v2_7509.t1,0,0,0,1,4,32
TrSC58v2_7509.t1.e1,0,4,6,15,5,26
TrSC58v2_7515.t1,0,0,1,0,0,3
TrSC58v2_7515.t1.e1,0,0,2,0,1,3
TrSC58v2_7516.t1,0,0,0,0,0,1
TrSC58v2_7516.t1.e1,0,0,0,0,0,1
TrSC58v2_7518.t1,0,1,2,0,0,4
TrSC58v2_7518.t1.e1,0,2,2,2,0,5
TrSC58v2_7519.t1,0,0,1,4,4,6
TrSC58v2_7519.t1.e1,0,0,1,4,5,4
TrSC58v2_7520.t1,0,0,0,0,12,6
TrSC58v2_7520.t1.e1,0,0,0,8,5,10
TrSC58v2_7521.t1,0,0,0,1,0,1
TrSC58v2_7521.t1.e1,0,2,2,1,5,10
TrSC58v2_7527.t1,0,1,10,14,10,53
TrSC58v2_7527.t1.e1,0,5,13,19,13,60
TrSC58v2_7529.t1,0,1,0,0,0,2
TrSC58v2_7529.t1.e1,0,2,0,2,0,3
TrSC58v2_7530.t1,0,0,0,9,5,14
TrSC58v2_7530.t1.e1,0,4,9,11,7,41
TrSC58v2_7532.t1,0,4,1,11,1,11
TrSC58v2_7532.t1.e1,0,5,3,12,4,12
TrSC58v2_7537.t1,0,3,0,3,8,18
TrSC58v2_7537.t1.e1,0,3,27,16,10,24
TrSC58v2_7574.t1,0,0,10,8,7,5
TrSC58v2_7574.t1.e1,0,0,11,10,8,7
TrSC58v2_7576.t1,0,11,17,19,14,62
TrSC58v2_7576.t1.e1,0,16,20,22,15,79
TrSC58v2_7580.t1,0,0,0,2,0,5
TrSC58v2_7580.t1.e1,0,7,0,13,8,51
TrSC58v2_7582.t1,0,1,0,1,1,3
TrSC58v2_7582.t1.e1,0,2,8,1,1,7
TrSC58v2_7590.t1,0,0,5,2,5,26
TrSC58v2_7590.t1.e1,0,7,6,17,6,28
TrSC58v2_7594.t1,0,0,6,4,0,11
TrSC58v2_7594.t1.e1,0,0,9,5,8,15
TrSC58v2_7595.t1,0,0,0,7,1,12
TrSC58v2_7595.t1.e1,0,0,7,7,8,13
TrSC58v2_7596.t1,0,0,0,0,1,1
TrSC58v2_7596.t1.e1,0,0,0,0,2,1
TrSC58v2_7598.t1,0,0,0,0,0,9
TrSC58v2_7598.t1.e1,0,0,2,4,0,11
TrSC58v2_7601.t1,0,0,0,0,0,2
TrSC58v2_7601.t1.e1,0,0,0,0,0,2
TrSC58v2_7602.t1,0,0,1,0,0,10
TrSC58v2_7602.t1.e1,0,0,2,0,0,3
TrSC58v2_7603.t1,0,0,0,0,0,1
TrSC58v2_7603.t1.e1,0,0,0,0,0,1
TrSC58v2_7604.t1,0,0,5,3,1,14
TrSC58v2_7604.t1.e1,0,0,5,4,1,19
TrSC58v2_7606.t1,0,0,1,10,0,1
TrSC58v2_7606.t1.e1,0,0,7,12,0,32
TrSC58v2_7607.t1,0,0,1,2,7,26
TrSC58v2_7607.t1.e1,0,3,20,23,10,33
TrSC58v2_7660.t1,0,0,5,0,0,5
TrSC58v2_7660.t1.e1,0,0,7,18,7,43
MSTRG.7509.1,0,0,13,5,3,52
MSTRG.7512.1,0,3,35,19,15,77
TrSC58v2_7740.t1,0,1,1,2,0,4
TrSC58v2_7740.t1.e1,0,1,2,2,1,5
TrSC58v2_7741.t1,0,0,0,0,0,0
TrSC58v2_7741.t1.e1,0,0,0,3,0,0
TrSC58v2_7802.t1,0,2,5,9,6,15
TrSC58v2_7802.t1.e1,0,13,5,19,6,18
TrSC58v2_7813.t1,0,0,0,3,1,5
TrSC58v2_7813.t1.e1,0,0,0,2,2,4
TrSC58v2_7816.t1,0,0,0,1,1,0
TrSC58v2_7816.t1.e1,0,0,4,19,14,15
TrSC58v2_7817.t1,0,3,8,5,16,40
TrSC58v2_7817.t1.e1,0,3,11,42,19,49
TrSC58v2_7819.t1,0,0,1,0,0,32
TrSC58v2_7819.t1.e1,0,8,19,9,8,34
TrSC58v2_7826.t1,0,1,4,4,4,9
TrSC58v2_7826.t1.e1,0,4,4,5,4,10
TrSC58v2_7832.t1,0,0,2,6,0,6
TrSC58v2_7832.t1.e1,0,4,3,7,0,6
TrSC58v2_7833.t1,0,0,2,1,5,13
TrSC58v2_7833.t1.e1,0,0,6,2,5,16
TrSC58v2_7882.t1,0,0,0,0,0,2
TrSC58v2_7882.t1.e1,0,3,7,4,0,19
TrSC58v2_7890.t1,0,0,1,1,0,1
TrSC58v2_7890.t1.e1,0,0,1,1,1,2
TrSC58v2_7891.t1,0,0,1,1,0,2
TrSC58v2_7891.t1.e1,0,1,1,1,1,2
TrSC58v2_7892.t1,0,0,1,1,0,2
TrSC58v2_7892.t1.e1,0,1,1,1,1,2
TrSC58v2_7893.t1,0,0,0,1,0,2
TrSC58v2_7893.t1.e1,0,1,0,1,1,2
TrSC58v2_7894.t1,0,0,0,1,0,2
TrSC58v2_7894.t1.e1,0,1,0,1,1,2
TrSC58v2_7895.t1,0,2,0,2,0,5
TrSC58v2_7895.t1.e1,0,2,1,3,1,8
TrSC58v2_7896.t1,0,3,1,6,1,16
TrSC58v2_7896.t1.e1,0,4,2,7,4,14
TrSC58v2_7906.t1,0,0,0,1,0,0
TrSC58v2_7906.t1.e1,0,0,0,1,0,0
TrSC58v2_7915.t1,0,2,5,10,3,25
TrSC58v2_7915.t1.e1,0,2,5,12,7,27
TrSC58v2_7920.t1,0,0,1,0,0,1
TrSC58v2_7920.t1.e1,0,0,1,6,4,5
TrSC58v2_7973.t1,0,0,0,0,0,0
TrSC58v2_7973.t1.e1,0,0,0,0,1,1
MSTRG.7828.1,0,6,7,1,2,27
TrSC58v2_7985.t1.e1,0,0,0,0,0,0
TrSC58v2_7985.t1,0,0,0,0,0,0
TrSC58v2_7995.t1,0,1,1,0,0,1
TrSC58v2_7995.t1.e1,0,2,4,0,0,3
TrSC58v2_7998.t1,0,0,8,0,0,1
TrSC58v2_7998.t1.e1,0,0,9,19,8,76
TrSC58v2_8002.t1,0,1,17,13,1,57
TrSC58v2_8002.t1.e1,0,1,19,15,12,69
TrSC58v2_8006.t1,0,0,8,5,0,20
TrSC58v2_8006.t1.e1,0,0,9,6,0,24
TrSC58v2_8010.t1,0,5,1,6,3,3
TrSC58v2_8010.t1.e1,0,7,7,7,3,45
TrSC58v2_8013.t1,0,0,8,5,0,50
TrSC58v2_8013.t1.e1,0,8,10,7,15,64
TrSC58v2_8014.t1,0,5,6,0,8,34
TrSC58v2_8014.t1.e1,0,7,7,17,11,38
TrSC58v2_8034.t1,0,0,1,6,1,14
TrSC58v2_8034.t1.e1,0,0,4,7,6,13
TrSC58v2_8037.t1,0,0,1,2,4,16
TrSC58v2_8037.t1.e1,0,0,2,15,5,15
TrSC58v2_8038.t1,0,0,0,1,1,2
TrSC58v2_8038.t1.e1,0,0,0,1,3,3
TrSC58v2_8039.t1,0,1,1,6,0,14
TrSC58v2_8039.t1.e1,0,10,9,9,4,15
TrSC58v2_8051.t1,0,5,12,0,8,1
TrSC58v2_8051.t1.e1,0,6,14,28,9,85
MSTRG.7903.1,0,0,23,4,0,30
TrSC58v2_8054.t1,0,0,0,1,0,8
TrSC58v2_8054.t1.e1,0,0,11,11,4,13
TrSC58v2_8065.t1,0,0,1,1,2,2
TrSC58v2_8065.t1.e1,0,0,1,1,1,1
TrSC58v2_8067.t1,0,0,1,3,0,0
TrSC58v2_8067.t1.e1,0,2,1,3,2,6
TrSC58v2_8069.t1,0,0,0,0,0,1
TrSC58v2_8069.t1.e1,0,0,0,5,0,4
TrSC58v2_8070.t1,0,0,0,0,1,1
TrSC58v2_8070.t1.e1,0,0,0,0,4,4
TrSC58v2_8071.t1,0,0,0,0,0,2
TrSC58v2_8071.t1.e1,0,0,0,0,0,6
TrSC58v2_8073.t1,0,5,14,7,18,2
TrSC58v2_8073.t1.e1,0,6,17,9,22,91
TrSC58v2_8074.t1,0,0,4,5,8,23
TrSC58v2_8074.t1.e1,0,0,5,6,9,29
TrSC58v2_8077.t1,0,8,0,1,1,1
TrSC58v2_8077.t1.e1,0,12,12,45,24,61
TrSC58v2_8084.t1,0,0,1,5,1,7
TrSC58v2_8084.t1.e1,0,4,3,6,7,7
TrSC58v2_8088.t1,0,1,12,1,0,47
TrSC58v2_8088.t1.e1,0,3,14,16,8,49
TrSC58v2_8089.t1,0,1,8,0,0,12
TrSC58v2_8089.t1.e1,0,4,9,0,0,13
TrSC58v2_8093.t1,0,5,0,1,1,3
TrSC58v2_8093.t1.e1,0,6,22,59,31,143
TrSC58v2_8094.t1,0,0,1,12,6,12
TrSC58v2_8094.t1.e1,0,0,2,13,7,13
TrSC58v2_8096.t1,0,0,0,3,0,9
TrSC58v2_8096.t1.e1,0,0,6,4,0,11
TrSC58v2_8143.t1,0,1,6,2,3,7
TrSC58v2_8143.t1.e1,0,2,8,2,4,7
TrSC58v2_8147.t1,0,3,0,8,7,25
TrSC58v2_8147.t1.e1,0,3,11,8,8,33
MSTRG.8003.1,0,0,4,5,4,35
TrSC58v2_8236.t1,0,1,1,0,1,4
TrSC58v2_8236.t1.e1,0,3,2,3,3,14
TrSC58v2_8240.t1,0,0,0,2,1,17
TrSC58v2_8240.t1.e1,0,0,7,3,9,19
TrSC58v2_8242.t1,0,0,0,0,1,1
TrSC58v2_8242.t1.e1,0,4,4,0,3,3
TrSC58v2_8246.t1,0,1,1,4,9,18
TrSC58v2_8246.t1.e1,0,14,15,5,10,20
TrSC58v2_8248.t1,0,0,0,0,0,18
TrSC58v2_8248.t1.e1,0,0,12,12,0,20
TrSC58v2_8252.t1,0,0,1,0,1,2
TrSC58v2_8252.t1.e1,0,0,1,0,3,3
TrSC58v2_8264.t1,0,1,0,0,3,2
TrSC58v2_8264.t1.e1,0,5,8,16,3,8
TrSC58v2_8278.t1,0,4,0,9,0,36
TrSC58v2_8278.t1.e1,0,5,12,10,0,42
TrSC58v2_8287.t1.e1,0,0,0,0,0,0
TrSC58v2_8287.t1,0,0,0,0,0,0
TrSC58v2_8289.t1,0,0,1,1,0,1
TrSC58v2_8289.t1.e1,0,0,1,1,0,1
TrSC58v2_8352.t1,0,0,0,0,0,0
TrSC58v2_8352.t1.e1,0,0,0,0,0,0
TrSC58v2_8353.t1,0,0,0,0,0,0
TrSC58v2_8353.t1.e1,0,0,0,0,0,0
TrSC58v2_8354.t1,0,0,0,0,0,0
TrSC58v2_8354.t1.e1,0,0,0,0,0,0
TrSC58v2_8355.t1,0,0,0,0,0,0
TrSC58v2_8355.t1.e1,0,0,0,0,0,0
TrSC58v2_8356.t1,0,0,0,0,0,0
TrSC58v2_8356.t1.e1,0,0,0,0,0,0
TrSC58v2_8357.t1,0,0,0,0,0,0
TrSC58v2_8357.t1.e1,0,0,0,0,0,0
TrSC58v2_8358.t1,0,0,0,0,0,0
TrSC58v2_8358.t1.e1,0,0,0,0,0,0
TrSC58v2_8359.t1,0,0,0,0,0,0
TrSC58v2_8359.t1.e1,0,0,0,0,0,0
TrSC58v2_8360.t1,0,0,0,0,0,0
TrSC58v2_8360.t1.e1,0,0,0,0,0,0
TrSC58v2_8361.t1,0,0,0,0,0,0
TrSC58v2_8361.t1.e1,0,0,0,0,0,0
TrSC58v2_8362.t1,0,0,0,0,0,0
TrSC58v2_8362.t1.e1,0,0,0,0,0,0
TrSC58v2_8363.t1,0,0,0,0,0,0
TrSC58v2_8363.t1.e1,0,0,0,0,0,0
TrSC58v2_8364.t1,0,0,0,0,0,1
TrSC58v2_8364.t1.e1,0,0,0,0,0,1
TrSC58v2_8365.t1,0,0,0,0,0,0
TrSC58v2_8365.t1.e1,0,0,0,0,0,1
TrSC58v2_8366.t1,0,0,0,0,0,0
TrSC58v2_8366.t1.e1,0,0,0,0,0,1
TrSC58v2_8367.t1,0,0,0,0,0,0
TrSC58v2_8367.t1.e1,0,0,0,0,0,1
TrSC58v2_8371.t1,0,0,0,6,4,2
TrSC58v2_8371.t1.e1,0,0,4,9,6,18
TrSC58v2_8378.t1,0,5,10,6,4,35
TrSC58v2_8378.t1.e1,0,7,14,9,5,41
TrSC58v2_8380.t1,0,0,2,10,5,22
TrSC58v2_8380.t1.e1,0,0,3,14,5,24
TrSC58v2_8385.t1,0,0,0,0,1,4
TrSC58v2_8385.t1.e1,0,0,0,0,1,5
MSTRG.8223.1,0,10,5,9,2,44
MSTRG.8232.1,0,9,7,18,8,52
TrSC58v2_8392.t1,0,1,1,3,1,2
TrSC58v2_8392.t1.e1,0,1,1,2,1,2
TrSC58v2_8393.t1,0,1,1,1,1,1
TrSC58v2_8393.t1.e1,0,1,1,1,1,1
TrSC58v2_8398.t1,0,1,1,0,0,1
TrSC58v2_8398.t1.e1,0,2,4,0,0,11
TrSC58v2_8404.t1,0,0,1,1,2,16
TrSC58v2_8404.t1.e1,0,0,3,27,3,17
TrSC58v2_8410.t1,0,0,7,8,0,0
TrSC58v2_8410.t1.e1,0,0,9,12,11,42
TrSC58v2_8411.t1,0,2,1,5,0,24
TrSC58v2_8411.t1.e1,0,7,1,7,8,26
TrSC58v2_8413.t1,0,0,4,0,2,16
TrSC58v2_8413.t1.e1,0,0,4,4,14,18
TrSC58v2_8417.t1,0,1,1,7,2,14
TrSC58v2_8417.t1.e1,0,4,14,9,16,20
TrSC58v2_8419.t1,0,0,0,0,0,1
TrSC58v2_8419.t1.e1,0,0,0,3,0,1
TrSC58v2_8477.t1,0,0,0,1,1,11
TrSC58v2_8477.t1.e1,0,0,0,3,1,10
TrSC58v2_8478.t1,0,0,12,9,4,17
TrSC58v2_8478.t1.e1,0,4,15,11,5,19
TrSC58v2_8494.t1,0,0,7,11,2,13
TrSC58v2_8494.t1.e1,0,0,7,10,14,15
TrSC58v2_8495.t1,0,0,1,7,0,0
TrSC58v2_8495.t1.e1,0,5,23,8,0,31
TrSC58v2_8544.t1.e1,0,0,0,0,0,0
TrSC58v2_8544.t1,0,0,0,0,0,0
TrSC58v2_8545.t1,0,0,0,1,1,2
TrSC58v2_8545.t1.e1,0,0,0,1,1,2
TrSC58v2_8578.t1,0,0,1,0,2,22
TrSC58v2_8578.t1.e1,0,0,12,0,3,24
TrSC58v2_8581.t1,0,6,1,1,0,25
TrSC58v2_8581.t1.e1,0,7,22,14,8,26
TrSC58v2_8583.t1,0,0,17,9,6,30
TrSC58v2_8583.t1.e1,0,11,20,12,10,40
TrSC58v2_8587.t1,0,0,1,1,5,2
TrSC58v2_8587.t1.e1,0,3,4,8,6,28
TrSC58v2_8589.t1,0,6,0,1,0,18
TrSC58v2_8589.t1.e1,0,7,29,14,7,21
TrSC58v2_8590.t1,0,0,0,2,0,14
TrSC58v2_8590.t1.e1,0,0,17,2,3,29
TrSC58v2_8591.t1,0,1,0,1,0,2
TrSC58v2_8591.t1.e1,0,3,10,2,5,3
TrSC58v2_8592.t1,0,1,4,2,0,2
TrSC58v2_8592.t1.e1,0,4,6,2,5,2
TrSC58v2_8593.t1,0,0,2,2,0,2
TrSC58v2_8593.t1.e1,0,0,4,2,0,4
TrSC58v2_8594.t1,0,0,7,8,15,19
TrSC58v2_8594.t1.e1,0,3,10,10,19,26
TrSC58v2_8595.t1,0,0,5,5,3,16
TrSC58v2_8595.t1.e1,0,0,5,5,4,18
TrSC58v2_8597.t1,0,0,0,2,4,3
TrSC58v2_8597.t1.e1,0,0,0,6,5,24
TrSC58v2_8632.t1,0,0,0,0,0,20
TrSC58v2_8632.t1.e1,0,4,15,14,3,24
TrSC58v2_8637.t1,0,0,0,0,0,2
TrSC58v2_8637.t1.e1,0,2,0,2,3,7
TrSC58v2_8638.t1,0,0,1,1,0,2
TrSC58v2_8638.t1.e1,0,0,3,2,0,5
TrSC58v2_8641.t1,0,0,2,3,2,10
TrSC58v2_8641.t1.e1,0,0,5,3,3,10
TrSC58v2_8642.t1,0,1,2,0,1,7
TrSC58v2_8642.t1.e1,0,6,6,0,2,7
TrSC58v2_8648.t1,0,0,0,1,0,1
TrSC58v2_8648.t1.e1,0,0,0,2,0,1
TrSC58v2_8649.t1,0,0,0,0,0,0
TrSC58v2_8649.t1.e1,0,0,0,0,0,0
TrSC58v2_8704.t1,0,0,4,0,1,5
TrSC58v2_8704.t1.e1,0,2,5,8,1,5
TrSC58v2_8706.t1,0,1,1,1,1,2
TrSC58v2_8706.t1.e1,0,2,1,2,2,9
TrSC58v2_8707.t1,0,0,0,0,0,0
TrSC58v2_8707.t1.e1,0,1,1,1,0,4
TrSC58v2_8708.t1,0,0,0,0,0,0
TrSC58v2_8708.t1.e1,0,1,1,1,0,4
TrSC58v2_8709.t1,0,1,1,1,1,2
TrSC58v2_8709.t1.e1,0,2,1,2,1,10
TrSC58v2_8710.t1.e1,0,0,0,0,0,0
TrSC58v2_8710.t1,0,0,0,0,0,0
TrSC58v2_8711.t1.e1,0,0,0,0,0,0
TrSC58v2_8711.t1,0,0,0,0,0,0
TrSC58v2_8712.t1.e1,0,0,0,0,0,0
TrSC58v2_8712.t1,0,0,0,0,0,0
TrSC58v2_8713.t1.e1,0,0,0,0,0,0
TrSC58v2_8713.t1,0,0,0,0,0,0
TrSC58v2_8714.t1.e1,0,0,0,0,0,0
TrSC58v2_8714.t1,0,0,0,0,0,0
TrSC58v2_8715.t1.e1,0,0,0,0,0,0
TrSC58v2_8715.t1,0,0,0,0,0,0
TrSC58v2_8716.t1.e1,0,0,0,0,0,0
TrSC58v2_8716.t1,0,0,0,0,0,0
TrSC58v2_8717.t1.e1,0,0,0,0,0,0
TrSC58v2_8717.t1,0,0,0,0,0,0
TrSC58v2_8718.t1.e1,0,0,0,0,0,0
TrSC58v2_8718.t1,0,0,0,0,0,0
TrSC58v2_8719.t1.e1,0,0,0,0,0,0
TrSC58v2_8719.t1,0,0,0,0,0,0
TrSC58v2_8720.t1.e1,0,0,0,0,0,0
TrSC58v2_8720.t1,0,0,0,0,0,0
TrSC58v2_8721.t1.e1,0,0,0,0,0,0
TrSC58v2_8721.t1,0,0,0,0,0,0
TrSC58v2_8722.t1.e1,0,0,0,0,0,0
TrSC58v2_8722.t1,0,0,0,0,0,0
TrSC58v2_8723.t1.e1,0,0,0,0,0,0
TrSC58v2_8723.t1,0,0,0,0,0,0
TrSC58v2_8724.t1.e1,0,0,0,0,0,0
TrSC58v2_8724.t1,0,0,0,0,0,0
TrSC58v2_8725.t1.e1,0,0,0,0,0,0
TrSC58v2_8725.t1,0,0,0,0,0,0
TrSC58v2_8726.t1.e1,0,0,0,0,0,0
TrSC58v2_8726.t1,0,0,0,0,0,0
TrSC58v2_8727.t1.e1,0,0,0,0,0,0
TrSC58v2_8727.t1,0,0,0,0,0,0
TrSC58v2_8728.t1.e1,0,0,0,0,0,0
TrSC58v2_8728.t1,0,0,0,0,0,0
TrSC58v2_8730.t1,0,9,7,8,0,16
TrSC58v2_8730.t1.e1,0,12,8,9,11,19
TrSC58v2_8736.t1,0,1,5,0,1,37
TrSC58v2_8736.t1.e1,0,2,6,38,8,40
TrSC58v2_8739.t1,0,0,2,9,0,39
TrSC58v2_8739.t1.e1,0,0,21,10,21,47
TrSC58v2_8745.t1,0,1,2,10,2,19
TrSC58v2_8745.t1.e1,0,1,7,11,3,20
TrSC58v2_8747.t1,0,1,1,2,0,3
TrSC58v2_8747.t1.e1,0,2,2,3,0,20
TrSC58v2_8748.t1,0,0,4,8,6,25
TrSC58v2_8748.t1.e1,0,11,6,11,7,31
TrSC58v2_8753.t1,0,0,0,3,0,15
TrSC58v2_8753.t1.e1,0,0,0,10,4,17
TrSC58v2_8763.t1,0,0,0,4,6,8
TrSC58v2_8763.t1.e1,0,4,0,5,6,9
TrSC58v2_8767.t1,0,0,1,1,0,1
TrSC58v2_8767.t1.e1,0,0,1,1,0,1
TrSC58v2_8776.t1,0,1,1,8,4,27
TrSC58v2_8776.t1.e1,0,7,19,9,5,28
TrSC58v2_8786.t1,0,0,0,0,3,0
TrSC58v2_8786.t1.e1,0,6,0,3,4,4
MSTRG.8604.1,0,18,83,122,43,229
TrSC58v2_8796.t1,0,6,6,22,14,30
TrSC58v2_8796.t1.e1,0,9,6,24,17,37
TrSC58v2_8817.t1,0,0,1,2,2,14
TrSC58v2_8817.t1.e1,0,0,5,11,4,16
TrSC58v2_8818.t1,0,1,1,0,0,6
TrSC58v2_8818.t1.e1,0,8,3,0,0,7
TrSC58v2_8819.t1,0,0,1,16,1,18
TrSC58v2_8819.t1.e1,0,8,2,20,10,20
TrSC58v2_8821.t1,0,7,7,0,1,23
TrSC58v2_8821.t1.e1,0,9,9,36,21,25
TrSC58v2_8825.t1,0,1,1,0,0,14
TrSC58v2_8825.t1.e1,0,5,8,11,0,16
TrSC58v2_8826.t1,0,0,0,0,0,0
TrSC58v2_8826.t1.e1,0,0,0,0,0,0
TrSC58v2_8829.t1,0,1,4,16,8,30
TrSC58v2_8829.t1.e1,0,2,12,18,8,33
TrSC58v2_8830.t1,0,0,0,1,1,10
TrSC58v2_8830.t1.e1,0,4,4,14,12,11
TrSC58v2_8833.t1,0,0,5,3,7,24
TrSC58v2_8833.t1.e1,0,3,6,13,8,24
TrSC58v2_8838.t1,0,0,0,0,0,19
TrSC58v2_8838.t1.e1,0,0,4,8,16,22
TrSC58v2_8850.t1,0,0,1,0,1,8
TrSC58v2_8850.t1.e1,0,0,1,0,5,7
TrSC58v2_8855.t1,0,1,14,10,9,34
TrSC58v2_8855.t1.e1,0,1,15,11,9,38
TrSC58v2_8856.t1,0,0,0,0,1,33
TrSC58v2_8856.t1.e1,0,4,4,11,13,50
TrSC58v2_8857.t1,0,0,0,1,0,2
TrSC58v2_8857.t1.e1,0,4,0,4,8,12
TrSC58v2_8858.t1,0,0,0,2,0,0
TrSC58v2_8858.t1.e1,0,0,4,3,0,7
TrSC58v2_8865.t1,0,0,2,0,0,4
TrSC58v2_8865.t1.e1,0,0,3,0,3,5
TrSC58v2_8866.t1,0,0,0,2,0,14
TrSC58v2_8866.t1.e1,0,0,0,4,0,2
TrSC58v2_8873.t1,0,0,2,12,1,23
TrSC58v2_8873.t1.e1,0,0,3,2,4,25
TrSC58v2_8879.t1,0,0,0,0,0,0
TrSC58v2_8879.t1.e1,0,0,0,0,0,0
TrSC58v2_8880.t1,0,0,0,0,0,0
TrSC58v2_8880.t1.e1,0,0,0,0,0,0
TrSC58v2_8881.t1,0,0,0,0,0,0
TrSC58v2_8881.t1.e1,0,0,0,0,0,0
TrSC58v2_8882.t1,0,0,8,17,4,36
TrSC58v2_8882.t1.e1,0,4,12,19,4,42
TrSC58v2_8904.t1,0,7,13,7,3,38
TrSC58v2_8904.t1.e1,0,9,15,10,24,42
TrSC58v2_8911.t1,0,0,1,1,1,4
TrSC58v2_8911.t1.e1,0,2,2,1,3,4
TrSC58v2_8912.t1,0,0,0,2,1,2
TrSC58v2_8912.t1.e1,0,0,0,2,5,3
TrSC58v2_8913.t1,0,2,5,2,2,13
TrSC58v2_8913.t1.e1,0,4,6,3,12,14
TrSC58v2_8916.t1,0,0,1,0,0,2
TrSC58v2_8916.t1.e1,0,0,2,2,0,19
TrSC58v2_8929.t1,0,5,7,15,6,39
TrSC58v2_8929.t1.e1,0,6,9,16,6,44
TrSC58v2_8932.t1,0,0,0,2,1,25
TrSC58v2_8932.t1.e1,0,0,8,8,11,27
TrSC58v2_8941.t1,0,0,0,5,5,15
TrSC58v2_8941.t1.e1,0,0,0,5,5,17
MSTRG.8772.1,0,10,14,9,15,55
TrSC58v2_8967.t1,0,0,1,3,2,2
TrSC58v2_8967.t1.e1,0,0,1,3,2,2
TrSC58v2_8968.t1,0,1,1,3,1,8
TrSC58v2_8968.t1.e1,0,1,1,3,2,8
TrSC58v2_8978.t1,0,3,7,2,0,22
TrSC58v2_8978.t1.e1,0,4,8,16,3,24
TrSC58v2_8985.t1,0,1,1,6,3,3
TrSC58v2_8985.t1.e1,0,3,3,6,4,6
TrSC58v2_8987.t1,0,0,0,5,8,34
TrSC58v2_8987.t1.e1,0,4,4,7,10,37
TrSC58v2_8992.t1,0,0,0,1,0,2
TrSC58v2_8992.t1.e1,0,0,0,4,0,11
TrSC58v2_8999.t1,0,0,0,0,0,1
TrSC58v2_8999.t1.e1,0,0,4,0,0,3
TrSC58v2_9039.t1,0,0,4,0,0,2
TrSC58v2_9039.t1.e1,0,0,5,0,0,7
TrSC58v2_9040.t1,0,5,5,7,12,29
TrSC58v2_9040.t1.e1,0,7,6,9,16,37
TrSC58v2_9042.t1,0,0,0,0,1,1
TrSC58v2_9042.t1.e1,0,0,0,0,10,22
TrSC58v2_9045.t1,0,0,0,1,0,6
TrSC58v2_9045.t1.e1,0,0,0,8,0,7
MSTRG.8922.1,0,0,12,13,34,5
TrSC58v2_9115.t1,0,9,15,29,2,68
TrSC58v2_9115.t1.e1,0,11,17,32,36,78
TrSC58v2_9136.t1,0,0,0,0,2,3
TrSC58v2_9136.t1.e1,0,0,2,2,2,4
TrSC58v2_9137.t1,0,0,1,0,1,1
TrSC58v2_9137.t1.e1,0,0,1,0,1,2
TrSC58v2_9138.t1.e1,0,0,0,0,1,0
TrSC58v2_9138.t1,0,0,0,0,1,0
TrSC58v2_9139.t1,0,0,0,0,2,3
TrSC58v2_9139.t1.e1,0,0,2,1,2,4
TrSC58v2_9142.t1,0,2,0,6,3,32
TrSC58v2_9142.t1.e1,0,3,12,8,6,28
TrSC58v2_9146.t1,0,0,15,13,2,30
TrSC58v2_9146.t1.e1,0,4,17,14,3,35
MSTRG.8958.1,0,4,16,10,12,71
TrSC58v2_9156.t1.e1,0,0,0,0,0,0
TrSC58v2_9156.t1,0,0,0,0,0,0
TrSC58v2_9157.t1,0,1,1,0,1,1
TrSC58v2_9157.t1.e1,0,12,4,0,3,5
TrSC58v2_9183.t1,0,0,3,5,5,17
TrSC58v2_9183.t1.e1,0,0,4,7,6,18
TrSC58v2_9184.t1,0,0,4,0,1,12
TrSC58v2_9184.t1.e1,0,0,4,0,4,13
TrSC58v2_9188.t1,0,0,1,15,3,39
TrSC58v2_9188.t1.e1,0,7,17,19,3,46
MSTRG.8999.1,0,5,12,20,4,27
TrSC58v2_9262.t1,0,0,0,0,0,0
TrSC58v2_9262.t1.e1,0,0,0,0,0,0
TrSC58v2_9263.t1,0,0,0,0,0,0
TrSC58v2_9263.t1.e1,0,0,0,0,0,0
TrSC58v2_9272.t1,0,0,3,0,0,1
TrSC58v2_9272.t1.e1,0,0,4,12,0,16
TrSC58v2_9275.t1,0,4,10,9,8,30
TrSC58v2_9275.t1.e1,0,5,12,12,7,34
TrSC58v2_9277.t1,0,0,1,3,0,4
TrSC58v2_9277.t1.e1,0,0,4,3,0,5
TrSC58v2_9278.t1,0,0,0,0,0,0
TrSC58v2_9278.t1.e1,0,0,0,0,0,0
TrSC58v2_9279.t1,0,0,0,0,0,0
TrSC58v2_9279.t1.e1,0,0,0,0,0,0
TrSC58v2_9282.t1,0,0,6,10,3,16
TrSC58v2_9282.t1.e1,0,6,8,13,4,25
TrSC58v2_9283.t1,0,0,0,2,0,0
TrSC58v2_9283.t1.e1,0,0,0,2,0,0
TrSC58v2_9286.t1,0,0,0,0,0,1
TrSC58v2_9286.t1.e1,0,0,0,0,0,5
TrSC58v2_9287.t1,0,0,0,0,0,0
TrSC58v2_9287.t1.e1,0,0,0,0,0,0
TrSC58v2_9288.t1,0,0,0,0,0,1
TrSC58v2_9288.t1.e1,0,0,0,4,0,1
TrSC58v2_9293.t1,0,0,0,9,0,1
TrSC58v2_9293.t1.e1,0,0,12,10,0,53
TrSC58v2_9297.t1,0,2,3,0,6,3
TrSC58v2_9297.t1.e1,0,3,15,16,7,40
TrSC58v2_9301.t1,0,0,0,2,1,1
TrSC58v2_9301.t1.e1,0,0,1,3,1,2
TrSC58v2_9314.t1,0,0,0,0,0,0
TrSC58v2_9314.t1.e1,0,0,0,0,0,0
TrSC58v2_9315.t1,0,1,0,0,0,13
TrSC58v2_9315.t1.e1,0,5,12,11,5,15
TrSC58v2_9316.t1,0,0,1,3,2,7
TrSC58v2_9316.t1.e1,0,0,3,3,11,7
MSTRG.9097.1,0,7,7,16,11,34
TrSC58v2_9323.t1,0,0,0,15,7,34
TrSC58v2_9323.t1.e1,0,11,26,18,9,37
TrSC58v2_9331.t1,0,1,0,0,0,3
TrSC58v2_9331.t1.e1,0,1,0,0,2,3
TrSC58v2_9332.t1,0,1,0,4,3,12
TrSC58v2_9332.t1.e1,0,1,3,4,3,11
TrSC58v2_9336.t1,0,1,0,0,0,2
TrSC58v2_9336.t1.e1,0,2,0,1,1,3
TrSC58v2_9339.t1,0,0,0,0,1,0
TrSC58v2_9339.t1.e1,0,0,0,0,1,0
TrSC58v2_9340.t1,0,0,1,3,2,5
TrSC58v2_9340.t1.e1,0,0,3,8,5,12
TrSC58v2_9342.t1,0,0,3,0,0,7
TrSC58v2_9342.t1.e1,0,0,4,8,8,14
TrSC58v2_9343.t1,0,0,0,0,0,1
TrSC58v2_9343.t1.e1,0,0,0,0,4,4
MSTRG.9122.1,0,0,8,30,3,12
TrSC58v2_9346.t1,0,0,7,0,1,4
TrSC58v2_9346.t1.e1,0,4,8,12,2,4
TrSC58v2_9352.t1,0,0,0,0,0,1
TrSC58v2_9352.t1.e1,0,0,0,0,0,10
MSTRG.9130.1,0,0,4,5,5,37
TrSC58v2_9354.t1,0,1,0,1,1,1
TrSC58v2_9354.t1.e1,0,4,0,2,1,1
TrSC58v2_9372.t1,0,0,1,2,6,22
TrSC58v2_9372.t1.e1,0,4,3,4,7,25
TrSC58v2_9380.t1,0,1,0,0,0,2
TrSC58v2_9380.t1.e1,0,3,0,0,0,5
TrSC58v2_9383.t1,0,1,1,0,0,1
TrSC58v2_9383.t1.e1,0,1,2,3,0,7
TrSC58v2_9388.t1,0,0,1,2,1,11
TrSC58v2_9388.t1.e1,0,0,3,13,1,13
TrSC58v2_9401.t1,0,0,1,3,0,4
TrSC58v2_9401.t1.e1,0,4,1,3,2,5
TrSC58v2_9407.t1,0,1,2,2,1,9
TrSC58v2_9407.t1.e1,0,8,6,4,2,11
TrSC58v2_9408.t1,0,0,0,0,0,2
TrSC58v2_9408.t1.e1,0,0,0,0,0,2
TrSC58v2_9410.t1,0,0,0,0,0,3
TrSC58v2_9410.t1.e1,0,0,0,0,0,4
MSTRG.9180.1,0,8,29,16,20,29
TrSC58v2_9418.t1,0,1,7,3,7,19
TrSC58v2_9418.t1.e1,0,1,8,4,8,21
TrSC58v2_9427.t1,0,2,2,4,0,16
TrSC58v2_9427.t1.e1,0,2,3,6,9,23
TrSC58v2_9432.t1,0,0,0,1,1,1
TrSC58v2_9432.t1.e1,0,0,0,1,1,2
TrSC58v2_9439.t1,0,0,0,0,0,0
TrSC58v2_9439.t1.e1,0,0,0,0,0,3
TrSC58v2_9440.t1.e1,0,0,0,0,0,1
TrSC58v2_9440.t1,0,0,0,0,0,1
TrSC58v2_9441.t1,0,0,1,1,1,2
TrSC58v2_9441.t1.e1,0,0,1,1,1,2
TrSC58v2_9443.t1.e1,0,0,0,0,0,1
TrSC58v2_9443.t1,0,0,0,0,0,1
TrSC58v2_9445.t1,0,0,0,0,0,0
TrSC58v2_9445.t1.e1,0,0,0,0,0,0
TrSC58v2_9450.t1,0,0,1,1,0,2
TrSC58v2_9450.t1.e1,0,0,1,1,0,3
TrSC58v2_9451.t1,0,0,3,1,0,2
TrSC58v2_9451.t1.e1,0,0,2,1,0,1
TrSC58v2_9452.t1,0,0,0,1,0,1
TrSC58v2_9452.t1.e1,0,0,0,1,0,1
MSTRG.9229.1,0,5,14,13,0,57
