gene_id,SRR21831518,SRR21831519,SRR21831520,SRR21837144,SRR21837145,SRR21837146
MSTRG.10|TcCL_NonESM10836,2,2,4,3,6,19
TrSC58v2_2|TcCL_NonESM10836,0,0,0,10,5,23
MSTRG.9|TcCL_Unassigned06710,2,0,0,1,0,1
TrSC58v2_1|TcCL_Unassigned06710,1,0,0,1,0,2
MSTRG.2|HSP100,14,16,43,54,24,107
TrSC58v2_3|HSP100,10,13,1,45,18,80
MSTRG.15|ppp2r3c,5,3,5,10,6,18
TrSC58v2_11|ppp2r3c,0,0,5,8,5,15
MSTRG.16|TRSC58_00529,3,11,14,26,5,58
TrSC58v2_16|TRSC58_00529,0,10,13,21,4,48
MSTRG.17|RPL44,17,11,30,40,27,127
TrSC58v2_12|RPL44,1,10,23,32,21,104
MSTRG.18,4,9,22,12,24,59
TrSC58v2_13|TcCLB.507105.50,4,4,1,1,1,11
MSTRG.18|TcCLB.507105.50,7,4,7,14,7,45
TrSC58v2_14|TcCLB.507105.50,1,1,2,1,1,15
TrSC58v2_15|TcCLB.507105.50,1,1,5,1,5,21
MSTRG.19|ndvA,7,2,11,20,26,51
TrSC58v2_17|ndvA,5,1,10,17,23,44
MSTRG.20|SA85-1.1,1,7,11,12,8,18
TrSC58v2_18|SA85-1.1,1,5,9,11,7,16
TrSC58v2_9455,0,0,1,1,0,3
MSTRG.3,0,0,1,1,0,3
TrSC58v2_9457,0,0,2,2,0,2
MSTRG.4,0,0,2,3,0,3
TrSC58v2_9456,0,0,2,2,0,2
MSTRG.5,0,0,2,3,0,3
TrSC58v2_8,0,0,0,2,1,1
MSTRG.11,0,0,0,2,1,1
TrSC58v2_4|PHLC,2,0,2,1,1,1
MSTRG.7|PHLC,0,0,2,1,2,1
MSTRG.6|TRSC58_06771,3,4,8,23,7,50
TrSC58v2_5|TRSC58_06771,2,3,0,1,1,2
MSTRG.1|TCSYLVIO_011088,3,5,2,1,1,9
TrSC58v2_6|TCSYLVIO_011088,2,0,1,1,1,9
MSTRG.8|Tc_MARK_3892,9,4,19,10,7,35
TrSC58v2_7|Tc_MARK_3892,3,3,3,1,1,30
MSTRG.12|Lamb1,8,11,34,61,13,43
TrSC58v2_9|Lamb1,0,8,1,1,10,38
TrSC58v2_10|Copb2,8,6,19,37,25,96
MSTRG.13|Copb2,6,7,19,42,29,107
MSTRG.22|SA85-1.1,7,10,10,22,13,48
TrSC58v2_20|SA85-1.1,6,8,5,18,10,36
MSTRG.25|LPG1,2,2,4,5,9,11
MSTRG.21|SA85-1.1,3,7,21,21,15,32
TrSC58v2_19|SA85-1.1,2,5,14,18,12,31
MSTRG.24|GP85,2,0,0,0,0,2
TrSC58v2_22|GP85,0,0,0,0,0,1
MSTRG.27|LPG1,2,2,4,4,9,11
MSTRG.29|LPG1,2,2,4,4,9,10
MSTRG.33|TcCLB.510431.110,3,4,4,4,12,11
TrSC58v2_31|TcCLB.510431.110,0,0,3,0,0,9
MSTRG.35|TRSC58_02166,5,4,0,6,5,21
TrSC58v2_33|TRSC58_02166,4,1,0,0,5,29
MSTRG.36|Dyrk3,9,5,12,13,16,35
TrSC58v2_34|Dyrk3,0,4,0,12,14,31
MSTRG.31|Dcaf1,7,4,19,17,20,40
TrSC58v2_29|Dcaf1,6,0,13,16,19,31
MSTRG.37|abcD2,13,2,10,35,9,24
TrSC58v2_35|abcD2,0,1,8,2,6,14
MSTRG.38|NOG1,11,17,26,71,35,108
TrSC58v2_36|NOG1,10,15,22,63,33,99
MSTRG.40|TRSC58_05754,17,8,15,24,6,45
TrSC58v2_38|TRSC58_05754,14,7,0,20,5,40
MSTRG.44|HTD1,12,9,14,42,20,46
TrSC58v2_42|HTD1,2,7,12,2,18,41
MSTRG.46|C3747_1g413,6,6,9,9,11,35
TrSC58v2_44|C3747_1g413,0,5,7,8,10,31
MSTRG.47|prs,17,4,15,13,9,37
TrSC58v2_45|prs,0,0,14,13,6,33
MSTRG.41|TcYC6_0072100,19,11,31,14,13,56
TrSC58v2_39|TcYC6_0072100,14,10,0,11,11,45
MSTRG.48|TRSC58_07084,2,0,0,2,0,9
TrSC58v2_46|TRSC58_07084,0,0,0,0,0,0
MSTRG.52|TRSC58_00967,4,8,8,5,6,39
TrSC58v2_50|TRSC58_00967,0,0,7,4,1,3
MSTRG.50|PRORP2,4,7,3,13,5,32
TrSC58v2_48|PRORP2,0,1,3,10,4,29
MSTRG.51|RPL37,17,3,10,22,22,97
TrSC58v2_49|RPL37,14,3,10,19,17,83
MSTRG.53|SA85-1.1,3,1,12,9,7,27
TrSC58v2_51|SA85-1.1,0,1,11,8,6,22
MSTRG.56|Armc2,6,4,17,16,7,59
TrSC58v2_54|Armc2,5,0,3,12,5,8
MSTRG.57|TRSC58_01412,5,0,0,0,0,7
TrSC58v2_55|TRSC58_01412,4,0,0,0,0,1
MSTRG.58|TRSC58_02461,12,3,19,41,17,73
TrSC58v2_56|TRSC58_02461,8,0,13,35,15,65
MSTRG.60|TRSC58_02068,2,12,11,9,7,46
TrSC58v2_58|TRSC58_02068,1,0,0,2,1,3
MSTRG.61|TRSC58_05622,5,2,20,25,13,39
TrSC58v2_59|TRSC58_05622,2,2,16,20,11,36
MSTRG.66|TRSC58_00303,3,5,14,54,28,78
TrSC58v2_64|TRSC58_00303,1,4,11,0,19,61
MSTRG.67|KIN7N,4,4,11,12,5,31
TrSC58v2_65|KIN7N,0,0,10,10,3,26
MSTRG.69|sconB,3,3,14,10,11,39
TrSC58v2_66|sconB,0,2,13,2,10,33
MSTRG.63|At1g08940,5,4,11,35,11,16
TrSC58v2_61|At1g08940,4,0,0,0,0,14
MSTRG.73,5,0,7,8,8,43
MSTRG.72|TRSC58_00034,10,22,17,82,28,124
TrSC58v2_69|TRSC58_00034,9,19,14,2,25,104
MSTRG.74|C3747_1g435,3,7,7,14,15,20
TrSC58v2_70|C3747_1g435,0,5,5,11,11,14
MSTRG.75|TRSC58_02691,5,0,8,21,11,15
TrSC58v2_71|TRSC58_02691,0,0,6,17,8,13
MSTRG.81|C4B63_2g410,3,7,13,11,9,50
TrSC58v2_77|C4B63_2g410,0,2,3,9,8,47
MSTRG.82|TRSC58_00451,4,0,8,33,0,39
TrSC58v2_78|TRSC58_00451,0,0,0,1,0,3
MSTRG.78|CFAP91,5,7,25,39,23,83
TrSC58v2_74|CFAP91,4,5,18,2,20,67
MSTRG.86|galE,3,4,12,19,5,13
TrSC58v2_82|galE,1,0,0,0,0,0
MSTRG.84|LEA3,4,3,14,16,7,24
TrSC58v2_80|LEA3,3,1,4,15,6,23
MSTRG.87|TRSC58_01764,4,4,3,11,8,27
TrSC58v2_83|TRSC58_01764,0,0,1,9,0,11
MSTRG.85|TRSC58_01634,8,8,22,11,25,159
TrSC58v2_81|TRSC58_01634,7,6,16,10,1,3
MSTRG.88|sna41,4,0,11,9,14,22
TrSC58v2_84|sna41,3,0,1,8,10,18
MSTRG.89|TcYC6_0072550,3,10,4,10,18,47
TrSC58v2_85|TcYC6_0072550,0,8,0,7,16,36
MSTRG.91|oxct1,21,16,19,27,14,61
TrSC58v2_87|oxct1,1,1,16,25,11,55
MSTRG.151|Dnajb8,7,4,5,4,12,19
TrSC58v2_151|Dnajb8,5,0,4,1,2,17
MSTRG.152|TRSC58_02377,4,7,4,10,15,53
TrSC58v2_152|TRSC58_02377,1,2,1,9,14,45
MSTRG.153|arfB,2,3,4,5,4,15
TrSC58v2_153|arfB,1,1,0,2,0,2
MSTRG.154|Y57A10A.29,4,7,10,15,5,24
TrSC58v2_154|Y57A10A.29,2,2,9,13,4,19
MSTRG.155|DQ04_01731080,4,7,13,3,12,30
TrSC58v2_155|DQ04_01731080,3,6,9,3,8,30
MSTRG.157|TIA1,7,13,30,48,28,106
TrSC58v2_157|TIA1,5,10,23,38,26,101
MSTRG.159|TRSC58_00685,4,0,4,0,23,47
TrSC58v2_159|TRSC58_00685,0,0,3,0,0,3
MSTRG.162|emc4,3,4,9,5,5,24
TrSC58v2_162|emc4,1,1,0,1,5,17
MSTRG.160|TRSC58_03456,6,4,13,32,11,39
TrSC58v2_160|TRSC58_03456,0,3,11,12,9,31
MSTRG.165|C3747_89g170,6,3,6,8,6,4
TrSC58v2_165|C3747_89g170,4,3,4,7,2,3
MSTRG.166,11,8,14,33,24,51
MSTRG.167|IMPA6,7,11,29,53,36,100
TrSC58v2_166|IMPA6,6,0,21,44,34,85
MSTRG.168|NOM1,8,10,8,16,14,40
TrSC58v2_167|NOM1,0,9,6,13,13,32
MSTRG.172|snrpe,3,5,5,5,4,6
TrSC58v2_171|snrpe,1,2,4,5,3,6
MSTRG.169|TRSC58_03511,9,14,27,14,17,70
TrSC58v2_168|TRSC58_03511,6,11,24,12,14,54
MSTRG.171|UBP4,11,2,5,5,15,46
TrSC58v2_170|UBP4,9,1,5,55,11,37
MSTRG.173|Ttd14,2,4,17,9,9,13
TrSC58v2_172|Ttd14,2,2,0,8,0,11
MSTRG.175|CCB23,6,7,8,13,16,29
TrSC58v2_174|CCB23,2,0,0,12,3,24
MSTRG.174|HEL2,6,11,16,40,4,27
TrSC58v2_173|HEL2,5,9,12,36,4,24
MSTRG.176|TRSC58_00948,9,8,22,35,20,100
TrSC58v2_175|TRSC58_00948,7,7,21,26,16,85
TrSC58v2_91.t1.e1|Tc_MARK_6516,0,0,0,0,0,0
TrSC58v2_91|Tc_MARK_6516,0,0,0,0,0,0
TrSC58v2_96|dph2,0,0,6,9,8,21
MSTRG.99|dph2,0,0,8,14,11,25
TrSC58v2_97|TRSC58_01149,0,0,1,1,1,14
MSTRG.100|TRSC58_01149,0,3,11,10,21,18
TrSC58v2_103|TRSC58_06629,0,0,0,1,9,10
MSTRG.107|TRSC58_06629,0,7,0,16,10,11
TrSC58v2_106|rsph9,0,0,4,0,2,30
MSTRG.110|rsph9,0,3,5,29,9,41
TrSC58v2_109|rrp12,0,11,19,36,10,43
MSTRG.113|rrp12,0,13,26,44,13,49
TrSC58v2_110|ypwA,0,1,20,18,18,52
MSTRG.114|ypwA,0,15,24,21,21,60
TrSC58v2_113|TRSC58_03401,0,0,1,0,1,8
MSTRG.117|TRSC58_03401,0,0,4,2,1,9
TrSC58v2_117|TBCCD1,0,0,4,13,5,20
MSTRG.118|TBCCD1,0,0,5,19,6,23
TrSC58v2_120|TRSC58_01623,0,0,1,0,0,14
MSTRG.122|TRSC58_01623,0,8,10,21,13,17
MSTRG.121,0,0,0,15,19,58
TrSC58v2_123|TcYC6_0095680,0,2,0,7,1,10
MSTRG.125|TcYC6_0095680,0,5,4,8,3,10
TrSC58v2_124|TRSC58_02601,0,0,4,0,4,5
MSTRG.126|TRSC58_02601,0,0,4,9,8,7
TrSC58v2_128|TcYC6_0095740,0,0,1,2,1,3
MSTRG.130|TcYC6_0095740,0,0,5,6,10,27
TrSC58v2_131|TcYC6_0095760,0,4,5,2,0,30
MSTRG.131|TcYC6_0095760,0,5,6,12,0,37
TrSC58v2_132|pkbA,0,0,8,8,8,14
MSTRG.132|pkbA,0,13,9,10,12,18
TrSC58v2_133|TRSC58_07055,0,2,2,8,16,19
MSTRG.133|TRSC58_07055,0,6,6,9,18,21
TrSC58v2_134|At5g44450,0,2,1,1,0,21
MSTRG.134|At5g44450,0,5,3,9,0,25
TrSC58v2_138|UXS2,0,0,3,2,2,25
MSTRG.138|UXS2,0,0,9,9,3,27
TrSC58v2_143|TRSC58_02468,0,0,0,4,8,11
MSTRG.143|TRSC58_02468,0,0,5,6,9,13
TrSC58v2_144|DQ04_00971070,0,0,3,4,10,8
MSTRG.144|DQ04_00971070,0,7,24,29,11,16
TrSC58v2_147|At5g47540,0,3,4,13,0,1
MSTRG.147|At5g47540,0,3,5,16,11,77
TrSC58v2_150|TRSC58_05598,0,0,0,18,4,13
MSTRG.150|TRSC58_05598,0,4,3,22,4,16
MSTRG.92|oxct1,19,15,18,26,14,59
TrSC58v2_88|oxct1,2,1,16,24,11,52
MSTRG.93|oxct1,11,14,18,24,14,57
TrSC58v2_89|oxct1,8,1,16,22,11,49
MSTRG.94|oxct1,11,8,18,25,14,56
TrSC58v2_90|oxct1,8,6,16,22,12,49
MSTRG.95|TRSC58_05084,10,19,18,50,31,48
TrSC58v2_92|TRSC58_05084,8,0,15,2,3,42
MSTRG.96|GORASP2,12,10,28,23,15,45
TrSC58v2_93|GORASP2,0,8,25,21,12,41
MSTRG.97|trap1,8,9,19,33,21,72
TrSC58v2_94|trap1,5,8,16,28,19,65
MSTRG.98|NSN1,7,16,8,6,12,37
TrSC58v2_95|NSN1,0,0,0,1,10,4
MSTRG.102|TcCLB.504153.280,25,21,47,78,39,155
TrSC58v2_98|TcCLB.504153.280,1,19,42,75,36,143
MSTRG.101,2,24,43,36,19,124
MSTRG.103|TRSC58_04187,7,7,13,53,28,46
TrSC58v2_99|TRSC58_04187,5,5,11,36,23,42
MSTRG.104|TRSC58_04978,3,5,14,29,17,43
TrSC58v2_100|TRSC58_04978,0,0,12,27,16,35
MSTRG.105|TRSC58_03250,4,0,22,8,5,24
TrSC58v2_101|TRSC58_03250,0,0,1,0,4,10
MSTRG.106|TRSC58_00333,4,6,6,4,11,39
TrSC58v2_102|TRSC58_00333,3,5,5,0,9,29
MSTRG.108|RAD51C,2,4,1,5,1,20
TrSC58v2_104|RAD51C,1,3,1,3,1,19
MSTRG.109|Tc_MARK_6228,7,2,5,19,2,15
TrSC58v2_105|Tc_MARK_6228,0,1,0,0,1,13
MSTRG.111|TRSC58_04854,8,11,21,27,25,76
TrSC58v2_107|TRSC58_04854,6,9,18,24,22,72
MSTRG.112|GLCNAC1PUT2,4,7,12,22,22,40
TrSC58v2_108|GLCNAC1PUT2,4,0,9,18,2,33
MSTRG.115|unc-104,25,15,35,77,40,171
TrSC58v2_111|unc-104,21,12,26,60,32,21
MSTRG.116|Npepl1,7,5,13,7,7,31
TrSC58v2_112|Npepl1,1,4,12,1,5,27
MSTRG.119|DYH1B,20,21,32,121,93,334
TrSC58v2_118|DYH1B,15,19,29,97,83,285
MSTRG.120|ttll-12,3,0,0,9,3,14
TrSC58v2_119|ttll-12,0,0,0,7,3,9
MSTRG.123|grpE,4,10,12,16,22,36
TrSC58v2_121|grpE,0,2,10,6,18,3
MSTRG.124|kif3,6,6,10,27,5,42
TrSC58v2_122|kif3,5,5,10,22,0,33
MSTRG.127|TcYC6_0095700,3,4,11,10,6,30
TrSC58v2_125|TcYC6_0095700,0,0,1,1,1,6
MSTRG.128|DJ1B,17,6,17,38,23,89
TrSC58v2_126|DJ1B,15,6,14,34,20,74
MSTRG.129|aarA,8,6,21,51,16,76
TrSC58v2_127|aarA,7,5,16,46,12,63
MSTRG.135|TRSC58_02576,6,4,9,28,11,28
TrSC58v2_135|TRSC58_02576,4,0,7,25,9,23
MSTRG.136|TRSC58_01999,9,7,4,21,9,30
TrSC58v2_136|TRSC58_01999,2,2,1,19,8,26
MSTRG.137|yqeH,9,9,6,28,11,29
TrSC58v2_137|yqeH,8,8,5,18,9,25
MSTRG.139|ADK,4,0,14,5,4,25
TrSC58v2_139|ADK,0,0,0,0,4,1
MSTRG.140|Ube3c,15,4,22,33,26,147
TrSC58v2_140|Ube3c,0,1,17,31,21,8
MSTRG.141|TRSC58_00987,8,5,4,19,4,38
TrSC58v2_141|TRSC58_00987,7,3,0,0,3,30
MSTRG.142|F37C4.5,6,4,4,6,8,35
TrSC58v2_142|F37C4.5,5,0,0,3,7,31
MSTRG.145|MAM33,11,0,4,23,16,32
TrSC58v2_145|MAM33,2,0,0,22,15,31
MSTRG.146|atg5,4,8,3,10,4,48
TrSC58v2_146|atg5,0,7,0,9,3,11
MSTRG.148|PDPK2P,4,5,5,5,8,36
TrSC58v2_148|PDPK2P,0,4,4,4,7,31
MSTRG.149|Ube4b,7,5,12,26,24,50
TrSC58v2_149|Ube4b,5,0,10,20,1,45
MSTRG.556,0,0,7,16,3,34
MSTRG.556|rrp41,8,0,7,4,1,13
TrSC58v2_550|rrp41,1,0,3,8,1,4
MSTRG.559,5,7,20,8,11,51
MSTRG.558|TRSC58_00179,1,8,4,3,7,11
TrSC58v2_552|TRSC58_00179,1,0,2,1,6,10
MSTRG.555|Vps8,3,15,15,32,19,74
TrSC58v2_549|Vps8,3,12,13,27,16,66
MSTRG.563|SA85-1.1,4,16,16,26,40,51
TrSC58v2_555|SA85-1.1,3,11,11,24,31,44
MSTRG.564,19,16,10,16,24,83
MSTRG.566|lsm7,5,7,6,7,9,28
TrSC58v2_558|lsm7,4,1,2,2,9,22
MSTRG.569,5,9,8,4,7,40
MSTRG.567|gp63,11,3,11,19,13,52
TrSC58v2_559|gp63,9,2,8,16,12,47
MSTRG.568|gp63,2,6,10,8,7,30
TrSC58v2_560|gp63,0,5,8,7,5,27
MSTRG.570,8,18,14,18,10,89
MSTRG.571|TCNA,25,15,17,45,31,123
TrSC58v2_177|TRSC58_03565,0,1,0,0,1,9
MSTRG.178|TRSC58_03565,0,3,0,4,3,11
TrSC58v2_179|TcYC6_0096290,0,0,12,0,3,22
MSTRG.180|TcYC6_0096290,0,0,14,3,4,28
TrSC58v2_182|SH2450,0,0,1,1,1,2
MSTRG.183|SH2450,0,1,1,2,1,3
TrSC58v2_184|SH2450,0,0,0,1,1,2
MSTRG.185|SH2450,0,1,1,2,1,2
TrSC58v2_186|SH2450,0,0,1,1,1,2
MSTRG.187|SH2450,0,1,1,2,1,3
TrSC58v2_188|SH2450,0,0,1,1,1,2
MSTRG.189|SH2450,0,1,1,1,1,3
TrSC58v2_191|SH2450,0,0,1,1,1,2
MSTRG.192|SH2450,0,1,1,1,1,2
TrSC58v2_192|TRSC58_02467,0,0,8,13,8,17
MSTRG.194|TRSC58_02467,0,4,10,15,12,25
TrSC58v2_199|TcSYL_0139140,0,1,0,0,1,14
MSTRG.201|TcSYL_0139140,0,9,4,2,17,16
TrSC58v2_208|HAL3A,0,0,1,8,8,14
MSTRG.210|HAL3A,0,0,10,9,9,15
TrSC58v2_214|Tc_MARK_1917,0,0,0,1,0,17
MSTRG.216|Tc_MARK_1917,0,0,4,3,4,21
TrSC58v2_221|ALDH3A1,0,0,1,0,1,3
MSTRG.223|ALDH3A1,0,0,2,0,12,3
TrSC58v2_223|TRSC58_04209,0,0,0,4,0,13
MSTRG.225|TRSC58_04209,0,0,3,5,8,14
TrSC58v2_231|TRSC58_05830,0,4,3,1,3,2
MSTRG.233|TRSC58_05830,0,4,4,3,4,11
TrSC58v2_233|Sf3a3,0,8,15,23,10,46
MSTRG.235|Sf3a3,0,9,21,25,11,61
TrSC58v2_235|TRSC58_05787,0,5,12,1,5,26
MSTRG.237|TRSC58_05787,0,7,14,31,7,30
TrSC58v2_236|TRSC58_01089,0,4,4,14,0,14
MSTRG.238|TRSC58_01089,0,5,6,17,20,19
TrSC58v2_237|TRSC58_03879,0,0,0,0,1,0
MSTRG.239|TRSC58_03879,0,0,4,4,1,3
TrSC58v2_238|AAK6,0,0,1,1,0,8
MSTRG.240|AAK6,0,0,13,6,0,9
TrSC58v2_241|TRSC58_05765,0,5,0,9,23,34
MSTRG.243|TRSC58_05765,0,7,4,10,25,51
TrSC58v2_242|TCSYLVIO_003231,0,1,0,1,0,14
MSTRG.244|TCSYLVIO_003231,0,7,13,8,0,13
TrSC58v2_246|Ift20,0,0,0,4,0,3
MSTRG.248|Ift20,0,0,0,5,0,14
TrSC58v2_247|PIGM,0,1,1,0,3,28
MSTRG.249|PIGM,0,3,9,3,4,30
MSTRG.252,0,1,2,47,4,18
TrSC58v2_250|ccdc25,0,0,1,11,1,12
MSTRG.253|ccdc25,0,0,12,14,7,13
TrSC58v2_252|TRSC58_03478,0,5,1,1,0,3
MSTRG.255|TRSC58_03478,0,6,5,3,0,20
MSTRG.261|TRSC58_00116,0,2,7,3,5,44
MSTRG.264|Nek4,0,10,6,12,13,47
MSTRG.270,0,0,0,0,4,32
MSTRG.272|TRSC58_01746,0,5,3,21,9,21
MSTRG.278|SPCC550.15c,0,7,15,15,18,84
MSTRG.281|ttll-4,0,15,8,9,14,72
MSTRG.284|DR_0049,0,0,4,13,15,27
MSTRG.295|TRSC58_05245,0,7,34,38,13,78
MSTRG.311|TcG_01060,0,4,0,3,0,5
MSTRG.314|TRSC58_04669,0,8,19,5,25,23
MSTRG.316|slc35e3,0,0,9,5,12,38
MSTRG.324|sodB,0,6,15,7,3,28
MSTRG.325|TRSC58_01188,0,0,8,8,10,27
MSTRG.326|TRSC58_03145,0,2,8,22,7,29
MSTRG.328|TRSC58_01769,0,0,8,0,12,25
MSTRG.335|TRSC58_05120,0,0,0,11,7,17
MSTRG.342|TRSC58_01141,0,0,23,9,33,72
MSTRG.343|TRSC58_03772,0,0,0,0,0,38
MSTRG.354|TRSC58_01464,0,11,3,0,4,0
MSTRG.361|ANP2,0,4,13,28,24,70
MSTRG.363|Trmt10a,0,7,4,0,0,21
MSTRG.370|DCAMC,0,0,16,13,14,105
MSTRG.378|C3747_28g13,0,0,4,4,5,13
MSTRG.379|C3747_104g21,0,0,0,10,0,12
TrSC58v2_382|ANK3,0,5,0,0,3,21
MSTRG.387|ANK3,0,7,4,9,6,27
TrSC58v2_385|TcCL_NonESM08027,0,1,0,10,0,1
MSTRG.390|TcCL_NonESM08027,0,3,9,11,4,24
TrSC58v2_386|TRSC58_03309,0,1,0,16,19,44
MSTRG.391|TRSC58_03309,0,2,0,18,22,55
TrSC58v2_388|C3747_28g338,0,0,0,0,1,2
MSTRG.393|C3747_28g338,0,0,3,0,1,2
TrSC58v2_390|C3747_104g110,0,0,0,11,0,17
MSTRG.395|C3747_104g110,0,4,7,12,8,20
TrSC58v2_393|TRSC58_03373,0,5,0,0,2,17
MSTRG.398|TRSC58_03373,0,7,0,5,3,19
TrSC58v2_394|TcCL_NonESM08019,0,0,4,7,1,6
MSTRG.399|TcCL_NonESM08019,0,11,6,10,11,24
TrSC58v2_402|TRSC58_02693,0,0,0,0,1,0
MSTRG.408|TRSC58_02693,0,0,3,0,7,8
TrSC58v2_403|TTC5,0,0,5,7,0,21
MSTRG.409|TTC5,0,19,6,9,16,27
TrSC58v2_404|At5g53940,0,3,0,5,0,12
MSTRG.410|At5g53940,0,4,0,6,0,14
TrSC58v2_405|csnk-1,0,0,1,4,3,12
MSTRG.411|csnk-1,0,0,14,4,3,15
TrSC58v2_410|CG4456,0,0,0,0,0,11
MSTRG.416|CG4456,0,0,0,0,0,4
TrSC58v2_414|TRSC58_05081,0,1,0,2,6,24
MSTRG.420|TRSC58_05081,0,9,8,7,6,28
TrSC58v2_415|SRPK,0,7,15,13,15,40
MSTRG.421|SRPK,0,9,16,15,17,50
TrSC58v2_420|CYCU4-1,0,0,2,3,1,15
MSTRG.426|CYCU4-1,0,3,2,3,2,19
TrSC58v2_423|VHA-c2,0,1,12,1,0,3
MSTRG.429|VHA-c2,0,4,14,6,4,17
TrSC58v2_424|TRSC58_05360,0,0,1,2,0,5
MSTRG.430|TRSC58_05360,0,0,13,10,7,6
MSTRG.434,0,4,11,29,12,39
TrSC58v2_432|TRSC58_06395,0,1,0,2,0,10
MSTRG.439|TRSC58_06395,0,3,0,5,3,11
TrSC58v2_435|Nipsnap3b,0,0,5,0,1,10
MSTRG.442|Nipsnap3b,0,0,6,3,9,12
TrSC58v2_440|DDB_G0274201,0,0,0,16,9,47
MSTRG.447|DDB_G0274201,0,10,10,19,11,50
TrSC58v2_447|C3747_76g217,0,1,1,4,1,8
MSTRG.454|C3747_76g217,0,1,3,5,1,10
TrSC58v2_457|TRSC58_01846,0,3,0,2,1,17
MSTRG.464|TRSC58_01846,0,4,0,14,2,17
TrSC58v2_458|TRSC58_05774,0,0,0,4,2,9
MSTRG.465|TRSC58_05774,0,5,0,5,3,9
TrSC58v2_461|TRSC58_07244,0,1,9,2,6,23
MSTRG.468|TRSC58_07244,0,8,11,3,7,26
TrSC58v2_462|MJ1607,0,3,6,4,0,26
MSTRG.469|MJ1607,0,4,9,6,7,30
TrSC58v2_469|TRSC58_05613,0,3,14,1,17,36
MSTRG.476|TRSC58_05613,0,4,17,27,21,40
TrSC58v2_470|GOSR1,0,0,2,8,1,13
MSTRG.477|GOSR1,0,9,3,10,4,15
TrSC58v2_474|Rpgr,0,11,4,12,8,26
MSTRG.481|Rpgr,0,14,6,14,9,31
TrSC58v2_475|TcYC6_0175690,0,0,0,0,0,1
MSTRG.482|TcYC6_0175690,0,3,0,0,0,4
TrSC58v2_476|Spata17,0,0,0,0,0,1
MSTRG.483|Spata17,0,2,2,4,4,7
TrSC58v2_477|TcYC6_0175690,0,0,0,1,0,0
MSTRG.484|TcYC6_0175690,0,4,0,1,0,2
TrSC58v2_478|Spata17,0,0,0,0,0,1
MSTRG.485|Spata17,0,2,2,5,5,11
TrSC58v2_479|Pgam5,0,0,0,1,0,1
MSTRG.486|Pgam5,0,0,0,3,0,3
TrSC58v2_480|Spata17,0,0,0,6,0,11
MSTRG.487|Spata17,0,2,2,19,10,13
TrSC58v2_481|TRSC58_06051,0,5,6,2,0,50
MSTRG.488|TRSC58_06051,0,7,7,20,36,53
TrSC58v2_483|TRSC58_00553,0,0,0,1,1,1
MSTRG.490|TRSC58_00553,0,7,8,7,7,36
TrSC58v2_484|TRSC58_01407,0,0,10,13,9,27
MSTRG.491|TRSC58_01407,0,4,11,16,13,30
TrSC58v2_487|TRSC58_03426,0,0,1,4,0,9
MSTRG.495|TRSC58_03426,0,0,1,5,4,9
TrSC58v2_490|NAGT,0,5,1,4,1,24
MSTRG.498|NAGT,0,7,16,5,29,36
TrSC58v2_502|COG2,0,9,19,12,19,68
MSTRG.510|COG2,0,11,22,14,20,76
TrSC58v2_503|TRSC58_02985,0,0,0,2,0,25
MSTRG.511|TRSC58_02985,0,5,0,3,16,29
TrSC58v2_504|TRSC58_03790,0,0,1,1,4,15
MSTRG.512|TRSC58_03790,0,8,14,17,5,17
MSTRG.513,0,0,0,0,0,52
TrSC58v2_513|OS9,0,0,1,1,2,45
MSTRG.521|OS9,0,4,2,25,7,54
TrSC58v2_517|ALDH22A1,0,0,15,6,8,25
MSTRG.525|ALDH22A1,0,12,19,9,10,28
TrSC58v2_525|TRSC58_03339,0,0,0,1,4,3
MSTRG.533|TRSC58_03339,0,0,8,8,5,28
TrSC58v2_529|C3747_109g162,0,0,5,0,0,0
MSTRG.537|C3747_109g162,0,0,7,5,8,20
TrSC58v2_532|TcCL_ESM12079,0,0,1,3,2,18
MSTRG.540|TcCL_ESM12079,0,3,3,4,3,20
TrSC58v2_535|TRSC58_00733,0,0,8,3,1,4
MSTRG.543|TRSC58_00733,0,0,9,4,3,24
TrSC58v2_546|Tc00.1047053508269.30,0,0,4,0,1,2
MSTRG.552|Tc00.1047053508269.30,0,0,5,18,3,28
MSTRG.177|PDXK,4,9,8,4,4,19
TrSC58v2_176|PDXK,0,0,1,0,0,18
MSTRG.179|TRSC58_00923,2,10,23,22,11,60
TrSC58v2_178|TRSC58_00923,0,10,19,18,11,50
MSTRG.181|vps41,9,4,14,29,21,63
TrSC58v2_180|vps41,6,3,9,26,17,51
MSTRG.182|ZK795.3,4,8,5,14,9,36
TrSC58v2_181|ZK795.3,3,6,1,1,8,31
MSTRG.184|ZK795.3,1,1,1,3,2,6
TrSC58v2_183|ZK795.3,1,1,1,2,2,6
MSTRG.186|ZK795.3,1,1,1,3,3,7
TrSC58v2_185|ZK795.3,1,1,1,2,3,7
MSTRG.188|ZK795.3,1,1,1,3,3,8
TrSC58v2_187|ZK795.3,1,1,1,3,3,8
MSTRG.190|vps41,9,2,6,18,9,27
TrSC58v2_189|vps41,0,0,4,15,8,25
MSTRG.191|ZK795.3,8,9,10,16,15,56
TrSC58v2_190|ZK795.3,6,8,9,12,14,43
MSTRG.193,6,8,33,24,39,108
MSTRG.195|ABCI20,12,0,2,7,5,8
TrSC58v2_193|ABCI20,1,0,0,0,4,7
MSTRG.196|TRSC58_02171,3,5,7,8,4,39
TrSC58v2_194|TRSC58_02171,0,4,6,7,3,29
MSTRG.197|gyp1,4,0,6,20,12,40
TrSC58v2_195|gyp1,0,0,5,18,0,34
MSTRG.198|Riok2,20,13,11,38,14,34
TrSC58v2_196|Riok2,0,11,11,35,11,30
MSTRG.199|TRSC58_03747,3,6,4,7,12,42
TrSC58v2_197|TRSC58_03747,0,4,0,0,2,0
MSTRG.200|wds,8,4,6,24,12,52
TrSC58v2_198|wds,6,3,6,22,10,48
MSTRG.202|kif3b,11,12,19,40,18,128
TrSC58v2_200|kif3b,10,11,16,28,17,6
MSTRG.203|ENDO2,5,3,7,26,16,49
TrSC58v2_201|ENDO2,3,2,6,23,13,39
MSTRG.204|SAMHD1,9,7,20,27,7,48
TrSC58v2_202|SAMHD1,7,5,15,19,5,44
MSTRG.205|TRSC58_07110,2,0,2,5,2,4
TrSC58v2_203|TRSC58_07110,0,0,0,1,2,3
MSTRG.206|TRSC58_01687,2,0,1,2,5,6
TrSC58v2_204|TRSC58_01687,0,0,0,0,0,4
MSTRG.207|rpusd1,3,4,4,16,4,19
TrSC58v2_205|rpusd1,2,0,0,31,3,0
MSTRG.208|TRSC58_01308,4,4,8,48,11,31
TrSC58v2_206|TRSC58_01308,0,3,6,0,8,22
MSTRG.209|BCS1L,8,5,11,30,7,30
TrSC58v2_207|BCS1L,7,4,0,7,5,25
MSTRG.211|TcYC6_0096560,6,0,3,1,4,14
TrSC58v2_209|TcYC6_0096560,1,0,3,1,3,13
MSTRG.212|At1g31730,3,16,6,26,20,44
TrSC58v2_210|At1g31730,3,0,2,20,16,39
MSTRG.213|TRSC58_05888,4,0,31,14,12,57
TrSC58v2_211|TRSC58_05888,0,0,1,9,0,2
MSTRG.214|PUS3,3,4,4,0,7,27
TrSC58v2_212|PUS3,0,0,0,0,6,1
MSTRG.215|gcn2,5,3,10,41,12,48
TrSC58v2_213|gcn2,3,2,7,33,9,44
MSTRG.217|TRSC58_01762,4,0,6,7,16,40
TrSC58v2_215|TRSC58_01762,0,0,5,5,0,0
MSTRG.218|pitC,10,19,18,15,48,72
TrSC58v2_216|pitC,2,1,16,14,5,56
MSTRG.219|TRSC58_05037,8,9,9,4,7,43
TrSC58v2_217|TRSC58_05037,0,2,1,3,1,0
MSTRG.220|clpB,10,11,23,24,21,92
TrSC58v2_218|clpB,9,1,18,22,17,84
MSTRG.221|TcYC6_0096660,4,5,2,8,18,24
TrSC58v2_219|TcYC6_0096660,0,4,1,7,15,22
MSTRG.222|RAB28,5,4,5,3,4,22
TrSC58v2_220|RAB28,1,0,1,3,0,18
MSTRG.224|TRSC58_04239,4,13,23,23,27,81
TrSC58v2_222|TRSC58_04239,0,2,19,19,23,78
MSTRG.226|TRSC58_04904,3,2,3,7,3,10
TrSC58v2_224|TRSC58_04904,3,0,2,7,2,9
MSTRG.227|ACBP6,3,0,8,13,1,4
TrSC58v2_225|ACBP6,0,0,6,9,1,4
MSTRG.228|MOR1,4,20,29,66,37,116
TrSC58v2_226|MOR1,3,17,20,59,32,105
MSTRG.229|IFT46,8,11,27,98,22,119
TrSC58v2_227|IFT46,2,10,23,81,28,103
MSTRG.230|CDK3,10,8,11,16,11,25
TrSC58v2_228|CDK3,1,5,9,2,3,23
MSTRG.231|DNAJA1,2,4,4,11,8,45
TrSC58v2_229|DNAJA1,1,0,3,9,7,35
MSTRG.232|qtrt1,2,12,5,2,7,45
TrSC58v2_230|qtrt1,2,2,3,1,6,1
MSTRG.234|HYDIN,14,6,60,180,97,420
TrSC58v2_232|HYDIN,10,6,54,124,103,131
MSTRG.236|TRSC58_03297,6,6,27,13,24,46
TrSC58v2_234|TRSC58_03297,5,5,3,11,2,17
MSTRG.241|TRSC58_03798,4,7,13,30,20,47
TrSC58v2_239|TRSC58_03798,0,5,9,14,17,41
MSTRG.242|At3g52260,4,3,4,6,10,27
TrSC58v2_240|At3g52260,0,0,3,6,8,24
MSTRG.245|ZNF277,7,0,18,16,6,28
TrSC58v2_243|ZNF277,1,0,1,1,5,23
MSTRG.246|TRSC58_03677,4,4,5,8,14,46
TrSC58v2_244|TRSC58_03677,0,0,4,6,0,6
MSTRG.247|Anapc1,15,6,14,44,29,55
TrSC58v2_245|Anapc1,12,5,12,40,26,56
MSTRG.250|TRSC58_05555,11,0,2,0,8,8
TrSC58v2_248|TRSC58_05555,0,0,1,0,7,7
MSTRG.251|DEK1,1,4,7,9,10,34
TrSC58v2_249|DEK1,1,3,0,7,9,29
MSTRG.254|SPD1,1,0,14,16,26,27
TrSC58v2_251|SPD1,1,0,13,11,4,26
MSTRG.256,20,11,18,29,17,111
MSTRG.257|TRSC58_07029,3,2,0,7,0,16
MSTRG.258|TRSC58_07029,2,0,2,5,0,7
MSTRG.259,64,54,93,180,69,350
MSTRG.260,4,3,22,40,23,84
MSTRG.262|TRSC58_02571,7,0,0,15,4,21
MSTRG.263|rsfS,7,0,11,13,26,59
MSTRG.265|SDP1,4,11,34,11,29,97
MSTRG.266|WDR27,19,0,19,40,31,79
MSTRG.267|TRSC58_05654,4,0,0,13,15,32
MSTRG.268|TRSC58_04784,10,13,14,32,27,92
MSTRG.269,48,22,76,230,78,304
MSTRG.271|shep,36,25,53,126,78,276
MSTRG.273|TM35_000072780,40,48,98,183,77,407
MSTRG.274|DNAJC13,12,22,48,52,84,254
MSTRG.275|cdkal1,3,4,15,7,4,49
MSTRG.276|TRSC58_01591,29,7,8,39,15,65
MSTRG.277|TRSC58_04037,6,0,11,40,15,34
MSTRG.279|ATP11A,7,11,44,50,39,137
MSTRG.280|inlA,19,21,33,38,32,91
MSTRG.282|Recql4,16,12,40,41,47,133
MSTRG.283|C3747_28g118,4,8,9,37,18,89
MSTRG.285|TRSC58_00499,6,0,9,4,8,21
MSTRG.286|TRSC58_06542,4,4,39,25,27,56
MSTRG.287|Sgpl1,5,9,11,27,10,32
MSTRG.288|Mid1,4,4,11,28,8,41
MSTRG.289|ARL3,2,4,7,21,17,43
MSTRG.290|TCSYLVIO_003272,12,0,5,12,5,52
MSTRG.291|TcYC6_0097400,16,32,58,132,128,295
MSTRG.292|TRSC58_05033,10,4,13,5,0,32
MSTRG.293|CLPS3,9,8,7,20,16,36
MSTRG.294|pth,4,3,25,3,11,30
MSTRG.296|TRSC58_06198,14,8,14,36,28,48
MSTRG.297|YCB2,3,0,4,8,7,34
MSTRG.299,23,59,78,67,75,276
MSTRG.299|MTP70,116,161,205,350,231,759
MSTRG.300|TRSC58_03065,3,8,13,11,12,14
MSTRG.301|ARIH2,12,4,30,25,28,114
MSTRG.302|Spata5,9,4,17,17,15,88
MSTRG.298|TRSC58_02800,4,4,16,10,18,72
MSTRG.303|TRSC58_05788,16,15,13,56,40,127
MSTRG.304|TcYC6_0097590,4,0,4,3,2,6
MSTRG.305|Rtn3,3,10,41,45,52,143
MSTRG.306|TRSC58_03676,9,4,5,6,22,32
MSTRG.307|TRSC58_05209,4,3,17,14,14,64
MSTRG.308|pab2,12,9,21,19,2,42
MSTRG.309|RFC4,10,0,4,11,4,27
MSTRG.310|TRSC58_00708,4,8,19,6,28,80
MSTRG.312|TRSC58_00057,4,0,14,4,16,31
MSTRG.313|TRSC58_06308,11,7,42,25,23,128
MSTRG.315|TRSC58_03274,16,17,49,72,38,159
MSTRG.317|TRSC58_02071,6,7,4,12,21,58
MSTRG.318|NOD2,15,5,10,9,21,40
MSTRG.319|TRSC58_02023,13,25,32,57,52,143
MSTRG.320|GRAMD1A,16,0,21,21,13,69
MSTRG.321|mesA,22,4,20,23,18,76
MSTRG.322|SGTA,18,4,92,103,59,210
MSTRG.323|DQ04_00271050,5,20,11,9,4,25
MSTRG.327|TRSC58_04966,4,3,3,9,5,33
MSTRG.329|HSP60,3,6,17,24,30,56
MSTRG.330|Fbf1,28,11,36,65,64,189
MSTRG.331|TRSC58_00762,5,12,20,15,14,81
MSTRG.332|TRSC58_00701,2,4,19,19,25,48
MSTRG.333|TRSC58_00453,10,0,4,42,12,140
MSTRG.334|TRSC58_07348,3,0,4,27,0,18
MSTRG.336|TRSC58_02312,5,0,20,8,17,36
MSTRG.337|TRSC58_03980,5,0,5,4,9,17
MSTRG.338|At1g09900,4,9,15,19,19,68
MSTRG.339|TRSC58_04207,5,0,6,18,15,57
MSTRG.340|ALDH22A1,9,3,28,47,60,226
MSTRG.341|MPK4,9,9,18,16,29,72
MSTRG.344|TcYC6_0098210,17,0,6,9,8,25
MSTRG.345|TRSC58_02357,4,0,0,19,8,34
MSTRG.346|G3PG,2,2,5,4,2,2
MSTRG.347|G3PG,2,2,5,4,2,2
MSTRG.348|G3PG,2,2,5,4,2,2
MSTRG.349|G3PG,2,2,5,4,2,4
MSTRG.350|G3PG,2,2,5,4,2,4
MSTRG.351|TcCL_ESM12268,4,14,6,4,2,19
MSTRG.352|C3747_28g37,3,15,26,35,18,108
MSTRG.353|SEC,14,9,21,18,19,97
MSTRG.355|TRSC58_05567,4,0,0,4,0,17
MSTRG.356|KRR1,10,3,21,24,23,52
MSTRG.357,4,0,13,41,7,82
MSTRG.358|CBSDUF2,13,14,21,52,31,102
MSTRG.359|eif3d,4,18,31,38,35,130
MSTRG.360|MINDY1,3,31,42,41,27,112
MSTRG.362|KIF5B,2,13,39,55,37,172
MSTRG.364|TRSC58_03449,7,7,18,16,15,39
MSTRG.365|thrB,38,29,57,116,83,202
MSTRG.366|C3747_104g32,63,63,109,187,100,484
MSTRG.367|TcYC6_0098440,15,0,2,14,4,49
MSTRG.368,9,0,22,22,15,36
MSTRG.369,8,23,34,32,45,116
MSTRG.371|DCAMP,2,7,19,22,11,74
MSTRG.372|vars1,25,47,58,132,62,253
MSTRG.373|TRSC58_03773,11,23,58,66,85,204
MSTRG.374|TRSC58_02734,4,4,9,16,24,102
MSTRG.375|TRSC58_03958,11,6,9,16,18,74
MSTRG.376|TcYC6_0098510,22,24,32,50,43,166
MSTRG.377|TRSC58_06060,2,0,9,11,8,24
MSTRG.380|hmgB,4,0,4,24,17,25
MSTRG.381|RPS26,16,18,23,14,28,71
MSTRG.382|C3747_104g19,9,0,7,6,37,53
MSTRG.383|TRSC58_04467,9,8,0,6,2,16
MSTRG.384|TRSC58_06295,7,8,9,4,0,4
MSTRG.385|gus1,3,0,9,36,13,44
TrSC58v2_380|gus1,0,0,8,9,11,42
MSTRG.386|FAS4,3,0,11,14,18,32
TrSC58v2_381|FAS4,0,0,0,12,1,27
MSTRG.388|TRSC58_00986,3,5,3,3,4,8
TrSC58v2_383|TRSC58_00986,1,4,3,1,2,2
MSTRG.389|SLP1,4,8,9,18,7,88
TrSC58v2_384|SLP1,1,0,7,15,6,2
MSTRG.392|rhp23,7,4,10,30,27,47
TrSC58v2_387|rhp23,0,3,0,3,0,45
MSTRG.394|RSPH10B2,9,7,13,10,15,42
TrSC58v2_389|RSPH10B2,6,2,12,8,2,39
MSTRG.396|TCSYLVIO_003365,2,0,6,7,0,9
TrSC58v2_391|TCSYLVIO_003365,1,0,6,6,0,8
MSTRG.397|RPL9,17,24,33,79,47,279
TrSC58v2_392|RPL9,15,20,24,59,39,220
MSTRG.400|CML12,4,4,19,10,16,123
TrSC58v2_395|CML12,3,0,18,8,11,3
MSTRG.401|PGKB,12,0,20,54,10,56
TrSC58v2_396|PGKB,11,0,14,3,7,53
MSTRG.402|Cse1,10,9,32,53,30,88
TrSC58v2_397|Cse1,0,7,28,47,26,73
MSTRG.403,9,0,23,25,17,113
MSTRG.404|TRSC58_04486,6,2,6,9,12,33
TrSC58v2_398|TRSC58_04486,0,1,5,8,0,1
MSTRG.405|TCP11L1,8,4,22,20,50,85
TrSC58v2_399|TCP11L1,7,0,19,16,0,77
MSTRG.406|MKT1,16,25,83,70,45,127
TrSC58v2_400|MKT1,14,18,1,61,43,118
MSTRG.407|lig1,4,4,9,32,16,70
TrSC58v2_401|lig1,0,0,6,26,11,56
MSTRG.412|TRSC58_02674,3,1,4,10,24,20
TrSC58v2_406|TRSC58_02674,1,1,3,0,0,11
MSTRG.413|pli1,13,6,7,10,12,28
TrSC58v2_407|pli1,9,0,5,9,0,0
MSTRG.414|TcYC6_0098880,10,0,7,5,0,17
TrSC58v2_408|TcYC6_0098880,1,0,5,1,0,4
MSTRG.415|METK,34,25,60,131,91,385
TrSC58v2_409|METK,29,23,56,109,76,330
MSTRG.417|mtrfr,3,0,7,5,18,19
TrSC58v2_411|mtrfr,2,0,0,10,1,22
MSTRG.418|CYP710A1,5,7,0,7,9,7
TrSC58v2_412|CYP710A1,0,0,0,0,0,5
MSTRG.419|MAGO,2,8,7,16,12,34
TrSC58v2_413|MAGO,2,2,2,4,10,29
MSTRG.422|RPS14,19,37,53,42,80,229
TrSC58v2_416|RPS14,2,25,33,68,55,163
MSTRG.423|Tb427.06.4990,6,3,16,11,4,27
TrSC58v2_417|Tb427.06.4990,2,0,3,3,1,25
MSTRG.424|TRSC58_05342,8,5,6,28,7,52
TrSC58v2_418|TRSC58_05342,1,1,5,24,0,43
MSTRG.425|TRSC58_02067,6,4,19,31,24,85
TrSC58v2_419|TRSC58_02067,5,0,15,27,20,75
MSTRG.427|DRC3,9,24,20,51,24,124
TrSC58v2_421|DRC3,8,0,18,2,14,2
MSTRG.428|RPL15,38,97,109,112,79,427
TrSC58v2_422|RPL15,3,2,81,155,97,300
MSTRG.431|C3747_104g148,11,10,33,47,52,96
TrSC58v2_425|C3747_104g148,9,7,4,5,1,83
MSTRG.432|ttc39b,25,3,22,26,23,67
TrSC58v2_426|ttc39b,0,2,21,18,17,61
MSTRG.433|TRSC58_04397,4,4,8,30,14,27
TrSC58v2_427|TRSC58_04397,0,3,6,27,10,23
MSTRG.435|CCRP1,7,0,12,9,4,46
TrSC58v2_428|CCRP1,0,0,0,7,3,1
MSTRG.436|DDB1,6,7,6,26,12,51
TrSC58v2_429|DDB1,5,5,5,22,10,34
MSTRG.437|RLA2,4,4,8,23,18,61
TrSC58v2_430|RLA2,4,4,7,11,16,57
MSTRG.438|RLA2,12,14,16,85,65,209
TrSC58v2_431|RLA2,10,11,15,60,50,153
MSTRG.440|TRSC58_06807,13,4,6,6,19,40
TrSC58v2_433|TRSC58_06807,9,0,6,5,17,38
MSTRG.441|ogdh,6,13,33,46,40,130
TrSC58v2_434|ogdh,5,9,28,42,34,124
MSTRG.443|COLGALT1,10,0,8,9,5,32
TrSC58v2_436|COLGALT1,2,0,6,8,4,30
MSTRG.444|Chmp3,7,4,3,10,8,31
TrSC58v2_437|Chmp3,1,0,2,9,0,1
MSTRG.445|PATL4,12,0,10,51,21,44
TrSC58v2_438|PATL4,11,0,9,1,17,39
MSTRG.446|vps26,4,4,9,13,26,56
TrSC58v2_439|vps26,0,3,7,12,1,53
MSTRG.448|RpL29,11,20,23,43,24,111
TrSC58v2_441|RpL29,8,13,18,31,18,74
MSTRG.449|RpL29,9,7,10,24,19,82
TrSC58v2_442|RpL29,7,7,10,18,15,70
MSTRG.450|TRSC58_02555,3,5,0,4,3,23
TrSC58v2_443|TRSC58_02555,1,1,0,3,0,18
MSTRG.451|MJ1619,12,4,11,10,7,10
TrSC58v2_444|MJ1619,0,0,9,1,1,9
MSTRG.452|brd4,2,5,2,11,6,16
TrSC58v2_445|brd4,2,1,2,10,4,15
MSTRG.453|TcYC6_0006340,3,3,3,0,0,3
TrSC58v2_446|TcYC6_0006340,0,0,1,0,0,1
MSTRG.455|PIEZO2,20,21,33,55,33,124
TrSC58v2_448|PIEZO2,14,17,23,49,24,110
MSTRG.456|TRSC58_05992,11,4,5,12,16,31
TrSC58v2_449|TRSC58_05992,8,3,5,11,2,27
MSTRG.457|TRSC58_04210,3,3,9,6,9,27
TrSC58v2_450|TRSC58_04210,0,2,1,5,8,23
MSTRG.458|ACT,9,8,4,16,0,19
TrSC58v2_451|ACT,0,0,0,0,0,0
MSTRG.459|RH2a,14,9,15,41,22,78
TrSC58v2_452|RH2a,13,7,14,38,19,74
MSTRG.460|TRSC58_04612,5,11,6,6,7,20
TrSC58v2_453|TRSC58_04612,0,1,0,5,6,17
MSTRG.461|TRSC58_00480,4,3,7,11,0,15
TrSC58v2_454|TRSC58_00480,0,0,2,11,0,13
MSTRG.462|TRSC58_04705,4,19,16,36,25,65
TrSC58v2_455|TRSC58_04705,3,20,14,30,26,65
MSTRG.463|rpl-22,7,12,23,57,40,114
TrSC58v2_456|rpl-22,6,3,22,51,37,106
MSTRG.466|Tert,7,10,14,36,15,76
TrSC58v2_459|Tert,5,8,9,25,12,69
MSTRG.467|TRSC58_03779,3,2,13,17,21,38
TrSC58v2_460|TRSC58_03779,0,1,3,2,3,31
MSTRG.470|TRSC58_03924,11,5,10,27,11,74
TrSC58v2_463|TRSC58_03924,8,0,9,24,8,59
MSTRG.471|TRSC58_01554,1,0,1,4,1,9
TrSC58v2_464|TRSC58_01554,1,0,1,4,1,8
MSTRG.472|CDC73,22,4,11,28,36,83
TrSC58v2_465|CDC73,0,1,0,1,2,2
MSTRG.473|HslV,3,3,16,9,8,32
TrSC58v2_466|HslV,0,3,1,7,1,24
MSTRG.474|PAP2,4,3,11,6,6,9
TrSC58v2_467|PAP2,0,3,1,5,4,8
MSTRG.475|RFESD,4,0,4,9,10,18
TrSC58v2_468|RFESD,2,0,3,2,1,2
MSTRG.478|AGBL4,9,7,9,19,7,22
TrSC58v2_471|AGBL4,8,0,8,16,5,20
MSTRG.479|TRSC58_04985,17,3,19,20,31,53
TrSC58v2_472|TRSC58_04985,1,0,17,17,1,49
MSTRG.480|scn1,5,0,7,6,8,49
TrSC58v2_473|scn1,4,0,5,4,0,0
MSTRG.489|PSL5,7,4,8,14,6,33
TrSC58v2_482|PSL5,6,0,7,11,5,29
MSTRG.492|C3747_109g103,4,6,4,7,2,12
TrSC58v2_485|C3747_109g103,0,0,0,3,1,9
MSTRG.493|TRSC58_04819,1,2,12,0,0,14
TrSC58v2_486|TRSC58_04819,1,1,2,0,0,13
MSTRG.494,6,5,8,8,10,40
MSTRG.496|TRSC58_02546,10,14,20,58,20,57
TrSC58v2_488|TRSC58_02546,0,12,17,2,14,48
MSTRG.497|BCY84_11695,4,0,5,14,2,24
TrSC58v2_489|BCY84_11695,0,0,4,2,2,2
MSTRG.499|GINS2,9,0,0,12,8,31
TrSC58v2_491|GINS2,0,0,0,11,6,11
MSTRG.500|TcCLB.510283.160,6,0,9,20,19,13
TrSC58v2_492|TcCLB.510283.160,5,0,6,16,17,9
MSTRG.501|SPCC1672.07,5,14,12,12,5,53
TrSC58v2_493|SPCC1672.07,0,0,9,9,2,47
MSTRG.502|TRSC58_03097,4,11,10,73,9,60
TrSC58v2_494|TRSC58_03097,0,0,1,0,6,0
MSTRG.503|TRSC58_02195,4,9,13,21,2,24
TrSC58v2_495|TRSC58_02195,0,7,0,1,1,21
MSTRG.504|COQ5,8,0,3,5,8,23
TrSC58v2_496|COQ5,0,0,1,1,2,19
MSTRG.505|CPK9,7,7,13,18,19,62
TrSC58v2_497|CPK9,5,5,9,13,17,47
MSTRG.506|TRSC58_01086,6,14,32,33,35,106
TrSC58v2_498|TRSC58_01086,5,10,29,30,28,98
MSTRG.507|TRSC58_01168,7,5,13,23,13,68
TrSC58v2_499|TRSC58_01168,6,5,12,19,11,64
MSTRG.508|EIF(ISO)4G1,12,20,10,49,28,101
TrSC58v2_500|EIF(ISO)4G1,10,16,12,60,22,85
MSTRG.509|TRSC58_01979,7,0,16,24,17,27
TrSC58v2_501|TRSC58_01979,0,0,14,2,15,24
MSTRG.513|TRSC58_06543,4,7,16,8,12,2
TrSC58v2_505|TRSC58_06543,0,0,16,7,0,1
MSTRG.514|TRSC58_02079,2,4,3,7,6,13
TrSC58v2_506|TRSC58_02079,1,3,2,0,6,12
MSTRG.515|TRSC58_05617,13,9,24,25,48,86
TrSC58v2_507|TRSC58_05617,10,8,16,18,0,80
MSTRG.516|exoA,8,4,6,16,10,40
TrSC58v2_508|exoA,0,0,4,13,9,36
MSTRG.517|AP3B1,17,5,19,35,22,60
TrSC58v2_509|AP3B1,15,4,17,32,18,55
TrSC58v2_510|CIP2A,28,47,88,4,82,171
MSTRG.518|CIP2A,26,58,106,312,88,205
MSTRG.519|treP,15,18,30,27,49,118
TrSC58v2_511|treP,11,12,24,22,36,103
MSTRG.520|TRSC58_00363,8,4,6,8,7,55
TrSC58v2_512|TRSC58_00363,7,3,5,8,8,5
MSTRG.522|BCY84_11669,12,10,25,13,34,81
TrSC58v2_514|BCY84_11669,10,7,22,11,30,72
MSTRG.523|TRSC58_03508,6,19,9,22,22,181
TrSC58v2_515|TRSC58_03508,5,0,9,19,15,5
MSTRG.524|swr1,5,13,21,43,15,71
TrSC58v2_516|swr1,5,11,15,37,11,84
MSTRG.526|VPS28-2,1,0,5,9,4,33
TrSC58v2_518|VPS28-2,1,0,2,8,4,4
MSTRG.527|ncm,3,9,20,15,19,60
TrSC58v2_519|ncm,2,2,17,13,15,51
MSTRG.528|kif4,8,21,27,38,62,103
TrSC58v2_520|kif4,6,15,25,35,55,95
MSTRG.529|TOL9,11,9,12,37,20,58
TrSC58v2_521|TOL9,7,7,11,2,17,72
MSTRG.530|TRSC58_01281,3,15,3,14,11,46
TrSC58v2_522|TRSC58_01281,3,0,3,2,2,43
MSTRG.531|TRSC58_03567,2,3,2,8,4,12
TrSC58v2_523|TRSC58_03567,1,1,1,7,4,11
MSTRG.532|LinJ36.5570,24,24,36,81,29,159
TrSC58v2_524|LinJ36.5570,20,20,30,62,28,204
MSTRG.534|TRSC58_06669,30,32,112,104,54,293
TrSC58v2_526|TRSC58_06669,21,27,4,100,47,241
MSTRG.535|CKB4,3,0,9,16,18,19
TrSC58v2_527|CKB4,1,0,8,13,2,18
MSTRG.536|TRSC58_02230,7,15,19,21,7,50
TrSC58v2_528|TRSC58_02230,6,0,13,17,6,36
MSTRG.538,10,4,0,33,16,64
TrSC58v2_530|NOB1,1,1,2,1,1,0
MSTRG.538|NOB1,1,1,11,2,7,30
MSTRG.539|GAMMACA3,8,31,8,40,32,68
TrSC58v2_531|GAMMACA3,0,0,1,33,0,56
MSTRG.541|Cfap58,4,12,20,53,27,147
TrSC58v2_533|Cfap58,3,9,18,49,23,134
MSTRG.542|LinJ36.5570,35,50,93,151,93,455
TrSC58v2_534|LinJ36.5570,29,43,83,133,81,398
MSTRG.544|TUBD1,2,4,4,10,7,38
TrSC58v2_536|TUBD1,0,0,3,8,0,35
MSTRG.545|TRSC58_06202,7,2,9,8,8,23
TrSC58v2_537|TRSC58_06202,0,2,8,7,7,22
MSTRG.546|TRSC58_06202,6,2,9,8,8,23
TrSC58v2_540|TRSC58_06202,0,2,7,6,7,21
MSTRG.547|TRSC58_00681,6,5,18,9,7,32
TrSC58v2_541|TRSC58_00681,5,4,15,8,0,29
MSTRG.548|C3747_155g42,8,7,24,25,32,54
TrSC58v2_542|C3747_155g42,7,5,21,22,24,101
MSTRG.549|Alkbh6,5,11,12,18,17,80
TrSC58v2_543|Alkbh6,4,8,10,15,14,75
MSTRG.550|impt-1,8,3,14,16,8,26
TrSC58v2_544|impt-1,0,1,12,3,0,22
MSTRG.551|Sft2d1,2,1,1,4,8,15
TrSC58v2_545|Sft2d1,1,1,1,1,1,14
MSTRG.553|Gas2l2,4,5,7,0,3,46
TrSC58v2_547|Gas2l2,3,4,5,0,1,40
MSTRG.554|TRSC58_02227,5,15,10,17,9,69
TrSC58v2_548|TRSC58_02227,1,0,9,15,8,63
MSTRG.981|Nox1,20,28,41,55,53,166
TrSC58v2_983|Nox1,16,2,36,44,47,159
MSTRG.982|TRSC58_00835,4,3,9,10,8,36
TrSC58v2_988|TRSC58_00835,0,3,8,8,7,29
MSTRG.983|TRSC58_04741,4,0,9,4,4,27
TrSC58v2_989|TRSC58_04741,0,0,8,3,3,24
MSTRG.985|TRSC58_02828,3,4,11,20,12,48
TrSC58v2_991|TRSC58_02828,0,0,0,15,11,44
MSTRG.980,59,61,194,217,174,783
MSTRG.984|TRSC58_00950,13,3,66,46,19,162
TrSC58v2_990|TRSC58_00950,11,2,1,40,14,103
MSTRG.988|DDB_G0289893,8,7,39,28,26,60
TrSC58v2_994|DDB_G0289893,0,7,2,25,21,49
MSTRG.986|BRR2C,7,14,37,40,40,157
TrSC58v2_992|BRR2C,5,12,27,40,29,146
MSTRG.989|TRSC58_03465,8,4,4,12,9,49
TrSC58v2_995|TRSC58_03465,7,3,4,10,7,40
MSTRG.990|Tc_MARK_1241,17,13,21,46,31,204
TrSC58v2_996|Tc_MARK_1241,11,9,16,41,27,3
MSTRG.993|RPL18-A,29,29,48,55,52,181
TrSC58v2_999|RPL18-A,26,24,44,67,43,162
MSTRG.994|RPS12,18,34,57,80,46,232
TrSC58v2_1000|RPS12,6,9,48,70,41,190
MSTRG.1000|TRSC58_06260,1,3,0,5,5,13
TrSC58v2_1006|TRSC58_06260,1,1,0,4,1,11
MSTRG.997|At3g05520,1,3,1,10,2,41
TrSC58v2_1003|At3g05520,1,1,1,1,1,37
MSTRG.1002|TRSC58_00108,4,11,9,5,10,40
TrSC58v2_1008|TRSC58_00108,3,8,8,4,9,38
MSTRG.1004|SAD2,3,8,13,21,15,25
TrSC58v2_1010|SAD2,0,0,11,25,13,20
MSTRG.1005,0,0,27,0,22,56
MSTRG.1005|ptr-3,11,7,9,10,4,14
TrSC58v2_1011|ptr-3,8,1,3,0,2,6
MSTRG.1006|Tc_MARK_1224,6,8,8,36,17,56
TrSC58v2_1012|Tc_MARK_1224,0,7,7,33,13,53
MSTRG.1007|Lman2,10,1,15,14,12,63
TrSC58v2_1013|Lman2,9,1,14,13,11,57
MSTRG.1008|EBP1,3,3,8,11,6,26
TrSC58v2_1014|EBP1,3,1,6,11,5,24
MSTRG.1009|SPBPB7E8.02,9,5,3,3,7,21
TrSC58v2_1015|SPBPB7E8.02,0,0,3,1,0,4
MSTRG.1011,14,12,7,16,2,78
MSTRG.1012|TRSC58_03314,32,24,82,108,65,314
MSTRG.1014|TRSC58_00930,17,10,38,53,12,112
MSTRG.1016|TRSC58_03210,10,11,22,35,36,96
MSTRG.1017|MPK3,9,28,17,36,15,65
MSTRG.1015|c2cd5,9,2,17,91,40,91
MSTRG.1018|TRSC58_00403,8,7,20,37,8,62
MSTRG.1019,33,8,44,81,26,267
MSTRG.1072|TRSC58_06212,27,4,12,17,18,68
MSTRG.1073,9,8,25,25,15,90
MSTRG.1074|NPEPPS,11,15,32,52,47,127
MSTRG.1075|QQT2,7,9,19,9,16,28
MSTRG.1077|TRSC58_02500,9,9,22,13,0,17
MSTRG.1078|ESAG4,4,5,23,32,17,76
MSTRG.1021|SDHAF3,0,2,7,13,3,47
MSTRG.1034|colgalt1-a,0,0,5,7,4,31
MSTRG.1037|KATNAL2,0,0,3,15,12,47
MSTRG.1040|AMD1,0,0,0,0,0,9
MSTRG.1041|BCY84_17629,0,0,0,0,0,6
MSTRG.1042|TCSYLVIO_002848,0,0,0,0,5,0
MSTRG.1043|TRSC58_01063,0,0,15,8,16,29
MSTRG.1048|NME5,0,3,6,19,5,45
MSTRG.1049|TRSC58_00379,0,2,3,16,14,20
MSTRG.1058|rpb10,0,8,2,5,9,8
MSTRG.1061|cmd-1,0,10,16,30,12,25
MSTRG.1063|Dynlt1,0,13,4,9,5,35
MSTRG.1069|TRSC58_02665,0,2,2,2,2,6
MSTRG.1020|TRSC58_05682,18,18,45,77,85,222
MSTRG.1022|TRSC58_01989,3,23,29,32,47,170
MSTRG.1023|TRSC58_00522,4,8,10,22,17,63
MSTRG.1024|TRSC58_03441,5,8,16,8,7,24
MSTRG.1025|QCR2,7,18,21,60,20,129
MSTRG.1026,18,6,15,12,5,46
MSTRG.1027|TRSC58_03502,33,41,102,224,95,555
MSTRG.1028|ODA11,21,8,12,39,28,95
MSTRG.1029|TRSC58_04534,6,3,21,9,17,60
MSTRG.1030|PNPLA2,13,0,0,27,17,11
MSTRG.1031|TRSC58_00040,8,12,13,14,16,34
MSTRG.1032|TRSC58_01892,3,10,16,30,21,49
MSTRG.1033|TRSC58_00182,24,46,92,104,57,338
MSTRG.1035|CG6388,7,15,42,31,44,175
MSTRG.1036|ACT2,3,16,12,22,31,117
MSTRG.1038|TRSC58_04421,27,13,26,63,29,188
MSTRG.1039|Ampd3,4,0,0,4,4,3
MSTRG.1044|TRSC58_01187,3,0,13,4,15,26
MSTRG.1045|TRSC58_05554,3,8,17,9,4,18
MSTRG.1046|TRSC58_01443,8,9,18,8,9,42
MSTRG.1047|SBT6.1,10,0,50,39,25,130
MSTRG.1050|cyb5r2,8,3,7,27,16,41
MSTRG.1051|DQ04_03121030,27,30,78,175,182,365
MSTRG.1052|Rpt2,16,26,19,30,32,82
MSTRG.1053|TcBrA4_0074040,3,0,3,3,5,23
MSTRG.1054|LARS1,18,29,87,61,99,309
MSTRG.1055,13,44,67,116,95,258
MSTRG.1056|TcCLB.509683.10,7,30,11,41,20,90
MSTRG.1057|TRSC58_05972,12,10,39,34,45,132
MSTRG.1059|RMD1,3,9,27,18,21,84
MSTRG.1060|IMO32,3,12,13,3,7,39
MSTRG.1062|Tc_MARK_2356,10,2,11,28,12,87
MSTRG.1064|Tc00.1047053508731.60,3,15,46,70,45,103
MSTRG.1065|TRSC58_00471,4,0,6,6,10,32
MSTRG.1066|slc29a4,4,9,7,12,7,44
MSTRG.1067|slc29a4,4,9,8,12,7,44
MSTRG.1068|slc29a4,3,7,5,11,5,30
MSTRG.1070|slc29a4,4,9,7,13,7,43
MSTRG.1071,20,53,132,253,298,997
MSTRG.1071|RPS4X,127,207,207,475,234,980
MSTRG.1554|FIS1,4,3,7,18,4,32
MSTRG.1557|AIM32,3,2,8,13,7,25
MSTRG.1555|TRSC58_04172,20,21,43,29,50,66
MSTRG.1558|TRSC58_06209,8,6,0,8,15,45
MSTRG.1559|fadJ,5,11,19,56,44,173
MSTRG.1561|gldA,8,8,18,62,21,147
MSTRG.1565|RAB23,9,9,11,42,13,50
MSTRG.1564|RABL6,10,4,27,42,26,81
MSTRG.1562|TRSC58_01413,40,12,8,22,11,80
MSTRG.1566|DNAJB1,7,5,29,78,53,211
MSTRG.1567|PRO-1,3,4,7,5,4,17
MSTRG.1573|PRO-1,9,4,13,12,15,66
TrSC58v2_1609|THT2C,0,0,0,0,0,0
TrSC58v2_1609.t1.e1|THT2C,0,0,0,0,0,0
MSTRG.1568|PRO-1,2,2,2,6,3,11
MSTRG.1569,2,0,6,11,0,42
MSTRG.1569|PRO-1,2,3,2,2,4,2
MSTRG.1570|PRO-1,2,2,4,1,1,6
MSTRG.1571,6,5,5,5,7,53
MSTRG.1574|PRO-1,3,16,16,18,22,55
MSTRG.1575|PRO-1,2,5,5,7,11,21
MSTRG.1576|PRO-1,4,20,17,16,25,54
MSTRG.1577|PUF6,3,0,0,6,0,22
MSTRG.1579|pkbA,3,3,11,11,7,43
MSTRG.1580|TcCL_NonESM07827,3,2,4,4,0,17
MSTRG.1583|TRSC58_02890,2,4,4,10,14,49
MSTRG.1584|TvY486_0036470,2,2,0,2,0,2
MSTRG.1585|ESAG4,3,4,5,3,28,49
MSTRG.1586|TvY486_0036470,4,3,0,2,0,6
MSTRG.1588,0,0,11,21,0,24
TrSC58v2_1634|At2g25737,0,0,1,0,2,5
MSTRG.1589|At2g25737,0,2,7,7,3,7
MSTRG.1588|PROF,4,8,8,44,24,50
TrSC58v2_1633|PROF,0,0,3,11,1,12
TrSC58v2_1635|PROF,1,0,9,1,2,15
MSTRG.1592|ddx52,4,5,16,33,25,45
TrSC58v2_1638|ddx52,3,4,11,26,1,55
MSTRG.1593|TRSC58_05733,8,7,18,26,25,31
TrSC58v2_1639|TRSC58_05733,6,0,0,17,1,37
MSTRG.1594|TcCLB.509161.110,3,13,7,18,15,63
TrSC58v2_1640|TcCLB.509161.110,0,0,6,0,1,8
MSTRG.1734|TMEM14B,4,7,3,16,15,37
MSTRG.1740|DNAJB13,2,6,21,12,21,70
MSTRG.1743|TRSC58_04222,4,3,24,19,15,54
MSTRG.1744|tsr3,2,0,5,16,4,12
MSTRG.1736|HKR1,20,4,42,43,53,42
MSTRG.1736,4,0,17,4,10,149
MSTRG.1746|CFAP100,7,19,4,41,19,95
MSTRG.1747|TRSC58_03948,2,22,52,43,45,130
MSTRG.1748|cfap161,11,3,21,18,20,70
MSTRG.1749|TMED2,8,6,17,17,19,69
MSTRG.1750|RABB1C,15,12,35,29,36,128
MSTRG.1752|TcCL_ESM08673,3,2,3,8,0,8
MSTRG.1751|TcYC6_0051960,5,13,7,27,17,59
MSTRG.1753|CAB4,4,3,8,4,9,16
MSTRG.1754|Adat3,11,5,0,4,3,20
MSTRG.1757|TRSC58_03861,9,25,17,31,36,88
MSTRG.1758|TRSC58_05464,4,11,13,26,11,20
MSTRG.1761|Cstf2t,3,3,5,15,4,43
MSTRG.1762|TRSC58_01274,6,6,10,18,0,52
MSTRG.1759|MIMI_L615,3,7,27,63,15,102
MSTRG.1763|IPO5,17,28,94,157,93,325
MSTRG.1768|TcCLB.509267.10,7,23,13,31,45,92
MSTRG.1769|Tc_MARK_2823,5,0,8,13,4,24
MSTRG.1770|Tc_MARK_2823,9,2,2,10,10,20
MSTRG.1771|TcYC6_0051700,11,5,23,17,23,52
MSTRG.1772|TRSC58_00855,3,11,4,13,3,49
MSTRG.1773|TIF3K1,9,11,15,25,11,59
MSTRG.1774|EFTUD2,7,3,24,21,51,129
MSTRG.1777|TRSC58_06674,4,0,14,13,4,51
MSTRG.1776|TcYC6_0051650,16,23,60,94,61,157
MSTRG.1779|fmt,3,0,15,8,3,52
MSTRG.1778|Ddx18,11,7,65,34,28,96
MSTRG.1782|TRSC58_03960,25,9,9,22,16,68
MSTRG.1781|RBM12B,26,30,30,73,32,159
MSTRG.1785|ACT1,3,9,0,3,5,35
MSTRG.1786|TRSC58_04563,13,0,10,12,4,59
MSTRG.1787|Tm7sf2,13,6,20,26,10,101
MSTRG.1790|MUC1,7,6,17,14,6,67
MSTRG.573|TRSC58_07112,0,0,4,3,0,10
MSTRG.575|TRSC58_03099,0,0,4,0,0,6
MSTRG.577|TRSC58_04344,0,4,3,18,3,42
MSTRG.581|STOML2,0,0,7,21,11,52
TrSC58v2_580|Trit1,0,0,0,9,9,0
MSTRG.589|Trit1,0,0,8,12,11,59
TrSC58v2_581|imp-2,0,0,1,15,0,34
MSTRG.590|imp-2,0,0,14,18,6,37
TrSC58v2_587|TRSC58_03230,0,0,0,0,0,13
MSTRG.596|TRSC58_03230,0,4,0,4,4,16
TrSC58v2_591|TRSC58_01735,0,0,11,3,8,21
MSTRG.600|TRSC58_01735,0,7,13,4,9,25
TrSC58v2_594|mus-51,0,1,10,2,7,62
MSTRG.604|mus-51,0,3,13,60,9,68
TrSC58v2_607|At4g06676,0,1,8,5,0,3
MSTRG.614|At4g06676,0,3,11,6,4,45
TrSC58v2_615|TRSC58_06831,0,0,6,0,2,19
MSTRG.622|TRSC58_06831,0,5,23,13,24,23
TrSC58v2_618|AURKA,0,0,11,7,13,6
MSTRG.625|AURKA,0,4,13,9,16,73
TrSC58v2_625|TRSC58_01069,0,2,1,0,4,15
MSTRG.633|TRSC58_01069,0,8,2,4,5,15
TrSC58v2_628,0,0,6,3,1,0
MSTRG.636,0,0,7,4,1,7
TrSC58v2_629|TRSC58_02873,0,0,0,1,0,2
MSTRG.637|TRSC58_02873,0,2,0,3,0,16
TrSC58v2_634|ESAG4,0,1,1,0,1,4
MSTRG.642|ESAG4,0,2,1,0,1,3
TrSC58v2_640|TRSC58_06354,0,0,0,0,2,2
MSTRG.647|TRSC58_06354,0,0,0,0,1,2
TrSC58v2_643|ESAG4,0,1,1,0,2,12
MSTRG.650|ESAG4,0,2,1,0,2,6
TrSC58v2_645|ESAG4C,0,0,1,1,0,1
MSTRG.652|ESAG4C,0,0,3,1,0,3
MSTRG.653|AAP19-2,0,0,15,8,5,37
MSTRG.656,0,9,8,32,11,63
MSTRG.665|TRSC58_01597,0,4,4,19,6,19
MSTRG.666|TMN7,0,14,73,82,62,228
MSTRG.667,0,16,4,17,17,21
MSTRG.672|trxA,0,11,14,23,9,85
MSTRG.673|TRSC58_07153,0,0,4,3,7,46
MSTRG.674|Acot12,0,8,15,30,10,129
MSTRG.676|Msh5,0,0,7,0,3,22
MSTRG.683|dph1,0,8,7,23,10,51
MSTRG.686|PF14_0324,0,4,14,11,4,104
MSTRG.687|TRSC58_03708,0,0,6,6,15,26
MSTRG.688|lpdA,0,4,9,7,15,14
MSTRG.694|C4B63_10g272,0,9,5,13,12,35
MSTRG.703|rsmF,0,11,5,15,0,47
MSTRG.707|rlc1,0,4,0,2,0,5
MSTRG.714|TRSC58_05486,0,4,4,23,6,37
MSTRG.715|TRSC58_03160,0,0,11,17,8,24
MSTRG.724,0,0,7,4,1,41
MSTRG.728|TRSC58_04253,0,6,22,30,19,74
MSTRG.737|TRSC58_03515,0,14,12,16,15,53
MSTRG.739|TRSC58_04497,0,4,17,32,13,74
MSTRG.740|clk-1,0,2,17,12,5,50
TrSC58v2_733|DNPEP,0,4,4,12,0,14
MSTRG.741|DNPEP,0,5,5,15,16,17
TrSC58v2_736|SPAC2F7.02c,0,1,0,0,1,2
MSTRG.745|SPAC2F7.02c,0,3,0,4,2,11
TrSC58v2_737|TRSC58_00868,0,7,5,7,8,30
MSTRG.746|TRSC58_00868,0,8,6,9,9,35
TrSC58v2_741|TRSC58_04260,0,1,1,0,3,17
MSTRG.750|TRSC58_04260,0,9,10,3,4,22
TrSC58v2_742|PDE1B,0,0,4,3,2,14
MSTRG.751|PDE1B,0,0,5,4,2,19
MSTRG.753,0,0,186,0,0,433
TrSC58v2_746|TRSC58_02594,0,3,13,17,15,60
MSTRG.754|TRSC58_02594,0,5,18,19,19,68
MSTRG.758,2,0,15,23,0,73
TrSC58v2_751|TRSC58_02872,0,0,4,1,7,0
MSTRG.759|TRSC58_02872,0,0,5,4,8,10
MSTRG.766,8,10,47,54,52,174
MSTRG.770,0,0,13,0,5,33
TrSC58v2_762|TRSC58_02496,0,0,0,11,1,37
MSTRG.772|TRSC58_02496,0,4,10,14,6,42
TrSC58v2_764|pin4,0,0,1,1,8,7
MSTRG.774|pin4,0,0,17,6,9,21
TrSC58v2_771|Stard10,0,4,0,8,6,20
MSTRG.782|Stard10,0,5,13,9,7,25
TrSC58v2_775|TRSC58_06052,0,0,7,1,3,12
MSTRG.786|TRSC58_06052,0,0,8,14,11,13
TrSC58v2_778|rihA,0,1,0,6,7,12
MSTRG.789|rihA,0,8,0,8,10,14
TrSC58v2_779|Nlrc3,0,9,24,13,22,77
MSTRG.790|Nlrc3,0,11,30,18,23,88
TrSC58v2_782|TRSC58_03558,0,0,1,0,1,3
MSTRG.793|TRSC58_03558,0,0,6,0,3,3
TrSC58v2_785|BCY84_15290,0,1,5,5,2,3
MSTRG.796|BCY84_15290,0,1,6,6,4,4
TrSC58v2_786|Tc_MARK_3239,0,0,1,0,0,11
MSTRG.797|Tc_MARK_3239,0,0,2,3,0,12
MSTRG.800,0,8,0,0,0,0
TrSC58v2_795|TcYC6_0111380,0,0,1,1,0,5
MSTRG.805|TcYC6_0111380,0,0,2,1,0,6
TrSC58v2_796|IPP1,0,0,10,0,1,2
MSTRG.806|IPP1,0,0,11,7,11,42
MSTRG.816|TcYC6_0111590,0,0,0,17,6,30
MSTRG.824|TRSC58_01425,0,0,15,21,12,65
MSTRG.831|TRSC58_05090,0,17,17,11,29,48
MSTRG.833|TRSC58_01931,0,0,0,5,0,41
MSTRG.837|ddx11,0,12,12,18,14,77
MSTRG.838|TRSC58_02635,0,0,6,7,5,13
MSTRG.846|AKR1,0,4,13,16,28,88
MSTRG.853|FLVCR1,0,4,4,14,5,41
MSTRG.854|satP,0,0,21,3,17,29
MSTRG.855|satP,0,4,5,9,5,15
MSTRG.862|Tc_MARK_3304,0,0,9,0,14,9
MSTRG.864|Tc_MARK_3305,0,0,0,3,0,7
MSTRG.867|TRSC58_01466,0,0,4,12,0,42
MSTRG.870,0,0,0,3,5,36
MSTRG.873|U2af1l4,0,10,17,28,14,43
MSTRG.874|TRSC58_05059,0,0,20,21,10,51
MSTRG.876|TcSYL_0001470,0,5,9,7,0,23
MSTRG.877|Naa50,0,0,10,14,13,52
MSTRG.886|PRO-1,0,0,0,4,0,15
TrSC58v2_880|PRO-1,0,0,0,0,0,0
TrSC58v2_880.t1.e1|PRO-1,0,0,0,0,0,0
TrSC58v2_881|PRO-1,0,0,0,0,0,0
TrSC58v2_881.t1.e1|PRO-1,0,0,0,0,0,0
TrSC58v2_882|PRO-1,0,0,0,0,0,0
TrSC58v2_882.t1.e1|PRO-1,0,0,0,0,0,0
TrSC58v2_883|PRO-1,0,0,0,0,0,0
TrSC58v2_883.t1.e1|PRO-1,0,0,0,0,0,0
TrSC58v2_884|PRO-1,0,0,0,0,0,0
TrSC58v2_884.t1.e1|PRO-1,0,0,0,0,0,0
TrSC58v2_885|PRO-1,0,0,0,0,0,0
TrSC58v2_885.t1.e1|PRO-1,0,0,0,0,0,0
MSTRG.887|C3747_9g418,0,13,43,36,34,74
MSTRG.900|BCY84_14624,0,15,16,11,32,32
MSTRG.906|TRSC58_05997,0,10,4,6,0,29
MSTRG.911|Rpb11,0,14,3,5,3,25
MSTRG.912|TRSC58_07174,0,5,5,12,14,26
MSTRG.913|TRSC58_03614,0,3,13,7,7,31
MSTRG.915|TRSC58_02256,0,0,6,9,16,17
MSTRG.917|TRSC58_04630,0,5,7,20,12,45
MSTRG.919|RPN3A,0,13,6,12,12,45
MSTRG.931|TRSC58_05050,0,4,13,5,20,43
MSTRG.932|At5g06550,0,4,9,35,8,24
TrSC58v2_939.t1.e1|hctB,0,0,0,0,0,0
TrSC58v2_939|hctB,0,0,0,0,0,0
TrSC58v2_940.t1.e1,0,0,0,1,0,0
TrSC58v2_940,0,0,0,1,0,0
TrSC58v2_941,0,0,0,1,0,0
MSTRG.940,0,0,0,1,0,0
TrSC58v2_942|Tc_MARK_4170,0,0,1,3,2,5
MSTRG.941|Tc_MARK_4170,0,8,2,3,16,7
TrSC58v2_945.t1.e1,0,0,0,0,0,0
TrSC58v2_945,0,0,0,0,0,0
TrSC58v2_946|hctB,0,0,1,2,1,1
MSTRG.944|hctB,0,0,1,2,1,1
TrSC58v2_947,0,0,0,0,0,1
MSTRG.945,0,1,0,3,0,1
TrSC58v2_948,0,0,1,2,1,0
MSTRG.946,0,0,1,2,1,2
TrSC58v2_951|srfbp1,0,0,0,1,1,1
MSTRG.950|srfbp1,0,0,0,1,1,1
TrSC58v2_952|hctB,0,0,0,0,1,0
MSTRG.951|hctB,0,0,0,0,1,0
TrSC58v2_953|hctB,0,0,0,1,1,1
MSTRG.952|hctB,0,0,0,1,1,1
TrSC58v2_954.t1.e1|srfbp1,0,0,0,0,0,0
TrSC58v2_954|srfbp1,0,0,0,0,0,0
TrSC58v2_955.t1.e1,0,0,0,0,0,0
TrSC58v2_955,0,0,0,0,0,0
TrSC58v2_956,0,1,0,1,0,1
MSTRG.953,0,1,0,1,0,1
TrSC58v2_957|hctB,0,1,0,1,1,1
MSTRG.954|hctB,0,4,0,1,1,1
TrSC58v2_958,0,0,0,1,0,1
MSTRG.955,0,0,0,1,0,1
TrSC58v2_959|At4g16580,0,0,0,18,4,24
MSTRG.956|At4g16580,0,4,12,20,5,28
TrSC58v2_962|jmjd4,0,0,0,0,4,22
MSTRG.959|jmjd4,0,0,8,5,5,27
TrSC58v2_963|TRSC58_00671,0,0,0,0,0,15
MSTRG.960|TRSC58_00671,0,5,12,0,0,19
TrSC58v2_964|TcYC6_0073970,0,0,4,6,3,35
MSTRG.961|TcYC6_0073970,0,19,6,21,4,37
TrSC58v2_966|DQ04_02451060,0,0,2,4,2,5
MSTRG.963|DQ04_02451060,0,0,2,4,2,6
TrSC58v2_967|Tc_MARK_4154,0,1,2,0,0,39
MSTRG.964|Tc_MARK_4154,0,7,4,4,0,47
TrSC58v2_969|1a,0,1,9,7,5,26
MSTRG.966|1a,0,2,11,9,8,30
TrSC58v2_970|BCY84_14765,0,1,1,0,1,6
MSTRG.967|BCY84_14765,0,4,7,0,3,6
TrSC58v2_971|SEC18,0,0,11,17,11,46
MSTRG.968|SEC18,0,0,13,20,13,78
TrSC58v2_974|TcYC6_0074060,0,0,0,0,0,0
MSTRG.971|TcYC6_0074060,0,0,0,4,0,0
TrSC58v2_975|TcBrA4_0057380,0,0,3,2,0,8
MSTRG.972|TcBrA4_0057380,0,11,4,19,0,8
MSTRG.572|TRSC58_06822,8,3,12,7,4,34
MSTRG.574|At5g08530,5,13,41,21,13,112
MSTRG.576|RibJ,9,15,12,17,16,25
MSTRG.578|Trmt11,34,29,82,54,46,202
MSTRG.579|DRC7,25,50,47,81,58,200
MSTRG.580|TRSC58_03559,3,6,2,17,15,54
MSTRG.582|TRSC58_00563,4,8,5,17,19,106
MSTRG.583|ATP6V0D1,19,3,38,30,13,86
MSTRG.584|Tc_MARK_871,15,7,5,24,14,27
MSTRG.585|TRSC58_04427,9,17,38,78,36,173
MSTRG.586|C4B63_29g175,16,26,46,130,79,281
MSTRG.587|Pfdn6,2,3,19,39,12,54
MSTRG.588|Ppp1r7,9,11,28,81,36,83
MSTRG.591|letm1,7,5,9,13,8,15
TrSC58v2_582|letm1,6,0,8,12,7,14
MSTRG.592|ABCG42,9,3,9,8,18,32
TrSC58v2_583|ABCG42,0,1,8,5,0,29
MSTRG.593|egtB,6,4,15,22,8,31
TrSC58v2_584|egtB,1,3,0,16,1,27
MSTRG.594|TRSC58_04975,4,4,8,5,10,47
TrSC58v2_585|TRSC58_04975,0,0,5,3,7,2
MSTRG.595|TcCL_ESM10980,4,9,8,6,4,24
TrSC58v2_586|TcCL_ESM10980,2,9,1,5,0,23
MSTRG.597|ustA,4,0,12,20,26,74
TrSC58v2_588|ustA,3,0,8,15,17,68
MSTRG.598|TRSC58_02425,10,1,25,21,8,66
TrSC58v2_589|TRSC58_02425,8,1,2,17,7,0
MSTRG.599|TP53I3,4,9,26,10,3,21
TrSC58v2_590|TP53I3,0,2,2,9,3,18
MSTRG.601|TRSC58_03506,8,19,26,9,7,54
TrSC58v2_592|TRSC58_03506,1,1,24,8,1,44
TrSC58v2_593|Tc_MARK_3080,12,7,17,42,24,105
MSTRG.603|Tc_MARK_3080,8,10,25,54,32,122
MSTRG.603,63,27,93,164,111,369
MSTRG.605|TRSC58_01588,17,5,7,15,8,34
TrSC58v2_595|TRSC58_01588,0,0,5,11,6,30
MSTRG.606|RPL4,69,64,127,175,107,610
TrSC58v2_596|RPL4,50,54,105,140,93,449
MSTRG.607|ANK2,2,1,2,3,6,11
TrSC58v2_597|ANK2,0,1,1,2,4,11
TrSC58v2_598|Tc_MARK_3080,1,1,4,4,3,2
TrSC58v2_599|RPL4,36,16,73,60,62,340
MSTRG.603|RPL4,16,51,74,66,56,298
MSTRG.602|ANK2,3,0,6,4,8,20
TrSC58v2_600|ANK2,2,0,2,3,0,18
MSTRG.608|C3747_47g252,9,6,19,20,9,50
TrSC58v2_601|C3747_47g252,8,5,16,0,6,45
MSTRG.609|TRSC58_00773,11,0,5,10,9,37
TrSC58v2_602|TRSC58_00773,0,0,0,9,7,32
MSTRG.610|TYPX,8,3,1,10,6,11
TrSC58v2_603|TYPX,7,1,1,3,1,10
MSTRG.611|TYPX,8,31,44,46,40,188
TrSC58v2_604|TYPX,8,28,43,41,38,176
MSTRG.612|TRSC58_06609,9,19,12,21,5,35
TrSC58v2_605|TRSC58_06609,8,0,10,3,4,29
MSTRG.613|TRSC58_04994,12,5,14,17,26,104
TrSC58v2_606|TRSC58_04994,9,4,11,13,19,82
MSTRG.615|TRSC58_05402,6,5,7,39,17,59
TrSC58v2_608|TRSC58_05402,5,5,5,1,13,56
MSTRG.616|TRSC58_03381,8,6,6,12,19,48
TrSC58v2_609|TRSC58_03381,0,3,4,0,1,45
MSTRG.617|TRSC58_04692,15,19,29,50,29,82
TrSC58v2_610|TRSC58_04692,1,1,1,2,1,75
MSTRG.618|sec16,19,18,38,52,23,244
TrSC58v2_611|sec16,15,13,32,41,20,8
MSTRG.619|DALL3,5,0,24,14,12,60
TrSC58v2_612|DALL3,3,0,13,11,9,47
MSTRG.620|LIP,6,7,11,46,56,152
TrSC58v2_613|LIP,5,5,9,42,45,80
MSTRG.621|TRSC58_02992,7,8,12,14,0,14
TrSC58v2_614|TRSC58_02992,1,1,1,11,0,13
MSTRG.623|CPT2,11,11,37,62,28,138
TrSC58v2_616|CPT2,8,9,0,50,24,117
MSTRG.624|polr3f,3,3,13,13,8,29
TrSC58v2_617|polr3f,0,3,1,0,0,27
MSTRG.626|Sxl,4,11,6,10,15,77
TrSC58v2_619|Sxl,3,0,5,0,12,1
MSTRG.627|ltv1,21,0,18,32,20,102
TrSC58v2_620|ltv1,0,0,17,28,18,99
MSTRG.628|SPBC215.06c,4,0,8,10,4,27
TrSC58v2_621|SPBC215.06c,1,0,0,9,1,23
MSTRG.630|TRSC58_06770,9,6,20,16,14,78
TrSC58v2_622|TRSC58_06770,6,5,17,14,13,19
MSTRG.629,11,3,8,24,7,32
MSTRG.631|TRSC58_03751,4,5,53,16,28,79
TrSC58v2_623|TRSC58_03751,0,3,0,14,2,72
MSTRG.632|Asnsd1,12,10,18,14,6,73
TrSC58v2_624|Asnsd1,11,7,16,11,4,10
MSTRG.634|C3747_47g293,3,8,27,42,31,127
TrSC58v2_626|C3747_47g293,2,7,24,36,25,117
MSTRG.635|TRSC58_02873,4,17,20,26,22,76
TrSC58v2_627|TRSC58_02873,3,14,16,21,17,66
MSTRG.638|PI4KA1,15,4,19,69,58,109
TrSC58v2_630|PI4KA1,11,0,15,47,45,95
MSTRG.639|gp63,3,3,5,10,2,16
TrSC58v2_631|gp63,0,2,3,7,2,12
MSTRG.640|gp63,3,3,5,9,3,19
TrSC58v2_632|gp63,0,2,3,8,2,17
MSTRG.641|gp63,3,2,4,10,3,21
TrSC58v2_633|gp63,0,2,3,7,2,17
MSTRG.643|ESAG4,4,2,5,8,0,9
TrSC58v2_635|ESAG4,0,1,0,0,0,10
MSTRG.644|ESAG4C,1,0,4,11,5,14
TrSC58v2_636|ESAG4C,0,0,4,9,0,12
MSTRG.645|ESAG4,4,5,9,21,8,54
TrSC58v2_637|ESAG4,3,4,8,15,7,38
MSTRG.646,12,5,30,28,15,78
MSTRG.648|TRSC58_06354,8,7,5,12,2,18
TrSC58v2_641|TRSC58_06354,0,0,4,0,3,21
MSTRG.649|TRSC58_07029,5,0,4,19,11,19
TrSC58v2_642|TRSC58_07029,0,0,3,17,1,17
MSTRG.651|ESAG4,4,2,1,0,0,1
TrSC58v2_644|ESAG4,0,1,1,0,0,2
MSTRG.654|TRSC58_02464,4,0,7,17,6,53
MSTRG.655|TRSC58_02418,16,12,19,27,31,75
MSTRG.657|TRSC58_03751,29,35,68,115,71,281
MSTRG.658|TRSC58_06954,2,0,9,7,0,16
MSTRG.659|TRSC58_05472,3,4,13,35,8,57
MSTRG.660|TRSC58_05821,4,11,11,30,16,32
MSTRG.661|TRSC58_03417,7,11,27,39,21,125
MSTRG.662|grtp1a,8,5,11,23,8,81
MSTRG.663|ATG18,5,4,6,17,9,66
MSTRG.664|TRSC58_01750,11,0,8,35,42,110
MSTRG.667|TRSC58_07093,10,3,4,7,4,9
MSTRG.668|TcYC6_0109900,23,33,39,100,47,243
MSTRG.669|SSM4,7,0,34,56,29,100
MSTRG.670|abcH2,6,3,17,24,25,91
MSTRG.671|tagC,15,12,37,15,29,112
MSTRG.675|rsph1,8,17,15,46,20,102
MSTRG.677|PFRC,3,7,60,57,31,151
MSTRG.678|PFRC,2,2,7,11,5,19
MSTRG.679|PFRC,3,2,16,18,9,39
MSTRG.680|PFRC,2,2,5,8,5,14
MSTRG.681|PFRC,2,2,5,8,5,14
MSTRG.682|PFRC,5,6,20,21,10,44
MSTRG.684|Slf1,4,9,0,16,9,68
MSTRG.685|Rps15a,22,62,49,128,78,427
MSTRG.689|TRSC58_01857,6,7,11,15,15,64
MSTRG.690|TRSC58_00861,14,20,33,57,13,77
MSTRG.691|RP165,10,4,16,19,5,56
MSTRG.692|TRSC58_04903,11,3,12,17,20,74
MSTRG.693|TRSC58_05307,25,7,7,19,17,25
MSTRG.695|TRSC58_03391,3,5,9,14,5,57
MSTRG.696|ppp2r3c,11,11,4,29,20,71
MSTRG.697|C3747_328g58c,2,0,0,14,5,15
MSTRG.698|C3747_13g140,9,6,17,19,12,110
MSTRG.699|FH2,3,22,42,66,37,148
MSTRG.700|TcG_04062,9,9,20,43,29,78
MSTRG.701|TRSC58_04058,4,9,0,7,20,13
MSTRG.702|TRSC58_00500,5,7,6,14,9,42
MSTRG.704|TRSC58_03859,5,11,15,42,21,90
MSTRG.705|KIN10,15,18,14,15,18,60
MSTRG.706|Pigq,5,8,24,58,31,113
MSTRG.708|TRSC58_05210,11,14,27,48,20,141
MSTRG.709|SAD2,7,0,11,28,30,71
MSTRG.710|dre-1,10,22,60,92,102,317
MSTRG.711|RDH14,5,3,21,9,11,27
MSTRG.712|hrr1,21,26,25,54,25,182
MSTRG.713|Uggt,12,20,58,67,65,161
MSTRG.716|TcYC6_0110470,5,6,0,14,2,36
MSTRG.717|ERG2,2,0,13,19,5,54
MSTRG.718|WD66,19,10,12,13,15,48
MSTRG.719|CRK1,7,0,4,14,4,18
MSTRG.720|GDI2,4,0,19,47,28,54
MSTRG.721|Tc_MARK_3173,5,0,12,13,3,64
MSTRG.722|TRSC58_02649,9,0,17,9,5,54
MSTRG.723,6,4,8,16,20,42
MSTRG.725|TRSC58_02716,25,23,67,71,47,142
MSTRG.726|DNM1,12,36,75,89,60,288
MSTRG.727|dnaaf11,3,12,3,22,15,54
MSTRG.729|Os08g0398700,14,20,17,46,50,139
MSTRG.730|TRSC58_03312,7,12,23,38,0,71
MSTRG.731|SLD5,6,3,4,25,7,53
MSTRG.732|TRSC58_03767,9,5,11,3,0,19
MSTRG.733|PLSC,6,4,5,21,12,41
MSTRG.734|UBP14,12,5,13,25,24,64
MSTRG.735|echs1,12,10,12,23,23,84
MSTRG.736|MKK1a,7,9,15,6,13,33
MSTRG.738|TRSC58_02147,8,3,8,11,8,4
MSTRG.742,3,6,18,9,11,50
MSTRG.743|kin,4,7,9,11,7,40
TrSC58v2_734|kin,3,0,8,9,6,19
MSTRG.744|kin,4,3,4,12,9,51
TrSC58v2_735|kin,3,1,4,9,7,45
MSTRG.747|LPCAT1,6,0,8,11,3,46
TrSC58v2_738|LPCAT1,4,0,7,0,2,1
MSTRG.748|TRSC58_01160,6,5,6,11,7,44
TrSC58v2_739|TRSC58_01160,4,4,5,10,6,26
MSTRG.749|DQ04_03741040,3,12,15,14,8,34
TrSC58v2_740|DQ04_03741040,1,0,1,12,7,30
MSTRG.752|hspA,8,11,8,14,0,41
TrSC58v2_743|hspA,6,10,2,11,0,37
MSTRG.753|RpL13,129,127,48,288,196,569
TrSC58v2_744|RpL13,2,2,31,89,54,140
TrSC58v2_745|RpL13,6,21,10,18,23,76
MSTRG.755|Dapk3,3,8,5,11,8,27
TrSC58v2_747|Dapk3,0,0,5,9,0,25
MSTRG.756|VPS4A,18,9,25,31,25,56
TrSC58v2_748|VPS4A,0,8,0,28,1,46
MSTRG.757|pfk,10,3,27,56,32,83
TrSC58v2_749|pfk,7,1,24,1,21,77
TrSC58v2_750|TRSC58_01356,2,0,2,2,0,0
MSTRG.758|TRSC58_01356,2,3,5,1,11,4
MSTRG.760|TRSC58_04109,1,2,5,0,5,9
TrSC58v2_752|TRSC58_04109,1,1,1,0,2,7
MSTRG.762|nsun2,8,13,4,8,17,19
TrSC58v2_753|nsun2,0,0,3,7,14,15
MSTRG.761,3,6,12,15,13,58
MSTRG.763|CTR9,9,4,16,19,5,42
TrSC58v2_754|CTR9,0,3,13,17,5,36
MSTRG.764|TRSC58_00566,3,3,9,13,19,55
TrSC58v2_755|TRSC58_00566,3,2,7,12,1,50
MSTRG.765|NEK1,13,10,30,44,27,132
TrSC58v2_756|NEK1,9,9,28,40,21,118
MSTRG.766|TCNA,2,1,4,8,2,13
TrSC58v2_757|TCNA,0,1,5,0,6,15
MSTRG.767|TRSC58_03457,2,6,16,22,14,62
TrSC58v2_758|TRSC58_03457,1,5,14,18,11,1
MSTRG.768|PAPS1,6,0,19,16,8,53
TrSC58v2_759|PAPS1,5,0,0,4,7,42
MSTRG.769|TRSC58_05806,4,5,10,22,9,64
TrSC58v2_760|TRSC58_05806,3,1,8,19,7,47
MSTRG.771|TRSC58_04007,24,22,103,135,91,514
TrSC58v2_761|TRSC58_04007,17,15,26,122,73,4
MSTRG.773|ncapg,4,7,26,22,14,53
TrSC58v2_763|ncapg,0,5,22,18,9,46
MSTRG.775|RTEL1,3,5,28,17,11,55
TrSC58v2_765|RTEL1,0,3,19,14,8,50
MSTRG.776|Nek1,6,8,4,48,7,52
TrSC58v2_766|Nek1,5,0,0,1,6,47
MSTRG.777|pde-3,5,0,7,6,12,23
TrSC58v2_767|pde-3,4,0,6,5,8,20
MSTRG.778,22,30,66,126,75,236
MSTRG.779|TRSC58_01770,4,4,18,15,7,37
TrSC58v2_768|TRSC58_01770,0,1,13,13,6,27
MSTRG.780|dre-1,4,3,7,8,10,27
TrSC58v2_769|dre-1,3,1,1,0,8,24
MSTRG.781|Wee1,8,4,21,9,8,42
TrSC58v2_770|Wee1,0,4,2,8,7,40
MSTRG.783|ACT,5,0,7,8,11,40
TrSC58v2_772|ACT,3,0,0,0,1,1
MSTRG.784|C4B63_23g1324c,4,2,4,3,3,17
TrSC58v2_773|C4B63_23g1324c,4,1,4,1,3,15
MSTRG.785|PIFTC3,7,11,41,30,31,79
TrSC58v2_774|PIFTC3,7,2,2,28,28,65
MSTRG.787|MRS3,1,4,5,35,8,37
TrSC58v2_776|MRS3,1,0,5,3,2,32
MSTRG.788|TRSC58_02796,7,3,0,12,8,34
TrSC58v2_777|TRSC58_02796,1,0,0,10,0,3
MSTRG.791|TRSC58_02399,9,0,4,4,0,17
TrSC58v2_780|TRSC58_02399,0,0,0,3,0,2
MSTRG.792|TRSC58_00695,4,0,8,4,9,25
TrSC58v2_781|TRSC58_00695,4,0,0,4,8,1
MSTRG.794|RPS19,35,44,62,104,59,272
TrSC58v2_783|RPS19,26,34,44,74,47,187
MSTRG.795|EIF2S1,7,16,34,72,33,111
TrSC58v2_784|EIF2S1,5,14,32,1,28,93
MSTRG.798|Rsph1,7,14,22,13,19,33
TrSC58v2_787|Rsph1,0,1,1,1,2,37
MSTRG.799|TRSC58_04251,1,1,1,1,3,7
TrSC58v2_788|TRSC58_04251,1,1,1,1,2,6
MSTRG.800|TRSC58_01480,5,4,19,24,14,77
TrSC58v2_789|TRSC58_01480,0,2,6,10,7,29
MSTRG.801|BCY84_15294,2,1,5,9,6,16
TrSC58v2_790|BCY84_15294,1,2,6,10,7,17
MSTRG.802|TRSC58_04251,3,2,4,3,4,12
TrSC58v2_791|TRSC58_04251,1,2,4,4,5,13
TrSC58v2_792|TRSC58_01480,1,3,10,10,4,27
MSTRG.803|TCSYLVIO_004453,5,3,31,39,26,79
TrSC58v2_793|TCSYLVIO_004453,4,3,1,36,21,76
MSTRG.804|TRSC58_04709,4,11,4,14,3,17
TrSC58v2_794|TRSC58_04709,0,1,0,1,3,16
MSTRG.807|Ppan,8,1,5,0,14,23
TrSC58v2_797|Ppan,6,1,4,0,10,19
MSTRG.808|ctdnep1a,12,6,6,13,7,13
TrSC58v2_798|ctdnep1a,0,0,5,9,5,11
MSTRG.809|TRSC58_01928,5,12,22,25,13,93
TrSC58v2_799|TRSC58_01928,3,10,17,21,11,61
MSTRG.810|cln3,69,59,66,152,86,330
MSTRG.811|TRSC58_03751,15,7,27,34,34,100
MSTRG.812|SPAC694.02,53,60,116,112,123,445
MSTRG.813|TRSC58_05790,24,64,94,121,139,306
MSTRG.814|ywhH,4,0,7,4,3,36
MSTRG.815|TRSC58_01094,4,0,47,41,23,114
MSTRG.817|TRSC58_01439,3,0,14,6,16,32
MSTRG.818|TBCE,15,14,30,13,8,66
MSTRG.819|ATPK2,17,27,44,39,34,156
MSTRG.820|TRSC58_04029,8,2,11,38,6,50
MSTRG.822|pfkb-1.2,33,29,41,118,78,291
MSTRG.821,3,15,24,23,24,115
MSTRG.823|TRSC58_06958,4,7,16,75,72,171
MSTRG.825|TRSC58_05748,19,21,57,58,23,118
MSTRG.826|TRSC58_02679,14,28,51,57,66,166
MSTRG.827|MPSS3,8,14,14,12,5,67
MSTRG.828|TRSC58_00460,20,4,47,51,17,97
MSTRG.829|Lrriq1,3,0,21,34,24,126
MSTRG.830|TRSC58_06143,8,0,5,11,3,30
MSTRG.832|TRSC58_06090,5,0,2,12,20,36
MSTRG.834|Tdp2,4,9,29,20,39,112
MSTRG.836|PRMT1,3,5,5,4,3,21
MSTRG.835,3,12,7,22,5,63
MSTRG.839|qor,62,67,149,233,137,670
MSTRG.840|TRSC58_04754,7,0,4,22,7,72
MSTRG.841|RPT4A,4,7,28,6,29,59
MSTRG.842|TRSC58_06302,14,12,21,58,32,137
MSTRG.843|Tc_MARK_3287,24,20,34,64,37,182
MSTRG.844|TRSC58_06564,7,10,63,86,46,214
MSTRG.845|TRSC58_00962,5,0,23,39,36,53
MSTRG.847|TRSC58_00621,4,0,17,19,22,73
MSTRG.848|Tc_MARK_3292,7,0,2,0,8,44
MSTRG.849|OXR1,18,27,46,86,78,182
MSTRG.850|RLA1,23,39,41,56,56,197
MSTRG.851|RLA1,60,38,100,124,65,339
MSTRG.852|TRSC58_01838,14,0,8,3,17,29
MSTRG.856|MTH_215,14,15,22,80,37,215
MSTRG.857|CRK2,4,0,19,11,0,83
MSTRG.858|Os07g0103200,4,4,21,29,25,39
MSTRG.859|TcCL_ESM00617,3,17,23,19,14,50
MSTRG.860|Cfap58,25,0,61,64,73,233
MSTRG.861|dnaJ,5,9,18,41,27,63
MSTRG.863|plekhm3,4,8,15,11,8,59
MSTRG.865|TRSC58_01042,8,0,15,7,12,40
MSTRG.866|RpL38,10,44,67,66,64,277
MSTRG.868|LACS9,28,9,37,57,48,127
MSTRG.869|TRSC58_02504,4,13,10,7,9,27
MSTRG.871|NTF6,3,6,18,16,17,76
MSTRG.872|DDB_G0283293,53,31,69,174,112,489
MSTRG.875|ABCF3,7,14,52,44,31,152
MSTRG.878|LRGUK,8,12,12,52,19,57
MSTRG.879|TRSC58_03656,4,19,28,25,26,118
MSTRG.880|CTAG,4,0,7,21,18,65
MSTRG.881|At1g67320,30,19,74,95,51,275
MSTRG.882|SCT1,2,19,41,75,79,138
MSTRG.883|TRSC58_00754,4,2,19,24,5,41
MSTRG.884|taw2,10,7,18,19,25,103
MSTRG.885|TRSC58_06135,7,7,3,15,5,38
MSTRG.888|56PGK,5,12,22,30,12,107
MSTRG.889|sbr,4,0,16,35,38,68
MSTRG.890|beta-PheRS,3,24,24,25,0,81
MSTRG.891|TRSC58_05433,3,6,11,30,12,78
MSTRG.892|TRSC58_03873,9,11,30,28,21,39
MSTRG.893|gefA,4,0,13,24,16,43
MSTRG.894|MOCS3,4,9,38,31,31,133
MSTRG.895|WASHC5,4,21,26,35,23,75
MSTRG.896|Tc_MARK_6086,3,12,22,28,20,79
MSTRG.897|ERF1,23,27,64,75,60,199
MSTRG.898|ABCG2,11,4,7,7,23,61
MSTRG.899|TRSC58_06352,11,9,20,8,10,56
MSTRG.901|BRO1,31,25,55,58,76,188
MSTRG.902|DNAI3,4,6,29,11,18,134
MSTRG.903|TIF45,7,8,9,20,11,65
MSTRG.904|TRSC58_04138,13,2,25,50,23,83
MSTRG.905,8,10,14,63,30,83
MSTRG.907|CRAT,17,8,8,22,22,46
MSTRG.908|TRSC58_01488,4,11,25,9,7,33
MSTRG.909|DGAT2,4,12,13,28,42,112
MSTRG.910|DGAT2B,10,5,16,32,28,66
MSTRG.914|TRSC58_04022,4,3,21,29,9,72
MSTRG.916|TRSC58_05836,4,3,12,21,2,43
MSTRG.918|TRSC58_02902,20,5,37,35,22,72
MSTRG.920|CEBPZ,10,13,11,48,15,124
MSTRG.921|chmp2a2,9,11,7,19,13,48
MSTRG.922|TRSC58_05057,11,29,36,51,8,138
MSTRG.923|EMB1187,13,11,9,48,23,80
MSTRG.924|vps16,16,7,33,35,36,95
MSTRG.925|TRSC58_03496,24,6,37,3,5,42
MSTRG.926|TRSC58_03194,5,4,0,9,0,5
MSTRG.927,40,74,186,225,155,606
MSTRG.927|RLA0,104,103,250,274,185,986
MSTRG.928|TRSC58_02655,3,2,7,4,5,16
MSTRG.929|RH2a,7,13,25,57,23,117
MSTRG.930|TRSC58_05309,4,4,9,20,19,42
MSTRG.933|ArgRS,5,12,31,23,7,76
MSTRG.934|CG7483,30,26,65,148,76,353
MSTRG.935|TRSC58_04917,7,4,7,4,13,25
MSTRG.936|LRRC74B,4,4,11,11,0,25
MSTRG.937|TRSC58_01430,7,0,5,10,11,32
MSTRG.938|cct2,39,10,28,70,36,104
TrSC58v2_937|cct2,0,1,25,3,34,95
MSTRG.939|strap,4,5,14,19,9,37
TrSC58v2_938|strap,0,1,10,16,0,31
MSTRG.942|TcBrA4_0069900,18,7,9,12,14,62
TrSC58v2_943|TcBrA4_0069900,15,0,8,9,12,51
MSTRG.943|TRSC58_00709,10,14,39,1,73,86
TrSC58v2_944|TRSC58_00709,8,13,24,41,5,73
MSTRG.947,52,65,126,194,137,567
MSTRG.947|Sfmbt2,7,1,7,11,10,2
TrSC58v2_949|Sfmbt2,2,1,26,0,0,1
MSTRG.948|eif2b4,7,4,8,52,50,86
TrSC58v2_950|eif2b4,0,0,7,4,0,77
MSTRG.949,18,20,60,67,59,221
MSTRG.957|TcBrA4_0057520,8,3,0,12,9,17
TrSC58v2_960|TcBrA4_0057520,0,1,0,2,1,1
MSTRG.958|TRSC58_05873,5,8,5,24,3,55
TrSC58v2_961|TRSC58_05873,0,0,4,21,2,51
MSTRG.962|Ift88,8,7,6,32,24,61
TrSC58v2_965|Ift88,0,5,5,35,21,54
MSTRG.965|TRSC58_01711,11,8,16,23,29,82
TrSC58v2_968|TRSC58_01711,2,8,15,22,26,74
MSTRG.969|NFS1,3,8,4,15,15,36
TrSC58v2_972|NFS1,2,0,3,14,12,34
MSTRG.970|nvl,8,2,12,31,4,63
TrSC58v2_973|nvl,0,1,10,1,0,2
MSTRG.973|TRSC58_02520,4,5,15,15,7,36
TrSC58v2_976|TRSC58_02520,0,0,0,2,6,29
MSTRG.974|TRSC58_01962,7,9,5,8,8,31
TrSC58v2_977|TRSC58_01962,5,6,4,5,5,21
MSTRG.975|TRSC58_03626,14,3,17,13,8,52
TrSC58v2_978|TRSC58_03626,2,1,16,12,1,50
MSTRG.976|TRSC58_05536,28,8,18,17,19,89
TrSC58v2_979|TRSC58_05536,15,0,13,15,15,1
MSTRG.977|Tatdn1,6,0,11,19,15,47
TrSC58v2_980|Tatdn1,0,0,0,0,13,1
MSTRG.978|TRSC58_00888,3,3,4,10,4,19
TrSC58v2_981|TRSC58_00888,1,0,3,1,4,18
MSTRG.1793|NO26,11,0,19,28,9,53
MSTRG.1794|TRSC58_03382,11,17,20,27,12,104
MSTRG.1795|TRSC58_04329,4,21,28,25,11,75
MSTRG.1791|TRSC58_04908,17,8,31,68,34,108
MSTRG.1796|Hdac8,5,0,15,29,15,104
MSTRG.1797|TRSC58_04192,8,9,16,36,34,124
MSTRG.1798|TRSC58_01630,6,4,4,31,24,47
MSTRG.1799|NSUN3,10,0,9,6,0,26
MSTRG.1800|TRSC58_05976,14,0,11,37,10,57
MSTRG.1878|TRSC58_03415,4,4,4,21,11,32
TrSC58v2_1927|TRSC58_03415,0,0,0,1,0,25
MSTRG.1877|TRSC58_05380,5,10,11,17,8,35
TrSC58v2_1926|TRSC58_05380,4,7,9,13,7,29
MSTRG.1879|SPBC428.15,9,15,14,55,11,78
TrSC58v2_1928|SPBC428.15,7,13,11,0,9,71
MSTRG.1880|P5CS1,2,18,30,42,28,126
TrSC58v2_1929|P5CS1,1,16,27,33,22,111
MSTRG.1882|LRRC71,4,11,6,23,12,43
TrSC58v2_1931|LRRC71,0,8,5,19,8,47
MSTRG.1884|TCSYLVIO_005301,8,33,13,13,12,53
TrSC58v2_1933|TCSYLVIO_005301,8,0,11,12,2,49
MSTRG.1881|vlpE,29,38,80,108,86,294
TrSC58v2_1930|vlpE,23,34,69,94,73,323
MSTRG.1886|TRSC58_03130,5,7,11,11,13,45
TrSC58v2_1935|TRSC58_03130,0,6,8,10,10,36
MSTRG.1887|IFT22,15,3,10,18,4,41
TrSC58v2_1936|IFT22,2,0,9,0,2,34
TrSC58v2_1642|seh1l-a,0,0,2,1,1,1
MSTRG.1596|seh1l-a,0,0,6,7,7,21
TrSC58v2_1645|Akap7,0,0,1,0,0,11
MSTRG.1599|Akap7,0,0,1,13,0,14
TrSC58v2_1647|TRSC58_05902,0,0,0,0,1,0
MSTRG.1601|TRSC58_05902,0,5,11,0,10,16
TrSC58v2_1649|IMP3,0,0,0,0,0,1
MSTRG.1603|IMP3,0,4,0,5,4,14
TrSC58v2_1655|TRSC58_06063,0,0,0,0,1,1
MSTRG.1609|TRSC58_06063,0,0,4,0,4,13
TrSC58v2_1657|CYCT1-4,0,0,0,0,0,5
MSTRG.1610|CYCT1-4,0,0,6,4,12,6
TrSC58v2_1658|R06F6.8,0,7,9,6,20,35
MSTRG.1611|R06F6.8,0,10,12,7,25,39
TrSC58v2_1670|pctA,0,0,6,6,10,22
MSTRG.1623|pctA,0,0,7,8,11,24
TrSC58v2_1671|TRSC58_03222,0,0,0,1,11,1
MSTRG.1624|TRSC58_03222,0,4,0,22,13,24
TrSC58v2_1679|TRSC58_03216,0,0,0,0,10,23
MSTRG.1633|TRSC58_03216,0,8,0,12,13,26
TrSC58v2_1690|SNRPG,0,0,4,2,3,9
MSTRG.1644|SNRPG,0,0,5,2,3,10
TrSC58v2_1694|FOLT1,0,1,2,1,1,1
MSTRG.1648|FOLT1,0,1,13,4,1,18
TrSC58v2_1702|ppp1r12a,0,7,0,0,0,9
MSTRG.1656|ppp1r12a,0,7,4,6,3,10
TrSC58v2_1703|TRSC58_01645,0,0,1,3,4,2
MSTRG.1657|TRSC58_01645,0,0,3,4,4,19
TrSC58v2_1704|psmD8-1,0,3,6,11,4,31
MSTRG.1658|psmD8-1,0,22,8,12,20,35
TrSC58v2_1705|At1g63130,0,0,6,0,15,36
MSTRG.1659|At1g63130,0,0,7,0,17,42
TrSC58v2_1707|AGD8,0,6,8,7,1,30
MSTRG.1661|AGD8,0,8,9,8,6,34
TrSC58v2_1708|Bbs9,0,0,12,14,18,61
MSTRG.1662|Bbs9,0,4,17,19,15,66
TrSC58v2_1711|SFH6,0,0,6,8,0,11
MSTRG.1665|SFH6,0,13,9,9,0,13
TrSC58v2_1712|polr2g,0,0,1,4,5,14
MSTRG.1666|polr2g,0,0,2,4,6,17
TrSC58v2_1713|TcYC6_0053020,0,0,0,0,0,2
MSTRG.1667|TcYC6_0053020,0,0,0,3,0,16
TrSC58v2_1715|PDF1B,0,0,0,0,0,1
MSTRG.1670|PDF1B,0,0,5,12,0,14
TrSC58v2_1716|WSS1,0,0,4,5,4,22
MSTRG.1671|WSS1,0,0,5,7,5,26
TrSC58v2_1718|DESI1,0,2,10,1,0,43
MSTRG.1673|DESI1,0,3,13,13,7,48
TrSC58v2_1720|TRSC58_02827,0,9,1,2,1,23
MSTRG.1675|TRSC58_02827,0,11,27,3,19,26
MSTRG.1679|TcYC6_0052830,0,11,0,25,5,58
MSTRG.1681|TRSC58_06636,0,0,5,0,0,14
MSTRG.1685|TRSC58_03111,0,0,0,0,12,7
MSTRG.1686|TRSC58_03922,0,4,14,4,8,16
MSTRG.1688|Traf3ip1,0,7,0,17,12,62
MSTRG.1690|C3747_12g443,0,14,24,15,7,77
MSTRG.1693|TRSC58_04933,0,9,11,7,13,17
MSTRG.1695|TRSC58_03743,0,9,19,26,5,20
MSTRG.1700|PMI1,0,0,8,23,24,44
MSTRG.1702|C3747_55g42,0,7,20,17,38,55
MSTRG.1703|TRSC58_01270,0,3,4,22,9,20
MSTRG.1704|TRSC58_01824,0,18,31,23,5,97
MSTRG.1705|TRSC58_03785,0,3,18,4,3,29
MSTRG.1706|TRSC58_03989,0,23,46,26,7,67
MSTRG.1708|TRSC58_03360,0,26,30,19,12,88
MSTRG.1709|nadE,0,19,8,12,13,79
MSTRG.1716|TRSC58_03318,0,0,3,8,25,39
MSTRG.1724|TRSC58_02662,0,17,2,14,4,24
MSTRG.1731|TRSC58_01649,0,0,20,9,4,28
MSTRG.1595|TRSC58_03803,6,15,9,40,11,86
TrSC58v2_1641|TRSC58_03803,5,13,8,0,8,80
MSTRG.1597|TTHA1060,1,0,0,16,13,18
TrSC58v2_1643|TTHA1060,1,0,0,2,2,1
MSTRG.1598|R166.3,1,7,8,13,0,9
TrSC58v2_1644|R166.3,1,6,0,12,0,9
MSTRG.1600|CATR,4,6,4,8,4,8
TrSC58v2_1646|CATR,0,1,0,0,1,7
MSTRG.1602|FLA10,10,25,10,41,35,97
TrSC58v2_1648|FLA10,7,19,8,36,30,83
MSTRG.1604|ubc8,3,12,4,8,11,13
TrSC58v2_1650|ubc8,1,0,0,6,2,11
MSTRG.1605|pan3,4,0,12,16,6,42
TrSC58v2_1651|pan3,3,0,9,12,8,37
MSTRG.1606|ODA7,6,0,8,22,20,66
TrSC58v2_1652|ODA7,5,0,6,1,1,46
MSTRG.1607|ger,5,6,11,17,4,20
TrSC58v2_1653|ger,1,1,9,1,3,19
MSTRG.1608,85,88,137,199,98,503
MSTRG.1608|TRSC58_04652,44,40,77,90,68,283
TrSC58v2_1654|TRSC58_04652,29,41,64,116,69,302
TrSC58v2_1656|TRSC58_04652,6,0,17,15,18,65
MSTRG.1612|TRSC58_00300,3,5,22,15,8,21
TrSC58v2_1659|TRSC58_00300,0,0,1,13,5,15
MSTRG.1613|TRSC58_02604,8,0,6,2,12,7
TrSC58v2_1660|TRSC58_02604,0,0,1,1,1,2
MSTRG.1614|MAPKKK3,11,2,8,25,10,60
TrSC58v2_1661|MAPKKK3,0,0,8,19,9,48
MSTRG.1615|MAPKKK3,7,2,8,26,11,45
TrSC58v2_1662|MAPKKK3,0,0,7,21,10,41
MSTRG.1616|CYCP3-1,4,3,16,11,13,32
TrSC58v2_1663|CYCP3-1,3,1,13,11,11,28
MSTRG.1617|TRSC58_02842,2,19,15,10,7,44
TrSC58v2_1664|TRSC58_02842,1,1,12,8,1,38
MSTRG.1618|Ptbp3,11,8,9,23,5,55
TrSC58v2_1665|Ptbp3,0,6,8,19,5,49
MSTRG.1619|C4B63_17g66,4,16,8,17,5,22
TrSC58v2_1666|C4B63_17g66,0,0,0,1,4,20
MSTRG.1620|TRSC58_00548,8,11,9,14,23,52
TrSC58v2_1667|TRSC58_00548,5,8,9,10,11,48
MSTRG.1621|farsa-a,4,24,25,44,31,59
TrSC58v2_1668|farsa-a,0,0,20,3,2,55
MSTRG.1622|rpl18a,83,88,99,222,131,414
TrSC58v2_1669|rpl18a,53,60,78,148,94,626
MSTRG.1625|ppe1,1,1,7,23,7,34
TrSC58v2_1672|ppe1,1,1,0,3,1,32
MSTRG.1626|atp6v0a1,8,4,22,15,14,43
TrSC58v2_1673|atp6v0a1,0,0,15,12,18,33
MSTRG.1627,17,16,56,95,122,255
MSTRG.1628|C3747_12g75,5,8,10,22,12,2
TrSC58v2_1674|C3747_12g75,3,0,9,0,10,54
MSTRG.1629|clasp1b,5,9,8,14,4,38
TrSC58v2_1675|clasp1b,4,8,6,11,0,32
MSTRG.1630|SND1,8,19,27,59,29,113
TrSC58v2_1676|SND1,6,16,21,56,24,109
MSTRG.1631|ubc7,4,18,10,19,5,21
TrSC58v2_1677|ubc7,2,2,9,18,0,20
MSTRG.1632|Adgb,5,5,16,10,23,75
TrSC58v2_1678|Adgb,4,0,11,10,17,60
MSTRG.1634|TRSC58_06608,8,4,18,27,28,75
TrSC58v2_1680|TRSC58_06608,0,3,16,24,22,60
MSTRG.1635|TM35_000172660,5,8,0,9,12,49
TrSC58v2_1681|TM35_000172660,5,0,0,0,8,39
MSTRG.1636|TRSC58_02451,6,0,9,5,9,50
TrSC58v2_1682|TRSC58_02451,0,0,8,4,7,49
MSTRG.1637|CCT5,5,19,40,32,48,60
TrSC58v2_1683|CCT5,3,14,2,26,2,53
MSTRG.1638|OCA1,11,4,9,17,27,42
TrSC58v2_1684|OCA1,0,0,8,15,2,38
MSTRG.1639|MKK5,3,0,8,27,9,19
TrSC58v2_1685|MKK5,1,0,6,0,7,17
MSTRG.1640|DDB_G0281937,7,3,4,0,0,20
TrSC58v2_1686|DDB_G0281937,1,1,0,0,0,1
MSTRG.1641|TRSC58_05173,6,0,30,24,10,63
TrSC58v2_1687|TRSC58_05173,4,0,2,3,8,0
MSTRG.1642|vps29,3,4,0,2,6,8
TrSC58v2_1688|vps29,1,0,0,1,1,6
MSTRG.1643|DYI3,10,11,11,37,19,76
TrSC58v2_1689|DYI3,7,7,8,35,16,70
MSTRG.1645|TRSC58_03810,3,4,7,6,9,24
TrSC58v2_1691|TRSC58_03810,1,1,7,5,8,22
MSTRG.1646|UPL3,25,17,54,98,50,225
TrSC58v2_1692|UPL3,18,14,46,92,47,200
MSTRG.1647|XPO1B,7,9,11,27,23,74
TrSC58v2_1693|XPO1B,5,6,8,24,19,59
MSTRG.1649|mcfM,2,4,13,9,4,16
TrSC58v2_1695|mcfM,1,0,11,8,3,15
MSTRG.1650,4,7,0,15,2,35
MSTRG.1651|TRSC58_03703,21,7,30,40,85,93
TrSC58v2_1697|TRSC58_03703,19,0,26,36,1,86
MSTRG.1652|TRSC58_03755,5,4,17,20,18,29
TrSC58v2_1698|TRSC58_03755,0,3,0,19,16,25
MSTRG.1653|TRSC58_05761,3,8,6,14,7,51
TrSC58v2_1699|TRSC58_05761,1,6,0,4,1,2
MSTRG.1654|PIP5K8,4,0,16,14,5,27
TrSC58v2_1700|PIP5K8,3,0,14,11,0,24
MSTRG.1655|TRSC58_00920,4,0,8,7,4,19
TrSC58v2_1701|TRSC58_00920,0,0,0,0,0,19
MSTRG.1660|TRSC58_01475,2,5,7,23,32,29
TrSC58v2_1706|TRSC58_01475,2,4,6,3,2,23
MSTRG.1663|UBP24,6,3,9,21,23,37
TrSC58v2_1709|UBP24,0,0,0,2,1,33
MSTRG.1664|SFH13,3,3,9,4,9,31
TrSC58v2_1710|SFH13,0,2,6,3,7,28
MSTRG.1669|Sbk2,10,14,9,19,32,63
TrSC58v2_1714|Sbk2,8,9,8,17,2,56
MSTRG.1668,3,12,12,11,53,58
MSTRG.1672|TRSC58_04642,4,6,19,13,11,45
TrSC58v2_1717|TRSC58_04642,3,5,9,10,8,39
MSTRG.1674|cpsf1,13,5,31,37,34,198
TrSC58v2_1719|cpsf1,11,4,30,32,29,36
MSTRG.1676|TRSC58_06234,5,5,11,47,21,79
TrSC58v2_1721|TRSC58_06234,4,4,0,2,17,68
MSTRG.1678|TRSC58_03363,6,8,38,56,32,73
TrSC58v2_1722|TRSC58_03363,4,5,0,0,26,67
MSTRG.1677,10,3,10,6,4,42
MSTRG.1680|hfm1,3,27,28,40,26,78
MSTRG.1682|TM35_000461080,3,4,4,10,4,25
MSTRG.1683|TRSC58_06272,12,26,23,36,13,89
MSTRG.1684|TcCL_ESM01840,3,4,15,20,31,83
MSTRG.1687|ATR,14,35,44,106,80,289
MSTRG.1689|TRSC58_06183,2,10,7,20,12,41
MSTRG.1691|TRSC58_06020,3,8,0,4,14,77
MSTRG.1692|ftsH1,10,4,14,40,34,82
MSTRG.1694|TRSC58_07246,12,0,7,20,8,33
MSTRG.1696|SPBPB7E8.02,7,0,11,26,24,42
MSTRG.1697|TCSYLVIO_004148,12,11,14,11,16,90
MSTRG.1698|TcYC6_0052660,2,0,15,4,11,21
MSTRG.1699|AGD5,7,9,16,23,9,50
MSTRG.1701|PIF4,14,0,9,0,4,33
MSTRG.1707|PPP2R2D,7,7,3,21,30,73
MSTRG.1710|C3747_12g423,18,7,29,45,57,170
MSTRG.1711|TcG_00186,13,21,12,28,37,108
MSTRG.1712|COPE,7,9,30,17,3,51
MSTRG.1713|Slc25a29,4,3,20,24,15,44
MSTRG.1714|ppm-2,10,3,17,21,19,48
MSTRG.1715|TcYC6_0052490,18,32,81,115,47,202
MSTRG.1717|TRSC58_05028,7,9,24,20,22,44
MSTRG.1718|pub3,19,18,20,39,29,86
MSTRG.1719|APUM6,13,18,19,24,25,80
MSTRG.1720|TRSC58_02949,22,4,0,32,12,112
MSTRG.1721|TRSC58_04044,21,14,13,17,10,47
MSTRG.1722|TRSC58_04075,9,6,7,11,5,40
MSTRG.1723|Tc_MARK_2868,4,14,18,43,35,69
MSTRG.1725|TRSC58_00050,3,2,0,2,12,18
MSTRG.1726|NRKA,3,9,8,29,38,148
MSTRG.1727|sodB,3,25,40,37,35,109
MSTRG.1728|Rabl2,9,3,8,33,4,48
MSTRG.1729|HSP60,4,4,26,23,19,65
MSTRG.1730|TRSC58_01494,2,4,17,4,0,22
MSTRG.1732|DPB4,4,0,11,27,12,53
MSTRG.1733|TRSC58_01521,24,70,125,124,120,482
MSTRG.1960|C3747_170g59,5,5,4,19,37,75
TrSC58v2_2020|C3747_170g59,0,1,0,16,0,1
MSTRG.1961|Marchf9,4,7,4,11,14,38
TrSC58v2_2021|Marchf9,0,0,3,8,11,35
MSTRG.1959|HECTD3,11,5,21,37,25,132
TrSC58v2_2019|HECTD3,9,0,16,35,21,109
MSTRG.1962|TcYC6_0049460,7,4,22,20,7,34
TrSC58v2_2022|TcYC6_0049460,5,0,16,21,6,22
MSTRG.1963|TRSC58_05934,5,3,4,7,6,12
TrSC58v2_2023|TRSC58_05934,0,1,3,8,5,11
MSTRG.1964|PRKAR1B,5,0,5,14,11,61
TrSC58v2_2024|PRKAR1B,4,0,4,11,8,49
MSTRG.1966|RENBP,1,0,0,0,0,2
MSTRG.1967|Renbp,3,0,0,2,3,7
MSTRG.1965,2,8,4,20,5,39
MSTRG.1968|Renbp,7,0,1,4,4,8
MSTRG.1969|ESAG4,9,0,2,11,2,15
MSTRG.1970|ACBP4,10,10,11,26,14,46
MSTRG.1971|TRSC58_00534,3,2,16,16,22,41
MSTRG.1972|BCY84_13675,6,22,50,11,11,152
MSTRG.1973|Ak7,19,34,75,53,50,136
MSTRG.1974|TRSC58_06616,3,23,39,75,101,244
MSTRG.1975|TRSC58_06487,9,15,33,61,47,115
MSTRG.1976|Tm9sf3,9,19,35,39,20,91
MSTRG.1978|TRSC58_04635,20,32,42,71,39,165
MSTRG.1979,18,33,55,140,39,242
MSTRG.1980,15,5,31,70,45,227
MSTRG.1982|Lrrc46,4,16,19,44,33,108
MSTRG.1805|TRSC58_01867,0,4,4,4,5,40
MSTRG.1806|TRSC58_00129,0,12,27,10,11,18
MSTRG.1807|TRSC58_03423,0,14,9,24,19,43
MSTRG.1813|TRSC58_00537,0,0,5,4,9,13
MSTRG.1819|TARBP1,0,28,68,88,60,303
MSTRG.1833|slc38a6,0,4,5,15,23,56
MSTRG.1834|YCH1,0,2,9,10,7,14
MSTRG.1837|TRSC58_02082,0,7,33,17,20,74
MSTRG.1840|rnt,0,0,9,13,7,21
MSTRG.1842|Rbm28,0,5,5,21,5,67
MSTRG.1848|cdsA,0,0,9,10,11,19
MSTRG.1850|alphaSnap,0,0,8,32,3,38
MSTRG.1854|TTL,0,0,2,0,7,0
MSTRG.1855|TRSC58_07222,0,4,9,19,16,36
MSTRG.1856,0,30,0,19,77,207
MSTRG.1857|MCM7,0,0,5,20,8,39
MSTRG.1858|TRSC58_02583,0,0,12,7,0,19
TrSC58v2_1912|SPCC1020.11c,0,0,0,0,1,14
MSTRG.1861|SPCC1020.11c,0,0,8,3,6,16
TrSC58v2_1913|TcCL_NonESM01801,0,0,0,0,4,12
MSTRG.1862|TcCL_NonESM01801,0,0,0,5,15,14
TrSC58v2_1921|TRSC58_04365,0,0,5,15,5,27
MSTRG.1872|TRSC58_04365,0,0,7,19,6,32
MSTRG.1803|TRSC58_01446,3,0,14,14,7,29
MSTRG.1804|prp1,27,15,45,58,48,178
MSTRG.1808|C3747_12g278,8,12,18,6,2,26
MSTRG.1809|Ampd2,11,35,46,76,40,191
MSTRG.1810|TRSC58_04255,7,7,30,50,25,189
MSTRG.1811|TRSC58_02450,18,12,17,17,45,138
MSTRG.1812|C3747_135g37,10,0,4,0,20,54
MSTRG.1814|TRSC58_06414,11,0,11,11,2,35
MSTRG.1815|TRSC58_00315,30,8,57,73,51,172
MSTRG.1816|TRSC58_06242,2,3,6,23,22,97
MSTRG.1817|sodB,3,3,0,21,9,30
MSTRG.1818|TRSC58_02193,18,12,18,45,44,113
MSTRG.1821|TRSC58_00138,3,0,2,11,5,17
MSTRG.1820,24,11,82,50,71,214
MSTRG.1822|Slc38a3,23,23,59,90,74,231
MSTRG.1823|Tc_MARK_3413,4,29,31,42,23,79
MSTRG.1824|TRSC58_05858,9,3,0,20,14,53
MSTRG.1825|rpl27,19,33,79,125,67,438
MSTRG.1826|TRSC58_03020,8,7,36,26,11,160
MSTRG.1827|rpl27,34,32,68,109,70,469
MSTRG.1828,20,24,89,153,117,463
MSTRG.1829|sodB,7,14,30,44,12,94
MSTRG.1830|gpx1,6,7,0,16,15,47
MSTRG.1831|trs23,3,7,8,12,11,20
MSTRG.1832|TRSC58_01492,11,12,41,49,42,149
MSTRG.1835|BIG2,11,3,33,25,39,106
MSTRG.1836|TRSC58_03482,7,11,7,24,8,81
MSTRG.1838,4,0,13,10,8,40
MSTRG.1839|TRSC58_03709,15,23,46,55,38,133
MSTRG.1841|TRSC58_04739,14,34,70,97,29,181
MSTRG.1843|PSMD6,4,2,24,19,11,102
MSTRG.1844|TcCL_NonESM05054,13,12,9,8,8,36
MSTRG.1845|rmp,4,0,12,24,0,31
MSTRG.1846|dnaaf4,30,17,20,24,17,95
MSTRG.1847|Eea1,8,7,16,42,11,100
MSTRG.1849|TRSC58_02409,7,0,3,16,15,53
MSTRG.1851|ODA1,24,31,39,62,32,126
MSTRG.1852|UBP10,4,24,24,49,33,199
MSTRG.1853|TRSC58_00394,24,15,70,35,30,164
MSTRG.1856|ndk1,7,5,47,47,4,4
MSTRG.1859|TFCA,2,4,0,4,4,33
MSTRG.1860|Txndc9,3,0,4,7,12,37
MSTRG.1863|CBSDUF2,9,0,7,22,12,55
TrSC58v2_1914|CBSDUF2,1,0,5,1,8,39
MSTRG.1864|AIR9,29,39,68,126,88,333
TrSC58v2_1915|AIR9,23,30,58,108,81,286
MSTRG.1865,4,13,48,77,56,119
MSTRG.1866|engB,5,0,17,14,9,6
TrSC58v2_1916|engB,4,0,0,12,7,50
MSTRG.1867|ATJ39,5,18,34,17,19,56
TrSC58v2_1917|ATJ39,4,3,2,14,1,44
MSTRG.1868|Ppx3,6,7,14,20,10,57
TrSC58v2_1918|Ppx3,5,3,12,19,8,51
MSTRG.1869|Ppx3,10,6,12,32,9,52
TrSC58v2_1919|Ppx3,1,2,10,1,7,36
MSTRG.1870|Ppx4,9,6,18,17,19,47
TrSC58v2_1920|Ppx4,0,0,0,14,2,41
MSTRG.1871,24,17,11,36,55,98
MSTRG.1873|TRSC58_03450,7,5,19,19,11,86
TrSC58v2_1922|TRSC58_03450,5,4,17,14,8,71
MSTRG.1874|TRSC58_03069,6,2,0,6,2,16
TrSC58v2_1923|TRSC58_03069,0,1,0,5,1,15
MSTRG.1875|ZMIZ2,13,0,11,8,15,67
TrSC58v2_1924|ZMIZ2,12,0,10,7,13,58
MSTRG.1876|abcb7,9,11,4,17,5,19
TrSC58v2_1925|abcb7,7,0,0,13,3,16
MSTRG.1985|PDCD6,2,0,0,0,8,23
MSTRG.1984|TRSC58_01310,4,11,27,44,25,112
MSTRG.1987|RANBP1A,6,2,8,25,0,76
MSTRG.1983|ABCA1,4,12,19,39,31,151
MSTRG.1988|DCLRE1B,13,27,29,20,17,49
MSTRG.1986|Herc2,33,24,91,194,119,363
MSTRG.1989|Iqca1l,16,9,33,41,52,142
MSTRG.2015|TRSC58_07029,3,0,0,4,4,22
TrSC58v2_1945|TRSC58_00664,0,0,0,1,1,25
MSTRG.1896|TRSC58_00664,0,7,8,21,19,27
TrSC58v2_1950|TRSC58_02939,0,5,11,22,21,39
MSTRG.1901|TRSC58_02939,0,7,14,29,24,47
TrSC58v2_1963|TcYC6_0049940,0,0,0,7,4,12
MSTRG.1914|TcYC6_0049940,0,0,2,8,4,13
TrSC58v2_1966|TRSC58_01487,0,3,0,7,4,31
MSTRG.1917|TRSC58_01487,0,4,15,9,5,36
TrSC58v2_1969|SLC35A3,0,0,0,1,2,12
MSTRG.1920|SLC35A3,0,0,6,7,2,14
TrSC58v2_1971|Dynlrb1,0,1,0,7,1,6
MSTRG.1922|Dynlrb1,0,2,0,8,4,7
TrSC58v2_1974|TRSC58_02532,0,8,2,12,2,20
MSTRG.1925|TRSC58_02532,0,8,6,13,5,23
TrSC58v2_1985|TRSC58_01346,0,3,2,16,1,35
MSTRG.1936|TRSC58_01346,0,3,26,21,18,41
TrSC58v2_1986|TRSC58_03915,0,1,1,3,0,2
MSTRG.1937|TRSC58_03915,0,6,4,4,5,18
TrSC58v2_1993|TRSC58_03480,0,0,0,13,0,5
MSTRG.1944|TRSC58_03480,0,0,12,14,0,39
TrSC58v2_1996|TcCL_NonESM12084,0,0,3,2,1,16
MSTRG.1947|TcCL_NonESM12084,0,0,4,10,1,18
TrSC58v2_2013|XI-G,0,0,0,1,1,1
MSTRG.1952|XI-G,0,0,0,9,1,1
MSTRG.1952,0,0,0,0,8,18
TrSC58v2_2014|TcCL_Unassigned02147,0,0,1,0,0,1
MSTRG.1953|TcCL_Unassigned02147,0,0,2,0,0,9
TrSC58v2_2015|TRSC58_06016,0,1,2,8,1,3
MSTRG.1954|TRSC58_06016,0,2,11,11,10,32
MSTRG.1889|dync2li1,1,7,6,20,12,39
TrSC58v2_1938|dync2li1,1,0,5,16,0,24
MSTRG.1890|TRSC58_02110,4,8,16,11,10,42
TrSC58v2_1939|TRSC58_02110,3,7,12,10,7,37
MSTRG.1891|CDKL2,13,7,9,39,26,69
TrSC58v2_1940|CDKL2,11,6,6,37,23,60
MSTRG.1892|nagB,3,4,8,10,12,26
TrSC58v2_1941|nagB,1,3,7,9,11,25
MSTRG.1893|TRSC58_04948,4,4,12,16,19,35
TrSC58v2_1942|TRSC58_04948,0,3,10,2,1,0
MSTRG.1894|CCT1,17,17,34,83,40,170
TrSC58v2_1943|CCT1,13,14,30,3,34,126
MSTRG.1895|TRSC58_05650,3,4,4,17,14,36
TrSC58v2_1944|TRSC58_05650,3,0,3,14,12,34
MSTRG.1897|DNAJA1,11,31,36,28,22,71
TrSC58v2_1946|DNAJA1,2,0,30,25,20,68
MSTRG.1898|LPD,4,12,21,30,19,91
TrSC58v2_1947|LPD,0,9,18,27,14,83
MSTRG.1899|CCN1,3,3,8,9,10,35
TrSC58v2_1948|CCN1,3,1,7,8,3,26
MSTRG.1900|TRSC58_00177,4,2,5,9,3,13
TrSC58v2_1949|TRSC58_00177,0,0,4,1,3,10
MSTRG.1902|trim13,7,7,17,8,12,28
TrSC58v2_1951|trim13,1,0,14,6,0,24
MSTRG.1903|TRSC58_02108,4,4,7,17,11,32
TrSC58v2_1952|TRSC58_02108,3,0,6,1,1,29
MSTRG.1904|clcA,9,4,30,26,13,52
TrSC58v2_1953|clcA,6,4,26,21,10,45
MSTRG.1905|pus7l,7,5,15,20,16,82
TrSC58v2_1954|pus7l,0,5,11,15,12,4
MSTRG.1906|Tc_MARK_2738,7,5,38,21,14,43
TrSC58v2_1955|Tc_MARK_2738,6,0,1,8,12,40
MSTRG.1907|TRSC58_03134,9,13,14,52,24,82
TrSC58v2_1956|TRSC58_03134,8,11,13,44,21,74
MSTRG.1908|dop1,5,17,25,23,31,75
TrSC58v2_1957|dop1,4,12,23,19,26,68
MSTRG.1909|TRSC58_02047,15,6,39,27,9,56
TrSC58v2_1958|TRSC58_02047,13,5,0,24,8,53
MSTRG.1910|C4B63_20g191,7,5,13,26,30,53
TrSC58v2_1959|C4B63_20g191,5,5,9,24,0,48
MSTRG.1911|TRSC58_04950,5,4,4,13,4,41
TrSC58v2_1960|TRSC58_04950,5,0,1,1,0,0
MSTRG.1912|C3747_120g90,3,3,18,13,10,63
TrSC58v2_1961|C3747_120g90,2,0,15,10,9,54
MSTRG.1913|TRSC58_00479,5,12,11,8,9,12
TrSC58v2_1962|TRSC58_00479,3,10,7,6,0,11
MSTRG.1915|Znf474,7,10,20,25,12,70
TrSC58v2_1964|Znf474,6,1,17,18,10,66
MSTRG.1916|rrp42,3,0,4,9,10,15
TrSC58v2_1965|rrp42,0,0,0,1,1,11
MSTRG.1918|TRSC58_01710,11,4,9,60,16,56
TrSC58v2_1967|TRSC58_01710,9,0,6,2,0,50
MSTRG.1919|cshC,3,4,7,17,10,77
TrSC58v2_1968|cshC,1,0,5,15,7,3
MSTRG.1921|TRSC58_05561,14,0,6,3,4,7
TrSC58v2_1970|TRSC58_05561,0,0,1,1,0,6
MSTRG.1923|TBC1D14,5,3,8,16,0,46
TrSC58v2_1972|TBC1D14,0,0,0,13,0,1
MSTRG.1924|TcYC6_0049840,5,8,23,18,17,56
TrSC58v2_1973|TcYC6_0049840,0,6,18,15,13,46
MSTRG.1926|TRSC58_04651,2,0,0,2,0,4
TrSC58v2_1975|TRSC58_04651,0,0,0,2,0,4
MSTRG.1927|TRSC58_05523,27,8,19,13,15,35
TrSC58v2_1976|TRSC58_05523,1,7,2,11,12,27
MSTRG.1928|TRSC58_03611,6,0,24,10,10,36
TrSC58v2_1977|TRSC58_03611,1,0,2,2,1,33
MSTRG.1929|TRSC58_05779,10,0,8,10,13,38
TrSC58v2_1978|TRSC58_05779,1,0,0,8,2,2
MSTRG.1930|WRAP53,3,0,4,12,6,16
TrSC58v2_1979|WRAP53,0,0,2,1,4,15
MSTRG.1931|hibch,6,3,3,9,8,22
TrSC58v2_1980|hibch,0,0,2,0,1,1
MSTRG.1932|hibch,3,2,15,11,12,57
TrSC58v2_1981|hibch,3,0,13,10,10,50
MSTRG.1933|TRSC58_05047,7,9,13,24,39,114
TrSC58v2_1982|TRSC58_05047,0,8,9,22,1,3
MSTRG.1934|TRSC58_05593,12,5,30,25,27,93
TrSC58v2_1983|TRSC58_05593,8,4,20,33,24,76
MSTRG.1935|TRSC58_02141,4,8,7,9,3,32
TrSC58v2_1984|TRSC58_02141,1,0,2,10,2,27
MSTRG.1938|At4g04670,4,3,10,2,16,15
TrSC58v2_1987|At4g04670,0,1,0,0,1,13
MSTRG.1939|eno,10,11,14,24,17,93
TrSC58v2_1988|eno,7,8,12,0,13,66
MSTRG.1940|KAP3,3,0,4,5,10,9
TrSC58v2_1989|KAP3,3,0,4,2,3,8
MSTRG.1941|CKS1,4,6,12,7,7,30
TrSC58v2_1990|CKS1,1,3,10,6,3,26
MSTRG.1942|TRSC58_07136,6,0,7,12,3,17
TrSC58v2_1991|TRSC58_07136,0,0,6,0,0,14
MSTRG.1943|SHQ1,6,9,13,5,4,69
TrSC58v2_1992|SHQ1,0,0,9,0,0,1
MSTRG.1945|TRSC58_02720,10,12,6,8,3,29
TrSC58v2_1994|TRSC58_02720,1,11,5,7,2,26
MSTRG.1946|kap123,9,8,17,22,12,51
TrSC58v2_1995|kap123,7,0,13,17,9,43
MSTRG.1948|FAZ1,2,0,0,2,0,0
TrSC58v2_1997|FAZ1,1,0,0,0,0,0
TrSC58v2_1998|TbgDal_IV3690,2,0,0,0,2,5
MSTRG.1949|TbgDal_IV3690,1,0,0,3,2,6
MSTRG.1950|TRSC58_03196,5,7,11,26,14,47
TrSC58v2_2011|TRSC58_03196,4,6,10,0,12,41
MSTRG.1951|XI-H,1,0,0,2,5,3
TrSC58v2_2012|XI-H,1,0,0,1,1,3
MSTRG.1955|ATG4,4,7,25,5,6,47
TrSC58v2_2016|ATG4,0,6,2,3,5,5
MSTRG.1956|RPL8,16,5,24,32,45,99
TrSC58v2_2017|RPL8,14,1,22,29,43,90
MSTRG.1957|XPB-R,3,8,18,22,20,36
TrSC58v2_2018|XPB-R,0,0,16,19,17,31
MSTRG.1958,11,8,25,14,5,86
MSTRG.1991|TRSC58_01147,0,3,4,9,3,27
MSTRG.1994|NPP5,0,0,5,3,4,37
MSTRG.2000|DQ04_01531030,0,4,21,5,8,17
TrSC58v2_2066|TCNA,0,0,0,1,3,6
MSTRG.2005|TCNA,0,0,0,1,8,16
TrSC58v2_2067|GP85,0,0,0,5,0,2
MSTRG.2006|GP85,0,0,0,4,0,2
MSTRG.2007|ESAG4,0,0,2,1,0,2
MSTRG.2010|TRSC58_06354,0,0,0,2,8,9
MSTRG.2011|DQ04_09241010,0,0,0,0,0,1
MSTRG.2012|LAMA5,0,2,4,2,9,12
MSTRG.2013|TRSC58_06863,0,11,7,6,1,1
MSTRG.1990|ALA3,4,9,8,22,24,118
MSTRG.1992|TRSC58_06714,12,9,15,35,59,112
MSTRG.1993|ragA,14,0,7,8,20,59
MSTRG.1995|MMS2,19,11,21,39,16,66
MSTRG.1996|CENPJ,5,9,49,45,53,152
MSTRG.1997|TRSC58_03438,4,4,18,25,16,119
MSTRG.1998|KIN13B,11,6,16,60,58,136
MSTRG.1999|erg1,8,18,20,44,41,99
MSTRG.2001|polA,27,11,34,83,66,178
MSTRG.2002|ODA4,40,37,81,286,198,646
MSTRG.2003|CCT6A,22,33,72,90,55,228
MSTRG.2004|RPL44,12,72,87,152,117,325
MSTRG.2008|TRSC58_07029,2,0,0,3,6,22
MSTRG.2009|TRSC58_06354,11,6,5,3,11,36
MSTRG.2014|ESAG4,9,9,2,14,6,52
MSTRG.1081|UBC6,0,3,8,21,9,48
MSTRG.1082|TRSC58_05020,0,5,0,12,10,22
MSTRG.1084|TRSC58_00435,0,3,5,15,7,60
MSTRG.1089|Dus4l,0,0,4,7,4,28
MSTRG.1090|ESAG8C,0,0,17,25,26,64
MSTRG.1091|TRSC58_05718,0,0,10,19,6,41
MSTRG.1093|TRSC58_02374,0,4,4,4,14,62
MSTRG.1096|TRSC58_01961,0,0,8,6,17,28
MSTRG.1099,0,10,9,11,2,33
MSTRG.1099|TRSC58_02553,0,2,2,2,0,2
MSTRG.1100|TRSC58_02932,0,0,4,10,11,47
MSTRG.1105|TRSC58_01282,0,3,8,0,0,3
MSTRG.1108|C4B63_20g32,0,0,4,4,4,13
MSTRG.1109|TcCL_ESM04583,0,0,0,3,0,8
MSTRG.1110|C3747_225g17,0,0,0,3,0,12
MSTRG.1112|Nlrc3,0,0,9,0,4,31
MSTRG.1126|gyaR,0,0,7,3,3,4
TrSC58v2_1138|gyaR,0,0,0,0,0,0
TrSC58v2_1138.t1.e1|gyaR,0,0,0,1,1,0
TrSC58v2_1140|gyaR,0,0,0,0,0,0
TrSC58v2_1140.t1.e1|gyaR,0,0,0,0,0,0
MSTRG.1139|TRSC58_00421,0,0,0,11,3,12
MSTRG.1142|TRSC58_02419,0,5,12,7,8,44
MSTRG.1144|ttc39c,0,4,16,5,8,51
MSTRG.1148,0,0,0,121,0,263
MSTRG.1149|TRSC58_05102,0,0,8,5,6,27
MSTRG.1150|srmB,0,7,13,39,24,83
MSTRG.1151|ubc4,0,2,5,4,0,19
MSTRG.1159|TcYC6_0088990,0,0,6,12,3,45
MSTRG.1160|TRSC58_00444,0,10,6,15,11,23
MSTRG.1161|TRSC58_05833,0,7,23,32,25,99
MSTRG.1164|TcG_02843,0,5,6,10,14,41
MSTRG.1167|C3747_25g50,0,0,7,2,12,10
MSTRG.1168|cls,0,0,9,3,4,20
MSTRG.1172|SIR2rp3,0,0,16,0,3,32
MSTRG.1173|l(2)03659,0,2,10,0,0,15
MSTRG.1174|C3747_25g45,0,0,4,0,0,10
MSTRG.1183|TRSC58_02236,0,2,4,6,4,41
MSTRG.1184|TRSC58_01844,0,5,6,12,9,29
MSTRG.1186|TRSC58_04714,0,0,0,0,4,17
MSTRG.1193|twf,0,0,3,21,4,49
MSTRG.1195|TRSC58_00935,0,3,4,7,7,10
MSTRG.1197|AP17,0,5,9,6,3,17
MSTRG.1204|TcYC6_0089480,0,4,11,3,7,31
MSTRG.1211|Gtpbp2,0,4,24,30,21,57
MSTRG.1212|TRSC58_04247,0,0,10,10,26,57
MSTRG.1214|TRSC58_03287,0,0,0,0,9,3
MSTRG.1215|TRSC58_00102,0,4,8,11,8,25
MSTRG.1217|TRSC58_04457,0,8,10,13,7,31
MSTRG.1218|TRSC58_04910,0,7,8,0,7,28
TrSC58v2_1228|DHC1,0,0,5,2,0,16
MSTRG.1223|DHC1,0,0,6,3,6,19
TrSC58v2_1229.t1.e1|TcYC6_0089690,0,0,0,0,0,0
TrSC58v2_1229|TcYC6_0089690,0,0,0,0,0,0
TrSC58v2_1230.t1.e1|TcBrA4_0126170,0,0,0,0,0,0
TrSC58v2_1230|TcBrA4_0126170,0,0,0,0,0,0
TrSC58v2_1231.t1.e1|TcBrA4_0126170,0,0,0,0,0,0
TrSC58v2_1231|TcBrA4_0126170,0,0,0,0,0,0
TrSC58v2_1236|AP3M1,0,4,3,13,14,32
MSTRG.1228|AP3M1,0,4,4,18,17,37
TrSC58v2_1237|acbp-1,0,0,1,5,0,9
MSTRG.1229|acbp-1,0,0,6,5,0,11
TrSC58v2_1240|ATP11A,0,0,4,7,16,13
MSTRG.1232|ATP11A,0,0,5,8,16,25
TrSC58v2_1242|TcG_07600,0,1,1,5,1,18
MSTRG.1234|TcG_07600,0,3,12,9,10,21
TrSC58v2_1243|VPS52,0,0,5,12,0,25
MSTRG.1235|VPS52,0,0,6,14,9,29
TrSC58v2_1247|eif3g,0,1,1,1,1,29
MSTRG.1239|eif3g,0,2,8,27,11,35
TrSC58v2_1257|Eefsec,0,0,12,0,7,32
MSTRG.1249|Eefsec,0,0,14,9,8,35
TrSC58v2_1258|TRSC58_02771,0,1,0,0,1,8
MSTRG.1250|TRSC58_02771,0,2,0,0,2,9
TrSC58v2_1259|RPL3,0,0,0,0,0,1
MSTRG.1251|RPL3,0,0,1,0,0,1
TrSC58v2_1260|RPL3,0,0,0,0,0,1
MSTRG.1252|RPL3,0,0,1,0,0,1
TrSC58v2_1261|RPL3,0,0,0,0,0,1
MSTRG.1253|RPL3,0,0,1,0,0,1
TrSC58v2_1262|RPL3,0,0,0,0,0,1
MSTRG.1254|RPL3,0,0,1,0,0,1
TrSC58v2_1263|RPL3,0,0,0,0,0,1
MSTRG.1255|RPL3,0,0,1,0,0,1
TrSC58v2_1264|RPL3,0,0,1,0,0,1
MSTRG.1256|RPL3,0,0,2,0,0,2
TrSC58v2_1266|TRSC58_03067,0,4,0,3,4,7
MSTRG.1258|TRSC58_03067,0,5,0,4,4,7
TrSC58v2_1270|TcG_02656,0,0,1,6,0,20
MSTRG.1262|TcG_02656,0,0,11,7,8,23
TrSC58v2_1271|Capsl,0,2,3,13,0,29
MSTRG.1263|Capsl,0,4,4,14,10,31
TrSC58v2_1272|TcG_02659,0,0,2,0,6,23
MSTRG.1264|TcG_02659,0,4,7,0,8,25
TrSC58v2_1273|NME7,0,0,2,0,1,8
MSTRG.1265|NME7,0,0,4,4,7,21
TrSC58v2_1274|cep41,0,1,6,3,12,45
MSTRG.1266|cep41,0,3,7,19,15,61
TrSC58v2_1277|vem-1,0,1,5,6,7,2
MSTRG.1269|vem-1,0,5,6,7,8,25
TrSC58v2_1282|TM35_000015860,0,1,7,1,1,5
MSTRG.1274|TM35_000015860,0,1,8,7,3,6
TrSC58v2_1285|Tc_MARK_6323,0,0,0,0,4,21
MSTRG.1276|Tc_MARK_6323,0,0,4,4,6,24
TrSC58v2_1287|TRSC58_02041,0,1,11,5,0,2
MSTRG.1278|TRSC58_02041,0,5,13,6,12,66
TrSC58v2_1288|TcCLB.504057.70,0,0,0,0,0,15
MSTRG.1279|TcCLB.504057.70,0,7,10,0,0,18
TrSC58v2_1291|TRSC58_06400,0,0,0,3,0,0
MSTRG.1282|TRSC58_06400,0,0,8,4,8,28
TrSC58v2_1295|abitram,0,0,0,0,1,1
MSTRG.1286|abitram,0,0,0,8,7,36
TrSC58v2_1300|ACAA1,0,0,1,0,0,1
MSTRG.1291|ACAA1,0,0,2,0,0,3
TrSC58v2_1301|TRSC58_03644,0,2,0,1,0,12
MSTRG.1292|TRSC58_03644,0,2,0,11,5,14
TrSC58v2_1306|TRSC58_03742,0,0,1,6,7,6
MSTRG.1297|TRSC58_03742,0,0,2,6,8,7
TrSC58v2_1307|CYP714A2,0,0,1,11,5,22
MSTRG.1298|CYP714A2,0,0,9,12,6,29
TrSC58v2_1309|VPS4,0,0,0,1,1,3
MSTRG.1300|VPS4,0,4,0,16,2,42
TrSC58v2_1311|TRSC58_04468,0,0,5,9,8,29
MSTRG.1302|TRSC58_04468,0,0,7,10,9,33
TrSC58v2_1312|DTD2,0,0,0,1,0,16
MSTRG.1303|DTD2,0,5,0,17,5,20
TrSC58v2_1313|TRSC58_02833,0,2,1,3,5,20
MSTRG.1304|TRSC58_02833,0,2,7,4,6,23
TrSC58v2_1316|GLX2-2,0,0,6,7,9,32
MSTRG.1307|GLX2-2,0,0,7,8,10,36
TrSC58v2_1317|CPSF3,0,0,14,14,6,39
MSTRG.1308|CPSF3,0,0,14,17,6,43
TrSC58v2_1322|TCSYLVIO_003770,0,0,0,0,2,10
MSTRG.1313|TCSYLVIO_003770,0,0,0,4,16,12
TrSC58v2_1323|NPHP3,0,0,0,3,4,10
MSTRG.1314|NPHP3,0,5,0,22,6,26
TrSC58v2_1326|PEX1,0,0,8,13,7,44
MSTRG.1317|PEX1,0,7,10,14,9,48
TrSC58v2_1340|STK_13740,0,1,1,4,1,13
MSTRG.1320|STK_13740,0,4,5,4,1,13
TrSC58v2_1345|TcCL_Unassigned01439,0,0,1,0,1,1
MSTRG.1325|TcCL_Unassigned01439,0,0,2,0,1,1
TrSC58v2_1347|CD047,0,0,0,6,4,2
MSTRG.1327|CD047,0,0,0,9,7,35
TrSC58v2_1350|TRSC58_04983,0,0,0,5,1,30
MSTRG.1330|TRSC58_04983,0,0,6,12,6,38
TrSC58v2_1352|CRC1,0,0,0,6,1,9
MSTRG.1332|CRC1,0,0,4,8,1,13
TrSC58v2_1357|Nsun5,0,4,0,9,0,27
MSTRG.1337|Nsun5,0,5,8,12,0,30
TrSC58v2_1359|TRSC58_05387,0,6,0,1,0,6
MSTRG.1339|TRSC58_05387,0,8,18,9,15,28
TrSC58v2_1361|TRSC58_00288,0,0,2,2,1,2
MSTRG.1341|TRSC58_00288,0,0,3,5,3,2
TrSC58v2_1366|TcG_04776,0,0,0,3,1,11
MSTRG.1346|TcG_04776,0,0,0,4,3,12
TrSC58v2_1369|TRSC58_02050,0,0,0,4,0,21
MSTRG.1349|TRSC58_02050,0,4,7,5,8,24
TrSC58v2_1373|Coq2,0,0,0,10,1,30
MSTRG.1353|Coq2,0,5,29,11,2,33
TrSC58v2_1374|yigL,0,1,1,1,0,13
MSTRG.1354|yigL,0,3,2,4,0,15
TrSC58v2_1377|BCY84_10999,0,0,4,15,2,13
MSTRG.1355|BCY84_10999,0,12,4,17,5,14
TrSC58v2_1378,0,1,3,3,2,1
MSTRG.1356,0,2,2,3,4,2
TrSC58v2_1380|TRSC58_02859,0,1,0,0,0,19
MSTRG.1358|TRSC58_02859,0,3,3,7,12,24
TrSC58v2_1381|GSTO1,0,8,1,5,0,10
MSTRG.1359|GSTO1,0,9,3,6,4,13
TrSC58v2_1383|TRSC58_02207,0,0,0,0,0,0
MSTRG.1362|TRSC58_02207,0,3,8,14,0,11
TrSC58v2_1384|TCDM_06793,0,2,0,2,2,11
MSTRG.1363|TCDM_06793,0,8,7,22,7,13
TrSC58v2_1387|Acp5,0,0,0,7,1,0
MSTRG.1366|Acp5,0,13,0,8,5,62
TrSC58v2_1389|TCSYLVIO_004824,0,0,0,0,7,0
MSTRG.1368|TCSYLVIO_004824,0,7,11,0,9,22
TrSC58v2_1390|TevSTIB805.10.11320,0,0,0,0,0,7
MSTRG.1369|TevSTIB805.10.11320,0,0,0,0,3,18
TrSC58v2_1394|Tc_MARK_3563,0,1,15,5,1,25
MSTRG.1373|Tc_MARK_3563,0,2,17,6,18,29
TrSC58v2_1395|Prpf31,0,0,9,1,7,28
MSTRG.1374|Prpf31,0,4,14,10,9,33
TrSC58v2_1396|TRSC58_02536,0,7,0,14,1,2
MSTRG.1375|TRSC58_02536,0,8,4,18,7,67
TrSC58v2_1398|TRSC58_04116,0,11,1,13,0,27
MSTRG.1377|TRSC58_04116,0,16,1,20,12,30
TrSC58v2_1400|AAEL012261,0,0,0,5,9,1
MSTRG.1379|AAEL012261,0,0,7,5,10,30
TrSC58v2_1402|TRSC58_01357,0,0,0,6,4,3
MSTRG.1381|TRSC58_01357,0,0,0,7,5,4
TrSC58v2_1406|arpc5-b,0,0,3,9,0,7
MSTRG.1385|arpc5-b,0,0,3,11,2,8
TrSC58v2_1407.t1.e1|H2B,0,0,0,0,0,0
TrSC58v2_1407|H2B,0,0,0,0,0,0
TrSC58v2_1408.t1.e1|H2B,0,0,0,0,0,0
TrSC58v2_1408|H2B,0,0,0,0,0,0
TrSC58v2_1409.t1.e1|H2B,0,0,0,0,0,0
TrSC58v2_1409|H2B,0,0,0,0,0,0
TrSC58v2_1410.t1.e1|H2B,0,0,0,0,0,0
TrSC58v2_1410|H2B,0,0,0,0,0,0
TrSC58v2_1411.t1.e1|H2B,0,0,0,0,0,0
TrSC58v2_1411|H2B,0,0,0,0,0,0
TrSC58v2_1412.t1.e1|H2B,0,0,0,0,0,0
TrSC58v2_1412|H2B,0,0,0,0,0,0
TrSC58v2_1413.t1.e1|H2B,0,0,0,0,0,0
TrSC58v2_1413|H2B,0,0,0,0,0,0
TrSC58v2_1414.t1.e1|H2B,0,0,0,0,0,0
TrSC58v2_1414|H2B,0,0,0,0,0,0
TrSC58v2_1415.t1.e1|H2B,0,0,0,0,0,0
TrSC58v2_1415|H2B,0,0,0,0,0,0
TrSC58v2_1416.t1.e1|H2B,0,0,0,0,0,0
TrSC58v2_1416|H2B,0,0,0,0,0,0
TrSC58v2_1417.t1.e1|H2B,0,0,0,0,0,0
TrSC58v2_1417|H2B,0,0,0,0,0,0
TrSC58v2_1418.t1.e1|H2B,0,0,0,0,0,0
TrSC58v2_1418|H2B,0,0,0,0,0,0
TrSC58v2_1419.t1.e1|H2B,0,0,0,0,0,0
TrSC58v2_1419|H2B,0,0,0,0,0,0
TrSC58v2_1420.t1.e1|H2B,0,0,0,0,0,0
TrSC58v2_1420|H2B,0,0,0,0,0,0
TrSC58v2_1421.t1.e1|H2B,0,0,0,0,0,0
TrSC58v2_1421|H2B,0,0,0,0,0,0
TrSC58v2_1422.t1.e1|H2B,0,0,0,0,0,0
TrSC58v2_1422|H2B,0,0,0,0,0,0
TrSC58v2_1423|MPT3,0,0,0,3,1,8
MSTRG.1386|MPT3,0,0,4,3,4,9
TrSC58v2_1424|TcYC6_0175640,0,1,0,0,1,2
MSTRG.1387|TcYC6_0175640,0,6,4,0,4,31
TrSC58v2_1430|TRSC58_02855,0,0,8,11,4,14
MSTRG.1393|TRSC58_02855,0,0,9,14,4,16
TrSC58v2_1431|P320,0,0,2,12,4,14
MSTRG.1394|P320,0,0,3,16,5,18
TrSC58v2_1435|anapc3,0,0,11,0,7,38
MSTRG.1398|anapc3,0,7,13,16,10,44
TrSC58v2_1436|dlcA,0,1,1,2,0,12
MSTRG.1399|dlcA,0,1,2,4,0,13
MSTRG.1404|inlI,0,0,11,21,26,80
MSTRG.1405|TRSC58_00947,0,0,0,6,18,42
MSTRG.1410|TRSC58_02742,0,16,8,16,3,24
MSTRG.1411|TcCLB.508307.90,0,3,5,15,4,24
MSTRG.1412|Pigp,0,0,5,7,0,28
MSTRG.1418|TRSC58_05689,0,3,5,19,18,48
MSTRG.1420|MRTO4,0,7,3,4,8,18
MSTRG.1425|XI-F,0,0,2,3,0,2
MSTRG.1426|TcSYL_0005910,0,8,0,0,0,17
MSTRG.1428|Tc_MARK_3527,0,0,0,0,0,8
MSTRG.1429|TRSC58_00445,0,13,4,8,19,45
MSTRG.1430|BRPF3,0,8,15,27,22,52
MSTRG.1438|AVT6,0,21,26,31,35,76
MSTRG.1447|Tc_MARK_2260,0,0,0,3,9,27
MSTRG.1449|ARL8B,0,15,14,7,7,33
MSTRG.1454|Tc_MARK_2267,0,4,19,14,0,36
MSTRG.1455|TcYC6_0123500,0,16,21,26,8,63
MSTRG.1458|SETD6,0,6,13,6,6,16
MSTRG.1460|ARL1,0,4,6,3,7,17
MSTRG.1461|SETD6,0,4,13,4,2,9
MSTRG.1463|ARL1,0,4,7,12,12,27
MSTRG.1464|cwf4,0,16,20,20,15,58
MSTRG.1467|YAK1,0,0,12,8,4,20
MSTRG.1472|PTPN22,0,4,7,29,7,39
MSTRG.1475|bcsl1b,0,0,12,9,8,55
MSTRG.1478|novP,0,4,14,17,0,46
MSTRG.1484|AdipoR,0,0,6,0,7,7
MSTRG.1485|PCIF1,0,18,17,13,8,57
MSTRG.1492|BETAA-AD,0,12,16,43,33,118
MSTRG.1504|TRSC58_02757,0,16,14,30,28,72
MSTRG.1515,0,4,20,33,3,50
MSTRG.1516|TRM6,0,8,18,20,11,117
MSTRG.1517|TRSC58_02599,0,4,8,20,9,30
MSTRG.1519|TRSC58_00191,0,4,8,7,31,57
MSTRG.1523|TcBrA4_0013270,0,8,10,11,7,6
MSTRG.1529|AAPT1,0,11,7,23,14,95
MSTRG.1533|DQ04_00351010,0,8,6,0,6,28
MSTRG.1535|TRSC58_02095,0,0,0,22,10,31
MSTRG.1537|C4B63_14g57,0,0,16,15,4,65
MSTRG.1546|RABGAP1L,0,0,12,14,8,12
MSTRG.1549|TRSC58_02258,0,20,50,41,24,129
MSTRG.1553|TRSC58_02870,0,11,7,16,8,41
MSTRG.1079|tpdA,7,16,50,52,15,116
MSTRG.1080|TRSC58_02081,4,6,7,4,4,17
MSTRG.1083|Gnpat,3,8,36,22,47,125
MSTRG.1085|C3747_25g174,12,0,11,8,0,62
MSTRG.1086|sbds,4,8,25,26,12,45
MSTRG.1087|SPEF1,15,17,28,19,5,47
MSTRG.1088|TRSC58_03238,3,11,33,36,19,78
MSTRG.1092|CO040,5,0,10,8,6,32
MSTRG.1094|TRSC58_01572,5,12,10,42,18,107
MSTRG.1095|RH2a,7,19,16,29,33,42
MSTRG.1097|At2g35920,12,27,27,55,16,76
MSTRG.1098|TRSC58_04394,3,0,7,9,7,13
MSTRG.1101|IP5P15,7,8,5,26,29,53
MSTRG.1102|CYR1,22,7,41,45,40,144
MSTRG.1103|TRSC58_01822,2,4,13,32,6,45
MSTRG.1104|dnaJ,4,4,9,8,14,22
MSTRG.1106|TM35_000014220,3,7,0,2,2,8
MSTRG.1107|polA,3,12,10,21,19,78
MSTRG.1111|TRSC58_00462,16,4,4,9,4,0
MSTRG.1113|TRSC58_06119,7,8,24,20,15,57
MSTRG.1114|TRSC58_03698,13,13,31,41,37,167
MSTRG.1115|TRSC58_05368,3,25,34,55,23,86
MSTRG.1116|TRSC58_05874,4,7,9,26,17,52
MSTRG.1117|TcYC6_0088390,4,6,32,30,17,100
MSTRG.1118|TcYC6_0088400,41,18,65,154,130,294
MSTRG.1119|TRSC58_01324,3,9,13,24,24,69
MSTRG.1120|tipC,27,7,87,76,89,251
MSTRG.1121|VP22-1,4,4,21,40,8,52
MSTRG.1122|ddh,2,0,18,12,14,49
MSTRG.1123|gyaR,8,11,40,21,29,108
MSTRG.1124|TRSC58_01509,3,10,11,13,14,48
MSTRG.1125|gyaR,2,3,30,16,14,45
MSTRG.1127|TRSC58_01509,2,14,12,14,17,62
MSTRG.1128|gyaR,1,1,3,2,1,10
MSTRG.1129|TRSC58_01509,3,5,8,8,12,30
MSTRG.1130|gyaR,1,1,3,2,1,10
MSTRG.1131|TRSC58_01509,1,2,4,3,3,12
MSTRG.1132|gyaR,1,1,3,2,1,10
MSTRG.1133|TRSC58_01509,3,2,4,4,4,13
MSTRG.1134|gyaR,1,1,3,2,1,10
MSTRG.1135|TRSC58_01509,2,2,3,3,3,10
MSTRG.1136|TRSC58_01509,3,2,3,3,3,14
MSTRG.1137|TRSC58_01509,6,16,35,19,38,68
MSTRG.1138|TRSC58_00723,4,4,4,32,11,82
MSTRG.1140|C3747_25g96,15,0,42,67,39,133
MSTRG.1141|TRSC58_03371,4,0,3,0,32,62
MSTRG.1143|TRSC58_02212,6,7,21,14,21,57
MSTRG.1145|TRSC58_02212,6,0,13,11,16,41
MSTRG.1146|TRSC58_00414,11,9,31,64,35,140
MSTRG.1147,10,26,32,54,31,132
MSTRG.1148|tppp3,14,12,51,22,89,60
MSTRG.1148|FLA10,19,33,75,33,85,89
MSTRG.1152|yngG,13,3,28,39,39,190
MSTRG.1153|NADKC,7,18,9,29,13,32
MSTRG.1154|TRSC58_02989,9,2,19,27,39,107
MSTRG.1155|Tc_MARK_2587,4,0,17,11,7,10
MSTRG.1156|HERC3,8,0,11,24,29,45
MSTRG.1157|TRSC58_02876,3,18,29,72,34,189
MSTRG.1158|DDX54,4,9,36,43,23,141
MSTRG.1162|TcBrA4_0123230,17,12,26,96,51,244
MSTRG.1163|MKK1c,5,2,16,40,27,55
MSTRG.1165|TCSYLVIO_003893,2,0,0,2,4,15
MSTRG.1166|C3747_130g25,4,11,37,43,47,100
MSTRG.1169|TCSYLVIO_003889,10,4,2,11,8,18
MSTRG.1170|NEDD8,4,0,9,6,11,27
MSTRG.1171|TcYC6_0089180,14,12,26,27,41,88
MSTRG.1175,3,13,31,62,48,223
MSTRG.1176|EIF2AK2,10,41,56,84,58,300
MSTRG.1177|C3747_25g40,8,0,8,23,12,42
MSTRG.1178|KTR3,4,8,14,4,0,18
MSTRG.1179|OGG1,4,10,15,24,20,86
MSTRG.1180|TRSC58_05146,12,20,15,23,28,143
MSTRG.1181|mpl1,19,4,20,43,13,84
MSTRG.1182|DDB_G0275025,13,22,32,9,16,129
MSTRG.1185|PDE12,4,5,22,9,13,51
MSTRG.1187|treP,4,12,27,60,27,87
MSTRG.1188|Lztr1,10,14,31,56,24,115
MSTRG.1189|prp43,12,0,28,28,15,107
MSTRG.1190|SRL,3,21,46,24,16,65
MSTRG.1191|TRSC58_06348,3,0,36,10,22,121
MSTRG.1192|TRSC58_00205,8,11,9,22,19,58
MSTRG.1194|TRSC58_05741,3,8,18,25,22,57
MSTRG.1196|TRSC58_02348,3,2,5,14,8,27
MSTRG.1198|asnS1,10,26,69,65,41,200
MSTRG.1199|TRSC58_04171,7,8,7,20,13,58
MSTRG.1200|PRO-1,9,3,13,19,30,53
MSTRG.1201|BCY84_18937,11,9,21,18,26,104
MSTRG.1202|HAP5,7,20,15,49,34,52
MSTRG.1203|Cetn3,21,0,7,20,15,39
MSTRG.1205|TRSC58_07288,5,0,11,12,7,20
MSTRG.1206|alg2,7,26,20,42,28,99
MSTRG.1207|dnajc7,25,10,9,37,12,118
MSTRG.1208|TRSC58_00676,4,0,0,0,0,28
MSTRG.1209|GNL2,14,6,49,67,34,118
MSTRG.1210|TRSC58_02316,15,8,42,50,15,101
MSTRG.1213|rpl-33,35,52,111,120,128,314
MSTRG.1216|CCDC146,12,29,38,104,39,246
MSTRG.1219|spnA,8,3,13,27,11,32
MSTRG.1220|spnA,8,3,11,15,11,23
MSTRG.1221|Arfgef1,8,0,22,65,55,104
MSTRG.1222|TRSC58_00409,6,20,23,77,69,218
TrSC58v2_1227|TRSC58_00409,5,13,20,69,1,2
MSTRG.1224|TcBrA4_0126170,8,0,8,27,20,15
TrSC58v2_1232|TcBrA4_0126170,2,0,4,3,2,2
MSTRG.1225|TbgDal_IV3690,3,6,12,23,16,43
TrSC58v2_1233|TbgDal_IV3690,0,5,11,21,14,38
MSTRG.1226|Rpp25l,16,12,45,32,24,108
TrSC58v2_1234|Rpp25l,0,10,42,30,21,92
MSTRG.1227|Rpp25l,7,15,34,32,17,86
TrSC58v2_1235|Rpp25l,0,14,33,31,16,84
MSTRG.1230|Ruvbl2,10,5,21,31,14,59
TrSC58v2_1238|Ruvbl2,1,3,2,28,13,53
MSTRG.1231|SUV3,4,4,15,13,17,62
TrSC58v2_1239|SUV3,0,0,1,10,12,9
MSTRG.1233|Cnnm2,5,6,28,28,9,28
TrSC58v2_1241|Cnnm2,4,3,0,14,7,66
MSTRG.1236|ATR3,1,4,12,8,10,26
TrSC58v2_1244|ATR3,1,3,0,6,8,22
MSTRG.1237|WDR5B,11,12,66,49,26,135
TrSC58v2_1245|WDR5B,8,9,1,40,22,95
MSTRG.1238|TRSC58_06307,12,5,21,12,7,51
TrSC58v2_1246|TRSC58_06307,10,4,17,11,6,40
MSTRG.1240|TRSC58_03623,4,0,0,3,0,11
TrSC58v2_1248|TRSC58_03623,0,0,0,3,0,10
MSTRG.1241|C3747_63g23,7,4,6,15,21,48
TrSC58v2_1249|C3747_63g23,0,3,5,14,16,45
MSTRG.1242|TRSC58_04177,3,4,23,20,24,56
TrSC58v2_1250|TRSC58_04177,0,2,3,16,22,54
MSTRG.1243|Bud23,4,7,21,48,27,63
TrSC58v2_1251|Bud23,4,5,2,1,2,1
MSTRG.1244|Tc_MARK_2554,1,0,7,4,13,24
TrSC58v2_1252|Tc_MARK_2554,1,0,7,0,1,23
MSTRG.1245|GLC7,4,5,6,18,16,25
TrSC58v2_1253|GLC7,1,0,5,13,0,23
MSTRG.1246|RPS19A,40,32,61,91,55,273
TrSC58v2_1254|RPS19A,33,27,46,73,48,230
MSTRG.1247|SRP68,3,5,33,29,22,78
TrSC58v2_1255|SRP68,2,0,3,21,20,64
MSTRG.1248|agbl5,4,4,17,18,13,36
TrSC58v2_1256|agbl5,3,0,14,16,11,35
MSTRG.1257|PNPLA4,4,5,12,30,35,50
TrSC58v2_1265|PNPLA4,1,4,2,7,1,3
MSTRG.1259|TRSC58_04085,9,0,0,9,9,15
TrSC58v2_1267|TRSC58_04085,1,0,0,1,2,13
MSTRG.1260|PTEN2A,6,8,21,23,31,42
TrSC58v2_1268|PTEN2A,1,6,14,20,0,36
MSTRG.1261|TcBrA4_0124330,9,4,13,20,6,30
TrSC58v2_1269|TcBrA4_0124330,1,0,0,1,6,24
MSTRG.1267|DDB_G0292354,9,0,12,13,13,54
TrSC58v2_1275|DDB_G0292354,0,0,10,10,11,46
MSTRG.1268|TcCLB.504057.150,10,2,7,20,11,51
TrSC58v2_1276|TcCLB.504057.150,9,1,0,15,9,23
MSTRG.1270|F55A11.4,2,23,11,27,48,65
TrSC58v2_1278|F55A11.4,1,0,10,25,0,60
MSTRG.1271|TRSC58_06551,2,5,21,43,20,105
TrSC58v2_1279|TRSC58_06551,1,0,18,37,16,90
MSTRG.1272|gmt1,3,1,15,15,3,13
TrSC58v2_1280|gmt1,0,1,0,1,1,2
MSTRG.1273|EXOSC10,5,3,9,18,4,52
TrSC58v2_1281|EXOSC10,2,3,8,16,3,32
MSTRG.1275|DDB_G0267588,4,8,23,33,13,28
TrSC58v2_1284|DDB_G0267588,0,0,1,1,9,26
MSTRG.1277|TRSC58_02699,6,0,7,2,6,8
TrSC58v2_1286|TRSC58_02699,3,0,7,1,6,8
MSTRG.1280|C3747_63g65,5,0,4,20,0,16
TrSC58v2_1289|C3747_63g65,4,0,0,1,0,14
MSTRG.1281|TcCL_ESM11969,5,9,8,6,8,12
TrSC58v2_1290|TcCL_ESM11969,2,0,5,5,0,9
MSTRG.1283|TRSC58_06881,5,4,16,16,24,42
TrSC58v2_1292|TRSC58_06881,4,0,14,13,15,38
MSTRG.1284|CCR1,3,0,13,12,12,42
TrSC58v2_1293|CCR1,0,0,11,10,0,39
MSTRG.1285|C3747_29g131,7,7,21,29,21,51
TrSC58v2_1294|C3747_29g131,0,5,15,26,16,39
MSTRG.1287|ATP9B,5,7,18,22,14,53
TrSC58v2_1296|ATP9B,3,5,13,18,10,44
MSTRG.1288|DHX36,7,11,30,58,40,128
TrSC58v2_1297|DHX36,5,8,25,53,36,109
MSTRG.1289|TRSC58_04891,3,0,7,11,4,24
TrSC58v2_1298|TRSC58_04891,0,0,5,8,1,20
MSTRG.1290|dclre1b,12,4,14,22,19,59
TrSC58v2_1299|dclre1b,0,0,13,18,12,55
MSTRG.1293|SPAC16E8.13,4,4,20,4,10,19
TrSC58v2_1302|SPAC16E8.13,0,0,0,3,8,18
MSTRG.1294|TRSC58_04774,3,9,12,2,23,11
TrSC58v2_1303|TRSC58_04774,0,0,1,1,1,8
MSTRG.1295|ybeY,2,4,9,14,5,36
TrSC58v2_1304|ybeY,1,1,7,13,1,2
MSTRG.1296|TRSC58_05698,4,0,7,13,4,24
TrSC58v2_1305|TRSC58_05698,0,0,5,12,0,22
MSTRG.1299|TRSC58_04587,6,0,10,18,8,18
TrSC58v2_1308|TRSC58_04587,4,0,8,13,6,15
MSTRG.1301|TRSC58_03033,8,0,6,17,12,63
TrSC58v2_1310|TRSC58_03033,0,0,5,1,9,3
MSTRG.1305|AAPC,2,0,19,6,3,11
TrSC58v2_1314|AAPC,1,0,17,1,2,10
MSTRG.1306|TRSC58_06355,2,7,5,13,12,29
TrSC58v2_1315|TRSC58_06355,1,0,0,11,0,9
MSTRG.1309|TOP1B,8,9,11,27,25,63
TrSC58v2_1318|TOP1B,7,7,10,23,22,58
MSTRG.1310|lea-1,5,14,9,7,11,31
TrSC58v2_1319|lea-1,4,0,6,5,6,25
MSTRG.1311|TRSC58_01135,4,4,12,23,9,56
TrSC58v2_1320|TRSC58_01135,0,0,11,20,6,52
MSTRG.1312|BCY84_20594,4,32,35,33,35,124
TrSC58v2_1321|BCY84_20594,1,2,29,30,32,101
MSTRG.1315|ruvbl1,4,8,13,17,5,29
TrSC58v2_1324|ruvbl1,3,6,11,15,4,27
MSTRG.1316|TRSC58_05189,9,4,4,32,3,25
TrSC58v2_1325|TRSC58_05189,1,3,1,0,2,23
MSTRG.1318|MUL_2000,5,3,7,12,11,19
TrSC58v2_1327|MUL_2000,4,2,5,5,0,14
TrSC58v2_1328.t1.e1|gp63,1,0,0,0,0,0
TrSC58v2_1328|gp63,1,0,0,0,0,1
TrSC58v2_1329.t1.e1|gp63,1,0,0,0,0,0
TrSC58v2_1329|gp63,1,0,0,0,0,1
TrSC58v2_1330.t1.e1|gp63,1,0,0,0,0,0
TrSC58v2_1330|gp63,1,0,0,0,0,1
TrSC58v2_1331.t1.e1|gp63,1,0,0,0,0,0
TrSC58v2_1331|gp63,1,0,0,0,0,1
TrSC58v2_1332.t1.e1|gp63,1,0,0,0,0,0
TrSC58v2_1332|gp63,1,0,0,0,0,1
TrSC58v2_1333.t1.e1|gp63,1,0,0,0,0,0
TrSC58v2_1333|gp63,1,0,0,0,0,1
TrSC58v2_1334.t1.e1|gp63,1,0,0,0,0,0
TrSC58v2_1334|gp63,1,0,0,0,0,1
MSTRG.1319|gp63,7,4,14,35,25,60
TrSC58v2_1339|gp63,5,3,11,1,10,1
MSTRG.1321|TRSC58_04962,7,5,9,4,4,23
TrSC58v2_1341|TRSC58_04962,6,0,8,3,3,20
MSTRG.1322|HLJ1,5,0,3,3,4,17
TrSC58v2_1342|HLJ1,4,0,0,1,0,2
MSTRG.1323|zdhhc5b,5,3,11,14,12,72
TrSC58v2_1343|zdhhc5b,0,0,10,0,9,1
MSTRG.1324|bms1,4,4,15,25,16,56
TrSC58v2_1344|bms1,0,0,14,20,14,51
MSTRG.1326|DDB_G0277003,1,8,2,6,8,9
TrSC58v2_1346|DDB_G0277003,1,0,1,4,8,8
MSTRG.1328|KIN14N,15,4,12,17,12,52
TrSC58v2_1348|KIN14N,0,0,9,12,10,45
MSTRG.1329|RPA1,7,6,18,58,18,58
TrSC58v2_1349|RPA1,0,1,14,5,16,52
MSTRG.1331|MPSS1,9,20,50,55,44,132
TrSC58v2_1351|MPSS1,7,15,42,41,35,119
MSTRG.1333|TOP3B,8,9,10,20,8,57
TrSC58v2_1353|TOP3B,7,7,8,18,6,49
MSTRG.1334|SMAP2,11,4,3,4,13,42
TrSC58v2_1354|SMAP2,1,0,1,4,10,36
MSTRG.1335|Pik3r4,5,0,10,43,10,48
TrSC58v2_1355|Pik3r4,4,0,9,30,7,43
MSTRG.1336|TRSC58_02153,4,0,7,8,5,29
TrSC58v2_1356|TRSC58_02153,0,0,1,1,4,1
MSTRG.1338|RPN2B,8,8,29,18,23,93
TrSC58v2_1358|RPN2B,5,8,25,15,21,83
MSTRG.1340|TRSC58_07048,19,21,52,76,59,142
TrSC58v2_1360|TRSC58_07048,15,14,35,66,68,114
MSTRG.1342|TRSC58_01697,3,3,10,10,9,24
TrSC58v2_1362|TRSC58_01697,0,0,0,0,0,22
MSTRG.1343|pkbA,5,8,20,13,28,100
TrSC58v2_1363|pkbA,0,0,17,10,25,1
MSTRG.1344|TRSC58_04889,6,4,8,6,14,31
TrSC58v2_1364|TRSC58_04889,4,0,0,6,12,29
MSTRG.1345|TRSC58_04147,6,4,13,27,49,90
TrSC58v2_1365|TRSC58_04147,5,3,9,24,4,4
MSTRG.1347|Sanbr,4,7,9,24,18,42
TrSC58v2_1367|Sanbr,0,0,7,20,15,37
MSTRG.1348|PUS7,3,11,8,17,18,63
TrSC58v2_1368|PUS7,1,0,6,15,16,55
MSTRG.1350|CPIJ003765,10,4,14,21,21,79
TrSC58v2_1370|CPIJ003765,8,3,11,15,18,66
MSTRG.1351|DRC7,4,4,15,15,3,14
TrSC58v2_1371|DRC7,1,0,0,1,1,11
MSTRG.1352|bcpC,4,7,5,6,22,18
TrSC58v2_1372|bcpC,0,6,4,5,2,13
MSTRG.1357|srsf1b,7,4,7,15,14,23
TrSC58v2_1379|srsf1b,0,0,8,16,1,20
MSTRG.1360|TAD1,6,4,4,5,12,23
TrSC58v2_1382|TAD1,0,0,3,4,0,20
MSTRG.1361,16,3,23,27,14,106
MSTRG.1364|TcYC6_0124410,3,10,4,8,7,20
TrSC58v2_1385|TcYC6_0124410,1,1,0,7,6,20
MSTRG.1365|HAP2,3,6,15,44,31,52
TrSC58v2_1386|HAP2,0,5,13,1,2,18
MSTRG.1367|AGTPBP1,8,0,27,40,21,76
TrSC58v2_1388|AGTPBP1,7,0,19,36,21,70
MSTRG.1370|DQ04_00331090,3,0,0,13,3,5
TrSC58v2_1391|DQ04_00331090,2,0,0,1,3,7
TrSC58v2_1392|TRSC58_07210,5,2,7,2,3,4
MSTRG.1371|TRSC58_07210,2,3,10,17,3,21
MSTRG.1372|TRSC58_07209,7,9,6,12,10,37
TrSC58v2_1393|TRSC58_07209,5,7,5,11,9,31
MSTRG.1376|TRSC58_02867,9,6,9,13,14,23
TrSC58v2_1397|TRSC58_02867,7,5,7,12,2,20
MSTRG.1378|DSPTP1B,9,1,7,23,4,14
TrSC58v2_1399|DSPTP1B,0,1,6,2,0,13
MSTRG.1380|TM35_000082460,16,6,7,17,5,12
TrSC58v2_1401|TM35_000082460,0,5,2,3,4,10
MSTRG.1382|TRSC58_01314,7,0,7,35,13,47
TrSC58v2_1403|TRSC58_01314,0,0,7,0,11,3
MSTRG.1383|TRSC58_04824,10,22,5,21,11,30
TrSC58v2_1404|TRSC58_04824,1,3,4,1,0,24
MSTRG.1384|PAS2,7,3,3,6,4,16
TrSC58v2_1405|PAS2,0,1,1,0,3,13
MSTRG.1388|grx4,3,0,3,7,2,7
TrSC58v2_1425|grx4,0,0,1,3,1,6
MSTRG.1389|MCM8,4,7,5,5,4,41
TrSC58v2_1426|MCM8,0,0,4,4,0,3
MSTRG.1390|TRSC58_00877,4,3,15,17,0,29
TrSC58v2_1427|TRSC58_00877,3,1,0,15,0,24
MSTRG.1391|TPR,6,12,33,36,17,53
TrSC58v2_1428|TPR,5,0,1,0,0,48
MSTRG.1392|ddx49,8,0,4,5,13,32
TrSC58v2_1429|ddx49,0,0,0,0,11,26
MSTRG.1395|P320,6,4,29,7,29,66
TrSC58v2_1432|P320,0,3,8,6,2,3
MSTRG.1396|ANP3,9,6,19,45,18,70
TrSC58v2_1433|ANP3,7,5,16,39,15,66
MSTRG.1397|smc2,4,18,41,42,33,108
TrSC58v2_1434|smc2,3,12,33,38,45,96
MSTRG.1400|TRSC58_03387,13,13,15,16,12,58
TrSC58v2_1437|TRSC58_03387,0,9,12,15,0,2
MSTRG.1401|C3747_19g310,4,5,9,4,3,24
TrSC58v2_1438|C3747_19g310,0,0,7,0,2,19
MSTRG.1402|TRSC58_01595,11,0,3,4,8,6
MSTRG.1403|TcG_00408,4,8,13,21,13,82
MSTRG.1406|prp46,2,11,15,35,21,69
MSTRG.1407|At1g62670,9,0,0,19,3,53
MSTRG.1408|Tc_MARK_3532,5,8,23,36,47,54
MSTRG.1409|TRSC58_02560,26,11,20,47,18,178
MSTRG.1413|TcYC6_0123920,9,10,19,39,9,107
MSTRG.1414|tbc1d31,3,7,15,18,17,95
MSTRG.1415|Wdr55,16,9,25,19,19,49
MSTRG.1416|Tc_MARK_6385,13,14,20,33,21,51
MSTRG.1417|C3747_19g184,10,3,25,57,19,96
MSTRG.1419|VPS9A,14,13,15,29,37,95
MSTRG.1421|ESTA,14,17,10,42,12,115
MSTRG.1422|Tc00.1047053508307.184,3,0,3,2,9,24
MSTRG.1423|C3747_19g179,11,3,12,12,9,30
MSTRG.1424|TcYC6_0123800,7,14,15,38,33,106
MSTRG.1427|TCSYLVIO_004773,3,4,21,39,7,41
MSTRG.1431|UTP18,8,4,17,20,5,53
MSTRG.1432|SPBPB7E8.02,8,20,41,63,51,167
MSTRG.1433|COQ8A,2,13,6,6,11,24
MSTRG.1434|TRSC58_05784,17,28,18,41,66,107
MSTRG.1435|RPL18-A,37,67,66,187,111,619
MSTRG.1436|cfap298-b,2,13,8,0,11,58
MSTRG.1437|prmC,7,0,12,20,8,43
MSTRG.1439|Dnajc9,16,0,17,18,25,81
MSTRG.1440|TRSC58_04655,8,0,15,23,27,76
MSTRG.1441|OCT1,3,3,29,43,25,89
MSTRG.1442|TRSC58_00846,3,10,6,14,14,34
MSTRG.1443|C4B63_14g180,8,4,21,41,32,102
MSTRG.1444|ansA,4,36,66,34,52,95
MSTRG.1445|rpl-22,43,66,130,183,145,514
MSTRG.1446|TRSC58_01053,9,0,2,7,0,55
MSTRG.1448|Os04g0510400,4,18,28,41,13,129
MSTRG.1450|TUBGCP2,9,16,17,5,0,62
MSTRG.1451|AOX2,4,5,0,12,9,49
MSTRG.1452|trip12,8,7,52,64,53,138
MSTRG.1453|RPT6A,11,10,7,32,17,69
MSTRG.1456|TcYC6_0123490,8,0,9,29,29,97
MSTRG.1457|TcYC6_0123480,3,7,22,35,5,53
MSTRG.1459|TRS,2,19,4,12,6,12
MSTRG.1462|TRS,2,7,4,12,8,11
MSTRG.1465|TcYC6_0123430,11,30,42,88,51,202
MSTRG.1466|C3747_19g139,4,19,4,25,17,66
MSTRG.1468|asa1,17,5,11,23,8,35
MSTRG.1469|TRSC58_03862,20,25,45,64,44,169
MSTRG.1470|NLRC3,25,7,15,25,19,68
MSTRG.1471|ZADH2,7,0,18,31,26,58
MSTRG.1473|NDA1,3,0,19,24,14,58
MSTRG.1474|prs,20,22,50,97,60,261
MSTRG.1476|SPS2,11,12,9,29,20,98
MSTRG.1477|BBP,3,0,13,29,7,24
MSTRG.1479|UBXN11,4,8,4,15,12,62
MSTRG.1480|TRSC58_00860,10,0,7,29,21,91
MSTRG.1481|C3747_19g114,23,11,40,52,42,127
MSTRG.1482|TRSC58_01681,3,0,34,24,8,68
MSTRG.1483|Tc_MARK_3504,10,6,12,10,14,36
MSTRG.1486|C3747_19g108,4,7,19,20,20,85
MSTRG.1487|TcYC6_0123080,4,0,22,46,20,95
MSTRG.1488|Tc_MARK_3499,4,9,30,19,30,72
MSTRG.1489|C3747_19g105,5,0,14,23,21,66
MSTRG.1490|Cap2,13,2,8,30,12,47
MSTRG.1491|C3747_33g148,3,3,32,27,22,39
MSTRG.1493|TRSC58_07256,12,8,10,29,8,79
MSTRG.1494|TRSC58_01905,8,3,14,21,13,49
MSTRG.1495|TRSC58_05076,21,27,53,53,32,176
MSTRG.1496|TcYC6_0122990,9,14,11,4,9,38
MSTRG.1497|Iars1,26,36,114,183,125,436
MSTRG.1498|TRSC58_00979,3,8,20,9,13,42
MSTRG.1499|TRSC58_03763,4,7,2,22,0,43
MSTRG.1500|CYCL1-1,15,41,43,74,32,114
MSTRG.1501|TRSC58_04742,13,8,14,8,15,42
MSTRG.1502|TcYC6_0122930,2,5,14,24,17,96
MSTRG.1503|DHX8,12,9,16,50,25,97
MSTRG.1505|TRSC58_01639,4,7,14,18,11,23
MSTRG.1506|TcYC6_0122890,27,12,69,45,72,203
MSTRG.1507|TRSC58_01947,3,8,24,9,11,77
MSTRG.1508|Dcun1d1,17,0,7,20,17,83
MSTRG.1509|TRSC58_00170,6,11,12,11,6,36
MSTRG.1510|TRSC58_02310,4,9,17,14,19,57
MSTRG.1511|TRSC58_06730,4,11,25,41,18,79
MSTRG.1512|pus7,4,5,9,43,23,83
MSTRG.1513|TRSC58_05242,9,5,49,60,53,150
MSTRG.1514|AF_1546,3,4,25,27,20,74
MSTRG.1518|MPSS2,9,20,42,74,84,174
MSTRG.1520|TRSC58_04866,35,69,103,196,133,497
MSTRG.1521|KAP4,5,2,9,13,10,22
MSTRG.1522|KAP4,1,0,17,11,6,29
MSTRG.1524|KAP4,3,3,10,13,9,30
MSTRG.1525|TcYC6_0122710,53,75,176,246,133,636
MSTRG.1526|C3747_33g115,29,19,17,37,48,122
MSTRG.1527|RRAGC,9,9,4,6,12,82
MSTRG.1528|TRSC58_01709,19,21,46,40,63,157
MSTRG.1530|NAEGRDRAFT_60166,16,0,13,4,11,46
MSTRG.1531|KAP4,4,3,23,26,8,58
MSTRG.1532|DQ04_00351010,11,14,19,32,29,56
MSTRG.1534|TRSC58_03305,10,5,32,27,13,55
MSTRG.1536|mmpL1,5,8,4,11,9,25
MSTRG.1538|TRSC58_06017,9,10,28,34,19,80
MSTRG.1539|TRSC58_03604,19,15,37,129,38,196
MSTRG.1540|TcYC6_0122570,30,13,52,88,33,196
MSTRG.1541|BBOF1,12,11,23,31,34,73
MSTRG.1542|yod1,8,5,23,33,17,40
MSTRG.1543|AK9,35,25,67,162,82,393
MSTRG.1544|EVI5,8,6,5,48,20,108
MSTRG.1545|TRSC58_02942,5,5,8,7,20,22
MSTRG.1547|TRSC58_02946,5,2,4,4,5,27
MSTRG.1548|SPBC21C3.03,6,16,26,11,24,75
MSTRG.1550|CATR,2,20,18,19,17,76
MSTRG.1551|ctu1,4,14,2,4,8,12
MSTRG.1552|TcCL_ESM01590,15,7,8,8,6,27
MSTRG.2311|TRSC58_04440,3,4,11,12,5,53
TrSC58v2_2374|TRSC58_04440,1,1,9,11,5,44
MSTRG.2312|EF1B,12,29,29,20,30,73
TrSC58v2_2375|EF1B,10,1,28,18,3,68
MSTRG.2314|RPL13A,39,41,85,120,60,385
TrSC58v2_2377|RPL13A,34,36,81,108,58,342
MSTRG.2316|TcG_05508,8,10,21,59,22,141
TrSC58v2_2379|TcG_05508,6,7,16,48,17,115
MSTRG.2317|TRSC58_05978,11,8,19,23,19,68
TrSC58v2_2380|TRSC58_05978,1,6,15,19,15,56
MSTRG.2320|TRSC58_00017,7,15,14,25,5,70
TrSC58v2_2386|TRSC58_00017,4,1,9,8,3,15
MSTRG.2322|TcG_05498,2,3,10,15,3,26
TrSC58v2_2388|TcG_05498,1,3,1,11,2,23
MSTRG.2323|TRSC58_02863,2,4,14,28,9,56
TrSC58v2_2389|TRSC58_02863,1,3,12,13,7,45
MSTRG.2318|rpb6,3,4,4,4,4,12
TrSC58v2_2381|rpb6,1,2,1,1,2,2
MSTRG.2318,40,45,77,130,92,411
MSTRG.2318|TRSC58_00017,4,4,8,24,6,32
TrSC58v2_2382|TRSC58_00017,4,3,8,22,6,35
MSTRG.2319|rpb6,4,4,3,2,4,8
TrSC58v2_2383|rpb6,0,0,0,2,3,6
TrSC58v2_2384|TRSC58_05978,11,18,20,23,25,105
MSTRG.2318|TRSC58_05978,15,23,39,127,36,277
TrSC58v2_2385|rpb6,1,1,1,1,1,1
MSTRG.2324|TRSC58_00847,1,0,7,7,6,16
TrSC58v2_2390|TRSC58_00847,1,0,7,6,1,14
MSTRG.2325|WEE1,13,8,8,9,7,29
TrSC58v2_2391|WEE1,0,0,7,8,5,22
MSTRG.2326|TRSC58_03374,5,10,17,15,26,31
TrSC58v2_2392|TRSC58_03374,4,9,15,11,24,29
MSTRG.2328|C4B63_20g350,7,3,11,28,11,43
TrSC58v2_2394|C4B63_20g350,6,0,8,26,0,39
MSTRG.2330|myoB,5,5,11,21,14,63
TrSC58v2_2396|myoB,3,4,7,18,14,54
MSTRG.2331|Tc_MARK_2654,3,0,5,4,0,7
TrSC58v2_2397|Tc_MARK_2654,1,0,5,4,0,5
MSTRG.2334|SPBC1778.07,4,10,13,26,9,31
TrSC58v2_2400|SPBC1778.07,4,3,11,24,8,27
MSTRG.2335|Calml3,7,4,3,4,5,28
TrSC58v2_2401|Calml3,0,1,0,0,1,24
MSTRG.2336|SPAC1B3.01c,11,4,16,52,40,108
TrSC58v2_2402|SPAC1B3.01c,9,2,14,47,36,98
MSTRG.2337|Smyd3,3,9,8,17,11,59
TrSC58v2_2403|Smyd3,0,8,6,15,9,46
MSTRG.2338|Afg3l1,4,6,7,22,19,59
TrSC58v2_2404|Afg3l1,0,5,7,19,15,50
MSTRG.2340|ATTY,1,2,1,4,3,5
MSTRG.2341|ATTY,1,0,1,1,0,3
MSTRG.2342|ATTY,1,0,1,1,0,3
MSTRG.2343|ATTY,1,0,1,1,0,3
MSTRG.2344|ATTY,1,2,1,4,3,5
MSTRG.2345|ATTY,1,0,1,1,0,3
MSTRG.2346|ATTY,1,2,1,4,3,6
MSTRG.2348|ATTY,1,2,2,3,2,8
MSTRG.2347|ATTY,1,2,1,5,5,6
TrSC58v2_2080|PIGA,0,0,5,8,0,18
MSTRG.2019|PIGA,0,0,6,15,8,22
TrSC58v2_2081|TRSC58_03308,0,1,0,0,1,11
MSTRG.2020|TRSC58_03308,0,10,0,7,12,25
TrSC58v2_2086|TRSC58_01284,0,3,8,0,13,27
MSTRG.2025|TRSC58_01284,0,3,11,16,15,33
TrSC58v2_2089|ESAG4,0,0,1,3,1,4
MSTRG.2028|ESAG4,0,0,1,3,3,5
MSTRG.2031|LACBIDRAFT_192627,0,0,14,15,16,48
MSTRG.2033|TRSC58_00224,0,8,16,5,6,21
MSTRG.2035|TRSC58_00076,0,5,11,14,10,37
MSTRG.2036|RABAC1,0,7,10,25,0,42
MSTRG.2038|C3747_7g541,0,4,21,16,7,12
MSTRG.2044|FCA,0,3,2,4,3,18
MSTRG.2045|FCA,0,3,2,4,3,18
MSTRG.2047|TRSC58_03532,0,7,16,28,4,43
MSTRG.2048|slc38a7,0,2,11,16,8,26
MSTRG.2056|nip7,0,0,10,4,4,11
MSTRG.2059|TRSC58_04718,0,8,4,10,10,40
MSTRG.2061|TRSC58_06133,0,7,0,4,16,46
MSTRG.2062|SPAC10F6.14c,0,0,4,4,18,41
MSTRG.2063,0,3,0,7,5,21
MSTRG.2064|hbdH1,0,2,23,3,22,36
MSTRG.2067|TcYC6_0079140,0,0,4,0,5,21
MSTRG.2070|TcCL_NonESM13566,0,0,11,24,4,29
MSTRG.2076|IDLC,0,4,9,14,11,52
MSTRG.2082|TRSC58_04813,0,4,11,11,3,22
MSTRG.2085|GK1,0,6,4,28,9,27
MSTRG.2086|TRSC58_01731,0,4,5,12,8,48
MSTRG.2088|TRSC58_06628,0,6,5,16,12,17
MSTRG.2089|TRSC58_05727,0,3,29,25,12,53
MSTRG.2096|pncB,0,7,26,31,5,43
MSTRG.2099|TRSC58_02351,0,9,13,24,20,57
MSTRG.2104|TcG_05267,0,4,9,18,9,37
MSTRG.2106|TRSC58_02097,0,14,17,33,31,68
MSTRG.2107|TRSC58_04370,0,11,12,4,12,19
MSTRG.2111|PSR2,0,3,22,22,4,88
MSTRG.2114|TRSC58_00872,0,0,7,28,34,48
MSTRG.2115|TRSC58_02879,0,0,11,31,12,52
MSTRG.2122|erg4A,0,0,11,7,4,8
MSTRG.2124|TRSC58_03198,0,6,7,22,0,37
MSTRG.2130|TRSC58_01253,0,4,0,4,4,20
TrSC58v2_2194|rtcB,0,0,1,9,0,39
MSTRG.2135|rtcB,0,0,6,13,13,44
TrSC58v2_2197|SPBC1709.19c,0,10,1,11,9,46
MSTRG.2138|SPBC1709.19c,0,10,2,13,11,50
TrSC58v2_2203|TRSC58_02330,0,0,1,4,1,4
MSTRG.2145|TRSC58_02330,0,0,15,5,10,4
TrSC58v2_2206|Tc_MARK_3591,0,0,0,2,6,20
MSTRG.2148|Tc_MARK_3591,0,0,0,8,7,21
TrSC58v2_2207|TRSC58_05920,0,2,0,0,2,15
MSTRG.2149|TRSC58_05920,0,5,7,6,3,16
TrSC58v2_2210,0,0,3,1,1,8
MSTRG.2152,0,0,4,3,2,9
TrSC58v2_2211|TRSC58_01352,0,0,0,1,1,13
MSTRG.2153|TRSC58_01352,0,8,0,8,4,17
TrSC58v2_2212|TcYC6_0175440,0,0,4,1,8,9
MSTRG.2154|TcYC6_0175440,0,0,4,3,8,9
TrSC58v2_2215|Tc_MARK_3583,0,1,2,9,1,1
MSTRG.2157|Tc_MARK_3583,0,18,6,11,17,20
TrSC58v2_2217|HSP85,0,4,3,2,3,2
TrSC58v2_2218|HSP85,0,15,26,20,30,150
TrSC58v2_2222,0,0,0,0,0,0
TrSC58v2_2222.t1.e1,0,0,0,0,0,0
MSTRG.2167|YALI,0,9,18,26,3,26
MSTRG.2173|TRSC58_06416,0,0,7,0,4,21
MSTRG.2174|GPI10,0,17,24,26,11,95
MSTRG.2178|memo1,0,5,11,5,12,46
MSTRG.2179|Inpp5e,0,0,25,34,8,87
MSTRG.2187|Cfap119,0,6,8,2,8,40
MSTRG.2193,0,71,97,172,94,387
MSTRG.2194|TRSC58_01170,0,12,5,3,0,25
MSTRG.2195|TRSC58_05588,0,4,19,26,2,36
MSTRG.2202|EIF6,0,16,16,18,41,85
MSTRG.2222|SLC35F6,0,0,7,2,0,4
MSTRG.2226|TRSC58_01720,0,5,18,4,6,75
MSTRG.2227|Tb427.10.5050,0,4,5,9,13,16
MSTRG.2231|retm,0,0,4,11,12,43
MSTRG.2233|TRSC58_03320,0,0,7,9,0,15
MSTRG.2234|CRK3,0,0,9,13,11,16
MSTRG.2236,0,19,0,4,4,12
TrSC58v2_2303|dus2,0,0,4,1,5,6
MSTRG.2242|dus2,0,0,5,16,6,8
TrSC58v2_2308|TcYC6_0080320,0,0,2,3,0,17
MSTRG.2247|TcYC6_0080320,0,4,9,14,7,18
TrSC58v2_2309|C3747_7g144,0,1,0,0,0,2
MSTRG.2248|C3747_7g144,0,3,0,3,4,19
TrSC58v2_2310|TRSC58_03829,0,0,1,0,0,5
MSTRG.2249|TRSC58_03829,0,0,8,0,16,6
TrSC58v2_2311|TcYC6_0080350,0,0,2,0,1,5
MSTRG.2250|TcYC6_0080350,0,0,3,0,2,6
TrSC58v2_2312|C3747_73g181,0,0,4,11,13,30
MSTRG.2251|C3747_73g181,0,0,5,16,14,37
MSTRG.2256,0,4,11,35,3,49
TrSC58v2_2318|rnhB,0,0,0,14,0,2
MSTRG.2258|rnhB,0,0,3,18,4,15
TrSC58v2_2320|TRSC58_01818,0,0,5,8,8,10
MSTRG.2260|TRSC58_01818,0,4,6,10,11,12
TrSC58v2_2321|PSB4,0,0,2,11,1,21
MSTRG.2261|PSB4,0,0,29,12,3,25
TrSC58v2_2322|TRSC58_07328,0,2,0,6,1,30
MSTRG.2262|TRSC58_07328,0,3,0,7,6,37
TrSC58v2_2324|TRSC58_00490,0,1,6,2,3,2
MSTRG.2264|TRSC58_00490,0,4,6,9,3,10
TrSC58v2_2325|TRSC58_05504,0,0,1,1,0,2
MSTRG.2265|TRSC58_05504,0,0,4,13,0,38
TrSC58v2_2327|xylB,0,0,3,8,5,0
MSTRG.2267|xylB,0,7,4,10,6,31
TrSC58v2_2329|TRSC58_04626,0,1,0,0,4,2
MSTRG.2269|TRSC58_04626,0,4,0,0,4,25
TrSC58v2_2330|FKBP12,0,2,1,10,0,16
MSTRG.2270|FKBP12,0,2,7,10,0,17
TrSC58v2_2331|DPM1,0,0,8,0,1,21
MSTRG.2271|DPM1,0,4,9,4,13,25
TrSC58v2_2342|TRSC58_06036,0,0,0,0,0,1
MSTRG.2279|TRSC58_06036,0,6,3,0,3,8
TrSC58v2_2343|arcC,0,0,0,3,1,11
MSTRG.2280|arcC,0,0,5,4,8,12
TrSC58v2_2344|TRSC58_00807,0,0,3,1,1,1
MSTRG.2281|TRSC58_00807,0,9,4,3,7,25
TrSC58v2_2347|TvY486_1004530,0,0,0,0,1,10
MSTRG.2284|TvY486_1004530,0,0,4,9,10,13
TrSC58v2_2350|Rnmt,0,0,4,1,5,20
MSTRG.2287|Rnmt,0,0,18,10,5,23
TrSC58v2_2352|REV1,0,0,6,6,1,3
MSTRG.2289|REV1,0,0,8,9,12,43
TrSC58v2_2353|TcYC6_0080760,0,0,17,17,9,35
MSTRG.2290|TcYC6_0080760,0,5,21,22,12,53
TrSC58v2_2354|LCMT1,0,0,3,0,1,22
MSTRG.2291|LCMT1,0,3,4,11,1,27
TrSC58v2_2356|TRSC58_00317,0,0,0,0,1,17
MSTRG.2293|TRSC58_00317,0,0,12,5,3,20
TrSC58v2_2357|araB,0,0,0,0,0,1
MSTRG.2294|araB,0,0,5,0,5,9
MSTRG.2299,0,0,0,0,7,17
TrSC58v2_2364|TMEM216,0,1,1,0,1,15
MSTRG.2301|TMEM216,0,2,8,4,5,16
TrSC58v2_2372|ppp1cc,0,0,0,0,0,1
MSTRG.2309|ppp1cc,0,0,0,5,6,18
TrSC58v2_2373|PPP1CC,0,0,0,1,0,9
MSTRG.2310|PPP1CC,0,0,0,7,6,10
MSTRG.2016|ppiA,23,41,53,82,46,163
TrSC58v2_2077|ppiA,21,4,42,71,43,203
MSTRG.2017|Pdrg1,4,0,2,3,3,21
TrSC58v2_2078|Pdrg1,1,0,1,0,3,25
MSTRG.2018|TRSC58_05853,25,14,8,5,12,35
TrSC58v2_2079|TRSC58_05853,1,0,0,4,13,38
MSTRG.2021|POLD1,6,5,7,13,16,61
TrSC58v2_2082|POLD1,5,4,6,12,13,57
MSTRG.2022|Smarca1,13,11,37,42,40,98
TrSC58v2_2083|Smarca1,10,8,26,36,37,115
MSTRG.2023|CIPK20,5,22,3,26,7,30
TrSC58v2_2084|CIPK20,3,0,2,17,5,23
MSTRG.2024|TTC28,4,16,5,6,4,11
TrSC58v2_2085|TTC28,0,0,3,5,4,1
MSTRG.2026|ATG3,3,13,15,15,8,59
TrSC58v2_2087|ATG3,0,1,1,13,0,55
MSTRG.2027|TRSC58_07029,1,0,0,14,1,14
TrSC58v2_2088|TRSC58_07029,1,0,0,1,1,2
MSTRG.2029|tpdA,5,6,7,8,5,27
MSTRG.2030|TRSC58_02081,8,7,31,32,25,110
MSTRG.2032|Wdr45,5,6,4,39,19,67
MSTRG.2034|RPE1,4,6,15,19,8,52
MSTRG.2037|Tc_MARK_8633,7,19,27,45,46,116
MSTRG.2039|TRSC58_03444,16,19,43,44,26,159
MSTRG.2040|Tc_MARK_8630,15,11,46,46,28,165
MSTRG.2041|TRSC58_00565,20,9,23,43,49,156
MSTRG.2042|TRSC58_06765,29,15,76,156,113,375
MSTRG.2043|TRSC58_00862,3,8,0,4,4,12
MSTRG.2046|FCA,4,0,4,4,14,22
MSTRG.2049|ANP2,22,24,35,61,53,126
MSTRG.2050|Tc_MARK_8618,6,10,13,11,19,74
MSTRG.2051|erkA,12,27,49,77,84,153
MSTRG.2052|TRSC58_05187,15,17,15,36,24,58
MSTRG.2053|TRSC58_06010,9,0,0,12,6,28
MSTRG.2054|TcYC6_0079010,4,4,12,5,0,27
MSTRG.2055|TcG_01212,5,4,2,12,0,34
MSTRG.2057|Stx16,14,0,44,15,9,41
MSTRG.2058|TRSC58_00188,7,4,20,12,6,73
MSTRG.2060|MFSD6,4,0,11,5,4,63
MSTRG.2065|TRSC58_06598,11,6,17,58,40,92
MSTRG.2066,1,0,6,12,0,57
MSTRG.2068|TcSYL_0114690,7,6,11,13,8,37
MSTRG.2069|TRSC58_01247,5,4,10,16,17,50
MSTRG.2071|ago,10,9,21,50,19,83
MSTRG.2072|RBM12B,13,10,40,62,27,131
MSTRG.2073|Tc_MARK_8600,6,4,14,33,23,100
MSTRG.2074|TCSYLVIO_010060,4,0,8,8,16,22
MSTRG.2075|TRSC58_05412,8,0,11,20,13,45
MSTRG.2077|TRSC58_03627,27,4,53,56,79,117
MSTRG.2078|TRSC58_05238,4,11,2,18,15,48
MSTRG.2079|APUM1,9,0,15,35,24,75
MSTRG.2080|C3747_40g233,2,20,35,47,41,142
MSTRG.2081|TRSC58_04347,2,12,17,25,8,25
MSTRG.2083|TcG_05245,11,30,38,117,82,226
MSTRG.2084|TRSC58_00568,8,8,33,37,42,150
MSTRG.2087|clcA,4,7,7,22,22,72
MSTRG.2090|BCY84_10878,5,11,4,10,4,0
MSTRG.2091|TcYC6_0125280,8,0,0,11,4,32
MSTRG.2092|bet4,18,27,34,50,39,110
MSTRG.2093|patA,3,7,18,52,47,151
MSTRG.2094|SKP1,4,2,9,12,5,25
MSTRG.2095|TRSC58_01528,7,14,20,21,15,62
MSTRG.2097|WDY,19,25,28,57,41,137
MSTRG.2098|TRSC58_00725,6,7,9,9,9,56
MSTRG.2100|TRSC58_01517,7,5,9,18,11,47
MSTRG.2101|RpS3,20,60,125,133,122,388
MSTRG.2102|TcCLB.504021.100,5,4,14,23,10,23
MSTRG.2103|TcCLB.504021.90,3,0,2,12,5,17
MSTRG.2105|TRSC58_02360,3,9,23,11,6,35
MSTRG.2108|Tc_MARK_3633,11,0,4,11,0,15
MSTRG.2109|TRSC58_00125,25,0,27,10,3,64
MSTRG.2110|TRSC58_05865,20,16,21,40,37,177
MSTRG.2112|PCL7,12,11,9,12,44,81
MSTRG.2113|TRSC58_02960,3,7,8,26,20,30
MSTRG.2116|TRSC58_01008,12,22,0,27,18,55
MSTRG.2117|CG5543,7,10,25,33,12,65
MSTRG.2118|rpl6,90,98,145,228,122,783
MSTRG.2119|pept-1,16,18,37,107,62,222
MSTRG.2120|TTC4,2,4,0,22,25,43
MSTRG.2121|TRSC58_06004,13,13,20,2,14,40
MSTRG.2123|ppp2r2b,2,25,6,13,19,60
MSTRG.2125|TRSC58_03789,20,37,60,81,53,223
MSTRG.2126|cmd-1,2,5,9,0,14,32
MSTRG.2127|TRSC58_01458,3,4,0,4,17,49
MSTRG.2128|Ift57,3,5,16,45,31,87
MSTRG.2129|TRSC58_00060,3,4,8,27,27,36
MSTRG.2131|TRSC58_05548,4,0,3,5,4,11
TrSC58v2_2190|TRSC58_05548,0,0,1,2,0,10
MSTRG.2132|CCDC40,9,4,20,87,51,96
TrSC58v2_2191|CCDC40,8,0,14,6,41,59
MSTRG.2133|TRSC58_06992,26,39,95,108,85,367
TrSC58v2_2192|TRSC58_06992,22,3,9,12,15,53
MSTRG.2134|TRSC58_00287,3,5,12,19,9,30
TrSC58v2_2193|TRSC58_00287,0,0,0,16,7,28
MSTRG.2136|atg7,7,12,13,32,15,61
TrSC58v2_2195|atg7,6,10,12,28,12,56
MSTRG.2137|TRSC58_06514,6,5,10,38,28,104
TrSC58v2_2196|TRSC58_06514,5,5,8,32,24,96
MSTRG.2139|TRSC58_04379,5,4,13,16,3,43
TrSC58v2_2198|TRSC58_04379,2,0,11,14,1,33
MSTRG.2140,14,10,46,53,25,29
MSTRG.2141|C3747_40g233,7,7,15,26,11,47
TrSC58v2_2199|C3747_40g233,5,8,13,30,13,51
MSTRG.2142|TRSC58_02793,3,6,18,13,14,40
TrSC58v2_2200|TRSC58_02793,0,8,12,15,15,42
MSTRG.2143|XYLD,10,14,12,28,18,42
TrSC58v2_2201|XYLD,0,1,11,0,0,30
MSTRG.2144|Smyd5,7,5,15,18,7,49
TrSC58v2_2202|Smyd5,5,4,15,16,6,43
MSTRG.2146|TcYC6_0124610,5,7,8,15,24,63
TrSC58v2_2204|TcYC6_0124610,4,5,7,14,21,53
MSTRG.2147|TRSC58_00783,6,7,6,9,8,75
TrSC58v2_2205|TRSC58_00783,4,5,4,7,0,3
MSTRG.2150|TRSC58_00442,2,4,4,6,5,22
TrSC58v2_2208|TRSC58_00442,1,0,4,4,5,21
MSTRG.2151|TRSC58_04757,3,0,23,32,12,43
TrSC58v2_2209|TRSC58_04757,0,0,0,2,0,37
MSTRG.2155|MSH2,5,8,11,22,21,63
TrSC58v2_2213|MSH2,1,7,8,18,17,54
MSTRG.2156|TcCL_ESM12221,3,18,5,8,3,26
TrSC58v2_2214|TcCL_ESM12221,0,2,2,6,3,24
MSTRG.2158|slp1,4,5,4,7,9,18
TrSC58v2_2216|slp1,0,0,3,0,9,14
MSTRG.2159,243,336,703,1095,938,3125
MSTRG.2159|HSP85,59,79,166,232,200,648
TrSC58v2_2219|HSP85,41,57,120,175,153,521
MSTRG.2160|ABCF4,6,10,49,67,22,127
TrSC58v2_2220|ABCF4,5,8,0,2,15,9
MSTRG.2161|lit-1,15,0,5,12,5,33
TrSC58v2_2221|lit-1,11,0,0,0,0,22
MSTRG.2162|NAA15,3,20,13,39,34,141
MSTRG.2163|jdp,10,4,4,15,3,21
MSTRG.2164|TRSC58_01885,7,8,12,12,16,27
MSTRG.2165|TRSC58_02448,3,0,9,17,22,42
MSTRG.2166|YALD,4,8,7,16,19,22
MSTRG.2168,21,4,9,60,43,243
MSTRG.2168|ALD,49,61,148,126,164,511
MSTRG.2169|RS9,34,56,77,158,100,489
MSTRG.2170|YALV,4,14,16,35,22,56
MSTRG.2171|GSPATT00031056001,14,3,12,19,17,45
MSTRG.2172|TcYC6_0079550,13,0,12,13,0,22
MSTRG.2175|TRSC58_06200,7,15,7,9,14,70
MSTRG.2176|TRSC58_01493,3,8,11,12,8,52
MSTRG.2177|TRSC58_05804,8,5,4,53,20,82
MSTRG.2180|C3747_7g452,9,8,20,12,32,29
MSTRG.2181|PAIR2,16,0,2,12,0,5
MSTRG.2182|rpl24,7,28,31,104,78,218
MSTRG.2183|TRSC58_00046,13,0,8,19,33,80
MSTRG.2184|rpl24,17,75,80,145,118,487
MSTRG.2185|TRSC58_02463,23,29,24,76,78,199
MSTRG.2186|TRSC58_05826,6,5,16,12,9,42
MSTRG.2188|TRSC58_03015,12,10,34,56,30,81
MSTRG.2189|C3747_73g62,19,10,36,44,31,177
MSTRG.2190,4,4,5,12,5,37
MSTRG.2191|TRSC58_03976,17,28,42,54,80,177
MSTRG.2192|ift122,5,12,44,40,39,126
MSTRG.2193|RPS10P5,95,79,97,129,90,469
MSTRG.2196|DNAH1,35,37,77,208,110,371
MSTRG.2197|rps1802,31,71,99,173,72,495
MSTRG.2198|rps1802,8,30,83,109,52,300
MSTRG.2199|TRSC58_00961,5,11,16,26,7,41
MSTRG.2200|DQ04_06581020,4,4,0,3,0,21
MSTRG.2201|KIN10,3,0,9,27,25,60
MSTRG.2203|SPBC1709.19c,5,0,0,9,22,29
MSTRG.2204|MEE29,4,15,30,72,17,87
MSTRG.2205|MKK5,5,10,8,19,20,78
MSTRG.2206|TRSC58_04654,6,25,24,31,36,93
MSTRG.2207|Pka-R2,18,14,95,141,112,294
MSTRG.2208|ARL13B,7,4,12,14,14,44
MSTRG.2209|TRSC58_01943,5,7,21,22,29,155
MSTRG.2210|TFB2,22,3,25,27,18,121
MSTRG.2211|TRSC58_01340,8,0,3,19,22,64
MSTRG.2212|Tc_MARK_8517,9,8,9,32,17,79
MSTRG.2213|DNAJC7,14,24,38,49,70,217
MSTRG.2214|TRSC58_05278,9,8,31,65,30,139
MSTRG.2215|TRSC58_03591,4,7,13,14,11,54
MSTRG.2216|erkB,11,9,36,24,7,96
MSTRG.2217|CFAP410,9,12,6,0,4,54
MSTRG.2218|Tb927.8.680,9,0,4,3,6,34
MSTRG.2219|TRSC58_01628,7,4,0,21,4,26
MSTRG.2220|TcYC6_0080050,4,8,9,5,15,43
MSTRG.2221|DQ04_14331000,2,0,4,0,0,3
MSTRG.2223,14,32,52,73,64,233
MSTRG.2224|TRSC58_00212,4,0,9,14,7,38
MSTRG.2225|Rnaseh2a,7,2,13,19,3,29
MSTRG.2228|dnaJ,8,0,5,22,6,60
MSTRG.2229|ubi3,33,70,79,154,132,488
MSTRG.2230|Tc_MARK_8502,3,4,11,10,0,32
MSTRG.2232|mef1,11,14,10,27,32,79
MSTRG.2235|DSK2B,8,24,20,26,28,73
MSTRG.2237|orb6,8,4,8,4,12,40
TrSC58v2_2298|orb6,6,3,7,3,10,32
MSTRG.2238|ptc2,2,10,16,26,14,31
TrSC58v2_2299|ptc2,1,1,2,21,12,27
MSTRG.2239|slc25a42,5,3,10,10,10,21
TrSC58v2_2300|slc25a42,0,0,7,7,9,16
MSTRG.2240|dnajc7,8,5,15,33,9,80
TrSC58v2_2301|dnajc7,2,4,11,3,8,73
MSTRG.2241|TcYC6_0080260,3,9,13,12,4,67
TrSC58v2_2302|TcYC6_0080260,1,9,12,11,4,59
MSTRG.2243|VPS45,3,0,13,4,8,75
TrSC58v2_2304|VPS45,3,0,11,0,6,3
MSTRG.2244|C3747_7g140,8,5,4,23,10,54
TrSC58v2_2305|C3747_7g140,5,3,4,21,8,52
MSTRG.2245|Tc_MARK_8487,4,3,0,23,5,7
TrSC58v2_2306|Tc_MARK_8487,0,0,0,2,4,6
MSTRG.2246|TcYC6_0080310,4,0,9,5,7,9
TrSC58v2_2307|TcYC6_0080310,0,0,1,2,6,7
MSTRG.2252|TRSC58_05332,5,4,3,19,5,12
TrSC58v2_2313|TRSC58_05332,1,0,1,2,1,10
MSTRG.2253|AOAH,7,9,7,24,9,67
TrSC58v2_2314|AOAH,4,7,5,18,7,3
MSTRG.2254|PIP5K1,3,8,5,10,4,26
TrSC58v2_2315|PIP5K1,1,0,4,1,0,24
MSTRG.2255|emc3,4,3,7,12,10,22
TrSC58v2_2316|emc3,0,0,6,11,9,21
MSTRG.2257|TRSC58_03265,1,0,6,5,3,19
TrSC58v2_2317|TRSC58_03265,1,0,5,4,3,17
MSTRG.2259|Ankrd52,4,4,0,9,4,13
TrSC58v2_2319|Ankrd52,0,0,0,2,1,12
MSTRG.2263|DNAL4,3,0,3,5,2,12
TrSC58v2_2323|DNAL4,2,0,1,4,2,11
MSTRG.2266|TRSC58_04883,4,13,4,16,11,68
TrSC58v2_2326|TRSC58_04883,0,9,0,12,0,55
MSTRG.2268|eif-3.L,26,4,32,26,30,121
TrSC58v2_2328|eif-3.L,1,3,31,23,26,8
MSTRG.2272|KMT2C,10,4,8,8,8,16
TrSC58v2_2332|KMT2C,7,0,7,6,0,13
MSTRG.2273|TRSC58_03849,3,0,2,3,3,19
TrSC58v2_2333|TRSC58_03849,0,0,1,0,1,20
MSTRG.2274|TRSC58_00207,6,11,8,30,11,14
TrSC58v2_2334|TRSC58_00207,0,0,6,1,2,42
MSTRG.2275|EF2,102,92,152,231,163,591
TrSC58v2_2335|EF2,3,84,140,184,131,456
MSTRG.2276|EF2,46,73,124,189,142,426
TrSC58v2_2336|EF2,37,65,116,161,113,377
MSTRG.2277,62,103,186,267,201,595
MSTRG.2278,3,10,9,14,10,31
MSTRG.2282|PFKFB4,16,6,9,28,20,30
TrSC58v2_2345|PFKFB4,0,0,8,26,0,24
MSTRG.2283|DQ04_01001060,2,0,1,1,0,4
TrSC58v2_2346|DQ04_01001060,1,0,1,1,0,3
MSTRG.2285|DQ04_01001060,3,1,0,4,7,2
TrSC58v2_2348|DQ04_01001060,0,1,0,0,0,1
MSTRG.2286|TRSC58_05407,4,3,17,11,14,54
TrSC58v2_2349|TRSC58_05407,0,1,1,9,12,43
MSTRG.2288|TRSC58_00334,11,3,15,18,13,62
TrSC58v2_2351|TRSC58_00334,10,0,15,17,9,55
MSTRG.2292|HOP1,6,8,23,12,17,55
TrSC58v2_2355|HOP1,5,2,1,10,15,1
MSTRG.2295|SPAC6G9.14,9,3,10,15,17,37
TrSC58v2_2358|SPAC6G9.14,6,0,7,13,15,30
MSTRG.2296|nagA,4,0,2,18,0,10
TrSC58v2_2359|nagA,0,0,1,2,0,8
TrSC58v2_2360|TcYC6_0080830,1,0,0,1,1,1
MSTRG.2297|TcYC6_0080830,1,0,2,3,1,3
MSTRG.2298|LPG1,2,0,9,3,9,14
TrSC58v2_2361|LPG1,1,0,1,1,8,13
MSTRG.2299|TbgDal_IV3690,10,7,62,78,74,197
TrSC58v2_2362|TbgDal_IV3690,8,1,8,10,0,0
MSTRG.2300|CI085,2,0,3,6,4,18
TrSC58v2_2363|CI085,1,0,1,2,3,15
MSTRG.2302|TRSC58_00264,8,6,18,22,14,59
TrSC58v2_2365|TRSC58_00264,6,5,12,17,12,55
MSTRG.2303|TRSC58_03700,11,7,13,16,0,31
TrSC58v2_2366|TRSC58_03700,0,0,11,0,0,27
MSTRG.2304|At5g66720,12,3,16,0,4,16
TrSC58v2_2367|At5g66720,0,2,1,0,0,15
MSTRG.2305|Noc4l,8,0,7,5,4,11
TrSC58v2_2368|Noc4l,0,0,3,1,0,10
MSTRG.2306|TRSC58_05500,12,1,7,8,12,16
TrSC58v2_2369|TRSC58_05500,0,1,6,7,10,13
MSTRG.2307|TRSC58_04593,4,19,13,11,7,39
TrSC58v2_2370|TRSC58_04593,0,0,1,0,6,1
MSTRG.2308|TcCL_ESM03218,12,6,8,9,21,12
TrSC58v2_2371|TcCL_ESM03218,0,1,7,8,3,10
MSTRG.2971|eIF3-S8,4,15,43,119,59,158
MSTRG.2974|SPBPB7E8.02,9,2,16,10,9,32
MSTRG.2972|HAM1,5,0,7,12,5,27
MSTRG.2973|TRSC58_03705,9,11,48,50,42,121
MSTRG.2976|C3747_76g206,4,0,0,4,5,41
MSTRG.2978|ARD1,1,0,1,1,0,2
MSTRG.2979|TRSC58_01018,2,1,2,3,4,14
TrSC58v2_3065|TRSC58_01018,1,1,1,3,1,12
MSTRG.2981|Lman2,9,0,10,11,4,8
TrSC58v2_3067|Lman2,0,0,0,0,0,7
MSTRG.2980|HERC1,13,39,40,65,62,119
TrSC58v2_3066|HERC1,9,33,42,60,53,124
MSTRG.2982|TcYC6_0121980,19,19,6,24,17,58
TrSC58v2_3068|TcYC6_0121980,0,3,5,19,14,49
MSTRG.2985|RPS12,9,23,52,77,38,212
TrSC58v2_3070|RPS12,2,21,48,72,35,186
MSTRG.2986|PRO-1,1,0,0,2,0,2
TrSC58v2_3072|PRO-1,1,0,0,0,0,0
MSTRG.2987|PRO-1,1,0,0,0,0,0
TrSC58v2_3073|PRO-1,0,0,0,0,0,0
MSTRG.2983|tor,21,9,39,85,44,204
TrSC58v2_3069|tor,19,7,30,84,34,182
MSTRG.2350|Tat,0,0,0,0,4,0
MSTRG.2351|rdh10b,0,0,4,16,8,41
MSTRG.2352|Endov,0,5,7,13,12,51
MSTRG.2359|TRSC58_06103,0,12,19,11,11,26
MSTRG.2362|guk1,0,5,12,2,8,47
MSTRG.2367|DDB_G0274487,0,10,15,25,35,177
MSTRG.2368|TRSC58_05455,0,3,12,11,5,36
MSTRG.2384|TcG_05681,0,3,2,7,5,32
MSTRG.2392|slp1,0,6,9,21,4,45
MSTRG.2396|TRSC58_03776,0,13,10,21,14,69
TrSC58v2_2466|meak7,0,0,0,5,0,2
MSTRG.2398|meak7,0,0,0,6,0,22
TrSC58v2_2467|TCDM_06543,0,0,1,0,2,1
MSTRG.2399|TCDM_06543,0,4,1,0,11,6
TrSC58v2_2468|Fkrp,0,0,4,4,7,33
MSTRG.2400|Fkrp,0,4,9,37,8,36
TrSC58v2_2470.t1.e1|HSP60,0,0,0,0,0,0
TrSC58v2_2470|HSP60,0,0,0,0,0,0
TrSC58v2_2471.t1.e1|HSP60,0,0,0,0,0,0
TrSC58v2_2471|HSP60,0,0,0,0,0,0
TrSC58v2_2472.t1.e1|HSP60,0,0,0,1,0,1
TrSC58v2_2472|HSP60,0,0,0,1,0,2
TrSC58v2_2473.t1.e1|HSP60,0,0,0,1,0,1
TrSC58v2_2473|HSP60,0,0,0,1,0,2
MSTRG.2411,0,2,10,32,8,44
TrSC58v2_2487|TRSC58_07201,0,4,6,6,0,5
MSTRG.2416|TRSC58_07201,0,6,8,7,11,48
TrSC58v2_2497|Diras2,0,0,0,4,0,9
MSTRG.2426|Diras2,0,4,8,4,0,11
TrSC58v2_2499|Tc_MARK_3700,0,1,4,2,0,20
MSTRG.2428|Tc_MARK_3700,0,4,4,17,8,23
TrSC58v2_2508|pigC,0,0,0,8,0,13
MSTRG.2437|pigC,0,0,16,9,4,19
TrSC58v2_2511|TRSC58_01700,0,3,7,1,13,20
MSTRG.2440|TRSC58_01700,0,4,8,26,14,52
MSTRG.2446,4,0,0,23,128,550
TrSC58v2_2517|C4B63_48g136,0,0,1,14,2,22
MSTRG.2449|C4B63_48g136,0,12,4,16,5,24
MSTRG.2458,0,24,54,108,66,247
TrSC58v2_2527|TRSC58_02777,0,0,0,0,1,9
MSTRG.2463|TRSC58_02777,0,0,0,0,6,10
TrSC58v2_2529|TcBrA4_0075610,0,1,1,0,0,0
MSTRG.2465|TcBrA4_0075610,0,1,3,5,0,0
TrSC58v2_2533,0,2,0,10,7,31
MSTRG.2469,0,3,0,17,8,33
TrSC58v2_2535|TRSC58_00543,0,1,4,1,3,1
MSTRG.2471|TRSC58_00543,0,4,4,3,3,27
TrSC58v2_2542|TcG_04795,0,0,1,2,0,1
MSTRG.2457|TcG_04795,0,0,2,7,0,3
TrSC58v2_2544|TRSC58_06353,0,0,0,7,0,26
MSTRG.2474|TRSC58_06353,0,4,14,9,4,32
TrSC58v2_2545|avt3,0,0,0,8,5,8
MSTRG.2475|avt3,0,0,0,10,6,13
MSTRG.2477,0,0,0,17,0,19
TrSC58v2_2547|Os08g0109300,0,0,0,0,4,18
MSTRG.2478|Os08g0109300,0,0,0,0,5,20
MSTRG.2480|mvd,0,7,17,28,3,51
MSTRG.2484|TRSC58_00698,0,0,8,15,11,58
MSTRG.2488|TRSC58_05939,0,11,18,40,18,74
MSTRG.2494|TRSC58_01033,0,4,9,5,8,13
MSTRG.2501|TRSC58_01453,0,0,8,8,6,36
MSTRG.2505|coaE,0,3,2,28,0,21
MSTRG.2507|TcYC6_0115460,0,12,5,8,0,4
MSTRG.2508|Tc_MARK_4870,0,0,7,7,0,27
MSTRG.2516|Slc35a3,0,0,0,16,11,49
MSTRG.2517|TRSC58_02355,0,9,8,10,8,33
MSTRG.2518,0,8,8,22,10,82
MSTRG.2521|TFCB,0,0,6,17,4,32
MSTRG.2524|KCTD4,0,2,10,13,12,29
MSTRG.2525|TcCLB.511277.310,0,0,10,14,12,26
MSTRG.2527|TRSC58_00456,0,13,4,20,24,79
MSTRG.2528|Rp2,0,2,12,4,11,32
MSTRG.2529|TcG_09809,0,9,10,28,24,92
MSTRG.2530|VATC,0,0,10,16,13,70
TrSC58v2_2601|Dpy30,0,1,1,0,1,11
MSTRG.2534|Dpy30,0,2,3,0,2,12
MSTRG.2539,0,5,0,6,14,65
TrSC58v2_2615|DQ04_05601050,0,0,1,1,0,7
MSTRG.2549|DQ04_05601050,0,7,6,1,0,8
TrSC58v2_2618|tuf,0,0,22,10,1,51
MSTRG.2552|tuf,0,6,26,11,18,61
TrSC58v2_2619|yiaY,0,0,0,1,0,1
MSTRG.2553|yiaY,0,8,0,1,0,3
TrSC58v2_2621|TRSC58_03774,0,0,0,0,0,8
MSTRG.2555|TRSC58_03774,0,0,0,0,0,8
TrSC58v2_2622|TcYC6_0115950,0,5,12,23,12,50
MSTRG.2556|TcYC6_0115950,0,7,15,33,13,71
TrSC58v2_2623|RPB5,0,1,0,0,0,1
MSTRG.2557|RPB5,0,7,0,8,0,29
TrSC58v2_2631|Os07g0688000,0,0,6,0,3,19
MSTRG.2565|Os07g0688000,0,0,7,18,4,21
TrSC58v2_2633|TRSC58_03383,0,5,6,3,4,24
MSTRG.2567|TRSC58_03383,0,7,7,4,5,28
TrSC58v2_2641|TcYC6_0116140,0,1,11,12,0,33
MSTRG.2575|TcYC6_0116140,0,2,13,18,7,44
TrSC58v2_2642|Eogt,0,0,1,1,1,1
MSTRG.2576|Eogt,0,0,2,2,3,11
TrSC58v2_2643|PIGV,0,0,14,7,5,39
MSTRG.2577|PIGV,0,3,16,8,6,44
TrSC58v2_2645|TRSC58_03341,0,0,0,0,1,3
MSTRG.2579|TRSC58_03341,0,0,4,2,6,15
TrSC58v2_2646|UGP1,0,0,5,9,1,12
MSTRG.2580|UGP1,0,0,7,10,1,14
TrSC58v2_2647|HCAG_06120,0,0,2,5,0,3
MSTRG.2581|HCAG_06120,0,5,2,6,4,39
TrSC58v2_2651|TRSC58_00425,0,0,0,4,1,19
MSTRG.2585|TRSC58_00425,0,3,0,6,3,21
TrSC58v2_2655|PDE1C,0,0,8,9,6,54
MSTRG.2590|PDE1C,0,0,10,9,7,2
TrSC58v2_2663|C3747_150g12,0,0,0,2,3,15
MSTRG.2598|C3747_150g12,0,5,0,10,3,17
TrSC58v2_2668|TcCL_ESM06421,0,1,0,1,1,9
MSTRG.2603|TcCL_ESM06421,0,1,5,2,2,11
TrSC58v2_2670|TcCL_ESM06423,0,0,5,0,0,10
MSTRG.2605|TcCL_ESM06423,0,10,7,4,7,12
TrSC58v2_2676|PCYT1A,0,9,1,25,17,47
MSTRG.2611|PCYT1A,0,12,2,27,21,54
TrSC58v2_2679|TRSC58_06194,0,0,0,0,0,2
MSTRG.2614|TRSC58_06194,0,0,0,0,0,6
TrSC58v2_2686|TRSC58_05734,0,7,8,3,0,6
MSTRG.2623|TRSC58_05734,0,10,9,25,0,7
MSTRG.2627,0,0,0,12,0,37
TrSC58v2_2691|HEN1,0,0,0,0,1,2
MSTRG.2628|HEN1,0,3,0,4,9,31
TrSC58v2_2696|DNAJC24,0,0,0,0,3,3
MSTRG.2633|DNAJC24,0,0,0,0,4,4
TrSC58v2_2697|TcCL_ESM04017,0,0,4,3,0,22
MSTRG.2634|TcCL_ESM04017,0,4,6,4,4,28
TrSC58v2_2703|slc35b4,0,0,0,0,6,20
MSTRG.2639|slc35b4,0,0,4,4,7,22
TrSC58v2_2705|TRSC58_06877,0,0,0,0,0,9
MSTRG.2642|TRSC58_06877,0,5,0,0,3,11
MSTRG.2641,0,10,19,6,3,74
TrSC58v2_2710|TRSC58_00329,0,1,0,8,1,0
MSTRG.2647|TRSC58_00329,0,4,0,9,19,31
TrSC58v2_2713|Gclc,0,0,1,0,0,1
MSTRG.2650|Gclc,0,1,1,0,0,1
TrSC58v2_2714|Gclc,0,0,1,0,0,1
MSTRG.2651|Gclc,0,1,1,0,0,1
TrSC58v2_2715|Gclc,0,0,1,0,0,1
MSTRG.2652|Gclc,0,1,1,0,0,1
TrSC58v2_2716|Gclc,0,0,1,0,0,1
MSTRG.2653|Gclc,0,1,1,0,0,1
TrSC58v2_2717|Gclc,0,0,1,0,0,4
MSTRG.2654|Gclc,0,1,1,0,0,4
TrSC58v2_2719|TcYC6_0117170,0,0,0,1,1,0
MSTRG.2656|TcYC6_0117170,0,0,9,4,3,28
MSTRG.2349|GAPC,9,0,24,18,18,69
MSTRG.2353|GK1,11,11,14,24,21,84
MSTRG.2354|TRSC58_00054,8,11,20,32,20,74
MSTRG.2355|GK1,10,17,16,20,26,74
MSTRG.2356|TRSC58_00054,9,10,20,31,20,73
MSTRG.2357|GK1,4,13,12,14,15,44
MSTRG.2358|TRSC58_00054,9,9,19,31,20,72
MSTRG.2360|BBS4,7,17,11,45,26,70
MSTRG.2361|TcCLB.510187.140,8,3,10,28,10,39
MSTRG.2363|DRG1,5,5,22,27,22,51
MSTRG.2364|TRSC58_02927,9,31,55,60,73,149
MSTRG.2365|Vps45,11,7,8,13,7,52
MSTRG.2366|TRSC58_02298,3,0,7,0,3,30
MSTRG.2369|EEF1AKMT4,3,0,0,0,7,21
MSTRG.2370|TRSC58_05463,8,0,16,10,44,70
MSTRG.2371|PTPN20,15,4,14,13,17,23
MSTRG.2372|NSUN2,4,7,34,23,19,58
MSTRG.2373|DYN2,9,0,4,5,4,15
MSTRG.2374|Os01g0857700,9,10,9,16,7,47
MSTRG.2375|Os01g0857700,2,4,7,15,7,27
MSTRG.2376,3,4,20,34,17,64
MSTRG.2377|Os01g0857700,2,4,7,15,7,27
MSTRG.2376|Os01g0857700,2,3,2,4,2,5
MSTRG.2378|ERV25,3,3,10,31,27,80
MSTRG.2379|SDT1,4,4,8,2,3,23
MSTRG.2380|HEL64,5,3,20,23,25,74
MSTRG.2381|TRSC58_02809,15,7,9,20,8,23
MSTRG.2382|TcYC6_0126460,14,0,2,10,0,38
MSTRG.2383|Dnajb12,3,3,13,9,20,63
MSTRG.2385|DENND6B,15,8,18,20,23,26
MSTRG.2386|TM35_000022860,11,2,4,19,8,36
MSTRG.2387|STIP1,3,0,12,20,20,43
MSTRG.2388|TRSC58_00586,5,0,6,20,15,16
MSTRG.2389|EDR1,7,4,9,38,17,101
MSTRG.2390|PP2A4,21,9,57,52,54,153
MSTRG.2391|alg3,4,8,24,9,7,59
MSTRG.2393|HSP60,3,4,2,0,0,17
MSTRG.2394|TRSC58_01052,14,12,19,15,25,73
MSTRG.2395|TRSC58_02810,4,0,4,10,16,23
MSTRG.2397|PMM1,9,4,4,12,8,34
MSTRG.2401|MSH6,8,8,18,18,7,46
TrSC58v2_2469|MSH6,6,7,13,15,5,39
MSTRG.2402|HSP60,1,1,3,3,5,10
TrSC58v2_2474|HSP60,1,1,0,2,0,7
MSTRG.2403|HSP60,1,1,3,4,5,10
TrSC58v2_2475|HSP60,1,1,0,0,0,7
MSTRG.2404|HSP60,1,1,3,3,5,10
TrSC58v2_2476|HSP60,1,1,0,2,0,7
MSTRG.2405|HSP60,1,1,3,3,5,10
TrSC58v2_2477|HSP60,1,1,0,2,0,7
MSTRG.2406|HSP60,1,1,3,3,5,10
TrSC58v2_2478|HSP60,1,1,0,2,0,7
MSTRG.2407|HSP60,1,1,3,4,5,10
TrSC58v2_2479|HSP60,1,1,0,0,0,7
MSTRG.2408|HSP60,1,1,2,3,2,8
TrSC58v2_2480|HSP60,1,1,1,3,2,5
MSTRG.2409|HSP60,23,26,70,81,56,30
TrSC58v2_2481|HSP60,13,20,55,53,35,421
MSTRG.2410|TcYC6_0126150,5,0,11,14,2,21
TrSC58v2_2482|TcYC6_0126150,0,0,10,12,2,19
MSTRG.2412|RPL37A,29,23,61,77,49,238
TrSC58v2_2483|RPL37A,20,17,50,68,42,206
MSTRG.2413|Tc_MARK_3714,4,14,5,9,4,77
TrSC58v2_2484|Tc_MARK_3714,3,1,4,8,3,3
MSTRG.2414|TRSC58_07226,11,8,41,24,9,108
TrSC58v2_2485|TRSC58_07226,0,2,0,20,6,2
MSTRG.2415|DRC4,7,4,4,3,11,69
TrSC58v2_2486|DRC4,0,0,0,2,2,8
MSTRG.2417|TcCL_ESM02228,13,4,15,19,15,50
TrSC58v2_2488|TcCL_ESM02228,9,0,15,15,12,42
MSTRG.2418|TRSC58_01060,4,7,0,5,8,12
TrSC58v2_2489|TRSC58_01060,1,1,0,4,2,10
MSTRG.2419|noc3l,9,8,12,21,19,37
TrSC58v2_2490|noc3l,6,5,11,18,0,32
MSTRG.2420|mvp,7,7,18,39,29,111
TrSC58v2_2491|mvp,5,5,17,32,19,27
MSTRG.2421|rpsE,4,0,11,8,2,37
TrSC58v2_2492|rpsE,0,0,9,0,0,0
MSTRG.2422|Ddx47,4,4,14,24,15,59
TrSC58v2_2493|Ddx47,3,1,12,21,7,55
MSTRG.2423|ntaq1,3,0,4,11,3,29
TrSC58v2_2494|ntaq1,0,0,1,2,3,27
MSTRG.2424|HAS1,5,7,25,51,19,42
TrSC58v2_2495|HAS1,5,0,23,3,15,39
MSTRG.2425|TcYC6_0126000,12,12,3,16,6,59
TrSC58v2_2496|TcYC6_0126000,9,0,0,13,5,4
MSTRG.2427|Rsph10b,8,4,12,33,5,36
TrSC58v2_2498|Rsph10b,6,0,10,0,0,32
MSTRG.2429|Rat1,2,6,11,18,6,82
TrSC58v2_2500|Rat1,2,5,10,14,5,3
MSTRG.2430|Ttc16,9,7,16,12,11,66
TrSC58v2_2501|Ttc16,8,6,13,9,8,57
MSTRG.2431|C3747_57g1251c,4,5,14,34,14,81
TrSC58v2_2502|C3747_57g1251c,4,5,14,31,13,76
MSTRG.2432|gabD,9,10,9,6,15,50
TrSC58v2_2503|gabD,0,1,0,5,0,0
MSTRG.2433|TRSC58_03584,2,4,9,18,15,57
TrSC58v2_2504|TRSC58_03584,1,1,8,16,13,51
MSTRG.2434|TcCLB.507641.40,6,15,15,23,23,100
TrSC58v2_2505|TcCLB.507641.40,1,13,14,19,18,86
MSTRG.2435|COG3,4,6,12,12,10,60
TrSC58v2_2506|COG3,0,4,11,9,9,55
MSTRG.2436|BCHB,8,13,44,106,43,198
TrSC58v2_2507|BCHB,7,12,41,85,39,168
MSTRG.2438|TRSC58_03141,5,15,17,15,26,80
TrSC58v2_2509|TRSC58_03141,1,14,2,14,23,75
MSTRG.2439|ATP23,19,15,13,8,12,13
TrSC58v2_2510|ATP23,2,1,1,8,1,12
MSTRG.2441|RF_0863,8,8,0,19,8,60
TrSC58v2_2512|RF_0863,5,6,0,17,5,51
MSTRG.2442|PBE1,5,16,18,20,16,65
TrSC58v2_2513|PBE1,4,1,3,1,5,58
MSTRG.2445,122,107,266,425,259,1266
MSTRG.2446|HEXBP,66,74,202,276,61,281
TrSC58v2_2514|HEXBP,1,1,2,11,1,1
MSTRG.2443,15,15,12,28,35,101
MSTRG.2444,7,25,4,20,12,51
MSTRG.2447|CLTC,8,30,43,99,46,209
TrSC58v2_2515|CLTC,7,29,39,87,39,163
MSTRG.2448|PSA1,7,0,16,21,16,52
TrSC58v2_2516|PSA1,7,0,5,19,2,49
MSTRG.2450|Stag1,6,15,13,33,14,69
TrSC58v2_2518|Stag1,5,0,10,27,11,55
MSTRG.2451|TcYC6_0125750,7,16,26,59,13,118
TrSC58v2_2519|TcYC6_0125750,6,13,25,40,11,101
MSTRG.2452|TRSC58_01662,7,7,18,26,10,57
TrSC58v2_2520|TRSC58_01662,1,1,15,4,8,44
MSTRG.2453|Lrguk,8,9,9,9,11,36
TrSC58v2_2521|Lrguk,2,8,7,8,9,32
TrSC58v2_2522|TcCL_NonESM05595,1,0,1,1,0,14
MSTRG.2458|TcCL_NonESM05595,1,3,1,1,2,16
MSTRG.2459|NRKA,2,7,6,7,3,17
TrSC58v2_2523|NRKA,0,0,2,5,2,11
MSTRG.2460|NRKA,2,7,10,9,3,20
TrSC58v2_2524|NRKA,0,0,0,6,2,15
MSTRG.2461|NRKA,3,3,5,8,5,17
TrSC58v2_2525|NRKA,2,0,3,7,4,13
MSTRG.2462|NRKA,6,13,7,8,3,18
TrSC58v2_2526|NRKA,3,0,6,5,3,10
MSTRG.2464|TRSC58_06109,3,9,8,10,5,32
TrSC58v2_2528|TRSC58_06109,3,7,6,8,4,27
MSTRG.2466|TRSC58_05532,5,9,9,34,20,60
TrSC58v2_2530|TRSC58_05532,4,6,7,2,1,7
MSTRG.2467|Tc_MARK_3672,4,9,9,28,10,59
TrSC58v2_2531|Tc_MARK_3672,0,6,7,3,2,2
MSTRG.2468|rngB,7,7,14,49,15,48
TrSC58v2_2532|rngB,5,5,12,2,12,26
MSTRG.2470|TcCL_ESM02177,1,2,5,16,10,22
TrSC58v2_2534|TcCL_ESM02177,1,1,4,2,3,20
MSTRG.2472|Vps13,9,18,36,103,90,187
TrSC58v2_2536|Vps13,2,16,30,83,87,178
MSTRG.2458|TRSC58_05811,4,4,8,4,12,8
TrSC58v2_2537|TRSC58_05811,3,0,5,8,9,50
MSTRG.2458|EF1B,8,20,30,5,32,15
TrSC58v2_2538|EF1B,0,1,3,1,3,3
MSTRG.2454|TRSC58_00366,1,16,11,13,4,43
TrSC58v2_2539|TRSC58_00366,1,0,10,11,2,37
MSTRG.2455|TRSC58_05299,4,7,10,35,13,110
TrSC58v2_2540|TRSC58_05299,0,5,7,28,11,2
MSTRG.2456|cfap36,7,8,28,38,20,78
TrSC58v2_2541|cfap36,6,6,24,36,18,76
MSTRG.2473|TCSYLVIO_004917,8,2,25,16,46,41
TrSC58v2_2543|TCSYLVIO_004917,5,1,22,13,2,35
MSTRG.2476|CAFP,21,40,63,93,101,185
TrSC58v2_2546|CAFP,16,36,36,88,3,150
MSTRG.2479|TMEM222,7,10,4,3,4,21
TrSC58v2_2548|TMEM222,1,0,0,1,0,19
MSTRG.2481|TRSC58_03490,11,23,20,29,31,117
MSTRG.2482|At5g65687,30,51,72,92,55,284
MSTRG.2483|TRSC58_01111,8,0,3,19,0,47
MSTRG.2485|ZNF474,8,24,44,80,63,188
MSTRG.2486|Ndufa9,3,0,8,53,9,18
MSTRG.2487|Os03g0216600,7,19,21,42,26,91
MSTRG.2489|TRSC58_05531,3,0,0,7,0,16
MSTRG.2490|CBSDUF3,9,3,4,14,54,63
MSTRG.2491|MAM3,3,2,3,23,0,53
MSTRG.2492|pph-5,2,4,15,24,19,54
MSTRG.2493|DAGLA,9,5,11,48,23,101
MSTRG.2495|Ahsa1,6,19,33,78,35,120
MSTRG.2496|Srek1,11,15,21,55,34,234
MSTRG.2497|rpl-7,4,4,13,35,6,43
MSTRG.2498|SYT5,19,15,4,72,26,102
MSTRG.2499|TRSC58_04011,5,8,17,20,15,41
MSTRG.2500|TRSC58_05904,6,0,3,8,4,25
MSTRG.2502|GSK3,8,4,7,29,12,67
MSTRG.2503|TRSC58_04814,44,40,56,76,32,222
MSTRG.2504,20,16,26,71,96,122
MSTRG.2506|C3747_2g121,19,24,26,97,63,173
MSTRG.2509|dnaJ,12,2,21,23,13,105
MSTRG.2510|FAM221B,11,0,0,23,0,19
MSTRG.2511|ATPAF2,4,0,0,19,4,26
MSTRG.2512|PIGK,2,4,13,8,15,63
MSTRG.2513|Ttll9,5,4,3,16,11,18
MSTRG.2514|TcCLB.511277.420,17,16,9,39,37,119
MSTRG.2515|TcYC6_0115540,11,4,34,27,27,50
MSTRG.2519|gp63,5,5,25,26,17,54
MSTRG.2520|plpp5,10,7,29,19,34,110
MSTRG.2522|PF20,10,18,8,11,31,90
MSTRG.2523|ung-1,3,0,3,3,3,44
MSTRG.2526|ACOHC,7,23,44,114,85,138
MSTRG.2531|FCA,6,6,2,15,9,26
TrSC58v2_2598|FCA,1,5,2,14,8,23
MSTRG.2532|VPS21,3,2,5,13,0,9
TrSC58v2_2599|VPS21,1,1,4,1,0,7
MSTRG.2533|RPS27,10,16,33,37,18,133
TrSC58v2_2600|RPS27,10,14,28,37,17,124
MSTRG.2535|ftsH,4,4,6,12,9,104
TrSC58v2_2602|ftsH,3,0,5,10,8,0
MSTRG.2536|RPL10A,20,36,75,118,53,327
TrSC58v2_2603|RPL10A,18,33,65,97,51,286
MSTRG.2537|TRSC58_01269,4,1,3,9,1,8
TrSC58v2_2604|TRSC58_01269,0,1,0,1,1,4
MSTRG.2538|CIPK23,4,1,4,11,2,21
TrSC58v2_2605|CIPK23,0,0,3,10,0,1
MSTRG.2540|CIPK23,4,1,6,8,3,12
TrSC58v2_2606|CIPK23,4,2,2,9,2,13
MSTRG.2539|CIPK23,17,7,6,12,2,5
TrSC58v2_2607|CIPK23,0,9,0,20,2,4
MSTRG.2541|Sesn3,8,2,20,17,26,140
TrSC58v2_2608|Sesn3,7,1,13,10,21,1
MSTRG.2543|Ppp4r1,11,3,23,44,16,64
TrSC58v2_2609|Ppp4r1,9,2,21,36,14,57
MSTRG.2542,4,4,4,18,0,56
MSTRG.2544|TRSC58_04408,16,4,4,9,8,29
TrSC58v2_2610|TRSC58_04408,0,0,0,8,8,25
MSTRG.2545|LbrM18_V2.0760,20,17,17,55,17,94
TrSC58v2_2611|LbrM18_V2.0760,16,14,13,52,14,81
MSTRG.2546|LmjF18.0680,35,21,28,97,30,180
TrSC58v2_2612|LmjF18.0680,30,18,25,84,25,150
MSTRG.2547|LmjF18.0680,36,21,29,100,31,186
TrSC58v2_2613|LmjF18.0680,30,18,25,84,25,147
MSTRG.2548|LmjF18.0680,37,21,30,104,31,193
TrSC58v2_2614|LmjF18.0680,30,18,24,82,25,143
MSTRG.2550|TRSC58_04131,4,8,5,5,3,19
TrSC58v2_2616|TRSC58_04131,1,1,4,4,1,18
MSTRG.2551|Dynlt1,7,4,3,4,3,13
TrSC58v2_2617|Dynlt1,0,3,2,3,2,12
MSTRG.2554|TRSC58_03066,5,5,15,36,17,71
TrSC58v2_2620|TRSC58_03066,4,3,12,35,17,63
MSTRG.2558|polr2e,8,4,0,10,8,33
TrSC58v2_2624|polr2e,0,0,0,1,0,27
MSTRG.2559|rpsH,3,3,8,13,12,34
TrSC58v2_2625|rpsH,3,0,7,12,0,31
MSTRG.2560|SELENOI,2,3,4,7,8,20
TrSC58v2_2626|SELENOI,1,0,1,5,6,18
MSTRG.2561|ILA,15,14,53,67,64,161
TrSC58v2_2627|ILA,11,11,47,54,43,148
MSTRG.2562|PWP2,11,9,15,34,27,117
TrSC58v2_2628|PWP2,10,7,13,8,25,69
MSTRG.2563|TRSC58_04973,11,9,33,62,35,162
TrSC58v2_2629|TRSC58_04973,8,8,28,51,30,147
MSTRG.2564|TRSC58_06811,11,18,13,49,43,132
TrSC58v2_2630|TRSC58_06811,0,13,9,39,39,122
MSTRG.2566|TRSC58_06437,5,7,13,28,12,53
TrSC58v2_2632|TRSC58_06437,4,5,11,21,9,43
MSTRG.2568|TRSC58_03436,2,16,8,44,16,67
TrSC58v2_2634|TRSC58_03436,2,1,10,38,14,54
MSTRG.2569|ppi1,4,10,10,16,12,54
TrSC58v2_2635|ppi1,1,1,9,14,8,42
MSTRG.2570|TUN,5,12,12,13,14,49
TrSC58v2_2636|TUN,4,11,9,12,12,46
MSTRG.2571|C4B63_4g216,4,3,8,27,9,42
TrSC58v2_2637|C4B63_4g216,0,3,7,23,7,38
MSTRG.2572|arcA,4,8,0,6,5,16
TrSC58v2_2638|arcA,0,1,0,5,0,14
MSTRG.2573|TRSC58_04786,4,9,9,12,10,57
TrSC58v2_2639|TRSC58_04786,0,6,7,10,7,3
MSTRG.2574|UTP22,13,16,33,45,24,89
TrSC58v2_2640|UTP22,10,14,26,36,21,82
MSTRG.2578|TRSC58_05058,8,10,11,19,8,49
TrSC58v2_2644|TRSC58_05058,0,8,10,15,0,39
MSTRG.2582|DYNLRB2,7,2,3,5,0,16
TrSC58v2_2648|DYNLRB2,6,2,2,4,0,13
MSTRG.2583|TcBrA4_0083830,5,9,10,11,13,88
TrSC58v2_2649|TcBrA4_0083830,5,0,9,9,2,3
MSTRG.2584|C3747_150g63,5,11,19,23,7,51
TrSC58v2_2650|C3747_150g63,3,10,0,19,6,43
MSTRG.2586|TRSC58_01271,5,5,10,15,11,29
TrSC58v2_2652|TRSC58_01271,0,3,0,13,8,27
MSTRG.2587|VCL1,5,3,13,4,29,93
TrSC58v2_2653|VCL1,4,1,10,0,23,0
MSTRG.2588|Prkx,5,3,7,5,7,64
TrSC58v2_2654|Prkx,4,1,5,4,2,4
MSTRG.2589,3,0,8,31,14,83
MSTRG.2591|ANKRA2,8,4,22,18,9,52
TrSC58v2_2656|ANKRA2,1,0,0,0,0,2
MSTRG.2592|trm4b,8,16,18,20,11,69
TrSC58v2_2657|trm4b,5,0,13,15,11,4
MSTRG.2593|Zfand2b,10,0,3,19,3,11
TrSC58v2_2658|Zfand2b,0,0,3,1,0,10
MSTRG.2594|RAB5A,3,6,12,15,7,33
TrSC58v2_2659|RAB5A,3,1,11,13,6,31
MSTRG.2595|BCY84_18817,7,11,75,44,36,89
TrSC58v2_2660|BCY84_18817,6,10,0,37,31,71
MSTRG.2596|LUL3,25,5,13,25,22,35
TrSC58v2_2661|LUL3,3,2,12,7,19,31
MSTRG.2597|TRSC58_01717,2,0,0,6,1,18
TrSC58v2_2662|TRSC58_01717,2,0,0,5,1,15
MSTRG.2599|TRSC58_06074,7,4,16,35,13,55
TrSC58v2_2664|TRSC58_06074,5,3,0,26,11,51
MSTRG.2600|TcG_06041,4,0,5,10,5,36
TrSC58v2_2665|TcG_06041,0,0,4,7,3,26
MSTRG.2601|C4B63_4g257,2,0,5,5,4,14
TrSC58v2_2666|C4B63_4g257,2,0,0,0,3,12
MSTRG.2602|YHR020W,3,9,22,57,28,98
TrSC58v2_2667|YHR020W,2,7,20,52,24,86
MSTRG.2604|TRSC58_05425,7,4,2,2,2,7
TrSC58v2_2669|TRSC58_05425,0,3,1,1,1,6
MSTRG.2606|Nop17l,8,4,5,6,11,140
TrSC58v2_2671|Nop17l,0,3,4,6,8,3
MSTRG.2607|TRSC58_04528,11,8,8,8,5,24
TrSC58v2_2672|TRSC58_04528,3,0,0,6,0,19
MSTRG.2608|SLC25A11,13,3,15,16,10,28
TrSC58v2_2673|SLC25A11,0,0,14,0,1,24
MSTRG.2609|TRSC58_05318,5,3,12,6,10,18
TrSC58v2_2674|TRSC58_05318,0,3,9,5,8,14
MSTRG.2610|Tc_MARK_4971,4,4,12,16,16,29
TrSC58v2_2675|Tc_MARK_4971,0,4,11,14,13,22
MSTRG.2613|TRSC58_02539,4,6,8,7,9,44
TrSC58v2_2677|TRSC58_02539,3,5,7,5,8,38
MSTRG.2612,7,15,9,51,21,67
MSTRG.2615|TRSC58_02636,8,5,8,12,2,42
TrSC58v2_2678|TRSC58_02636,0,0,2,11,1,26
MSTRG.2616|TRSC58_00452,5,9,8,23,25,56
TrSC58v2_2680|TRSC58_00452,5,7,1,21,20,48
MSTRG.2617,25,18,26,96,51,176
MSTRG.2618|LAMA2,4,4,18,21,11,38
TrSC58v2_2681|LAMA2,3,3,14,18,9,26
MSTRG.2619|HSP70-14,12,28,14,61,38,114
TrSC58v2_2682|HSP70-14,6,26,21,54,33,105
MSTRG.2620|pdhA,4,30,32,32,23,57
TrSC58v2_2683|pdhA,3,0,1,26,19,49
MSTRG.2621|TRSC58_01088,6,4,7,11,6,15
TrSC58v2_2684|TRSC58_01088,5,0,6,0,5,12
MSTRG.2622|RPL34,28,35,44,59,29,199
TrSC58v2_2685|RPL34,22,20,35,46,26,156
MSTRG.2624|APUM5,1,4,5,4,0,14
TrSC58v2_2687|APUM5,1,4,3,0,0,12
MSTRG.2625|slr0093,11,9,10,20,8,56
TrSC58v2_2688|slr0093,9,7,9,17,5,45
MSTRG.2626|LPCAT2,4,8,14,15,6,32
TrSC58v2_2689|LPCAT2,1,0,3,0,5,35
MSTRG.2627|TRSC58_01190,6,5,34,3,37,2
TrSC58v2_2690|TRSC58_01190,5,4,23,68,32,125
MSTRG.2629|Dync2i1,6,4,18,30,14,44
TrSC58v2_2692|Dync2i1,5,3,15,26,13,41
MSTRG.2630|TRSC58_00609,1,3,10,8,10,9
TrSC58v2_2693|TRSC58_00609,1,3,8,1,9,9
MSTRG.2631|TRSC58_02585,12,4,4,33,20,37
TrSC58v2_2694|TRSC58_02585,0,1,0,1,2,33
MSTRG.2632|NDUS1,3,0,7,16,6,61
TrSC58v2_2695|NDUS1,0,0,5,14,5,3
MSTRG.2635|H1B,3,8,18,31,25,60
TrSC58v2_2698|H1B,3,6,15,27,20,73
MSTRG.2636|H1B,2,9,24,32,15,39
TrSC58v2_2699|H1B,2,0,1,1,13,49
MSTRG.2637|H1B,3,5,17,23,24,58
TrSC58v2_2701|H1B,3,4,14,20,18,54
MSTRG.2638|KIN14M,7,9,19,46,18,57
TrSC58v2_2702|KIN14M,5,6,17,37,16,40
MSTRG.2640|DQ04_00591180,2,0,13,20,22,37
TrSC58v2_2704|DQ04_00591180,1,0,2,3,0,1
MSTRG.2643|SEC22B,2,0,9,15,12,18
TrSC58v2_2706|SEC22B,1,0,8,3,2,15
MSTRG.2644|KIF3B,3,8,14,19,22,95
TrSC58v2_2707|KIF3B,0,0,10,17,17,2
MSTRG.2645|Noc2l,18,18,28,43,18,39
TrSC58v2_2708|Noc2l,0,0,20,2,15,36
MSTRG.2646|TRSC58_00585,8,0,0,11,12,11
TrSC58v2_2709|TRSC58_00585,1,0,0,1,1,10
MSTRG.2648|TcG_08505,6,3,12,0,6,18
TrSC58v2_2711|TcG_08505,1,2,2,0,2,17
MSTRG.2649|dnaJ,5,6,4,23,15,50
TrSC58v2_2712|dnaJ,0,5,0,20,13,47
MSTRG.2655|TRSC58_00942,2,0,1,6,10,8
TrSC58v2_2718|TRSC58_00942,0,0,1,1,1,7
MSTRG.2657,10,11,13,30,16,69
MSTRG.2658|SA85-1.1,26,19,45,45,43,195
TrSC58v2_2720|SA85-1.1,2,10,27,44,17,85
MSTRG.2658,41,70,106,180,152,456
TrSC58v2_2721|SA85-1.1,6,13,18,29,29,129
MSTRG.3262|pyrC,2,0,7,10,4,32
TrSC58v2_3362|pyrC,0,0,1,0,0,5
MSTRG.3260|ura1,24,27,44,86,60,189
TrSC58v2_3361|ura1,17,21,38,73,53,176
MSTRG.3264|ura1,2,4,8,10,7,25
TrSC58v2_3364|ura1,0,3,3,10,2,23
MSTRG.3263|pyrFE,6,7,12,22,19,42
TrSC58v2_3363|pyrFE,5,5,9,21,17,37
MSTRG.3265|pyr4,2,3,3,2,2,16
TrSC58v2_3365|pyr4,2,2,0,0,0,1
MSTRG.3269|Tc_MARK_8794,7,12,15,37,12,38
TrSC58v2_3369|Tc_MARK_8794,6,11,14,3,11,36
MSTRG.3270|rplQ,7,3,0,24,6,30
TrSC58v2_3370|rplQ,0,1,0,1,5,27
MSTRG.3271|tif11,12,16,12,28,17,50
TrSC58v2_3371|tif11,1,1,11,23,14,41
MSTRG.3272|Asf1a,4,9,9,15,11,20
TrSC58v2_3372|Asf1a,0,1,10,17,1,22
MSTRG.3274|pgl,3,7,11,21,5,24
TrSC58v2_3374|pgl,1,0,8,2,4,19
MSTRG.3382|TcYC6_0021960,3,9,12,8,11,20
TrSC58v2_3480|TcYC6_0021960,1,2,3,7,3,21
MSTRG.3387|ccp1,18,0,3,7,10,18
TrSC58v2_3485|ccp1,14,0,3,6,1,16
TrSC58v2_3481|C3747_80g28,0,0,0,0,0,0
MSTRG.3383|C3747_80g28,0,0,0,0,0,12
TrSC58v2_3483|TRSC58_02631,0,0,0,0,0,6
MSTRG.3385|TRSC58_02631,0,0,8,0,9,8
MSTRG.3384|TcG_04911,7,5,12,10,13,15
TrSC58v2_3482|TcG_04911,5,1,1,9,11,13
MSTRG.3386|wdr24,5,12,5,10,11,23
TrSC58v2_3484|wdr24,0,10,4,7,8,21
MSTRG.3389|Traf3ip1,11,12,10,46,14,70
TrSC58v2_3487|Traf3ip1,8,8,8,9,13,66
MSTRG.3390|Nek1,5,8,15,28,14,51
TrSC58v2_3488|Nek1,4,6,12,20,10,43
MSTRG.3391|betA,9,9,14,28,9,33
TrSC58v2_3489|betA,0,6,12,2,7,29
MSTRG.3393|TcG_04901,5,8,12,3,2,40
TrSC58v2_3491|TcG_04901,4,0,0,0,1,1
MSTRG.3394|Tc_MARK_5179,5,10,16,24,25,56
TrSC58v2_3492|Tc_MARK_5179,1,0,13,19,1,51
MSTRG.3395|Ctl1,3,5,6,13,11,29
TrSC58v2_3493|Ctl1,0,4,4,11,10,26
MSTRG.3396|Ddx39a,9,12,43,35,34,106
TrSC58v2_3494|Ddx39a,8,11,39,32,32,84
MSTRG.3397|C3747_80g43,11,5,3,17,10,22
TrSC58v2_3495|C3747_80g43,0,4,3,0,2,20
MSTRG.3398|RPS11,37,34,45,66,39,215
TrSC58v2_3496|RPS11,30,1,40,55,35,182
MSTRG.3400|TRSC58_04544,5,9,5,10,5,17
TrSC58v2_3498|TRSC58_04544,0,0,5,8,4,16
MSTRG.3399|TcBrA4_0045440,9,20,18,23,17,55
TrSC58v2_3497|TcBrA4_0045440,9,14,15,22,15,51
MSTRG.3401|TRSC58_05235,3,4,13,18,23,65
TrSC58v2_3499|TRSC58_05235,0,0,13,15,21,53
MSTRG.3402|Tc_MARK_5173,5,13,16,13,11,28
TrSC58v2_3500|Tc_MARK_5173,1,3,1,10,10,24
MSTRG.3403|TRSC58_04241,5,2,2,20,25,35
TrSC58v2_3501|TRSC58_04241,5,1,1,4,3,33
MSTRG.3404|TRSC58_02637,2,20,49,93,45,125
TrSC58v2_3502|TRSC58_02637,1,18,44,2,39,110
MSTRG.3406|Prmt5,4,4,14,3,14,13
TrSC58v2_3504|Prmt5,3,0,12,3,11,11
MSTRG.3407|cyb5d1,2,7,6,5,0,19
TrSC58v2_3505|cyb5d1,1,1,5,0,0,18
MSTRG.3410|C3747_117g87,3,9,6,3,8,22
TrSC58v2_3508|C3747_117g87,1,0,1,0,1,21
MSTRG.3411|Zdhhc16,3,1,8,7,11,23
TrSC58v2_3509|Zdhhc16,3,1,0,6,10,19
MSTRG.3414|TRSC58_05345,4,4,11,14,7,42
TrSC58v2_3512|TRSC58_05345,0,3,2,2,5,36
MSTRG.3413,0,0,0,0,0,85
MSTRG.3413|TM35_000481570,11,8,5,8,15,14
TrSC58v2_3511|TM35_000481570,0,6,4,6,10,18
MSTRG.3416|VhaSFD,11,8,18,18,30,67
TrSC58v2_3514|VhaSFD,9,6,17,14,26,60
MSTRG.3415|TRSC58_03057,5,11,52,66,36,136
TrSC58v2_3513|TRSC58_03057,4,8,1,38,31,129
MSTRG.3417|Smc4,7,11,23,19,31,61
TrSC58v2_3515|Smc4,6,9,20,16,29,52
MSTRG.3418|TRSC58_07491,3,2,10,5,6,16
TrSC58v2_3516|TRSC58_07491,2,1,8,1,5,16
MSTRG.3419|TcYC6_0021650,4,3,4,2,6,9
TrSC58v2_3517|TcYC6_0021650,0,1,0,1,0,9
TrSC58v2_2731|PIP5K8,0,0,12,29,25,39
MSTRG.2666|PIP5K8,0,0,18,33,28,45
TrSC58v2_2738|Tc_MARK_4652,0,0,1,6,0,2
MSTRG.2673|Tc_MARK_4652,0,0,12,7,16,27
TrSC58v2_2740|TRSC58_04478,0,0,0,0,3,13
MSTRG.2675|TRSC58_04478,0,0,24,0,11,15
TrSC58v2_2744|Os08g0109300,0,0,0,0,0,13
MSTRG.2679|Os08g0109300,0,4,8,7,0,14
MSTRG.2687|TRSC58_02904,0,0,0,8,5,19
MSTRG.2688|TRSC58_00372,0,16,0,0,4,13
MSTRG.2690|TRSC58_06075,0,2,18,27,2,53
MSTRG.2694|Tc_MARK_277,0,10,13,13,18,42
MSTRG.2706|coaE,0,8,5,4,0,26
TrSC58v2_2773|MAM33,0,0,0,0,1,1
MSTRG.2711|MAM33,0,0,4,0,4,10
TrSC58v2_2774|FPR1,0,1,3,1,0,7
MSTRG.2713|FPR1,0,1,3,4,4,8
TrSC58v2_2775|NIP3-1,0,0,2,2,3,24
MSTRG.2714|NIP3-1,0,5,3,6,4,30
TrSC58v2_2780|mak16l,0,0,5,1,9,18
MSTRG.2719|mak16l,0,2,7,23,11,21
TrSC58v2_2784|SPAC25A8.03c,0,0,1,4,3,2
MSTRG.2723|SPAC25A8.03c,0,4,1,5,3,29
TrSC58v2_2789|TRSC58_06339,0,0,4,9,18,28
MSTRG.2728|TRSC58_06339,0,4,6,11,19,30
MSTRG.2739|lsm7,0,0,0,0,0,2
MSTRG.2747|Cep104,0,0,23,31,16,114
TrSC58v2_2817|HHF1,0,0,0,0,0,0
TrSC58v2_2817.t1.e1|HHF1,0,0,0,0,0,0
TrSC58v2_2818|HHF1,0,0,0,0,0,0
TrSC58v2_2818.t1.e1|HHF1,0,0,0,0,0,0
TrSC58v2_2819|HHF1,0,0,0,0,0,0
TrSC58v2_2819.t1.e1|HHF1,0,0,0,0,0,0
TrSC58v2_2820|HHF1,0,0,0,0,0,0
TrSC58v2_2820.t1.e1|HHF1,0,0,0,0,0,0
TrSC58v2_2821|HHF1,0,0,0,0,0,0
TrSC58v2_2821.t1.e1|HHF1,0,0,0,0,0,0
TrSC58v2_2822|HHF1,0,0,0,0,0,0
TrSC58v2_2822.t1.e1|HHF1,0,0,0,0,0,0
TrSC58v2_2823|HHF1,0,0,0,0,0,0
TrSC58v2_2823.t1.e1|HHF1,0,0,0,0,0,0
TrSC58v2_2824|HHF1,0,0,0,0,0,0
TrSC58v2_2824.t1.e1|HHF1,0,0,0,0,0,0
TrSC58v2_2825|HHF1,0,0,0,0,0,0
TrSC58v2_2825.t1.e1|HHF1,0,0,0,0,0,0
TrSC58v2_2826|HHF1,0,0,0,0,0,0
TrSC58v2_2826.t1.e1|HHF1,0,0,0,0,0,0
TrSC58v2_2827|HHF1,0,0,0,0,0,0
TrSC58v2_2827.t1.e1|HHF1,0,0,0,0,0,0
TrSC58v2_2828|HHF1,0,0,0,0,0,0
TrSC58v2_2828.t1.e1|HHF1,0,0,0,0,0,0
TrSC58v2_2829|HHF1,0,0,0,0,0,0
TrSC58v2_2829.t1.e1|HHF1,0,0,0,0,0,0
TrSC58v2_2830|HHF1,0,0,0,0,0,0
TrSC58v2_2830.t1.e1|HHF1,0,0,0,0,0,0
TrSC58v2_2831|HHF1,0,0,0,0,0,0
TrSC58v2_2831.t1.e1|HHF1,0,0,0,0,0,0
TrSC58v2_2832|HHF1,0,0,0,0,0,0
TrSC58v2_2832.t1.e1|HHF1,0,0,0,0,0,0
TrSC58v2_2833|HHF1,0,0,0,0,0,0
TrSC58v2_2833.t1.e1|HHF1,0,0,0,0,0,0
TrSC58v2_2834|HHF1,0,0,0,0,0,0
TrSC58v2_2834.t1.e1|HHF1,0,0,0,0,0,0
TrSC58v2_2835|HHF1,0,0,0,0,0,0
TrSC58v2_2835.t1.e1|HHF1,0,0,0,0,0,0
TrSC58v2_2836|HHF1,0,0,0,0,0,0
TrSC58v2_2836.t1.e1|HHF1,0,0,0,0,0,0
TrSC58v2_2837|HHF1,0,0,0,0,0,0
TrSC58v2_2837.t1.e1|HHF1,0,0,0,0,0,0
TrSC58v2_2838|HHF1,0,0,0,0,0,0
TrSC58v2_2838.t1.e1|HHF1,0,0,0,0,0,0
TrSC58v2_2839|HHF1,0,0,0,0,0,0
TrSC58v2_2839.t1.e1|HHF1,0,0,0,0,0,0
TrSC58v2_2840|HHF1,0,0,0,0,0,0
TrSC58v2_2840.t1.e1|HHF1,0,0,0,0,0,0
MSTRG.2759|SPAC22G7.10,0,7,0,23,2,57
MSTRG.2765|TRSC58_05723,0,4,3,11,7,13
MSTRG.2767|TRSC58_01486,0,0,13,11,9,47
MSTRG.2770,0,35,0,165,0,338
MSTRG.2779,0,3,21,14,7,57
MSTRG.2780|GP85,0,7,4,2,5,16
MSTRG.2784|TRSC58_03483,0,5,29,25,9,53
MSTRG.2786|C3747_187g22,0,4,4,6,0,30
MSTRG.2787|TRSC58_01890,0,15,5,15,5,34
MSTRG.2790|TcYC6_0003510,0,4,9,13,7,41
TrSC58v2_2889|dnj-1,0,0,6,5,3,18
MSTRG.2803|dnj-1,0,0,8,6,16,19
TrSC58v2_2893|TcYC6_0004900,0,0,0,2,0,14
MSTRG.2807|TcYC6_0004900,0,0,0,3,0,15
TrSC58v2_2900,0,0,0,0,0,1
MSTRG.2814,0,0,0,0,0,3
MSTRG.2818|SET5,0,7,8,29,10,50
MSTRG.2819|TRSC58_03631,0,0,12,16,15,77
MSTRG.2822|TRSC58_04487,0,13,23,30,8,74
MSTRG.2824|caf17,0,0,8,6,11,24
MSTRG.2831,0,0,16,0,0,95
MSTRG.2835|TRSC58_05534,0,8,5,3,6,36
MSTRG.2837|TRSC58_05606,0,0,7,3,8,51
MSTRG.2839|TcCL_ESM02873,0,6,0,21,7,24
MSTRG.2842|preg,0,3,10,8,14,50
MSTRG.2848|cyp3,0,0,0,5,0,50
MSTRG.2865|hmgB,0,19,31,27,8,77
MSTRG.2866|ube2c,0,0,0,7,19,12
MSTRG.2867|TRSC58_01600,0,0,2,9,5,26
MSTRG.2868|GDE1,0,9,12,11,10,26
MSTRG.2895|C3747_42g162,0,10,8,4,10,17
MSTRG.2897|TRSC58_04521,0,0,23,0,8,15
MSTRG.2898|TRSC58_01105,0,3,5,11,5,11
MSTRG.2902|RWA1,0,14,13,23,21,22
MSTRG.2904|TRSC58_03365,0,7,12,0,4,66
MSTRG.2905|Efhc1,0,30,51,59,35,131
MSTRG.2907,0,0,0,46,25,48
MSTRG.2907|nsa2,0,5,8,8,6,19
MSTRG.2908|TcYC6_0121800,0,5,8,4,5,14
MSTRG.2911|SEC23,0,7,30,39,40,90
MSTRG.2912|TRSC58_05049,0,0,11,18,8,52
MSTRG.2916|mapk15,0,0,15,9,13,45
MSTRG.2917|ufd1,0,9,40,29,35,75
MSTRG.2919|CSN4,0,4,12,8,12,88
MSTRG.2921|TRSC58_05127,0,0,11,32,16,73
MSTRG.2926|TRSC58_03073,0,7,0,8,6,19
MSTRG.2929|mcfE,0,0,8,19,0,35
MSTRG.2930|TRSC58_02164,0,16,9,6,5,27
MSTRG.2934|MP3,0,0,12,7,5,10
MSTRG.2937|TRSC58_02667,0,0,12,13,15,40
MSTRG.2938|Rfc3,0,7,0,26,16,48
MSTRG.2942|Prep,0,7,16,38,16,108
MSTRG.2943|HAL,0,0,10,15,7,43
MSTRG.2950|TRSC58_00160,0,4,11,10,10,16
MSTRG.2954|TcBrA4_0012110,0,0,5,0,7,8
MSTRG.2956|TRSC58_06258,0,0,5,17,23,26
MSTRG.2958|TRSC58_05348,0,2,5,0,0,27
MSTRG.2959|bdf1,0,8,7,10,0,31
MSTRG.2960|TcYC6_0121280,0,8,11,2,0,20
MSTRG.2962|TRSC58_02903,0,6,12,31,20,48
MSTRG.2964|Tc_MARK_6106,0,12,0,18,12,29
MSTRG.2966|TRSC58_04577,0,0,8,0,0,15
MSTRG.2659|TcCL_ESM09199,1,5,7,6,8,22
TrSC58v2_2724|TcCL_ESM09199,1,1,1,6,2,10
MSTRG.2660|C3747_90g177,5,4,9,11,7,22
TrSC58v2_2725|C3747_90g177,4,3,8,12,8,24
TrSC58v2_2726|TcCL_ESM10058,29,13,48,73,43,196
MSTRG.2661|TcCL_ESM10058,23,15,45,59,50,205
TrSC58v2_2727|TcCL_ESM07279,25,17,43,121,66,261
MSTRG.2662|TcCL_ESM07279,22,19,39,108,53,243
MSTRG.2663|TRSC58_01795,20,0,0,36,5,27
TrSC58v2_2728|TRSC58_01795,1,0,0,2,4,21
MSTRG.2664|TRSC58_04780,3,4,8,13,4,41
TrSC58v2_2729|TRSC58_04780,0,0,6,10,0,33
MSTRG.2665|Acad10,8,8,7,41,11,56
TrSC58v2_2730|Acad10,6,6,5,33,8,48
MSTRG.2667|TcYC6_0066940,2,0,0,3,4,21
TrSC58v2_2732|TcYC6_0066940,1,0,0,3,3,17
MSTRG.2668|TRSC58_02343,7,4,14,35,18,64
TrSC58v2_2733|TRSC58_02343,5,4,12,3,15,53
MSTRG.2669|TRSC58_02343,17,4,20,50,22,80
TrSC58v2_2734|TRSC58_02343,16,4,17,2,18,67
MSTRG.2670|TRSC58_02343,10,4,15,35,18,66
TrSC58v2_2735|TRSC58_02343,7,4,12,1,15,55
MSTRG.2671|TRSC58_02343,3,1,19,13,10,30
TrSC58v2_2736|TRSC58_02343,3,1,14,11,9,29
MSTRG.2672|Klhdc4,5,14,13,25,23,68
TrSC58v2_2737|Klhdc4,4,13,10,22,20,57
MSTRG.2674|PEX6,6,3,13,19,15,53
TrSC58v2_2739|PEX6,4,0,10,12,12,42
MSTRG.2676|Ddx55,8,8,9,10,3,58
TrSC58v2_2741|Ddx55,0,6,7,8,2,44
MSTRG.2677|TRSC58_05434,3,4,5,12,3,21
TrSC58v2_2742|TRSC58_05434,0,0,0,10,3,18
MSTRG.2678|rmt1,4,0,6,22,6,18
TrSC58v2_2743|rmt1,3,0,1,1,5,0
MSTRG.2680|mrpl10,4,6,33,19,8,53
TrSC58v2_2745|mrpl10,0,5,1,4,1,9
MSTRG.2681|MYO2,4,4,3,20,11,19
TrSC58v2_2746|MYO2,0,3,2,16,10,16
MSTRG.2682,18,13,91,175,65,275
MSTRG.2683|GP85,9,15,53,56,50,227
TrSC58v2_2747|GP85,7,14,40,48,25,38
MSTRG.2684,8,9,8,22,10,74
MSTRG.2685|gp63,11,11,22,32,18,67
MSTRG.2686|CYSP,7,24,32,61,40,114
MSTRG.2689|TRSC58_01257,4,13,12,27,19,45
MSTRG.2691|Cnot7,2,9,17,36,18,41
MSTRG.2692|TcCL_NonESM00404,3,2,0,4,4,17
MSTRG.2693|TRSC58_01258,8,5,4,18,20,42
MSTRG.2695|CFAP47,26,18,109,99,59,296
MSTRG.2696|TcYC6_0094160,3,5,30,17,23,43
MSTRG.2697|apaH,8,7,52,68,95,164
MSTRG.2698|TRSC58_00470,9,4,21,37,28,108
MSTRG.2699|TRSC58_03138,4,8,21,22,13,47
MSTRG.2700|RRP45A,8,4,11,42,13,72
MSTRG.2701|TRSC58_05819,14,0,21,17,4,47
MSTRG.2702,11,12,20,57,24,71
MSTRG.2703|TRSC58_04257,6,4,10,21,9,31
MSTRG.2704|TRSC58_05543,5,0,8,4,8,25
MSTRG.2705|ALATS,19,36,74,87,12,221
MSTRG.2707|RL14,46,74,135,163,81,474
MSTRG.2708|TRSC58_03034,4,7,24,43,13,111
MSTRG.2709|At2g35920,3,5,7,36,13,83
MSTRG.2710|SPCC1840.07c,3,0,20,4,4,21
MSTRG.2712,31,19,71,82,64,189
MSTRG.2715|CATR,6,1,5,18,5,22
TrSC58v2_2776|CATR,1,1,1,2,5,22
MSTRG.2716|CATR,6,2,6,12,5,22
TrSC58v2_2777|CATR,1,1,1,9,4,1
MSTRG.2717|rsph10b,8,8,20,21,9,42
TrSC58v2_2778|rsph10b,0,0,0,0,8,38
MSTRG.2718|Tc_MARK_202,4,0,0,0,6,14
TrSC58v2_2779|Tc_MARK_202,0,0,0,0,5,12
MSTRG.2720|IFT74,9,11,35,71,22,100
TrSC58v2_2781|IFT74,6,9,32,6,19,95
MSTRG.2721|FPS2,12,7,12,10,4,16
TrSC58v2_2782|FPS2,1,0,1,7,0,13
MSTRG.2722|Zdhhc11,6,4,4,11,0,17
TrSC58v2_2783|Zdhhc11,0,0,3,10,0,15
MSTRG.2724|TbgDal_IV3690,14,7,30,39,38,70
TrSC58v2_2785|TbgDal_IV3690,11,7,20,27,30,67
MSTRG.2725|TRSC58_00679,4,3,15,6,11,22
TrSC58v2_2786|TRSC58_00679,4,0,14,5,8,17
MSTRG.2726|ATG8,7,1,2,2,12,6
TrSC58v2_2787|ATG8,0,1,0,2,3,5
MSTRG.2727|ROPE,3,4,11,8,29,23
TrSC58v2_2788|ROPE,2,0,10,7,0,19
MSTRG.2729|TRSC58_01050,4,0,9,8,5,11
TrSC58v2_2790|TRSC58_01050,0,0,8,6,0,11
MSTRG.2730|HAT2,2,2,4,5,4,34
TrSC58v2_2791|HAT2,1,2,0,0,4,32
MSTRG.2731|infB,8,5,17,9,12,60
TrSC58v2_2792|infB,6,0,14,8,8,9
MSTRG.2732|TRSC58_02749,4,9,30,20,12,49
TrSC58v2_2793|TRSC58_02749,3,0,21,18,0,43
MSTRG.2733|gp63,5,2,2,9,11,17
MSTRG.2734|Tc_MARK_1197,51,16,56,118,81,337
MSTRG.2735,13,24,37,75,47,247
MSTRG.2736|TCSYLVIO_008443,2,7,13,9,8,42
MSTRG.2737,104,84,284,296,251,876
MSTRG.2738,39,39,122,152,139,431
MSTRG.2740|TcYC6_0000870,108,108,259,428,315,1035
MSTRG.2741|TcYC6_0000380,41,80,130,145,130,514
MSTRG.2742|At3g52640/At3g52650,44,61,104,103,67,428
MSTRG.2743|primpol,17,8,23,18,24,105
MSTRG.2744|TRSC58_04321,15,0,14,7,15,92
MSTRG.2745|TRSC58_05703,15,3,31,13,11,43
MSTRG.2746|SPAC25H1.08c,7,11,11,9,9,44
MSTRG.2748|TRSC58_03061,19,9,8,11,21,71
MSTRG.2749|TRSC58_02278,6,9,13,17,2,72
MSTRG.2750|Tc_MARK_8388,25,3,2,10,8,96
MSTRG.2751|TRSC58_02846,33,24,26,18,18,97
MSTRG.2752|TRSC58_04887,7,14,10,7,5,29
MSTRG.2753|DQ04_09981000,6,8,9,13,17,30
MSTRG.2754|DDX10,15,24,6,35,22,96
MSTRG.2755|NF7O,14,11,8,11,4,58
MSTRG.2756|TRSC58_01848,3,0,3,20,7,52
MSTRG.2757|ptrB,36,15,32,71,45,138
MSTRG.2758|lsg1,37,42,93,77,68,284
MSTRG.2760|Dbt,21,4,3,22,11,64
MSTRG.2761|TRSC58_03655,20,20,7,40,17,88
MSTRG.2762|TRSC58_05268,19,5,11,25,23,43
MSTRG.2763|rppH,4,3,10,15,5,29
MSTRG.2764|TCSYLVIO_009885,5,0,7,4,4,11
MSTRG.2766|BSL1,23,4,15,35,25,92
MSTRG.2768|NLRC3,5,5,4,4,8,34
MSTRG.2769|Tc_MARK_8426,7,5,28,14,10,46
MSTRG.2770|Ddx21,45,22,74,10,103,75
MSTRG.2771|DDB_G0292624,16,7,12,0,19,50
MSTRG.2772|dlc-1,6,0,14,2,2,14
MSTRG.2773|TRSC58_05841,20,6,23,13,27,122
MSTRG.2774|Tc00.1047053510353.10,11,9,38,67,26,104
MSTRG.2775|CYAA,12,16,42,24,30,140
MSTRG.2776|Lama1,26,17,16,43,24,169
MSTRG.2777|SAR1A,3,9,17,36,5,41
MSTRG.2778|TRSC58_03083,5,0,10,16,22,57
MSTRG.2781|TRSC58_04996,8,9,0,9,7,44
MSTRG.2782|TRSC58_03452,4,5,16,29,11,81
MSTRG.2783|rnf10,25,27,65,69,29,180
MSTRG.2785|Parp2,2,4,4,19,4,22
MSTRG.2788|Wdr35,10,28,35,58,20,138
MSTRG.2789|Slu7,19,13,26,27,15,146
MSTRG.2791|tpm,4,4,20,8,6,40
MSTRG.2792|TRSC58_03838,12,11,5,18,4,54
MSTRG.2793|TRSC58_02483,19,33,20,29,55,145
MSTRG.2794|TRSC58_02729,13,0,12,41,27,110
MSTRG.2795|prs,3,11,8,26,11,53
MSTRG.2796|EFHC2,4,37,24,45,36,165
MSTRG.2797|HOP3,24,41,62,130,74,317
MSTRG.2798|TRSC58_05950,15,11,50,48,34,105
MSTRG.2799|Tc_MARK_8972,5,0,4,21,3,36
TrSC58v2_2885|Tc_MARK_8972,4,0,4,16,0,24
MSTRG.2800|HDA1,4,4,8,4,8,25
TrSC58v2_2886|HDA1,0,0,0,1,7,22
MSTRG.2801|C4B63_31g167,3,19,11,13,8,49
TrSC58v2_2887|C4B63_31g167,0,0,1,3,0,1
TrSC58v2_2888|si:dkey-18l1.1,8,3,0,23,16,74
MSTRG.2802|si:dkey-18l1.1,8,4,11,32,19,92
MSTRG.2804|tmem65,7,12,12,20,12,58
TrSC58v2_2890|tmem65,0,1,10,17,11,50
MSTRG.2805|TRSC58_02160,17,15,27,21,9,86
TrSC58v2_2891|TRSC58_02160,12,13,21,18,7,72
MSTRG.2806|TRSC58_00137,2,0,3,3,4,10
TrSC58v2_2892|TRSC58_00137,1,0,1,2,1,9
MSTRG.2808|NEK1,2,14,22,47,48,74
TrSC58v2_2894|NEK1,1,11,19,43,35,62
MSTRG.2809|TRSC58_02480,11,3,12,12,4,42
TrSC58v2_2895|TRSC58_02480,2,2,1,1,0,38
MSTRG.2810|TRZ3,7,9,21,23,19,69
TrSC58v2_2896|TRZ3,5,0,19,16,14,62
MSTRG.2811|POLB,3,9,13,6,6,34
TrSC58v2_2897|POLB,0,7,12,5,5,32
MSTRG.2812|POLB,7,17,7,35,23,65
TrSC58v2_2898|POLB,5,0,6,31,2,60
MSTRG.2813|DDB_G0292454,8,8,6,6,5,19
TrSC58v2_2899|DDB_G0292454,0,0,0,5,5,16
MSTRG.2815|Tc_MARK_221,14,8,20,32,30,92
MSTRG.2816|TRSC58_03892,4,7,27,4,14,34
MSTRG.2817|gtf-2H2C,11,11,8,26,2,68
MSTRG.2820|ube2m,4,7,7,10,0,32
MSTRG.2821|cdc20,19,13,54,61,39,213
MSTRG.2823|GRIK2,5,25,55,64,54,162
MSTRG.2825|smyd2b,3,0,5,23,12,52
MSTRG.2826|TRSC58_00185,3,3,11,11,9,18
MSTRG.2827|cha,5,21,24,33,35,136
MSTRG.2828|TRSC58_00185,6,8,12,18,9,33
MSTRG.2829|cha,25,43,143,133,131,489
MSTRG.2830|TRSC58_02805,3,7,22,38,19,97
MSTRG.2831|SLC27A2,12,14,48,49,27,110
MSTRG.2831|SGN1,11,10,8,22,5,26
MSTRG.2832,10,0,26,19,0,53
MSTRG.2832|TRSC58_02158,8,10,5,34,16,93
MSTRG.2833|DHRSX,5,7,28,24,4,52
MSTRG.2834|dpchH,15,0,21,31,21,91
MSTRG.2836|AN8748,14,7,17,33,19,96
MSTRG.2838|C3747_11g87,11,9,42,63,21,91
MSTRG.2840|TRSC58_05995,14,23,24,77,43,162
MSTRG.2841|CYCU4-1,18,15,11,64,15,110
MSTRG.2843|PLAA,5,15,39,41,25,127
MSTRG.2844|PTAR1,6,0,5,0,15,40
MSTRG.2845|dnajc19,10,3,13,13,11,39
MSTRG.2846|TcBrA4_0010660,19,13,41,36,32,100
MSTRG.2847|TRSC58_03693,9,5,4,20,21,53
MSTRG.2849|TRSC58_04729,8,8,14,41,40,125
MSTRG.2850|TRSC58_01343,15,47,32,68,70,164
MSTRG.2851|C3747_11g69,4,19,24,40,35,136
MSTRG.2852|TRSC58_00245,11,11,34,40,6,101
MSTRG.2853|Tc_MARK_167,11,5,15,14,4,56
MSTRG.2854|TcYC6_0083650,11,29,19,38,32,114
MSTRG.2855|VPS34,16,26,43,79,42,146
MSTRG.2856|TBCD,4,19,55,64,59,223
MSTRG.2857|SPCC4B3.11c,4,0,4,8,13,30
MSTRG.2858|RPL26B,29,37,54,83,69,427
MSTRG.2859|TKL1,33,50,121,118,112,459
MSTRG.2860|RPS8A,51,67,98,167,150,544
MSTRG.2861|RPS8A,53,71,103,174,153,572
MSTRG.2862|Lztr1,12,3,4,11,12,46
MSTRG.2863|TRSC58_06041,4,4,4,9,4,10
MSTRG.2864|TRSC58_06467,10,0,11,5,5,28
MSTRG.2869|TRSC58_02566,6,16,16,12,11,97
MSTRG.2870|Tc_MARK_118,14,7,52,85,67,196
MSTRG.2871|GCAT,35,66,85,113,60,301
MSTRG.2872|TRSC58_00990,12,6,11,23,10,82
MSTRG.2873|TcSYL_0103570,2,0,8,4,7,6
MSTRG.2874|GCAT,38,68,89,118,65,318
MSTRG.2875|TRSC58_00990,13,6,11,24,11,80
MSTRG.2876|TcSYL_0103570,2,0,6,4,3,4
MSTRG.2877|GCAT,30,38,71,96,42,234
MSTRG.2878|TRSC58_00990,14,7,11,24,11,78
MSTRG.2879|TcSYL_0103570,2,4,6,6,6,6
MSTRG.2880|GCAT,21,32,54,71,34,181
MSTRG.2881|TRSC58_00990,7,5,7,10,7,34
MSTRG.2882|GUN1,5,0,4,4,0,24
MSTRG.2883|rpl-12,63,40,88,144,106,360
MSTRG.2886|clpB,5,3,6,15,7,45
MSTRG.2887,32,8,137,194,117,517
MSTRG.2888|TRSC58_04149,8,15,51,54,40,181
MSTRG.2889|OLE1,7,14,22,27,14,78
MSTRG.2890|TRSC58_00184,5,3,14,24,15,71
MSTRG.2891|TRSC58_04149,8,14,48,51,38,171
MSTRG.2892|OLE1,6,14,23,29,15,82
MSTRG.2893|TRSC58_00184,5,3,13,22,16,72
MSTRG.2887|TRSC58_04149,2,22,3,7,2,3
MSTRG.2884|OLE1,6,14,24,29,16,84
MSTRG.2885|nle1,3,8,7,30,14,76
MSTRG.2896|XPD,9,3,12,9,9,54
MSTRG.2894|CUL1,9,8,24,43,23,30
MSTRG.2899|TM35_000153140,7,4,35,48,67,100
MSTRG.2900|C3747_76g206,4,0,0,0,3,3
TrSC58v2_2987|C3747_76g206,0,0,0,0,2,3
MSTRG.2901|tma16,8,4,19,19,10,19
MSTRG.2903|Tbc1d8b,10,0,58,57,46,143
MSTRG.2906|w,4,4,17,20,19,70
MSTRG.2909|TRSC58_02378,4,13,19,52,18,80
MSTRG.2910|TRSC58_05223,4,0,0,7,17,21
MSTRG.2913|TRSC58_05871,3,16,4,4,12,42
MSTRG.2914|TRSC58_03326,4,3,2,15,4,31
MSTRG.2915|TcYC6_0121730,2,0,0,9,9,14
MSTRG.2918|TRSC58_04006,8,7,5,8,4,59
MSTRG.2920|esf1,14,15,37,48,21,92
MSTRG.2922|BDP1,4,10,8,16,5,27
MSTRG.2923|PIMT1,4,0,0,25,16,28
MSTRG.2924,10,11,33,21,26,62
MSTRG.2925|C3747_91g80,4,10,15,19,9,60
MSTRG.2927|DRC1,2,18,15,39,20,79
MSTRG.2928|TCDM_05952,3,4,25,22,28,91
MSTRG.2931|TRSC58_00227,3,18,21,15,20,25
MSTRG.2932|PMGI,19,31,41,79,32,126
MSTRG.2933|Tc00.1047053506247.320,11,5,18,23,13,32
MSTRG.2935|TcYC6_0121520,8,4,13,4,5,19
MSTRG.2936|tmem184C,9,8,21,9,10,39
MSTRG.2939|SLC25A15,4,0,3,9,9,16
MSTRG.2940|Spef2,7,8,32,43,28,134
MSTRG.2941|TRSC58_00369,3,3,16,14,9,26
MSTRG.2944|TRSC58_05886,21,11,28,35,10,108
MSTRG.2945|BETAC-AD,11,31,35,52,67,202
MSTRG.2946|PSR2,8,2,0,46,30,65
MSTRG.2947|Smyd5,4,15,16,26,5,94
MSTRG.2948|SPBC115.02c,8,7,9,12,12,46
MSTRG.2949|UFL1,15,12,23,12,13,78
MSTRG.2951|Tc_MARK_6115,11,0,10,11,5,28
MSTRG.2952|AVT6E,3,6,9,8,9,29
MSTRG.2953|tmem65,3,13,4,43,29,33
MSTRG.2955|TRSC58_05903,4,7,4,12,25,45
MSTRG.2957|THYN1,4,3,4,10,4,11
MSTRG.2961|NUP155,12,10,35,75,64,151
MSTRG.2963|cct8,9,13,61,54,31,173
MSTRG.2965|TRSC58_01506,3,0,6,14,12,51
MSTRG.2967|BS2,35,131,237,180,195,843
MSTRG.2968|TRSC58_03917,4,11,17,28,7,32
MSTRG.3287|TRSC58_00820,0,4,18,11,11,52
MSTRG.3304|C3747_38g288,0,2,0,0,11,45
MSTRG.3315|TRSC58_05221,0,0,12,3,6,29
MSTRG.3323|TCSYLVIO_009237,0,4,15,11,5,47
MSTRG.3328|cmd-1,0,0,0,4,2,11
MSTRG.3329|TRSC58_02645,0,0,5,12,7,38
MSTRG.3330|NUDT5,0,0,4,8,0,15
TrSC58v2_3430|alr2800,0,0,0,0,2,13
MSTRG.3332|alr2800,0,0,4,16,12,14
TrSC58v2_3433|TRSC58_03405,0,0,0,0,0,2
MSTRG.3335|TRSC58_03405,0,4,4,19,4,63
TrSC58v2_3434|CYS1,0,0,0,0,0,5
MSTRG.3336|CYS1,0,0,0,0,0,5
TrSC58v2_3436|TRSC58_05074,0,1,1,0,0,1
MSTRG.3338|TRSC58_05074,0,6,13,3,0,21
TrSC58v2_3439|Ndufaf6,0,0,0,0,0,10
MSTRG.3341|Ndufaf6,0,0,16,12,12,13
TrSC58v2_3441|Tomm34,0,0,2,1,1,27
MSTRG.3343|Tomm34,0,0,11,30,21,45
TrSC58v2_3442|UBIQP,0,0,1,1,1,3
MSTRG.3344|UBIQP,0,0,1,1,1,3
TrSC58v2_3445|TRSC58_04020,0,1,0,0,0,2
MSTRG.3347|TRSC58_04020,0,8,11,0,4,6
TrSC58v2_3454|TRSC58_06369,0,1,1,1,1,13
MSTRG.3356|TRSC58_06369,0,2,8,6,6,15
TrSC58v2_3456|TRSC58_06369,0,1,4,1,4,11
MSTRG.3358|TRSC58_06369,0,2,5,6,5,16
TrSC58v2_3457|cid1,0,0,3,0,7,1
MSTRG.3359|cid1,0,4,4,0,8,18
TrSC58v2_3462|TRSC58_05444,0,0,5,11,11,1
MSTRG.3364|TRSC58_05444,0,3,6,13,17,52
TrSC58v2_3467|DQ04_02101170,0,1,2,4,0,6
MSTRG.3369|DQ04_02101170,0,1,3,4,2,7
TrSC58v2_3471|At5g66650,0,0,0,2,5,6
MSTRG.3373|At5g66650,0,0,0,11,5,7
TrSC58v2_3474|TRSC58_02214,0,0,0,2,5,26
MSTRG.3376|TRSC58_02214,0,5,6,34,7,32
TrSC58v2_3476|dyrk2,0,1,5,3,0,2
MSTRG.3378|dyrk2,0,1,7,11,11,78
TrSC58v2_3479|TcYC6_0021970,0,0,6,0,0,8
MSTRG.3381|TcYC6_0021970,0,0,17,0,4,7
TrSC58v2_3378|TvY486_1015550,1,2,1,4,3,9
MSTRG.3278|TvY486_1015550,1,3,1,4,8,28
MSTRG.3279|gdhA,6,7,24,28,18,64
TrSC58v2_3379|gdhA,5,5,22,25,14,58
MSTRG.3280|TRSC58_06197,2,4,8,3,3,15
TrSC58v2_3380|TRSC58_06197,0,1,0,2,1,12
MSTRG.3281,36,33,125,141,112,544
MSTRG.3282|lipB,3,0,4,18,0,29
MSTRG.3283|TRSC58_03476,13,12,32,38,39,149
MSTRG.3284|VHA-E3,7,7,14,55,17,88
MSTRG.3285|TcCL_ESM03688,6,9,7,8,4,35
MSTRG.3286|TRSC58_03981,7,7,12,35,0,62
MSTRG.3288|Capsl,27,8,25,20,22,61
MSTRG.3289|CYP40,3,5,9,18,7,28
MSTRG.3290|TRSC58_02077,8,13,18,15,0,32
MSTRG.3291|AGD14,3,7,11,20,0,52
MSTRG.3292|TRSC58_04314,6,0,14,8,4,22
MSTRG.3293|Tbcc,16,15,22,33,15,58
MSTRG.3294|CBWD2,4,9,4,24,7,64
MSTRG.3295|TRSC58_00844,5,6,6,9,12,43
MSTRG.3296|HEXBP,12,18,22,29,22,120
MSTRG.3297|top3,16,24,24,34,16,145
MSTRG.3298,47,5,112,63,51,200
MSTRG.3299|artA,32,32,67,52,43,116
MSTRG.3300|PEPM,34,35,51,75,15,249
MSTRG.3301|Lamb1,12,13,29,19,19,61
MSTRG.3302|RFC2,9,7,13,20,3,74
MSTRG.3303|padh1,12,22,8,12,8,86
MSTRG.3305|TcBrA4_0024000,9,4,19,18,15,57
MSTRG.3306|SAHH,49,68,141,102,81,354
MSTRG.3307|TRSC58_01073,4,2,4,21,4,48
MSTRG.3308|TRSC58_03388,3,4,4,4,6,43
MSTRG.3309|v1g239264,32,22,45,38,36,205
MSTRG.3310|TRSC58_02007,3,18,10,22,7,103
MSTRG.3311,7,12,27,68,17,75
MSTRG.3311|SNF7,25,5,13,8,3,79
MSTRG.3312|At1g29880,20,27,47,80,40,167
MSTRG.3313|TRSC58_03925,13,17,25,57,44,124
MSTRG.3314|TRSC58_06344,4,20,19,18,12,43
MSTRG.3316|gcvT,5,2,10,17,5,58
MSTRG.3317|TRSC58_03541,37,22,25,40,26,102
MSTRG.3318|RSPH10B,7,11,16,40,15,48
MSTRG.3319|btf3l4,17,49,85,120,90,324
MSTRG.3320|RPL10A,47,41,64,120,48,309
MSTRG.3321|RPS27,19,15,46,71,35,179
MSTRG.3322|RPL34,62,27,112,114,74,417
MSTRG.3324|ndufaf3,9,9,11,47,30,85
MSTRG.3325|TRSC58_05288,6,7,11,23,10,80
MSTRG.3326|TcYC6_0007090,4,5,19,9,3,36
MSTRG.3327|TRSC58_02907,7,15,39,49,45,178
MSTRG.3331|TCTN3,3,2,19,16,11,66
TrSC58v2_3429|TCTN3,1,1,17,14,9,57
MSTRG.3333|TRSC58_01241,6,0,7,2,4,32
TrSC58v2_3431|TRSC58_01241,1,0,1,1,3,24
MSTRG.3334|TRSC58_02802,13,5,19,24,12,51
TrSC58v2_3432|TRSC58_02802,11,2,17,20,11,49
MSTRG.3337|DDB_G0293552,8,15,3,5,6,37
TrSC58v2_3435|DDB_G0293552,0,0,3,4,2,33
MSTRG.3339|SrpRalpha,4,26,17,13,10,94
TrSC58v2_3437|SrpRalpha,3,20,14,11,1,5
MSTRG.3340|TcCL_NonESM11189,22,0,4,14,5,22
TrSC58v2_3438|TcCL_NonESM11189,1,0,4,0,4,20
MSTRG.3342|TRSC58_06251,5,7,17,18,12,35
TrSC58v2_3440|TRSC58_06251,0,5,15,16,1,28
MSTRG.3345|ubq-1,4,5,12,9,10,24
TrSC58v2_3443|ubq-1,0,3,12,11,11,26
MSTRG.3346|TRSC58_06128,4,7,4,9,7,37
TrSC58v2_3444|TRSC58_06128,0,1,0,8,6,28
MSTRG.3348|TRSC58_01342,9,4,5,23,11,97
TrSC58v2_3446|TRSC58_01342,8,3,3,12,9,6
MSTRG.3349|cfap298-a,11,18,17,12,10,31
TrSC58v2_3447|cfap298-a,1,0,14,2,0,26
MSTRG.3350|TRSC58_04088,4,0,5,15,8,16
TrSC58v2_3448|TRSC58_04088,0,0,1,1,0,15
MSTRG.3351|TRSC58_06822,42,8,14,54,20,59
TrSC58v2_3449|TRSC58_06822,0,0,8,0,17,40
MSTRG.3352|GP85,7,6,18,35,4,90
MSTRG.3353|SLC36A4,1,3,15,32,12,22
TrSC58v2_3451|SLC36A4,1,2,0,1,0,16
MSTRG.3354|SLC36A4,1,3,10,28,13,25
TrSC58v2_3452|SLC36A4,0,3,8,4,1,23
MSTRG.3355|SLC36A4,1,2,10,27,8,23
TrSC58v2_3453|SLC36A4,0,2,8,0,6,18
MSTRG.3357|SLC36A4,1,2,10,28,8,23
TrSC58v2_3455|SLC36A4,1,2,7,0,6,18
MSTRG.3360|CBF5,4,21,8,19,9,32
TrSC58v2_3458|CBF5,0,1,6,16,8,30
MSTRG.3361|ATPF1G,3,12,9,10,20,25
TrSC58v2_3459|ATPF1G,2,2,8,9,1,24
MSTRG.3362|RPS6,80,47,109,162,89,378
TrSC58v2_3460|RPS6,1,39,77,104,69,272
MSTRG.3363|VAP,2,6,15,23,10,81
TrSC58v2_3461|VAP,0,5,11,22,9,67
MSTRG.3365|RPL37A,10,9,23,22,17,101
TrSC58v2_3463|RPL37A,9,9,19,20,16,78
MSTRG.3366|PSA5,8,14,3,12,4,67
TrSC58v2_3464|PSA5,0,0,3,2,0,8
MSTRG.3367|TRSC58_04145,7,31,13,15,14,49
TrSC58v2_3465|TRSC58_04145,5,0,11,13,4,42
MSTRG.3368|C3747_243g32,12,11,21,24,16,84
TrSC58v2_3466|C3747_243g32,0,8,20,20,14,4
MSTRG.3370|RPL32,12,11,24,40,52,146
TrSC58v2_3468|RPL32,9,8,17,29,37,107
MSTRG.3371|TRSC58_00341,15,3,21,25,16,77
TrSC58v2_3469|TRSC58_00341,13,3,18,21,14,61
MSTRG.3372|PSA2,2,3,3,17,1,15
TrSC58v2_3470|PSA2,1,0,1,2,1,13
MSTRG.3374|SPAC6G9.14,9,4,16,51,45,65
TrSC58v2_3472|SPAC6G9.14,6,0,13,1,0,50
MSTRG.3375|TcCLB.510519.10,4,0,15,7,5,11
TrSC58v2_3473|TcCLB.510519.10,0,0,12,6,3,11
MSTRG.3377|aq_1628,3,0,7,5,23,12
TrSC58v2_3475|aq_1628,1,0,1,4,0,0
MSTRG.3379|C3747_117g55,4,0,0,20,3,8
TrSC58v2_3477|C3747_117g55,0,0,0,4,2,7
MSTRG.3380|CNB1,3,3,6,7,9,10
TrSC58v2_3478|CNB1,3,1,2,3,2,9
MSTRG.3579|TcBrA4_0047610,9,25,33,63,65,167
MSTRG.3581|TRSC58_03715,3,7,0,6,8,19
MSTRG.3580|TcYC6_0009740,27,18,29,80,32,204
MSTRG.3582|TRSC58_06225,4,7,20,17,16,46
MSTRG.3583|Lrrc74b,7,14,2,12,17,68
MSTRG.3587|topA,4,27,50,46,38,125
MSTRG.3585|TRSC58_05760,4,4,15,11,10,24
MSTRG.3588|sol,13,23,39,63,80,207
MSTRG.3592|TRSC58_04519,17,15,15,20,17,62
MSTRG.3593|WDR31,4,12,8,23,18,43
MSTRG.3595|SYP72,3,0,11,28,12,57
MSTRG.3597|metl,7,1,0,12,12,28
MSTRG.3598|TRSC58_05032,3,0,9,3,6,37
TrSC58v2_3696|TRSC58_05032,0,0,7,1,4,2
MSTRG.3599|Ken-052,3,4,6,11,12,18
TrSC58v2_3697|Ken-052,2,1,5,9,10,14
MSTRG.3600|SA85-1.1,7,4,12,11,1,14
TrSC58v2_3698|SA85-1.1,2,0,0,7,1,13
MSTRG.3601|PLR-1,2,4,6,7,6,18
TrSC58v2_3701|PLR-1,1,2,3,1,2,4
MSTRG.3602|MJ1136,3,3,3,11,6,15
TrSC58v2_3702|MJ1136,3,2,2,9,4,13
MSTRG.3603|PRL-1,2,0,3,2,4,12
TrSC58v2_3703|PRL-1,0,0,1,2,3,11
MSTRG.3604|C4B63_35g591c,2,5,3,3,5,20
TrSC58v2_3704|C4B63_35g591c,1,1,1,2,5,16
MSTRG.3608|ubp21,4,9,15,24,10,71
TrSC58v2_3708|ubp21,0,6,12,20,7,78
MSTRG.3609|ACK2,5,9,19,15,26,81
TrSC58v2_3709|ACK2,4,7,1,14,0,2
MSTRG.3610|Ppif,2,10,8,15,6,7
TrSC58v2_3710|Ppif,1,1,0,2,1,6
MSTRG.3612|CEP97,3,0,0,16,7,23
TrSC58v2_3712|CEP97,0,0,0,2,5,17
MSTRG.3613|TRSC58_03356,4,0,4,3,4,7
TrSC58v2_3713|TRSC58_03356,0,0,0,2,0,6
MSTRG.3614|RPL26B,35,40,52,90,77,218
TrSC58v2_3714|RPL26B,3,25,35,67,62,160
MSTRG.3615|PMS2,10,14,20,31,14,76
TrSC58v2_3715|PMS2,0,9,16,25,12,70
MSTRG.3616|Cep131,10,0,13,10,5,35
TrSC58v2_3716|Cep131,0,0,9,9,4,30
MSTRG.3618|tpm,12,0,2,14,7,14
TrSC58v2_3718|tpm,10,0,2,3,6,12
MSTRG.3421,0,3,4,42,22,71
TrSC58v2_3521|TRSC58_07248,0,0,0,16,3,32
MSTRG.3424|TRSC58_07248,0,9,20,19,5,40
MSTRG.3426,0,5,11,24,19,25
MSTRG.3430,0,8,0,1,3,6
TrSC58v2_3528,0,1,0,2,0,6
MSTRG.3431,0,1,2,4,2,5
TrSC58v2_3531,0,2,0,2,0,5
MSTRG.3434,0,2,0,4,0,5
TrSC58v2_3533|TM35_000571060,0,1,1,1,2,12
MSTRG.3435|TM35_000571060,0,1,1,2,2,13
TrSC58v2_3538|TK1,0,0,0,1,0,0
MSTRG.3440|TK1,0,0,4,15,4,15
TrSC58v2_3539|TM35_000123060,0,1,1,0,1,5
MSTRG.3441|TM35_000123060,0,3,1,8,2,5
MSTRG.3458,0,0,25,64,0,115
MSTRG.3465|BCY84_11464,0,0,7,0,7,29
MSTRG.3467|katna1,0,0,4,18,14,90
MSTRG.3468|TRSC58_03086,0,12,27,41,13,48
MSTRG.3474|TRSC58_05762,0,6,11,14,6,31
MSTRG.3477|TRSC58_05111,0,7,0,13,9,34
MSTRG.3481|TcBrA4_0046450,0,0,0,11,0,18
MSTRG.3483|TRSC58_00882,0,4,15,11,20,48
MSTRG.3487,0,7,0,20,4,33
MSTRG.3491|TcG_06923,0,0,7,12,0,39
MSTRG.3492|TcSYL_0170600,0,0,8,3,9,32
MSTRG.3502|psmD12,0,19,35,18,22,78
MSTRG.3507|C3747_7g307,0,0,7,3,0,34
MSTRG.3508|TRSC58_03533,0,0,4,2,0,11
MSTRG.3509|DSPTP1B,0,10,8,27,26,60
TrSC58v2_3610|HDAC1,0,0,1,5,0,11
MSTRG.3513|HDAC1,0,0,15,6,6,13
TrSC58v2_3611|nubp1,0,1,0,0,4,2
MSTRG.3514|nubp1,0,4,13,8,5,22
TrSC58v2_3612|C3747_99g69,0,1,0,0,1,0
MSTRG.3515|C3747_99g69,0,2,4,0,1,0
TrSC58v2_3614|eso1,0,0,0,1,2,53
MSTRG.3517|eso1,0,5,10,36,31,66
TrSC58v2_3616|TRSC58_04393,0,0,0,8,0,14
MSTRG.3519|TRSC58_04393,0,0,8,10,8,17
TrSC58v2_3618|TRSC58_01044,0,1,3,7,3,2
MSTRG.3521|TRSC58_01044,0,2,18,8,3,26
TrSC58v2_3619,0,0,0,0,0,0
TrSC58v2_3619.t1.e1,0,0,0,0,0,0
MSTRG.3522|CKL5,0,4,8,13,4,18
MSTRG.3531|TRSC58_00551,0,3,7,16,23,46
MSTRG.3533|TRSC58_02120,0,11,0,5,4,29
MSTRG.3543|TRSC58_00064,0,0,4,9,16,43
MSTRG.3544|usp-46,0,14,9,20,9,66
MSTRG.3549|mcu-1,0,5,6,8,12,10
MSTRG.3552|TRSC58_04980,0,4,0,15,4,47
MSTRG.3562|TRSC58_04063,0,4,0,4,13,16
MSTRG.3569|HXK2,0,2,2,2,2,4
MSTRG.3570|HXK2,0,2,2,2,2,4
MSTRG.3571|HXK4,0,0,2,2,0,4
MSTRG.3572|HXK6,0,0,0,2,0,3
MSTRG.3573|Hk3,0,0,1,0,0,4
MSTRG.3574|arp6,0,4,28,13,17,49
MSTRG.3576|CALM,0,3,12,17,8,37
MSTRG.3577|TRSC58_01564,0,7,17,16,6,79
TrSC58v2_3518|prfB,2,1,10,10,7,35
MSTRG.3420|prfB,2,3,13,14,9,42
MSTRG.3422|Rnf130,12,6,12,16,22,88
TrSC58v2_3519|Rnf130,0,2,11,14,17,60
MSTRG.3423|VAMP727,3,12,22,13,6,51
TrSC58v2_3520|VAMP727,2,2,19,3,5,44
MSTRG.3425|TRSC58_00801,4,0,13,12,24,56
TrSC58v2_3522|TRSC58_00801,0,0,11,12,20,45
MSTRG.3427|TcG_07889,2,4,15,23,24,75
TrSC58v2_3523|TcG_07889,2,0,13,2,2,65
MSTRG.3428|ADK1,14,10,22,27,29,66
TrSC58v2_3524|ADK1,0,2,1,23,1,48
MSTRG.3429|Fbxw7,8,6,4,8,14,30
TrSC58v2_3525|Fbxw7,0,5,3,8,12,27
MSTRG.3430|TM35_000901030,3,3,12,9,7,26
TrSC58v2_3526|TM35_000901030,1,1,0,2,1,2
TrSC58v2_3527|TM35_000901030,1,1,0,5,4,16
TrSC58v2_3529|TM35_000571060,1,3,19,2,0,8
MSTRG.3432|TM35_000571060,1,5,1,3,8,6
MSTRG.3432,9,5,2,0,0,37
MSTRG.3433,12,7,13,17,21,46
TrSC58v2_3530,11,0,12,14,3,42
TrSC58v2_3532|TM35_000901030,1,2,13,5,4,29
MSTRG.3432|TM35_000901030,1,2,9,7,5,24
MSTRG.3436,13,9,24,19,20,37
TrSC58v2_3534,10,0,1,16,0,29
MSTRG.3437|TM35_000901030,1,0,2,2,0,5
TrSC58v2_3535|TM35_000901030,1,0,2,2,0,4
MSTRG.3438|Lis-1,22,5,40,74,40,133
TrSC58v2_3536|Lis-1,18,0,29,62,32,150
MSTRG.3439|TRSC58_06860,7,28,39,57,31,101
TrSC58v2_3537|TRSC58_06860,5,25,37,51,31,95
MSTRG.3442|C3747_117g113,3,8,11,16,8,16
TrSC58v2_3540|C3747_117g113,1,0,9,2,0,13
MSTRG.3443|PIF6,27,5,11,16,16,93
TrSC58v2_3541|PIF6,1,4,10,13,12,3
MSTRG.3444|TCSYLVIO_009138,11,3,7,2,4,48
TrSC58v2_3542|TCSYLVIO_009138,2,0,6,1,3,1
MSTRG.3445|TRSC58_06601,12,8,21,40,37,93
TrSC58v2_3543|TRSC58_06601,11,1,17,34,0,87
MSTRG.3446|TRSC58_00806,12,15,41,50,46,184
TrSC58v2_3544|TRSC58_00806,11,10,38,46,30,1
MSTRG.3447|TcCL_ESM03761,7,4,12,22,8,28
TrSC58v2_3545|TcCL_ESM03761,0,0,10,0,0,24
MSTRG.3448|golga5,10,12,17,6,26,41
TrSC58v2_3546|golga5,7,9,3,4,0,2
MSTRG.3449|SPAC227.12,9,4,5,13,9,34
TrSC58v2_3547|SPAC227.12,8,3,3,11,6,24
MSTRG.3450|ASPM,28,6,38,61,40,136
TrSC58v2_3548|ASPM,20,5,37,57,34,105
MSTRG.3451|TcG_07045,7,11,37,44,5,46
TrSC58v2_3549|TcG_07045,5,0,0,2,4,34
MSTRG.3452|SCPL49,29,42,69,128,80,275
MSTRG.3453|CCT4,19,19,71,84,41,245
MSTRG.3454|CRK1,14,5,15,9,10,149
MSTRG.3455,52,55,79,158,83,516
MSTRG.3455|rps23,46,39,120,159,84,406
MSTRG.3456|RPL9,22,46,119,145,88,497
MSTRG.3457|KIF14,36,24,69,85,57,209
MSTRG.3458|RH2a,6,27,27,29,17,25
MSTRG.3459|IDLC,3,5,32,29,13,49
MSTRG.3460|TUBE1,7,18,20,15,21,48
MSTRG.3461|TRSC58_02761,22,8,39,50,22,104
MSTRG.3462|TRSC58_05129,5,0,0,0,0,9
MSTRG.3463|ift172,28,40,69,168,163,455
MSTRG.3464|C3747_7g351,11,0,13,4,7,56
MSTRG.3466|PDCD2,25,0,7,38,16,30
MSTRG.3469|Tc_MARK_1694,2,12,4,16,8,40
MSTRG.3470|TRSC58_04579,6,5,20,11,16,30
MSTRG.3471|ECU06_0790,14,4,18,36,23,100
MSTRG.3472|MSH4,3,23,26,22,18,95
MSTRG.3473|TRSC58_05300,20,4,9,13,18,73
MSTRG.3475|Abcg2,13,12,19,25,4,90
MSTRG.3476|heatr6,13,20,21,40,12,106
MSTRG.3478|scy1,9,14,15,15,16,91
MSTRG.3479|C3747_7g336,9,12,12,26,5,65
MSTRG.3480|TRSC58_01718,3,0,17,31,12,78
MSTRG.3482|TRSC58_06991,12,0,14,42,34,98
MSTRG.3484|phnW,22,14,26,23,17,91
MSTRG.3485|Nek1,18,22,33,53,24,123
MSTRG.3486|HGPRT,8,8,32,40,32,72
MSTRG.3488|HPRT,7,17,0,9,21,35
MSTRG.3489|Tc_MARK_1675,9,20,17,12,6,26
MSTRG.3490|fma2,35,40,63,135,84,206
MSTRG.3493,42,0,40,156,0,0
MSTRG.3493|C3747_7g323,36,73,137,96,200,476
MSTRG.3495|ATG1C,7,22,40,72,85,166
MSTRG.3494,89,60,171,286,185,648
MSTRG.3496|MKT1L,80,50,137,270,159,637
MSTRG.3497|mars2,9,20,53,54,40,114
MSTRG.3498,44,76,197,320,173,595
MSTRG.3498|CNOT1,19,6,18,6,42,22
MSTRG.3499|RAB21,7,3,14,14,13,45
MSTRG.3500|C3747_7g313,8,4,29,16,18,100
MSTRG.3501|ZC3H20,12,11,36,34,30,120
MSTRG.3503|C4B63_79g25,20,3,25,39,32,117
MSTRG.3504|Atp5mc1,9,4,17,25,19,104
MSTRG.3505|TRSC58_03041,7,0,4,7,14,4
MSTRG.3506|RPL36A,15,54,88,82,64,291
MSTRG.3510|pix,7,7,36,15,14,124
MSTRG.3511|CML8,6,0,0,8,3,37
MSTRG.3512|TRSC58_02423,11,8,4,15,17,39
MSTRG.3516|PGM1,4,4,7,11,12,32
TrSC58v2_3613|PGM1,0,0,6,10,0,21
MSTRG.3518|DDX21,8,11,52,42,8,119
TrSC58v2_3615|DDX21,0,9,3,34,6,79
MSTRG.3520|TRSC58_03206,7,4,17,29,6,23
TrSC58v2_3617|TRSC58_03206,6,0,1,23,5,18
MSTRG.3523|Tc_MARK_5581,15,3,17,21,17,61
MSTRG.3524|TbgDal_IV3690,6,6,7,16,4,27
MSTRG.3525|TbgDal_IV3690,39,27,52,142,64,187
MSTRG.3526|Cfap70,14,21,35,71,39,193
MSTRG.3527|SSB,19,18,43,48,48,124
MSTRG.3528|lat1,8,12,23,13,14,59
MSTRG.3529|TRSC58_02176,6,0,5,6,2,13
MSTRG.3530|TRSC58_03564,3,0,0,5,6,30
MSTRG.3532|TRSC58_06780,11,7,25,38,15,86
MSTRG.3534|C3747_222g91,10,7,15,16,5,14
MSTRG.3535|DNAJA2,9,22,24,60,26,120
MSTRG.3536|Tc_MARK_5593,8,4,24,12,7,46
MSTRG.3537|VPS35A,19,23,39,68,23,125
MSTRG.3538|TRSC58_00542,4,3,17,36,8,83
MSTRG.3539|mlo2,5,8,55,70,29,174
MSTRG.3540|PEDS1,6,16,24,46,18,99
MSTRG.3541|TRSC58_04958,53,12,61,108,27,209
MSTRG.3542|FDXR,4,7,3,29,4,64
MSTRG.3545|TcYC6_0009360,7,11,27,26,8,47
MSTRG.3546|Bug22,9,11,12,43,31,72
MSTRG.3547|TRSC58_01266,4,7,6,44,14,54
MSTRG.3548|TRSC58_00973,5,7,25,49,32,120
MSTRG.3550|QCR2,24,23,71,57,80,217
MSTRG.3551|vps51,12,10,29,21,24,118
MSTRG.3553|Tb10.70.5670,2,3,6,17,7,27
MSTRG.3554|Tb10.70.5670,2,1,3,7,4,11
MSTRG.3555|Tb10.70.5670,2,1,3,7,4,11
MSTRG.3556|Tb10.70.5670,2,1,3,7,4,11
MSTRG.3557|Tb10.70.5670,2,1,3,7,4,13
MSTRG.3558|Tb10.70.5670,2,1,3,7,4,13
MSTRG.3559|Tb10.70.5670,2,1,3,7,4,13
MSTRG.3560|Tb10.70.5670,4,4,7,32,15,60
MSTRG.3561|TRSC58_03881,3,9,13,24,22,46
MSTRG.3563|TRSC58_06374,12,11,18,47,40,126
MSTRG.3564|TRSC58_02704,4,0,3,11,3,64
MSTRG.3565|sepH,11,9,50,48,32,134
MSTRG.3566|At2g17140,12,13,15,12,27,101
MSTRG.3567|HXK2,4,0,4,9,3,31
MSTRG.3568|HXK2,9,8,18,9,4,39
MSTRG.3575|GCDH,6,0,16,19,19,29
MSTRG.3578|MVP,36,0,74,137,66,334
TrSC58v2_3076|TTC13,0,0,0,8,2,17
MSTRG.2988|TTC13,0,0,8,10,8,18
TrSC58v2_3087|RMV1,0,1,3,9,6,14
MSTRG.2999|RMV1,0,2,3,10,6,15
TrSC58v2_3092|Mccc2,0,3,22,13,15,49
MSTRG.3002|Mccc2,0,4,25,14,20,52
TrSC58v2_3093|TRSC58_03904,0,0,0,11,1,1
MSTRG.3003|TRSC58_03904,0,7,4,14,16,55
TrSC58v2_3095|C3747_43g104,0,2,1,15,7,39
MSTRG.3005|C3747_43g104,0,3,8,18,11,45
TrSC58v2_3096|TRSC58_02799,0,1,1,3,3,9
MSTRG.3007|TRSC58_02799,0,2,1,4,4,10
TrSC58v2_3099|C3747_43g110,0,0,0,0,1,4
MSTRG.3010|C3747_43g110,0,0,2,2,1,5
TrSC58v2_3103|KCTD3,0,0,10,10,5,4
MSTRG.3014|KCTD3,0,0,13,11,7,37
MSTRG.3015,0,0,14,25,9,27
MSTRG.3016,0,1,3,2,0,24
TrSC58v2_3110|TRSC58_02215,0,0,0,6,0,22
MSTRG.3022|TRSC58_02215,0,7,15,9,16,24
MSTRG.3025,57,0,96,0,0,0
TrSC58v2_3114|RPS21,0,2,17,13,5,23
TrSC58v2_3118|C3747_43g165,0,3,26,14,7,57
MSTRG.3029|C3747_43g165,0,4,30,16,8,70
TrSC58v2_3119|serinc,0,1,7,13,5,32
MSTRG.3030|serinc,0,1,10,14,6,37
TrSC58v2_3123|TRSC58_03836,0,0,0,7,1,3
MSTRG.3035|TRSC58_03836,0,0,8,8,2,35
TrSC58v2_3124|TRSC58_02589,0,0,0,0,5,7
MSTRG.3036|TRSC58_02589,0,0,12,0,7,8
TrSC58v2_3131|C4B63_70g132,0,0,0,1,1,2
MSTRG.3043|C4B63_70g132,0,0,2,1,2,2
TrSC58v2_3138|TRSC58_04168,0,0,0,8,3,10
MSTRG.3050|TRSC58_04168,0,0,15,9,4,11
TrSC58v2_3141|SWC6,0,0,1,1,1,5
MSTRG.3053|SWC6,0,0,11,4,2,6
MSTRG.3055,0,0,109,0,79,223
TrSC58v2_3153|TRSC58_02015,0,1,1,2,4,1
MSTRG.3065|TRSC58_02015,0,8,4,15,4,9
TrSC58v2_3168|Abca1,0,0,1,6,9,0
MSTRG.3079|Abca1,0,0,2,4,10,16
TrSC58v2_3169|ABCA3,0,0,0,16,7,19
MSTRG.3077|ABCA3,1,10,10,11,3,23
TrSC58v2_3172|tatdn1,0,3,14,3,1,6
MSTRG.3077|tatdn1,0,1,4,1,1,7
TrSC58v2_3173|TRSC58_03835,0,2,0,0,0,12
MSTRG.3080|TRSC58_03835,0,4,7,5,12,13
TrSC58v2_3190|TCNA,0,0,3,3,0,3
MSTRG.3095|TCNA,0,0,3,3,0,4
MSTRG.3097|TcBrA4_0001920,0,4,0,9,0,25
MSTRG.3099|TcYC6_0112790,0,0,4,0,0,10
MSTRG.3100|G6PD5,0,0,0,0,2,2
MSTRG.3101|slc38a6,0,15,5,5,16,56
MSTRG.3102|TRSC58_00229,0,9,9,28,20,83
MSTRG.3109|TRSC58_04102,0,0,0,0,0,14
MSTRG.3116|TM35_000302390,0,10,6,3,7,19
MSTRG.3117,0,10,0,0,0,13
MSTRG.3120|NPHP3,0,0,15,9,12,54
MSTRG.3130,0,0,39,0,0,0
MSTRG.3135|At2g34160,0,7,0,12,0,22
MSTRG.3136,0,0,16,30,19,102
TrSC58v2_3234|cam1,0,1,1,3,0,13
MSTRG.3140|cam1,0,2,6,4,0,14
TrSC58v2_3239|TRSC58_00320,0,1,1,0,9,3
MSTRG.3145|TRSC58_00320,0,1,1,8,11,11
TrSC58v2_3264|TRSC58_00659,0,0,7,0,1,14
MSTRG.3167|TRSC58_00659,0,0,8,23,12,17
MSTRG.3179|TcYC6_0000380,0,2,5,3,0,23
MSTRG.3180|Tc_MARK_8380,0,3,10,5,6,27
MSTRG.3175|TM35_001831010,0,0,2,2,0,8
MSTRG.3182|TM35_000281830,0,0,2,0,0,0
MSTRG.3183|DQ04_06361010,0,0,3,0,0,0
MSTRG.3186|IF2B,0,14,23,83,31,161
MSTRG.3188|TcBrA4_0113480,0,0,9,5,2,20
MSTRG.3192|TRSC58_04768,0,4,4,0,3,29
MSTRG.3195,0,0,22,25,30,145
MSTRG.3203|TRSC58_01202,0,0,3,23,19,51
MSTRG.3212|rplB,0,7,23,21,15,38
MSTRG.3213|TRSC58_03180,0,0,11,5,0,31
MSTRG.3224|TRSC58_04576,0,0,4,21,6,36
MSTRG.3225|TRSC58_06139,0,0,0,6,2,13
MSTRG.3229|TRSC58_00206,0,0,0,17,12,17
MSTRG.3230|C4B63_31g64,0,0,7,11,33,38
MSTRG.3236|TcYC6_0066280,0,3,23,15,18,44
MSTRG.3241|AGAP005542,0,7,8,18,4,56
TrSC58v2_3350|TRSC58_03324,0,0,0,0,0,1
MSTRG.3249|TRSC58_03324,0,0,0,0,0,25
TrSC58v2_3353|DQ04_04431070,0,1,0,2,1,3
MSTRG.3252|DQ04_04431070,0,2,0,3,1,3
TrSC58v2_3355|rbx-1,0,1,1,2,1,2
MSTRG.3254|rbx-1,0,3,2,4,3,17
TrSC58v2_3356|CYP59,0,1,3,5,2,11
MSTRG.3255|CYP59,0,2,4,6,12,13
TrSC58v2_3359|TRSC58_04353,0,0,1,0,2,6
MSTRG.3258|TRSC58_04353,0,3,1,0,2,6
MSTRG.2989|MKK2,3,7,3,9,12,28
TrSC58v2_3077|MKK2,0,6,2,7,6,25
MSTRG.2990|RMV1,3,7,15,14,13,54
TrSC58v2_3078|RMV1,2,6,12,10,10,38
MSTRG.2991|MKK2,3,3,2,12,17,22
TrSC58v2_3079|MKK2,0,3,0,1,1,17
MSTRG.2992|RMV1,2,5,19,9,10,56
TrSC58v2_3080|RMV1,2,4,2,7,7,38
MSTRG.2993|MKK2,3,3,2,12,18,22
TrSC58v2_3081|MKK2,0,3,0,1,1,17
MSTRG.2994|PUT1,2,4,10,26,16,40
TrSC58v2_3082|PUT1,2,0,8,1,0,27
MSTRG.2996|PUS10,8,8,1,6,6,10
TrSC58v2_3083|PUS10,1,2,2,2,6,4
MSTRG.2996,31,45,90,204,127,549
MSTRG.2996|NMA0194,30,20,46,33,116,249
TrSC58v2_3084|NMA0194,8,3,8,5,8,8
MSTRG.2997|ENT7,4,7,2,9,9,48
TrSC58v2_3085|ENT7,0,6,0,8,7,41
MSTRG.2998|CYB5A,2,0,0,3,3,10
TrSC58v2_3086|CYB5A,0,0,0,0,1,1
MSTRG.3000|PUS10,9,6,28,29,33,77
TrSC58v2_3088|PUS10,0,4,0,24,0,71
TrSC58v2_3089|NMA0194,15,13,35,92,0,162
MSTRG.2995|SLC29A3,8,6,4,7,3,33
TrSC58v2_3090|SLC29A3,0,5,3,5,0,26
MSTRG.3001|CYB5A,2,0,0,4,3,9
TrSC58v2_3091|CYB5A,0,0,0,2,2,7
MSTRG.3004|TRSC58_02503,2,7,12,10,10,43
TrSC58v2_3094|TRSC58_02503,1,0,9,0,9,32
MSTRG.3006,9,4,15,42,31,85
MSTRG.3008|NPEPL1,30,19,43,57,24,120
TrSC58v2_3097|NPEPL1,2,17,1,52,21,112
MSTRG.3009|TRSC58_00316,9,15,10,29,4,108
TrSC58v2_3098|TRSC58_00316,7,11,9,23,3,0
MSTRG.3011|TRSC58_06892,4,4,6,5,4,11
TrSC58v2_3100|TRSC58_06892,3,3,5,3,3,12
MSTRG.3012|TRSC58_06892,4,4,6,5,4,11
TrSC58v2_3101|TRSC58_06892,3,3,4,3,3,10
MSTRG.3013|TcG_01848,2,0,3,3,2,3
TrSC58v2_3102|TcG_01848,1,0,0,2,2,3
TrSC58v2_3104|TcG_01848,1,0,0,0,1,0
MSTRG.3015|TcG_01848,2,1,7,1,1,5
MSTRG.3017|Lxx09580,8,1,14,1,7,34
TrSC58v2_3105|Lxx09580,0,1,1,1,1,28
MSTRG.3018|TRSC58_03177,6,7,4,0,6,11
TrSC58v2_3106|TRSC58_03177,2,0,0,0,2,10
MSTRG.3019|Tc00.1047053507763.30,15,5,7,16,15,47
TrSC58v2_3107|Tc00.1047053507763.30,0,5,6,13,12,43
MSTRG.3020|TRSC58_06859,6,4,8,7,5,18
TrSC58v2_3108|TRSC58_06859,5,0,7,1,0,16
MSTRG.3021|TRSC58_05916,9,11,38,15,14,130
TrSC58v2_3109|TRSC58_05916,8,10,35,14,13,124
MSTRG.3023|TRSC58_05178,13,13,16,56,22,74
TrSC58v2_3111|TRSC58_05178,11,11,13,1,20,63
MSTRG.3024|TRSC58_05965,6,4,13,8,8,26
TrSC58v2_3112|TRSC58_05965,2,0,11,0,7,22
TrSC58v2_3113|RPS21,26,3,19,69,36,218
MSTRG.3025|RPS21,27,106,87,255,118,820
MSTRG.3026|TRSC58_07325,6,0,2,17,0,19
TrSC58v2_3115|TRSC58_07325,0,0,1,3,0,1
MSTRG.3027|TRSC58_03887,11,6,26,14,12,48
TrSC58v2_3116|TRSC58_03887,2,0,22,12,9,43
MSTRG.3028|Tc_MARK_500,1,5,9,16,7,23
TrSC58v2_3117|Tc_MARK_500,1,2,8,15,6,20
MSTRG.3031|TcYC6_0043490,66,42,90,163,120,407
TrSC58v2_3120|TcYC6_0043490,3,37,83,141,107,342
MSTRG.3032,71,54,202,358,231,891
MSTRG.3033|C3747_43g168,21,18,33,75,67,152
TrSC58v2_3121|C3747_43g168,16,16,25,58,53,134
MSTRG.3034|EMB8,3,0,1,6,11,15
TrSC58v2_3122|EMB8,1,0,1,5,0,14
MSTRG.3037|TCDM_00682,3,4,13,21,10,110
TrSC58v2_3125|TCDM_00682,3,3,11,20,7,94
MSTRG.3038|NMD2,5,20,23,27,14,116
TrSC58v2_3126|NMD2,5,20,19,23,10,100
MSTRG.3039|klp5,5,16,18,51,28,95
TrSC58v2_3127|klp5,5,0,16,41,24,84
MSTRG.3040|TRSC58_06360,8,1,7,3,5,14
TrSC58v2_3128|TRSC58_06360,6,0,7,2,4,11
MSTRG.3041|C4B63_70g132,3,2,2,2,3,3
TrSC58v2_3129|C4B63_70g132,2,1,0,1,1,2
MSTRG.3042|TRSC58_06360,4,1,3,3,6,14
TrSC58v2_3130|TRSC58_06360,0,0,2,1,4,16
MSTRG.3044|STARD10,4,8,8,16,4,33
TrSC58v2_3132|STARD10,0,0,0,1,0,1
MSTRG.3045|TRSC58_05773,1,0,5,13,5,35
TrSC58v2_3133|TRSC58_05773,1,0,4,1,0,2
MSTRG.3046|DRC5,5,8,17,30,14,73
TrSC58v2_3134|DRC5,4,7,14,28,13,63
MSTRG.3047|RLP24,6,7,4,15,11,16
TrSC58v2_3135|RLP24,2,1,0,1,0,14
MSTRG.3048|abo1,10,9,32,29,15,66
TrSC58v2_3136|abo1,7,6,23,24,15,60
MSTRG.3049|TRSC58_01048,4,0,8,5,0,34
TrSC58v2_3137|TRSC58_01048,0,0,6,4,0,1
MSTRG.3051|RPS5,27,53,51,109,68,269
TrSC58v2_3139|RPS5,19,5,34,82,54,204
MSTRG.3052|RPS5,32,27,64,103,61,248
TrSC58v2_3140|RPS5,2,22,53,76,46,190
MSTRG.3054|BETAC-AD,15,10,9,15,25,106
TrSC58v2_3142|BETAC-AD,11,9,7,13,17,2
MSTRG.3055|ppdK,66,155,172,290,115,543
TrSC58v2_3143|ppdK,25,43,63,85,37,194
TrSC58v2_3144|ppdK,31,13,23,14,21,118
MSTRG.3056|INPP5A,7,8,10,14,11,54
TrSC58v2_3145|INPP5A,5,0,7,11,9,2
MSTRG.3057|TRSC58_05684,5,4,4,19,18,28
TrSC58v2_3146|TRSC58_05684,4,0,4,15,13,25
MSTRG.3058|TRSC58_03809,1,17,10,16,19,69
TrSC58v2_3147|TRSC58_03809,1,2,3,14,3,9
MSTRG.3059|TRSC58_04885,1,0,0,5,0,3
TrSC58v2_3148|TRSC58_04885,1,0,0,4,0,3
MSTRG.3060|sec61al2,15,15,47,48,41,156
TrSC58v2_3149|sec61al2,13,14,41,4,38,162
MSTRG.3061,23,27,79,68,63,256
MSTRG.3062|PAT22,7,4,0,17,20,64
TrSC58v2_3150|PAT22,0,0,29,14,15,0
MSTRG.3063|CYP51,10,17,36,34,39,98
TrSC58v2_3151|CYP51,1,15,31,31,34,89
MSTRG.3064|RL28,25,56,58,85,51,267
TrSC58v2_3152|RL28,20,35,46,69,40,226
MSTRG.3066|RL28,25,50,50,70,46,209
TrSC58v2_3154|RL28,19,36,41,54,36,155
MSTRG.3067|sec31,26,16,64,79,47,197
TrSC58v2_3155|sec31,21,12,55,72,39,191
MSTRG.3068|Gspt1,9,15,59,63,1,142
TrSC58v2_3156|Gspt1,7,11,0,38,95,105
MSTRG.3069|OXA1,11,0,8,11,10,40
TrSC58v2_3157|OXA1,7,0,0,8,9,1
MSTRG.3070|TRSC58_02209,7,4,0,11,12,26
TrSC58v2_3158|TRSC58_02209,5,4,0,1,9,2
MSTRG.3071|Rps15a,13,37,36,48,27,164
TrSC58v2_3159|Rps15a,12,5,32,44,23,135
MSTRG.3072|tmem184C,6,0,8,8,5,11
TrSC58v2_3160|tmem184C,5,0,0,6,0,8
MSTRG.3073|fpaA,14,0,20,22,14,36
TrSC58v2_3161|fpaA,1,0,0,6,1,35
MSTRG.3074,4,0,8,50,35,93
MSTRG.3077,24,38,74,132,70,331
MSTRG.3078|TcYC6_0043080,17,4,5,12,4,21
TrSC58v2_3167|TcYC6_0043080,0,3,2,0,1,1
TrSC58v2_3170|ABCA3,1,1,1,1,1,1
TrSC58v2_3171|ABCA1,6,2,1,3,3,5
MSTRG.3077|ABCA1,9,3,9,15,19,45
MSTRG.3075|TcYC6_0043040,7,2,5,12,7,20
TrSC58v2_3174|TcYC6_0043040,0,0,4,9,6,15
MSTRG.3076|VAC8,8,10,6,5,12,34
TrSC58v2_3175|VAC8,7,7,1,4,0,2
MSTRG.3081|TRSC58_01262,7,4,6,9,28,18
TrSC58v2_3176|TRSC58_01262,7,4,1,8,0,17
MSTRG.3082|TcCLB.504149.90,8,7,28,35,38,131
TrSC58v2_3177|TcCLB.504149.90,6,5,25,32,26,95
MSTRG.3083|TRSC58_07175,15,11,47,33,17,68
TrSC58v2_3178|TRSC58_07175,13,1,1,30,13,65
MSTRG.3084|rasS,3,0,3,10,6,12
TrSC58v2_3179|rasS,0,0,0,2,5,10
MSTRG.3085|DQ04_00761100,6,6,25,21,9,70
TrSC58v2_3180|DQ04_00761100,4,4,21,17,8,66
MSTRG.3086|C3747_547g6,5,3,4,5,4,23
TrSC58v2_3181|C3747_547g6,4,3,2,4,4,22
MSTRG.3087|TRSC58_06703,6,0,6,6,2,35
TrSC58v2_3182|TRSC58_06703,5,0,5,5,2,30
MSTRG.3088|PUS7,4,0,4,6,0,22
TrSC58v2_3183|PUS7,1,0,1,5,0,19
MSTRG.3089|DQ04_00761160,3,0,0,0,4,8
TrSC58v2_3184|DQ04_00761160,1,0,0,0,3,9
MSTRG.3090|TRSC58_06731,13,3,0,13,18,36
TrSC58v2_3185|TRSC58_06731,0,1,0,9,1,39
MSTRG.3091|PLCD3,3,7,11,17,24,78
TrSC58v2_3186|PLCD3,3,1,8,15,16,5
MSTRG.3092|TRSC58_07178,15,19,38,54,21,139
TrSC58v2_3187|TRSC58_07178,14,16,35,48,18,125
MSTRG.3093|SA85-1.1,2,8,8,9,12,34
TrSC58v2_3188|SA85-1.1,2,6,8,9,12,31
MSTRG.3094|C3747_85g191,6,8,10,14,2,24
TrSC58v2_3189|C3747_85g191,0,0,8,0,2,19
MSTRG.3096|TcYC6_0017520,4,9,0,0,24,28
MSTRG.3098|TCNA,5,4,19,18,11,34
MSTRG.3103|C3747_200g31,19,9,25,43,19,123
MSTRG.3104|TRSC58_05404,14,5,12,21,9,64
MSTRG.3105|TRSC58_01043,4,0,8,12,13,48
MSTRG.3106|PGFS,19,21,44,21,19,145
MSTRG.3107|polA,20,28,40,43,38,222
MSTRG.3108|DQ04_04241000,5,7,22,9,13,40
MSTRG.3110|18583,11,11,13,33,13,60
MSTRG.3111|Klp59C,24,15,13,50,16,113
MSTRG.3112|TRSC58_00436,3,6,5,19,11,32
MSTRG.3113|TRSC58_04196,7,9,36,26,11,149
MSTRG.3114|CAPN7,13,18,67,31,59,170
MSTRG.3115|TCSYLVIO_002172,14,4,17,30,4,43
MSTRG.3118|PKAR,17,36,48,72,32,169
MSTRG.3119|mst2,12,0,16,17,6,34
MSTRG.3121|RAB5B,3,18,30,22,11,69
MSTRG.3122|Tc_MARK_1378,6,0,0,17,0,14
MSTRG.3123|Tc_MARK_1376,12,11,29,20,19,83
MSTRG.3124|C3747_37g228,4,4,3,9,7,44
MSTRG.3125|FAP73,13,22,11,53,14,72
MSTRG.3126|AAAS,15,6,15,15,9,179
MSTRG.3127|NAA10,16,32,31,53,25,174
MSTRG.3128|Tc_MARK_1371,28,41,33,66,38,160
MSTRG.3129|Nipbl,44,22,42,56,32,135
MSTRG.3130|TRSC58_06689,12,11,12,47,23,75
MSTRG.3131|LACS6,6,11,23,21,32,106
MSTRG.3132|RSP4,16,21,27,84,23,168
MSTRG.3133|TIO,5,4,17,33,18,60
MSTRG.3134|TcYC6_0101550,6,12,23,17,27,79
MSTRG.3137|infB,3,4,7,15,11,16
TrSC58v2_3231|infB,3,3,6,0,8,11
MSTRG.3138|TRSC58_03242,6,10,14,24,24,82
TrSC58v2_3232|TRSC58_03242,5,7,10,18,0,4
MSTRG.3139|HID1,5,4,11,12,17,52
TrSC58v2_3233|HID1,0,0,9,8,15,46
MSTRG.3141|HDAC1,10,8,12,18,7,28
TrSC58v2_3235|HDAC1,3,0,0,15,6,25
MSTRG.3142|cam1,9,2,2,7,0,23
TrSC58v2_3236|cam1,2,1,1,1,0,10
MSTRG.3143|MLH1,5,5,12,42,14,144
TrSC58v2_3237|MLH1,3,3,9,38,10,3
MSTRG.3144|KIN4A,15,20,40,69,35,163
TrSC58v2_3238|KIN4A,12,17,37,69,28,150
MSTRG.3146|mcl2,1,12,15,8,14,52
TrSC58v2_3240|mcl2,1,0,1,7,12,39
MSTRG.3147|ANP1,10,13,2,23,2,41
TrSC58v2_3241|ANP1,9,9,1,2,1,48
MSTRG.3148|ABCC1,7,13,20,30,37,102
TrSC58v2_3242|ABCC1,6,12,17,23,30,81
MSTRG.3149|BCY84_11096,11,7,6,18,13,53
TrSC58v2_3243|BCY84_11096,10,6,5,16,11,44
MSTRG.3150|TcYC6_0082760,29,23,51,72,25,160
TrSC58v2_3244|TcYC6_0082760,28,19,43,58,22,124
MSTRG.3151|TRSC58_04295,5,7,4,8,2,33
TrSC58v2_3245|TRSC58_04295,1,0,0,8,2,26
MSTRG.3152|SPBC1711.16,4,10,8,15,10,29
TrSC58v2_3246|SPBC1711.16,3,2,0,2,8,25
MSTRG.3153,37,47,69,126,69,261
MSTRG.3153|TCTP,8,7,9,9,7,16
TrSC58v2_3247|TCTP,0,1,3,4,3,3
MSTRG.3154|TRSC58_00699,2,7,9,8,3,30
TrSC58v2_3250|TRSC58_00699,0,5,7,1,2,2
MSTRG.3155|RECQL4A,11,15,19,26,33,66
TrSC58v2_3251|RECQL4A,8,16,17,20,12,57
MSTRG.3156|AP3S2,2,4,4,10,6,24
TrSC58v2_3252|AP3S2,1,5,3,8,5,19
MSTRG.3157|TRSC58_03916,13,10,29,19,40,103
TrSC58v2_3253|TRSC58_03916,1,8,2,16,1,1
TrSC58v2_3254|TCTP,7,6,34,71,30,120
MSTRG.3158|mus81,7,14,7,20,25,59
TrSC58v2_3255|mus81,6,6,5,17,0,45
MSTRG.3159|TRSC58_00699,2,7,9,7,3,32
TrSC58v2_3256|TRSC58_00699,0,5,7,1,2,1
MSTRG.3160|RECQL4A,6,11,14,26,25,52
TrSC58v2_3257|RECQL4A,5,13,17,24,11,61
MSTRG.3161|TRSC58_05726,3,1,1,8,4,5
TrSC58v2_3258|TRSC58_05726,1,1,2,1,3,6
MSTRG.3162|AP3S2,2,4,4,11,6,24
TrSC58v2_3259|AP3S2,1,5,3,8,5,20
MSTRG.3163|TRSC58_02616,2,3,5,3,5,9
TrSC58v2_3260|TRSC58_02616,1,4,5,4,6,10
MSTRG.3164|TRSC58_03916,7,4,8,11,11,35
TrSC58v2_3261|TRSC58_03916,1,4,10,13,13,30
MSTRG.3165|TRSC58_02261,14,16,20,28,18,61
TrSC58v2_3262|TRSC58_02261,0,13,17,22,12,71
MSTRG.3166|SXL,13,5,8,10,9,42
TrSC58v2_3263|SXL,10,3,9,8,7,37
MSTRG.3168|DQ04_00201070,4,4,7,10,5,30
TrSC58v2_3265|DQ04_00201070,0,0,0,3,2,3
MSTRG.3169|faxc,2,4,4,13,13,16
TrSC58v2_3266|faxc,1,0,0,2,11,15
MSTRG.3170|faxc,14,0,3,14,4,35
TrSC58v2_3267|faxc,2,0,0,12,0,31
MSTRG.3171|SDH1-1,7,4,16,23,8,87
TrSC58v2_3268|SDH1-1,5,0,14,21,7,2
MSTRG.3172|DQ04_00201010,4,4,5,5,3,21
TrSC58v2_3269|DQ04_00201010,0,0,4,4,2,18
MSTRG.3173|CG5065,7,6,20,26,23,60
TrSC58v2_3270|CG5065,0,5,16,21,15,53
MSTRG.3176,113,106,289,409,201,907
MSTRG.3176|gp63,13,18,39,24,26,53
MSTRG.3177|lsm7,29,16,32,38,25,101
MSTRG.3178,37,37,68,121,100,398
MSTRG.3181,3,2,6,9,8,27
TrSC58v2_3279,3,2,6,8,7,26
MSTRG.3174|TCNA,4,8,9,14,9,18
MSTRG.3184|TRSC58_01452,30,23,34,112,68,211
MSTRG.3185|TRSC58_01388,16,4,7,21,22,52
MSTRG.3187|TcYC6_0065710,7,0,32,57,45,129
MSTRG.3189|KIN3,20,26,65,142,116,402
MSTRG.3190|Pdik1l,33,18,87,80,91,172
MSTRG.3191|PRPS1,7,21,44,73,25,131
MSTRG.3193|TRSC58_01276,3,0,3,21,13,36
MSTRG.3194|TRSC58_04073,18,0,0,16,4,68
MSTRG.3195|SUMO1,11,6,2,2,6,3
MSTRG.3195|Sec11a,9,4,2,2,2,4
MSTRG.3196|TRSC58_02726,32,23,75,106,48,189
MSTRG.3197|TRSC58_03107,4,0,47,109,31,210
MSTRG.3198|C3747_31g191,31,51,86,147,84,392
MSTRG.3199|WDR17,21,32,59,82,58,224
MSTRG.3200|VPS30,8,11,21,23,3,75
MSTRG.3201|TRSC58_04613,24,23,52,94,46,206
MSTRG.3202|TRSC58_01256,9,12,4,22,8,93
MSTRG.3204|TRSC58_07002,1,5,3,0,12,22
MSTRG.3205|byr2,24,19,23,50,42,155
MSTRG.3206|byr2,27,19,29,52,42,175
MSTRG.3207|byr2,6,2,13,34,15,50
MSTRG.3208|ANP1,5,25,11,77,45,93
MSTRG.3209|TRSC58_06939,58,41,102,171,130,449
MSTRG.3210|TRSC58_00784,9,0,10,4,8,22
MSTRG.3211|sodB,5,10,11,25,12,72
MSTRG.3214|TRSC58_03284,9,4,19,28,24,54
MSTRG.3215|TRSC58_06294,5,8,8,22,19,63
MSTRG.3216|TBA1,27,57,118,146,60,371
MSTRG.3217|TRSC58_03090,3,0,10,9,4,34
MSTRG.3218|Adck5,12,9,9,0,8,29
MSTRG.3219|UBA2,12,10,7,21,23,62
MSTRG.3220|TRSC58_02086,9,0,12,14,18,51
MSTRG.3221|css1,12,15,10,53,33,110
MSTRG.3222,3,1,4,9,4,35
MSTRG.3223|DDB_G0288155,6,5,20,25,12,82
MSTRG.3226|gpi15,8,0,13,15,12,13
MSTRG.3227|ERCC4,7,7,28,37,27,77
MSTRG.3228|TRSC58_02792,10,2,8,8,0,22
MSTRG.3231|ssh,19,3,17,31,9,73
MSTRG.3232|AP3D1,19,3,23,35,25,104
MSTRG.3233|Os08g0159900,9,8,29,43,19,152
MSTRG.3234|TRIP4,27,30,25,54,20,93
MSTRG.3235|phoE,5,4,10,7,0,25
MSTRG.3237|VAMP714,7,8,37,19,9,81
MSTRG.3238|TRSC58_00523,8,3,11,7,12,19
MSTRG.3239|TMEM67,6,0,12,10,4,45
MSTRG.3240|slc38a6,4,0,19,19,15,42
MSTRG.3242|XI-2,9,0,17,29,24,61
MSTRG.3243|SMC3,17,24,53,69,80,266
MSTRG.3244|C3747_90g100,3,0,4,4,0,7
TrSC58v2_3345|C3747_90g100,1,0,1,1,0,6
MSTRG.3245|csn5,4,0,0,20,9,56
TrSC58v2_3346|csn5,1,0,0,1,0,1
MSTRG.3246|TRSC58_05182,4,0,8,13,4,16
TrSC58v2_3347|TRSC58_05182,0,0,0,9,0,12
MSTRG.3247|Lrrc45,3,4,14,4,4,19
TrSC58v2_3348|Lrrc45,1,0,0,4,0,0
MSTRG.3248|TRSC58_05017,8,3,2,14,6,36
TrSC58v2_3349|TRSC58_05017,0,0,1,11,1,33
MSTRG.3250|TRSC58_00084,9,3,19,29,18,43
TrSC58v2_3351|TRSC58_00084,8,0,17,27,17,37
MSTRG.3251|eif2a,3,10,9,8,21,44
TrSC58v2_3352|eif2a,0,8,7,6,1,39
MSTRG.3253|epi-1,3,6,9,18,12,34
TrSC58v2_3354|epi-1,1,4,7,15,8,29
MSTRG.3256|SPO11-2,3,0,0,5,9,7
TrSC58v2_3357|SPO11-2,0,0,0,4,0,7
MSTRG.3257|DQ04_02951100,5,7,0,3,7,15
TrSC58v2_3358|DQ04_02951100,1,0,0,2,5,11
MSTRG.3259|TRSC58_02533,23,2,25,76,15,137
TrSC58v2_3360|TRSC58_02533,1,1,21,58,13,105
MSTRG.3859|DDB_G0293552,6,5,3,17,0,20
TrSC58v2_3964|DDB_G0293552,0,0,3,12,0,17
MSTRG.3858|HBS1L,6,9,25,9,24,82
TrSC58v2_3963|HBS1L,4,7,17,0,19,70
MSTRG.3861|Bbs1,12,3,15,18,13,31
TrSC58v2_3966|Bbs1,3,0,13,14,11,27
MSTRG.3862|TRSC58_03179,4,0,0,2,11,13
TrSC58v2_3967|TRSC58_03179,1,0,0,1,1,12
MSTRG.3863|agtA,5,5,9,19,41,63
TrSC58v2_3968|agtA,4,2,7,17,2,59
MSTRG.3865|SACM1L,9,4,5,20,17,50
TrSC58v2_3970|SACM1L,8,0,4,17,13,48
MSTRG.3866|TRSC58_01228,4,7,5,11,0,21
TrSC58v2_3971|TRSC58_01228,0,1,4,9,0,16
MSTRG.3868|ubiG,4,0,2,2,10,17
TrSC58v2_3973|ubiG,2,0,2,1,0,15
MSTRG.3869|AAEL005241,16,14,9,50,6,42
TrSC58v2_3974|AAEL005241,0,0,7,1,5,34
MSTRG.3870|TRSC58_01456,7,15,3,22,10,47
TrSC58v2_3975|TRSC58_01456,2,0,2,20,9,42
MSTRG.3871|sas6,1,4,19,12,7,35
TrSC58v2_3976|sas6,1,0,13,10,5,31
MSTRG.3872|TbgDal_IV3690,4,6,6,13,18,58
TrSC58v2_3977|TbgDal_IV3690,0,5,4,10,14,48
MSTRG.3873|C3747_1g224,4,0,11,3,9,36
TrSC58v2_3978|C3747_1g224,0,0,0,1,8,10
MSTRG.3876|Nop17l,5,7,4,38,4,24
TrSC58v2_3981|Nop17l,5,6,3,2,0,21
MSTRG.3878|TRSC58_03819,6,5,13,19,25,57
TrSC58v2_3983|TRSC58_03819,5,5,10,20,18,53
MSTRG.3879|POL2,19,25,56,105,67,213
TrSC58v2_3984|POL2,19,21,48,97,59,206
MSTRG.3880|FAL1,9,5,8,25,20,47
MSTRG.3881|FAL1,6,5,13,17,9,36
MSTRG.3882|TcYC6_0012850,19,24,56,65,65,179
TrSC58v2_3739|TIC32,0,0,4,0,7,28
MSTRG.3639|TIC32,0,3,5,4,8,31
TrSC58v2_3743|tax-6,0,1,0,1,0,2
MSTRG.3643|tax-6,0,5,0,6,0,6
TrSC58v2_3746|TRSC58_03560,0,0,2,0,7,21
MSTRG.3646|TRSC58_03560,0,0,10,8,8,26
TrSC58v2_3753|TRSC58_00743,0,0,1,7,1,17
MSTRG.3653|TRSC58_00743,0,4,9,8,17,19
MSTRG.3654,20,0,22,79,39,241
TrSC58v2_3760|CARNS1,0,0,2,1,0,7
MSTRG.3656|CARNS1,0,0,4,1,4,10
TrSC58v2_3761|Tc_MARK_4537,0,3,0,9,6,17
MSTRG.3657|Tc_MARK_4537,0,5,3,8,11,15
TrSC58v2_3765|TRSC58_00404,0,0,5,8,11,19
MSTRG.3661|TRSC58_00404,0,13,6,10,13,27
TrSC58v2_3767|TRSC58_03935,0,0,0,3,1,3
MSTRG.3663|TRSC58_03935,0,0,0,9,2,12
TrSC58v2_3776|USP21,0,0,1,2,1,22
MSTRG.3672|USP21,0,0,1,33,9,23
TrSC58v2_3778|DQ04_03391010,0,0,1,0,1,3
MSTRG.3674|DQ04_03391010,0,4,1,0,2,3
TrSC58v2_3779|TRSC58_04425,0,0,2,0,7,34
MSTRG.3675|TRSC58_04425,0,4,21,15,8,47
TrSC58v2_3780|nagK,0,0,0,1,7,5
MSTRG.3676|nagK,0,0,12,6,8,42
TrSC58v2_3782|TRSC58_02272,0,0,2,9,0,8
MSTRG.3678|TRSC58_02272,0,5,18,11,16,68
TrSC58v2_3786|ier3ip1,0,1,0,0,3,6
MSTRG.3682|ier3ip1,0,4,0,0,3,7
TrSC58v2_3789|DQ04_03151050,0,0,0,1,0,7
MSTRG.3685|DQ04_03151050,0,0,0,11,4,9
TrSC58v2_3790|DQ04_03151060,0,0,0,0,0,2
MSTRG.3686|DQ04_03151060,0,0,0,0,0,3
TrSC58v2_3791|TRSC58_05672,0,0,7,2,5,2
MSTRG.3687|TRSC58_05672,0,0,9,10,6,31
TrSC58v2_3793|NCPR,0,3,3,7,0,22
MSTRG.3689|NCPR,0,4,5,9,28,25
TrSC58v2_3794|TRSC58_00765,0,3,0,1,1,10
MSTRG.3690|TRSC58_00765,0,3,7,4,9,12
TrSC58v2_3796|Tc_MARK_6629,0,0,0,0,0,0
TrSC58v2_3796.t1.e1|Tc_MARK_6629,0,0,0,0,0,0
MSTRG.3696|TRSC58_03323,0,0,9,23,4,12
MSTRG.3697|TRSC58_01530,0,8,8,11,16,58
MSTRG.3698|ankrd52,0,8,13,4,10,21
MSTRG.3708|engB,0,4,4,12,4,50
MSTRG.3711|mfsB,0,5,9,19,15,11
MSTRG.3713|iscS,0,0,10,31,4,58
MSTRG.3714|leo1,0,11,23,45,18,121
MSTRG.3716|sid1,0,12,11,15,12,36
MSTRG.3717|trappc1-1,0,3,0,9,6,9
MSTRG.3725|PPR10,0,16,5,39,21,62
MSTRG.3733|Pafah2,0,9,10,15,0,48
MSTRG.3735|Icmt,0,0,16,8,4,21
MSTRG.3740|GK,0,3,11,24,5,36
MSTRG.3742|slc37a3,0,0,22,7,9,35
MSTRG.3743|TRSC58_02337,0,0,6,15,19,31
MSTRG.3746|TcYC6_0069230,0,0,4,4,4,15
MSTRG.3750|RFK,0,7,6,9,0,10
MSTRG.3751|MAP3K19,0,0,2,10,10,32
MSTRG.3754|TRSC58_03280,0,11,13,35,34,83
MSTRG.3761|TRSC58_05913,0,12,21,25,7,125
MSTRG.3763|Pex19,0,15,17,15,5,96
MSTRG.3768|TCDM_00160,0,6,4,4,8,24
MSTRG.3769|TRAPPC5,0,0,15,5,7,13
MSTRG.3770|Rim2,0,0,3,15,4,17
MSTRG.3774|TRSC58_02885,0,4,7,28,17,40
MSTRG.3775|TRSC58_02277,0,8,14,29,17,83
MSTRG.3777|TKFC,0,9,17,24,16,25
MSTRG.3778|TRSC58_01641,0,5,6,17,11,34
MSTRG.3779|Tmem30a,0,6,5,17,5,63
MSTRG.3780|TRSC58_00747,0,5,0,12,4,14
MSTRG.3781|TRSC58_04261,0,9,4,18,0,49
MSTRG.3783|Xpc,0,9,12,31,31,91
MSTRG.3784|TRSC58_04009,0,3,12,23,6,67
MSTRG.3788|Tc_MARK_4425,0,6,11,29,2,112
MSTRG.3789|TcYC6_0069630,0,6,12,22,0,37
MSTRG.3792|TcCL_ESM00018,0,12,7,19,11,93
MSTRG.3793|SEC14L2,0,4,7,19,11,46
MSTRG.3794|slc47a1,0,0,2,0,8,9
MSTRG.3800,0,8,20,9,9,34
MSTRG.3802|TRSC58_03358,0,0,9,13,12,29
MSTRG.3805|TRSC58_04389,0,0,7,9,5,42
MSTRG.3806|Rpe,0,4,11,4,3,19
MSTRG.3808|TRSC58_04335,0,0,3,8,9,13
MSTRG.3809,0,19,38,68,29,187
MSTRG.3811|TRSC58_05794,0,7,6,7,1,11
MSTRG.3816|TRSC58_04940,0,8,28,5,5,91
MSTRG.3817|ANAPC2,0,9,31,14,24,69
MSTRG.3820,0,0,85,137,87,433
MSTRG.3818|BCY84_14154,0,5,12,26,10,30
MSTRG.3821|TCSYLVIO_005777,0,17,4,4,5,31
MSTRG.3823|Tc_MARK_4399,0,3,2,0,2,3
MSTRG.3828|dcaf13,0,9,3,17,13,23
TrSC58v2_3939|DDB_G0292320,0,0,0,0,2,3
MSTRG.3832|DDB_G0292320,0,0,0,0,2,3
TrSC58v2_3941|TRSC58_01584,0,0,11,15,0,23
MSTRG.3834|TRSC58_01584,0,0,13,19,4,28
TrSC58v2_3944|PIAL1,0,7,15,14,7,31
MSTRG.3837|PIAL1,0,9,18,17,8,35
TrSC58v2_3946|mcfE,0,0,0,0,0,3
MSTRG.3840|mcfE,0,0,0,0,0,14
TrSC58v2_3952|TRSC58_04583,0,0,1,0,2,10
MSTRG.3846|TRSC58_04583,0,0,1,0,4,11
TrSC58v2_3959|hdd1,0,1,0,6,0,1
MSTRG.3853|hdd1,0,4,3,6,5,29
MSTRG.3619|TcYC6_0067870,4,0,6,7,3,11
TrSC58v2_3719|TcYC6_0067870,0,0,0,0,0,9
MSTRG.3620|TcYC6_0067880,2,6,9,19,8,78
TrSC58v2_3720|TcYC6_0067880,1,0,0,18,0,3
MSTRG.3621|TcYC6_0067890,13,7,25,51,27,77
TrSC58v2_3721|TcYC6_0067890,9,5,20,48,20,71
MSTRG.3622|Tc_MARK_4564,4,12,3,19,11,40
TrSC58v2_3722|Tc_MARK_4564,3,9,1,17,8,35
MSTRG.3623|TRSC58_02234,4,10,18,24,17,63
TrSC58v2_3723|TRSC58_02234,1,8,16,20,14,57
MSTRG.3624|TRSC58_05518,9,6,8,35,12,53
TrSC58v2_3724|TRSC58_05518,7,5,6,2,9,40
MSTRG.3625|MCA5,10,13,19,48,24,63
TrSC58v2_3725|MCA5,8,11,17,1,21,50
MSTRG.3626|OMS1,7,8,3,14,14,33
TrSC58v2_3726|OMS1,0,7,0,0,12,29
MSTRG.3627|TRSC58_01049,2,4,5,8,6,40
TrSC58v2_3727|TRSC58_01049,1,3,4,7,5,34
MSTRG.3628|dnaJ,10,4,4,4,3,28
TrSC58v2_3728|dnaJ,0,0,0,3,2,0
MSTRG.3629|TcG_02077,4,2,8,5,3,17
TrSC58v2_3729|TcG_02077,0,0,6,4,3,15
MSTRG.3630,7,0,32,91,25,152
MSTRG.3630|petA,2,27,3,10,2,60
TrSC58v2_3730|petA,1,7,2,5,2,4
MSTRG.3631|TCSYLVIO_001349,7,9,8,8,8,59
TrSC58v2_3731|TCSYLVIO_001349,0,6,0,6,0,37
MSTRG.3632|SPBC1271.03c,13,8,24,41,35,88
TrSC58v2_3732|SPBC1271.03c,12,0,16,35,31,76
MSTRG.3633|TCSYLVIO_001351,3,4,14,18,16,53
TrSC58v2_3733|TCSYLVIO_001351,0,3,0,15,1,48
MSTRG.3634|C4B63_2g38,6,8,18,24,25,90
TrSC58v2_3734|C4B63_2g38,4,7,15,21,22,80
MSTRG.3635|YKT61,13,1,9,20,0,31
TrSC58v2_3735|YKT61,2,1,0,18,0,27
MSTRG.3636|AXY4,3,0,2,3,4,9
TrSC58v2_3736|AXY4,0,0,0,0,0,8
MSTRG.3637|TRSC58_01546,12,0,5,35,4,35
TrSC58v2_3737|TRSC58_01546,0,0,4,1,2,33
MSTRG.3638|ssp1,4,14,20,18,10,63
TrSC58v2_3738|ssp1,4,0,18,15,9,43
MSTRG.3640|TRSC58_03646,4,0,26,9,4,21
TrSC58v2_3740|TRSC58_03646,3,0,0,7,2,17
MSTRG.3641|TIC32,4,0,4,5,3,31
TrSC58v2_3741|TIC32,3,0,0,0,1,0
MSTRG.3642|TRSC58_00980,4,5,14,14,13,58
TrSC58v2_3742|TRSC58_00980,0,4,11,12,9,52
MSTRG.3644|rpl-12,36,17,33,74,54,218
TrSC58v2_3744|rpl-12,4,15,28,60,38,171
MSTRG.3645|Myef2,6,4,14,13,17,61
TrSC58v2_3745|Myef2,4,4,12,13,14,52
MSTRG.3647|KMP-11,7,13,17,18,14,82
TrSC58v2_3747|KMP-11,5,8,11,12,10,52
MSTRG.3648|KMP-11,2,3,11,14,11,35
TrSC58v2_3748|KMP-11,2,2,10,14,10,35
MSTRG.3649|KMP-11,1,3,6,8,6,25
TrSC58v2_3749|KMP-11,1,3,6,8,5,24
MSTRG.3650|KMP-11,4,8,17,18,14,71
TrSC58v2_3750|KMP-11,4,7,13,15,12,56
MSTRG.3651|KMP-11,2,2,4,6,3,14
TrSC58v2_3751|KMP-11,1,1,4,6,2,14
MSTRG.3652|TRSC58_00735,24,7,9,31,4,49
TrSC58v2_3752|TRSC58_00735,2,6,2,2,4,37
MSTRG.3654|CLK2,10,3,4,2,8,12
TrSC58v2_3754|CLK2,2,0,0,2,0,2
MSTRG.3654|ARF1,6,19,17,5,14,22
TrSC58v2_3755|ARF1,0,2,1,1,2,2
TrSC58v2_3756|ARF1,0,1,1,4,2,10
TrSC58v2_3757|ARF1,1,1,3,2,1,4
MSTRG.3654|TRSC58_05414,3,19,7,1,5,9
TrSC58v2_3758|TRSC58_05414,2,0,1,1,2,2
MSTRG.3655|TcYC6_0068310,7,7,23,64,22,95
TrSC58v2_3759|TcYC6_0068310,6,7,19,51,18,88
MSTRG.3658|DHX30,22,9,42,50,22,67
TrSC58v2_3762|DHX30,16,6,33,62,26,91
MSTRG.3659|TRSC58_03072,4,2,4,12,14,49
TrSC58v2_3763|TRSC58_03072,0,2,0,10,12,1
MSTRG.3660|DQ04_01291010,3,2,5,20,4,30
TrSC58v2_3764|DQ04_01291010,0,1,4,11,3,1
MSTRG.3662|TRSC58_05192,7,4,9,16,4,72
TrSC58v2_3766|TRSC58_05192,0,0,7,13,3,1
MSTRG.3664|kap104,6,17,23,37,32,119
TrSC58v2_3768|kap104,5,14,18,32,27,96
MSTRG.3665|TCDM_03361,15,0,13,4,11,18
TrSC58v2_3769|TCDM_03361,1,0,11,3,1,16
MSTRG.3666|PNLDC1,4,4,5,4,6,15
TrSC58v2_3770|PNLDC1,0,0,4,3,5,13
MSTRG.3667|Pepd,20,12,39,35,9,113
TrSC58v2_3771|Pepd,2,9,3,8,8,99
MSTRG.3668|C4B63_2g78,1,0,6,4,8,20
TrSC58v2_3772|C4B63_2g78,1,0,0,0,1,1
MSTRG.3669|TRSC58_06280,3,0,9,11,13,22
TrSC58v2_3773|TRSC58_06280,2,0,7,9,12,19
MSTRG.3670|At5g08565,6,0,7,9,10,12
TrSC58v2_3774|At5g08565,1,0,6,1,1,11
MSTRG.3671|TRSC58_02296,19,9,49,72,27,156
TrSC58v2_3775|TRSC58_02296,18,7,40,61,22,133
MSTRG.3673|SNX1,6,15,21,54,10,69
TrSC58v2_3777|SNX1,5,13,19,51,8,61
MSTRG.3677|UPL3,6,5,20,62,35,113
TrSC58v2_3781|UPL3,6,4,19,45,25,97
MSTRG.3679|TRSC58_04166,3,8,10,16,12,33
TrSC58v2_3783|TRSC58_04166,0,7,8,13,2,30
MSTRG.3680|Uso1,7,11,11,24,18,61
TrSC58v2_3784|Uso1,6,8,10,20,16,49
MSTRG.3681|TRSC58_03914,4,2,9,26,0,24
TrSC58v2_3785|TRSC58_03914,3,1,8,3,0,21
MSTRG.3683|Rnf32,4,2,7,9,4,19
TrSC58v2_3787|Rnf32,0,1,0,7,4,15
MSTRG.3684|Tc_MARK_4517,1,4,20,5,9,20
TrSC58v2_3788|Tc_MARK_4517,1,4,2,1,3,16
MSTRG.3688|RBM34,4,6,13,10,2,16
TrSC58v2_3792|RBM34,4,0,11,9,2,14
MSTRG.3691|Zdhhc14,8,9,22,17,16,59
TrSC58v2_3795|Zdhhc14,7,1,1,15,14,48
MSTRG.3692,15,0,10,12,5,80
MSTRG.3692|GP85,2,7,2,8,2,8
MSTRG.3693|ctdspl2,8,15,25,14,22,46
MSTRG.3694|Tc_MARK_4509,7,8,12,9,12,65
MSTRG.3695|Tc_MARK_4508,4,0,9,17,4,34
MSTRG.3699|HSBP1,12,5,10,12,18,32
MSTRG.3700|TRSC58_04868,3,20,40,25,31,77
MSTRG.3701|TRSC58_00588,10,5,25,22,15,108
MSTRG.3702|TRSC58_02383,5,9,6,9,17,20
MSTRG.3703|Stx16,23,5,7,22,20,33
MSTRG.3704|TRSC58_04304,3,8,11,11,6,10
MSTRG.3705|galK,10,0,15,26,8,7
MSTRG.3706|DQ04_02721010,7,0,3,5,3,5
MSTRG.3707|TRSC58_03395,8,3,4,17,19,25
MSTRG.3709|TRSC58_00826,8,16,62,51,44,157
MSTRG.3710|WAV2,3,4,0,16,10,12
MSTRG.3712|TRSC58_05357,2,10,8,21,7,67
MSTRG.3715|TRSC58_05636,3,4,10,9,3,3
MSTRG.3718|mrm3,3,0,18,52,18,107
MSTRG.3719|TRSC58_03051,4,13,14,51,20,87
MSTRG.3720|DYNLT2B,5,3,3,17,18,24
MSTRG.3721|PARG,6,0,5,19,0,22
MSTRG.3722|TRSC58_05243,4,7,20,44,39,118
MSTRG.3723|sec59,3,0,30,12,0,44
MSTRG.3724|PPM2,14,30,13,20,12,96
MSTRG.3726|DENND2B,15,2,20,13,7,33
MSTRG.3727|TRSC58_05551,3,6,9,23,26,97
MSTRG.3728|pgk2,3,4,3,21,3,33
MSTRG.3729|dnaJ,6,17,40,63,53,176
MSTRG.3730|exd1,6,0,7,26,8,60
MSTRG.3731|TRSC58_01833,8,4,7,14,7,48
MSTRG.3732|gloA,3,0,4,3,7,11
MSTRG.3734|Pafah2,3,0,5,32,5,55
MSTRG.3736|TRSC58_05227,13,5,28,46,21,148
MSTRG.3737|At5g47430,7,7,0,34,2,50
MSTRG.3738|UBA1,37,16,38,82,45,262
MSTRG.3739|TCDM_00190,3,4,4,6,5,6
MSTRG.3741|DED1,24,35,55,81,66,183
MSTRG.3744|TcCL_NonESM00218,5,11,26,22,23,88
MSTRG.3745|dlcB,3,6,14,5,4,38
MSTRG.3747|TRSC58_05634,3,5,0,22,13,34
MSTRG.3748|TRSC58_05089,4,0,2,9,14,65
MSTRG.3749|TRSC58_02218,5,0,3,11,6,22
MSTRG.3752|TcCL_ESM00056,2,5,6,15,18,20
MSTRG.3753|TRSC58_03796,17,25,51,69,54,189
MSTRG.3755|TRSC58_04211,14,16,65,68,48,252
MSTRG.3756|BBETA,4,9,9,60,47,71
MSTRG.3757|mccB,16,33,107,104,55,263
MSTRG.3758|mccB,17,35,122,120,62,284
MSTRG.3759|mccB,15,35,110,106,54,267
MSTRG.3760|mccB,16,35,110,105,55,269
MSTRG.3762|Rfc5,7,19,15,31,19,51
MSTRG.3764|TRSC58_03650,4,9,0,12,6,17
MSTRG.3765|RPL31C,87,98,203,252,124,658
MSTRG.3766|RPL31C,54,44,86,92,62,449
MSTRG.3767|Cfap410,13,7,27,67,26,186
MSTRG.3771|GND,8,9,23,47,20,85
MSTRG.3772|rsmI,3,8,12,35,12,37
MSTRG.3773|SPCC1494.07,13,18,39,95,62,234
MSTRG.3776|PAPS,13,0,11,39,14,64
MSTRG.3782|TRSC58_02096,8,3,11,19,16,62
MSTRG.3785|fas1,3,9,5,23,22,56
MSTRG.3786|TcCLB.507005.20,2,0,20,17,9,49
MSTRG.3787|TRSC58_05495,5,7,35,79,31,108
MSTRG.3790|SMC1,11,17,83,101,68,236
MSTRG.3791|Pno1,5,15,11,49,7,79
MSTRG.3795|slc47a1,3,7,21,37,18,46
MSTRG.3796|TRSC58_05315,4,0,9,32,22,75
MSTRG.3797|UVH3,3,16,4,20,11,93
MSTRG.3798|Mettl6,10,4,3,19,4,12
MSTRG.3799|Ppil3,2,5,0,30,0,11
MSTRG.3801|ISU1,23,11,10,46,35,105
MSTRG.3803|TRSC58_06565,3,10,9,25,3,77
MSTRG.3804|TRSC58_04406,16,9,31,49,27,106
MSTRG.3810|Tc_MARK_4407,5,11,27,28,17,69
MSTRG.3809|Tc_MARK_4407,7,11,10,8,8,10
MSTRG.3807|TRSC58_05794,6,0,0,13,5,20
MSTRG.3812|Tc_MARK_4407,7,18,39,48,31,134
MSTRG.3813|TRSC58_05794,11,0,0,7,3,13
MSTRG.3814|TRSC58_04633,19,17,65,72,67,247
MSTRG.3815|TRSC58_04876,3,5,25,28,15,82
MSTRG.3819,59,40,71,167,62,349
MSTRG.3819|RPL27A,40,72,85,157,101,518
MSTRG.3820|RPL23,60,116,40,101,68,494
MSTRG.3822|TCSYLVIO_005776,18,3,16,12,5,19
MSTRG.3824|PBB2,2,7,7,44,23,57
MSTRG.3825|rpsQ,6,6,7,19,2,47
MSTRG.3826|CCT7,35,15,62,126,38,173
MSTRG.3827|Nme7,10,4,27,8,11,69
MSTRG.3829|CALM,15,0,0,9,5,14
MSTRG.3830|TRSC58_01879,3,6,11,8,11,43
MSTRG.3831|Stpg2,6,6,8,9,8,18
TrSC58v2_3938|Stpg2,3,5,7,7,0,15
MSTRG.3833|TRSC58_01473,2,0,0,8,13,31
TrSC58v2_3940|TRSC58_01473,1,0,0,7,11,27
MSTRG.3835|PRPF8,4,11,29,63,43,179
TrSC58v2_3942|PRPF8,3,10,25,57,34,170
MSTRG.3836|pkaC,7,0,17,14,16,21
TrSC58v2_3943|pkaC,6,0,1,1,13,1
MSTRG.3839|TRSC58_01866,5,14,23,38,33,110
TrSC58v2_3945|TRSC58_01866,4,11,0,33,31,94
MSTRG.3838,39,3,31,32,12,65
MSTRG.3841|pkaC,3,0,5,8,7,12
TrSC58v2_3947|pkaC,2,0,5,0,5,1
MSTRG.3842|Rab7a,4,8,9,19,8,58
TrSC58v2_3948|Rab7a,0,0,8,18,8,53
MSTRG.3843|Abhd13,5,3,16,4,8,30
TrSC58v2_3949|Abhd13,1,2,12,3,6,27
MSTRG.3844|DDX55,11,12,18,26,22,60
TrSC58v2_3950|DDX55,8,10,16,12,20,7
MSTRG.3845|Dnaja4,15,8,26,31,17,50
TrSC58v2_3951|Dnaja4,0,7,1,2,2,46
MSTRG.3847|CCRP1,5,9,7,17,18,38
TrSC58v2_3953|CCRP1,0,8,6,14,14,32
MSTRG.3848|Ropn1l,3,0,2,10,4,14
TrSC58v2_3954|Ropn1l,3,0,2,9,4,13
MSTRG.3849|SPBC16D10.01c,5,6,8,17,4,73
TrSC58v2_3955|SPBC16D10.01c,0,5,0,13,2,2
MSTRG.3850|TRSC58_04308,8,11,33,26,15,137
TrSC58v2_3956|TRSC58_04308,6,8,24,23,13,2
MSTRG.3851|Sf3b5,3,0,5,10,5,17
TrSC58v2_3957|Sf3b5,1,0,1,10,4,15
MSTRG.3852|TRSC58_04422,4,7,4,14,14,43
TrSC58v2_3958|TRSC58_04422,0,5,3,1,1,2
MSTRG.3854|TRSC58_06979,4,7,18,22,17,107
TrSC58v2_3960|TRSC58_06979,3,6,15,17,0,4
MSTRG.3855|PAB1,51,38,120,250,158,508
TrSC58v2_3961|PAB1,49,35,101,216,147,407
MSTRG.3856,91,118,245,516,357,1049
MSTRG.4111|C3747_45g177,3,0,8,13,7,32
MSTRG.4109|RFESD,30,22,46,17,7,110
MSTRG.4108|pptc7,5,8,5,7,5,23
MSTRG.4110|ria1,11,0,22,17,17,111
MSTRG.4113|SGTA,12,0,3,7,15,47
MSTRG.4115|Kifbp,3,7,19,28,27,61
MSTRG.4112|pct1,11,10,8,24,14,13
MSTRG.4116|TRSC58_05114,10,0,25,25,5,49
MSTRG.4141|pkbA,8,2,3,13,13,39
TrSC58v2_4248|pkbA,0,1,2,12,2,2
MSTRG.4118|PUF6,3,4,6,7,5,38
TrSC58v2_4250|PUF6,0,0,5,6,4,34
MSTRG.4119|SA85-1.1,1,3,3,4,5,8
MSTRG.4121,0,0,66,97,67,225
MSTRG.4122|brox,0,0,8,3,13,28
TrSC58v2_4234|cops2,0,0,3,5,1,9
MSTRG.4127|cops2,0,4,4,6,9,11
TrSC58v2_4238|TcYC6_0120200,0,0,0,1,1,0
MSTRG.4131|TcYC6_0120200,0,0,0,4,2,10
TrSC58v2_4239|TRSC58_02783,0,0,0,0,0,0
MSTRG.4132|TRSC58_02783,0,3,0,0,0,18
TrSC58v2_4242|PAT06,0,1,0,5,3,1
MSTRG.4135|PAT06,0,9,0,6,4,25
TrSC58v2_4246|TcCLB.508479.170,0,1,0,1,1,10
MSTRG.4139|TcCLB.508479.170,0,14,0,1,9,12
TrSC58v2_4247|Morn3,0,0,0,10,4,45
MSTRG.4140|Morn3,0,2,12,12,5,59
MSTRG.4121|SCSa,18,3,19,4,11,14
MSTRG.4123|TRSC58_00562,5,0,0,15,0,27
MSTRG.4124|VPS33A,14,7,5,8,5,15
TrSC58v2_4231|VPS33A,10,5,5,0,1,13
MSTRG.4125|dnajc21,4,4,4,14,16,28
TrSC58v2_4232|dnajc21,0,0,0,1,0,1
MSTRG.4126|Pacrg,13,7,45,38,7,70
TrSC58v2_4233|Pacrg,3,3,4,6,5,65
MSTRG.4128|TcCLB.508479.250,9,3,6,10,3,25
TrSC58v2_4235|TcCLB.508479.250,0,1,5,9,1,14
MSTRG.4129|TRSC58_06490,4,9,13,9,21,21
TrSC58v2_4236|TRSC58_06490,0,6,11,8,18,20
MSTRG.4130|PEX2,8,0,0,20,5,31
TrSC58v2_4237|PEX2,6,0,0,1,4,27
MSTRG.4133|TRSC58_01136,4,9,4,4,9,22
TrSC58v2_4240|TRSC58_01136,1,0,0,4,2,4
MSTRG.4134|TRSC58_00358,7,4,4,16,8,17
TrSC58v2_4241|TRSC58_00358,0,0,0,0,7,0
MSTRG.4136|PEX10,23,3,13,18,0,28
TrSC58v2_4243|PEX10,2,2,1,16,0,26
MSTRG.4137|TRSC58_03261,7,0,7,7,5,21
TrSC58v2_4244|TRSC58_03261,5,0,6,5,4,20
MSTRG.4138|TRSC58_02890,3,5,4,32,11,28
TrSC58v2_4245|TRSC58_02890,2,4,0,0,4,25
MSTRG.4345|TcYC6_0115000,4,5,5,10,3,20
TrSC58v2_4466|TcYC6_0115000,0,0,0,8,2,17
MSTRG.4346|NMT1,5,9,13,11,11,52
TrSC58v2_4467|NMT1,0,7,12,10,9,45
MSTRG.4349|TCDM_00423,3,7,0,0,2,22
TrSC58v2_4470|TCDM_00423,1,0,0,0,1,18
MSTRG.4351|sed5,7,6,4,38,13,58
TrSC58v2_4472|sed5,1,5,3,31,12,48
MSTRG.4352|Tc_MARK_4836,7,4,11,15,20,51
TrSC58v2_4473|Tc_MARK_4836,6,2,10,12,17,48
MSTRG.4353|sec13,5,11,8,23,13,61
TrSC58v2_4474|sec13,5,9,7,22,11,58
MSTRG.4354|TRSC58_05341,37,10,26,66,72,144
TrSC58v2_4475|TRSC58_05341,0,7,23,62,1,136
MSTRG.4359|TRSC58_06749,4,8,0,5,0,17
MSTRG.4362|C3747_10g487,9,8,24,10,2,29
MSTRG.4363,16,24,29,45,22,62
MSTRG.4364|CG7483,24,26,50,78,51,218
MSTRG.4367|ygdD,5,5,12,10,5,48
MSTRG.4365|TcYC6_0012850,19,24,56,65,64,179
MSTRG.4369|TCNA,32,24,34,98,47,181
MSTRG.4372|C4B63_85g86,8,4,12,14,8,39
MSTRG.4371|Kcnt2,37,17,33,121,44,211
MSTRG.4373|TRSC58_00636,16,5,9,25,21,89
MSTRG.4374,49,47,177,292,172,559
MSTRG.4376|dnc-6,3,12,10,12,10,57
MSTRG.4375|Tc00.1047053511585.190,40,51,69,107,74,326
MSTRG.4377|SRPK,9,12,27,48,15,95
MSTRG.4378|TRSC58_03984,5,4,14,40,21,61
MSTRG.3887|Tc_MARK_1316,0,4,9,43,0,53
MSTRG.3893|TRSC58_04911,0,7,7,4,5,28
MSTRG.3896|TcYC6_0013000,0,0,4,0,2,0
MSTRG.3898|TRSC58_03609,0,4,25,27,12,42
MSTRG.3901|TRSC58_00132,0,14,5,37,14,67
MSTRG.3908|C3747_123g98,0,0,6,19,15,33
MSTRG.3910|TcG_09168,0,8,0,2,2,34
MSTRG.3911|RNR1,0,27,30,42,40,141
MSTRG.3919|TRSC58_02739,0,3,0,20,4,28
MSTRG.3920|polr2h,0,0,7,11,7,31
MSTRG.3921|CALM,0,0,5,6,4,10
MSTRG.3923|KRET1,0,0,4,8,12,31
TrSC58v2_4029|RAD5B,0,1,5,0,0,12
MSTRG.3924|RAD5B,0,2,6,0,0,13
TrSC58v2_4048|TRSC58_00270,0,0,3,1,0,21
MSTRG.3943|TRSC58_00270,0,6,6,28,4,29
TrSC58v2_4049|TRSC58_05710,0,0,0,0,0,1
MSTRG.3944|TRSC58_05710,0,0,0,4,0,6
TrSC58v2_4054|zmynd10,0,0,1,10,3,17
MSTRG.3949|zmynd10,0,0,3,12,4,18
TrSC58v2_4062|TRSC58_03909,0,6,0,7,4,28
MSTRG.3957|TRSC58_03909,0,7,0,8,5,34
TrSC58v2_4064|TRSC58_03050,0,0,0,0,0,7
MSTRG.3959|TRSC58_03050,0,0,5,9,4,10
TrSC58v2_4065|TRSC58_02956,0,0,0,0,1,6
MSTRG.3960|TRSC58_02956,0,0,0,4,2,7
MSTRG.3967,0,0,0,12,9,63
TrSC58v2_4086|TRSC58_04924,0,0,0,4,1,5
MSTRG.3979|TRSC58_04924,0,0,0,5,3,11
TrSC58v2_4088|Vps39,0,0,8,12,14,42
MSTRG.3981|Vps39,0,5,11,15,19,49
MSTRG.3987|FUT11,0,2,0,12,0,31
MSTRG.3990|TRSC58_05931,0,4,4,4,16,23
MSTRG.3995|DNAJA4,0,10,58,65,26,176
MSTRG.3997,0,0,0,13,0,39
MSTRG.3997|MDN1,0,3,6,5,18,2
MSTRG.3998,0,22,36,68,57,144
MSTRG.4005|TRSC58_06499,0,3,26,47,11,83
MSTRG.4008|TcCL_ESM02138,0,2,4,2,5,7
MSTRG.4017|C3747_93g33,0,4,12,14,4,38
MSTRG.4018|bloc1s1,0,5,13,0,8,24
MSTRG.4019|Rpb10,0,0,5,6,0,6
MSTRG.4022|DQ04_08151010,0,6,8,30,0,24
MSTRG.4023|Tc00.1047053511881.30,0,4,3,17,0,21
MSTRG.4029|TRSC58_01552,0,0,10,4,6,26
MSTRG.4037|TcCL_ESM02161,0,4,5,14,0,17
MSTRG.4039|EFHC1,0,11,32,45,25,67
MSTRG.4043|TcBrA4_0082890,0,0,4,4,2,17
MSTRG.4047|TRSC58_06600,0,21,27,31,37,111
MSTRG.4070,0,0,0,24,0,58
MSTRG.4083|Tc_MARK_5077,0,7,5,13,4,43
MSTRG.4085|vps55,0,0,5,9,7,55
MSTRG.4087|TRSC58_03113,0,6,6,0,0,41
MSTRG.4092|TRSC58_03514,0,11,11,29,20,39
MSTRG.4098|ANP2,0,0,9,16,5,47
MSTRG.4099|TRSC58_04637,0,13,63,127,35,199
MSTRG.4101|TRSC58_00488,0,4,8,26,11,45
MSTRG.4104|PSR2,0,0,0,31,0,60
MSTRG.4107|Smarca1,0,24,22,34,43,115
MSTRG.3884|ygdD,12,34,54,52,40,202
MSTRG.3885|TRSC58_06276,18,37,41,66,32,177
MSTRG.3886|gp63,14,27,35,27,16,72
MSTRG.3888|TRSC58_03880,19,19,30,33,13,90
MSTRG.3889|POLK,15,29,44,14,8,109
MSTRG.3890|TRSC58_04259,7,8,9,12,13,25
MSTRG.3891|POLK,15,10,46,30,2,83
MSTRG.3892|yigL,6,6,11,18,24,72
MSTRG.3894|dnaJ,3,0,4,6,0,23
MSTRG.3895|TRSC58_02938,15,4,16,32,9,71
MSTRG.3897|Tc_MARK_1306,11,0,0,8,0,19
MSTRG.3899|POR,13,17,32,27,36,79
MSTRG.3900|TRSC58_03260,5,5,12,23,38,59
MSTRG.3902|BIP5,153,134,344,432,253,1242
MSTRG.3903|BIP5,171,151,374,467,274,1421
MSTRG.3904|BIP5,177,154,384,475,283,1470
MSTRG.3905|MIMI_R665,4,12,28,39,29,93
MSTRG.3906|TRSC58_03748,4,12,4,24,4,70
MSTRG.3907|TRSC58_03583,2,0,16,12,7,25
MSTRG.3909|CCR4-1,7,0,4,27,12,35
MSTRG.3912|TcYC6_0013160,3,0,6,4,3,25
MSTRG.3913|TRSC58_04298,7,18,25,12,9,36
MSTRG.3914|TcG_09172,5,4,4,12,8,22
MSTRG.3915|OsI_36121,8,9,17,18,12,62
MSTRG.3916|BCY84_15755,5,3,4,4,4,10
MSTRG.3917|TRSC58_05546,4,9,12,26,14,15
MSTRG.3918|CSP1,5,2,25,22,10,68
MSTRG.3922|C3747_10g431,3,0,31,16,22,33
MSTRG.3925|TRSC58_01192,3,2,0,3,1,4
TrSC58v2_4030|TRSC58_01192,1,1,0,1,1,4
MSTRG.3926|TRSC58_06184,5,8,20,27,20,133
TrSC58v2_4031|TRSC58_06184,0,0,2,1,0,5
MSTRG.3927|TRSC58_05907,2,0,0,2,11,8
TrSC58v2_4032|TRSC58_05907,1,0,0,1,10,1
MSTRG.3928|THAL,5,6,9,42,20,64
TrSC58v2_4033|THAL,4,5,8,4,18,52
MSTRG.3929|vmp1,7,6,4,46,31,87
TrSC58v2_4034|vmp1,0,5,3,29,23,79
MSTRG.3930|TRSC58_04690,3,17,5,12,7,19
TrSC58v2_4035|TRSC58_04690,0,1,1,1,1,17
MSTRG.3931|kctd6,17,5,10,14,8,25
TrSC58v2_4036|kctd6,1,0,3,1,7,20
MSTRG.3932|ppp1cc,11,3,13,35,20,57
TrSC58v2_4037|ppp1cc,1,2,2,29,18,55
MSTRG.3933|SPBP16F5.05c,3,4,3,6,3,11
TrSC58v2_4038|SPBP16F5.05c,3,1,1,1,2,9
MSTRG.3934|TRSC58_04361,3,0,4,0,9,8
TrSC58v2_4039|TRSC58_04361,1,0,0,0,1,6
MSTRG.3935|SEC13A,9,3,5,22,3,55
TrSC58v2_4040|SEC13A,1,1,2,20,1,49
MSTRG.3936|KdelR,4,0,11,16,6,27
TrSC58v2_4041|KdelR,1,0,10,14,1,25
MSTRG.3937|RUK,6,9,17,43,34,73
TrSC58v2_4042|RUK,4,7,11,29,23,60
MSTRG.3938|DNAH1,28,21,54,125,92,326
TrSC58v2_4043|DNAH1,23,17,54,109,85,290
MSTRG.3939|TRSC58_03649,5,5,10,2,5,9
TrSC58v2_4044|TRSC58_03649,2,5,1,1,4,8
MSTRG.3940|TcCL_ESM02990,4,6,5,2,23,26
TrSC58v2_4045|TcCL_ESM02990,3,2,2,1,1,2
MSTRG.3941|CDKL5,10,20,13,38,19,123
TrSC58v2_4046|CDKL5,0,1,12,31,17,102
MSTRG.3942|TRSC58_05436,7,0,11,20,3,53
TrSC58v2_4047|TRSC58_05436,0,0,8,18,0,47
MSTRG.3945|rad51-a,20,0,35,14,16,41
TrSC58v2_4050|rad51-a,0,0,1,13,1,35
MSTRG.3946|RPS26,24,21,32,37,31,134
TrSC58v2_4051|RPS26,19,18,24,33,27,108
MSTRG.3947|RAD50,16,22,15,42,34,77
TrSC58v2_4052|RAD50,12,10,14,36,32,52
MSTRG.3948|Aurkc,12,0,28,5,7,40
TrSC58v2_4053|Aurkc,0,0,1,4,6,1
MSTRG.3950|SGTA,7,0,5,12,5,32
TrSC58v2_4055|SGTA,0,0,5,8,1,30
MSTRG.3951|TRSC58_02697,8,1,7,4,1,14
TrSC58v2_4056|TRSC58_02697,2,1,1,3,1,13
MSTRG.3952|cah,4,12,16,35,20,49
TrSC58v2_4057|cah,3,0,13,32,18,43
MSTRG.3953|WDR75,10,7,16,7,6,25
TrSC58v2_4058|WDR75,7,2,13,6,5,22
MSTRG.3954|BET2,8,2,4,4,4,24
TrSC58v2_4059|BET2,7,1,0,0,0,22
MSTRG.3955|TRSC58_01808,7,4,13,19,7,21
TrSC58v2_4060|TRSC58_01808,0,1,12,2,6,17
MSTRG.3956|Dis3l2,6,6,26,13,11,88
TrSC58v2_4061|Dis3l2,1,5,21,10,9,10
MSTRG.3958|TRSC58_00420,2,10,9,8,12,37
TrSC58v2_4063|TRSC58_00420,1,1,7,7,0,30
MSTRG.3961|katna1,9,10,7,13,8,42
TrSC58v2_4066|katna1,6,9,0,11,6,36
MSTRG.3962|C3747_10g248,5,8,13,17,19,130
TrSC58v2_4067|C3747_10g248,4,6,12,14,18,1
MSTRG.3963|MT2525,2,6,13,12,7,21
TrSC58v2_4068|MT2525,0,5,2,9,1,18
MSTRG.3964|gp63,1,1,2,3,3,1
TrSC58v2_4069|gp63,0,0,2,0,2,16
MSTRG.3965|TcG_08143,5,2,6,13,10,43
TrSC58v2_4070|TcG_08143,4,2,5,1,8,35
MSTRG.3966|Tc_MARK_1197,2,4,11,15,11,36
TrSC58v2_4071|Tc_MARK_1197,2,3,10,12,9,28
MSTRG.3967|TM35_000113380,17,13,18,30,23,59
TrSC58v2_4072|TM35_000113380,1,1,1,5,3,10
MSTRG.3968|gp63,1,1,4,2,1,12
TrSC58v2_4073|gp63,0,1,1,1,4,2
MSTRG.3969|TcG_08143,7,7,5,11,15,42
TrSC58v2_4074|TcG_08143,6,6,4,9,12,37
MSTRG.3970|Tc_MARK_1197,3,6,17,23,15,55
TrSC58v2_4075|Tc_MARK_1197,2,4,14,18,13,41
TrSC58v2_4076|TM35_000113380,4,3,3,5,1,4
MSTRG.3971|gp63,1,2,5,2,1,1
TrSC58v2_4077|gp63,0,0,1,0,5,16
MSTRG.3972|ctns-1,6,3,19,8,14,63
TrSC58v2_4078|ctns-1,1,1,2,7,12,50
MSTRG.3973|TM35_000242330,7,4,4,15,12,31
TrSC58v2_4079|TM35_000242330,0,0,0,11,1,26
MSTRG.3974|TcG_08143,6,6,3,10,11,29
TrSC58v2_4081|TcG_08143,5,5,3,8,9,27
MSTRG.3975|Tc_MARK_1197,2,4,19,23,21,74
TrSC58v2_4082|Tc_MARK_1197,2,3,16,18,17,56
MSTRG.3976|TM35_000113380,7,5,4,9,4,19
TrSC58v2_4083|TM35_000113380,1,1,1,7,3,17
MSTRG.3977|Dynlt4,4,2,3,3,3,10
TrSC58v2_4084|Dynlt4,2,1,2,0,1,8
MSTRG.3978|RPS14,20,17,28,56,48,223
TrSC58v2_4085|RPS14,15,15,24,45,41,179
MSTRG.3980|TRSC58_02111,7,15,31,39,22,111
TrSC58v2_4087|TRSC58_02111,6,13,25,34,19,84
MSTRG.3982|TRSC58_05623,10,9,26,21,14,60
TrSC58v2_4089|TRSC58_05623,7,7,2,17,12,51
MSTRG.3983|TRSC58_03184,24,22,97,59,58,251
TrSC58v2_4090|TRSC58_03184,17,20,1,47,28,193
MSTRG.3984,29,0,0,153,0,290
TrSC58v2_4091|rps20,1,13,28,18,26,33
MSTRG.3984|rps20,8,43,90,123,90,220
MSTRG.3985|TRSC58_02677,9,9,11,9,4,50
TrSC58v2_4092|TRSC58_02677,0,7,7,8,0,40
TrSC58v2_4093|rps20,1,10,13,13,3,15
MSTRG.3986|TRSC58_05655,8,8,11,41,18,82
TrSC58v2_4094|TRSC58_05655,6,7,10,5,14,58
MSTRG.3988|Tc_MARK_5354,7,13,31,25,22,74
MSTRG.3989,8,0,17,51,0,82
MSTRG.3991,4,11,23,27,30,114
MSTRG.3992|pi066,1,2,11,5,3,18
MSTRG.3989|At2g25737,3,4,15,4,12,4
MSTRG.3993|SPAC17A2.14,17,4,16,21,13,17
MSTRG.3994|spas,16,7,11,22,23,63
MSTRG.3996|TRSC58_06736,56,94,143,234,132,535
MSTRG.3998|TRSC58_00781,13,4,4,10,7,28
MSTRG.3999|Tc00.1047053467287.10,17,9,20,49,16,108
MSTRG.4001|DDB_G0283707,3,11,14,30,29,115
MSTRG.4000,15,12,9,36,11,32
MSTRG.4002|Tb427.03.1380,24,58,85,109,68,347
MSTRG.4003|RPS25,12,26,98,69,56,271
MSTRG.4004|TRSC58_06791,17,12,26,8,13,73
MSTRG.4006|TRSC58_00310,11,18,29,22,25,129
MSTRG.4007|GP85,3,0,0,17,1,9
MSTRG.4009|GP85,3,0,0,17,4,12
MSTRG.4010|mios-b,20,16,14,83,20,116
MSTRG.4011|mios-b,8,12,48,29,20,143
MSTRG.4012|TRSC58_01800,24,33,27,61,42,139
MSTRG.4013|CUL4,9,5,17,31,24,64
MSTRG.4014|Cul4b,4,36,16,58,33,137
MSTRG.4015|nploc4,5,24,35,52,15,88
MSTRG.4016|TRSC58_02627,2,4,19,12,26,77
MSTRG.4020|PP2A3,6,12,11,20,14,52
MSTRG.4021|DQ04_08151010,5,0,13,6,7,31
MSTRG.4024|At3g07100,25,20,40,82,52,174
MSTRG.4025|TRSC58_00818,19,18,12,70,39,164
MSTRG.4026|TcG_03597,11,23,71,93,79,308
MSTRG.4027|TRSC58_03972,10,7,28,19,22,97
MSTRG.4028|TRSC58_04971,5,15,24,17,16,98
MSTRG.4030|KLLA0D18557g,2,0,32,30,5,33
MSTRG.4031|At1g14650,34,17,24,85,31,119
MSTRG.4032|POLD2,10,0,11,32,22,49
MSTRG.4033|Bm1_44725,56,55,116,173,52,322
MSTRG.4034|Cluap1,14,11,49,49,35,154
MSTRG.4035|TcYC6_0118180,9,0,10,14,17,35
MSTRG.4036|TRSC58_03952,9,0,13,3,7,14
MSTRG.4038|prfA,3,8,16,17,5,31
MSTRG.4040|CCN1,3,0,12,11,18,47
MSTRG.4041|Sras,4,4,0,4,0,17
MSTRG.4042|rab3gap1,23,18,44,83,12,144
MSTRG.4044|TcYC6_0119100,3,5,13,0,6,24
MSTRG.4045,4,16,0,23,4,90
MSTRG.4045|TRSC58_07017,12,15,23,13,18,28
MSTRG.4046|iksA,17,21,42,51,32,132
MSTRG.4048|TcBrA4_0082830,15,15,33,27,20,79
MSTRG.4049|MJ1628,8,21,36,44,61,155
MSTRG.4050|C3747_20g304c,4,5,8,12,9,16
MSTRG.4051|AFC3,9,19,21,30,5,131
MSTRG.4052|TRAPPC8,25,45,56,89,33,252
MSTRG.4053|CKL9,4,17,25,44,12,113
MSTRG.4054|C3747_20g94,16,14,50,58,36,150
MSTRG.4055|CFAP251,44,15,34,93,70,216
MSTRG.4056|TRSC58_00693,15,16,33,37,42,153
MSTRG.4057|TRSC58_01045,7,8,12,18,20,56
MSTRG.4058|dgat2,19,20,50,90,64,278
MSTRG.4059|mRpL24,9,39,38,86,49,180
MSTRG.4060|dgat2,28,20,68,150,94,377
MSTRG.4061|TRSC58_02385,7,0,27,11,7,53
MSTRG.4062|TRSC58_00570,16,15,22,51,16,142
MSTRG.4063|mad2l1-1,3,15,9,9,17,70
MSTRG.4064|TRSC58_02379,9,17,0,13,5,49
MSTRG.4065|LRRC72,16,12,35,45,4,169
MSTRG.4066|lsm8,5,0,4,9,18,44
MSTRG.4067|PDH2,30,35,51,102,54,296
MSTRG.4068|TRSC58_06622,36,26,47,60,34,180
MSTRG.4069|BCY84_13536,15,7,21,20,23,90
MSTRG.4070|C4B63_11g70,3,12,11,4,8,12
MSTRG.4071|TRSC58_06605,15,10,13,50,21,86
MSTRG.4072|gpsn2,27,7,32,59,8,112
MSTRG.4073|pakF,10,15,14,9,3,72
MSTRG.4074|NGR_a01660,7,10,32,72,28,149
MSTRG.4075|TRSC58_06788,22,26,40,36,22,112
MSTRG.4076|TCSYLVIO_006367,8,4,13,23,20,94
MSTRG.4077|TRSC58_00841,4,6,15,21,24,49
MSTRG.4078|TcYC6_0119490,12,11,25,67,42,155
MSTRG.4079|slbp2,24,15,30,47,26,75
MSTRG.4080|Cnot3,11,20,44,69,25,197
MSTRG.4081|CDC40,16,28,21,56,30,126
MSTRG.4082|C3747_45g205,18,0,7,30,21,70
MSTRG.4084|Tc_MARK_5078,4,0,3,26,5,40
MSTRG.4086|ypwA,13,18,22,42,50,162
MSTRG.4088|Os08g0176100,3,5,13,9,4,21
MSTRG.4089|TcG_03650,6,9,19,17,15,69
MSTRG.4090|TTC29,18,12,16,31,14,124
MSTRG.4091|uroc1,28,11,34,84,31,131
MSTRG.4093|C3747_45g194,4,9,7,11,14,47
MSTRG.4094|KINH,21,11,8,27,30,82
MSTRG.4095|acyP,10,0,16,17,15,40
MSTRG.4096|KIF3A,25,17,14,53,49,117
MSTRG.4097|C3747_45g191,46,44,51,108,56,301
MSTRG.4100|hpcH,4,0,0,0,13,23
MSTRG.4102|AMPP,10,13,19,14,7,101
MSTRG.4103|TRSC58_03651,11,0,15,43,15,67
MSTRG.4105|TRSC58_04658,4,17,32,78,23,95
MSTRG.4106|ylyB,4,4,8,23,3,60
MSTRG.4380|TRSC58_00666,24,18,24,58,28,212
MSTRG.4396|TRSC58_03714,4,2,24,46,25,107
MSTRG.4381|uba3,3,0,39,27,23,65
MSTRG.4379|Cc2d2a,7,9,40,51,26,139
MSTRG.4382,0,13,1,47,9,36
MSTRG.4384|TRSC58_06620,8,4,9,24,22,41
MSTRG.4385|TcYC6_0084230,9,5,6,2,0,10
MSTRG.4386|TRSC58_05994,10,11,32,20,18,43
MSTRG.4387|TRSC58_03411,35,37,96,86,91,334
MSTRG.4388|QCR1,21,14,17,35,32,161
MSTRG.4389|bip1,3,18,21,49,11,152
MSTRG.4390|DQ04_04191010,15,12,54,87,87,250
MSTRG.4391|TcYC6_0084280,16,4,7,0,5,46
MSTRG.4392|DYL3,16,11,28,23,17,100
MSTRG.4393|DDI1,12,11,52,50,11,114
MSTRG.4394|TBCK,13,11,18,56,22,144
MSTRG.4395|REL1,10,7,28,29,15,63
MSTRG.4586|Os05g0125500,11,7,21,34,6,52
MSTRG.4587|xrn-2,14,13,38,33,28,129
MSTRG.4588|LINJ_20_0980,14,3,20,33,25,76
MSTRG.4142,3,34,83,12,68,380
MSTRG.4143,0,12,30,25,33,139
MSTRG.4145|Tb427_000705000,0,0,2,0,0,15
TrSC58v2_4262|gp63,0,0,0,0,1,0
TrSC58v2_4262.t1.e1|gp63,0,0,0,0,1,0
MSTRG.4151|TCSYLVIO_008580,0,0,0,5,0,2
MSTRG.4153|MKK1c,0,11,15,16,11,48
MSTRG.4154|FTSH8,0,0,23,13,19,53
MSTRG.4159|slc35e3,0,0,14,12,11,53
MSTRG.4160|eif4e,0,0,16,4,0,19
MSTRG.4161|C3747_211g339c,0,0,10,5,7,29
MSTRG.4162|TcYC6_0113060,0,0,9,18,0,19
MSTRG.4180|TRSC58_01095,0,5,7,19,14,62
MSTRG.4182|Elavl4,0,0,0,2,5,25
MSTRG.4184|KIN14B,0,15,8,70,11,143
MSTRG.4185|TRSC58_03205,0,10,5,11,0,9
MSTRG.4188|COX19,0,8,5,0,8,22
MSTRG.4189|TRSC58_00887,0,7,5,14,17,44
MSTRG.4197|Slc25a16,0,0,14,10,11,21
MSTRG.4199|APC10,0,0,8,15,0,31
MSTRG.4213|VPS53,0,12,13,27,9,77
MSTRG.4216|bre-1,0,4,9,15,11,25
MSTRG.4217|TRSC58_04463,0,3,4,3,0,30
MSTRG.4219|bre-1,0,7,6,13,6,30
MSTRG.4220|PILS5,0,0,10,6,9,30
MSTRG.4227|Ndufaf5,0,2,0,11,6,17
MSTRG.4233,0,0,19,136,0,345
MSTRG.4234|Grm3,0,12,23,34,22,46
MSTRG.4237|TRSC58_06331,0,2,4,9,4,13
MSTRG.4243|Tb10.61.1230,0,4,7,16,2,59
MSTRG.4248|TRSC58_02350,0,3,3,4,0,25
MSTRG.4250|washc3,0,4,3,29,7,33
MSTRG.4255|rpc11,0,0,0,0,0,4
MSTRG.4259|TcCL_Unassigned05768,0,0,0,0,0,4
TrSC58v2_4373|TcSYL_0122920,0,0,0,0,0,0
TrSC58v2_4373.t1.e1|TcSYL_0122920,0,0,0,0,0,0
TrSC58v2_4374|C3747_604g2,0,0,0,0,0,0
TrSC58v2_4374.t1.e1|C3747_604g2,0,0,0,0,0,0
TrSC58v2_4375|TcSYL_0122920,0,0,0,0,0,0
TrSC58v2_4375.t1.e1|TcSYL_0122920,0,0,0,0,0,0
TrSC58v2_4376|TcSYL_0122920,0,0,0,0,0,0
TrSC58v2_4376.t1.e1|TcSYL_0122920,0,0,0,0,0,0
TrSC58v2_4377|TcSYL_0122920,0,0,0,0,0,1
TrSC58v2_4377.t1.e1|TcSYL_0122920,0,0,0,0,0,1
TrSC58v2_4378|TcSYL_0122920,0,0,0,0,0,1
TrSC58v2_4378.t1.e1|TcSYL_0122920,0,0,0,0,0,1
TrSC58v2_4379|TcSYL_0122920,0,0,0,0,0,1
TrSC58v2_4379.t1.e1|TcSYL_0122920,0,0,0,0,0,1
TrSC58v2_4380|TcSYL_0122920,0,0,0,0,0,1
TrSC58v2_4380.t1.e1|TcSYL_0122920,0,0,0,0,0,1
TrSC58v2_4381|C3747_604g6,0,0,0,0,0,0
TrSC58v2_4381.t1.e1|C3747_604g6,0,0,0,0,0,0
TrSC58v2_4382|C3747_604g6,0,0,0,0,0,0
TrSC58v2_4382.t1.e1|C3747_604g6,0,0,0,0,0,0
TrSC58v2_4383|TcCL_Unassigned05768,0,0,0,0,0,1
TrSC58v2_4383.t1.e1|TcCL_Unassigned05768,0,0,0,0,0,1
MSTRG.4262|YAK1,0,0,0,15,4,20
MSTRG.4273|TRSC58_03893,0,0,2,7,3,11
TrSC58v2_4406|C3747_18g44,0,0,0,0,3,8
MSTRG.4281|C3747_18g44,0,0,0,12,4,13
TrSC58v2_4407|TcCL_ESM00663,0,0,0,0,4,17
MSTRG.4282|TcCL_ESM00663,0,0,0,0,5,8
TrSC58v2_4408|Tc_MARK_4782,0,0,0,5,0,10
MSTRG.4283|Tc_MARK_4782,0,4,4,7,4,12
MSTRG.4285,0,0,8,56,14,87
TrSC58v2_4420|BRIX1,0,10,4,6,2,18
MSTRG.4295|BRIX1,0,11,4,7,10,20
TrSC58v2_4422|TRSC58_00652,0,0,0,6,1,1
MSTRG.4297|TRSC58_00652,0,0,0,7,3,8
TrSC58v2_4423|rtf2,0,0,0,1,1,0
MSTRG.4298|rtf2,0,7,0,6,7,38
TrSC58v2_4425|Tc00.1047053511287.49,0,0,0,4,2,6
MSTRG.4300|Tc00.1047053511287.49,0,8,8,4,3,15
TrSC58v2_4446|B9d1,0,0,1,4,1,12
MSTRG.4324|B9d1,0,0,7,4,1,14
TrSC58v2_4448|NEK1,0,4,38,37,36,89
MSTRG.4327|NEK1,0,5,43,45,40,111
MSTRG.4326,0,0,0,26,6,9
MSTRG.4332,0,0,0,0,0,13
TrSC58v2_4455|TRSC58_01996,0,0,1,1,1,12
MSTRG.4334|TRSC58_01996,0,0,2,5,4,14
TrSC58v2_4457|TRSC58_02652,0,0,1,0,1,12
MSTRG.4336|TRSC58_02652,0,4,7,0,4,19
TrSC58v2_4458|TRSC58_05270,0,9,27,43,22,76
MSTRG.4337|TRSC58_05270,0,12,30,51,24,94
TrSC58v2_4463|slc25a26,0,0,1,1,2,8
MSTRG.4342|slc25a26,0,0,6,18,3,9
TrSC58v2_4464|fcpA,0,0,0,0,1,3
MSTRG.4343|fcpA,0,0,0,4,1,11
MSTRG.4142|GP85,4,2,2,4,3,2
MSTRG.4144,6,6,19,20,0,37
MSTRG.4142|SA85-1.1,32,50,125,196,113,309
MSTRG.4146|TCNA,84,105,132,332,179,705
MSTRG.4147|gp63,19,9,6,13,17,59
MSTRG.4148|TcCLB.511875.80,3,5,8,7,9,25
MSTRG.4149|TCNA,7,22,35,55,36,161
MSTRG.4150|GP85,8,12,15,18,18,37
MSTRG.4152|kctd6,15,3,14,13,20,57
MSTRG.4155|IMDH,34,29,29,32,30,121
MSTRG.4156|DNAAF10,5,6,2,24,17,78
MSTRG.4157|FKBP5,23,22,17,82,60,205
MSTRG.4158|TcBrA4_0086770,17,8,35,19,20,121
MSTRG.4163|cysJ,3,0,13,5,8,47
MSTRG.4164|MPK4,3,4,13,18,11,45
MSTRG.4165|Tc_MARK_4672,7,0,9,12,11,38
MSTRG.4166|EDS1B,4,3,19,3,32,52
MSTRG.4167|RMDN1,2,7,7,9,0,12
MSTRG.4168|SPT15,3,16,22,51,41,148
MSTRG.4169|MTPC1,4,4,4,28,4,46
MSTRG.4170|TRSC58_04618,4,0,11,11,19,50
MSTRG.4171|LPP1,4,0,17,2,5,48
MSTRG.4172|gup1,6,3,0,17,0,7
MSTRG.4173|gup1,11,5,9,18,18,39
MSTRG.4174|gup1,2,6,5,7,10,18
MSTRG.4175|TRSC58_06185,8,8,18,11,5,16
MSTRG.4176|TRSC58_04505,12,0,0,6,4,32
MSTRG.4177|TRSC58_03475,4,13,21,34,22,64
MSTRG.4178|TRSC58_07042,14,14,7,14,5,48
MSTRG.4179|PEX12,9,11,11,14,17,50
MSTRG.4181,3,9,11,7,0,50
MSTRG.4183|TRSC58_03186,4,0,3,10,8,49
MSTRG.4186|FCF1,5,0,2,13,0,23
MSTRG.4187|actr2-b,3,7,11,8,8,36
MSTRG.4190|TRSC58_06229,8,4,5,23,26,99
MSTRG.4191|TRSC58_03635,11,12,16,19,13,78
MSTRG.4192|Tc_MARK_4696,28,35,93,84,40,291
MSTRG.4193|TRSC58_01175,18,42,79,137,117,388
MSTRG.4194|CSTF1,8,8,9,47,13,48
MSTRG.4195|ANK1,25,25,45,56,43,232
MSTRG.4196|RPN9B,4,14,40,23,41,101
MSTRG.4198|TRSC58_06893,8,22,14,49,14,126
MSTRG.4200|C3747_2g297,40,31,50,88,51,185
MSTRG.4201|TcYC6_0113500,4,4,26,47,16,60
MSTRG.4202|TRSC58_01221,3,25,58,70,22,153
MSTRG.4203|truA,7,19,26,35,36,101
MSTRG.4204|MLST8,24,17,28,44,39,67
MSTRG.4205|RUFY2,6,8,9,36,23,64
MSTRG.4206|TRSC58_02014,4,12,18,18,7,22
MSTRG.4207|MIP,17,5,12,20,4,66
MSTRG.4208|Cdlc2,4,5,6,3,3,15
MSTRG.4209|C3747_2g287,4,23,27,21,20,86
MSTRG.4210|ssm4,15,3,26,66,10,110
MSTRG.4211|ARL8B,4,0,7,13,10,23
MSTRG.4212|C3747_2g284,24,12,35,67,46,233
MSTRG.4214|ABCF1,17,0,4,53,15,76
MSTRG.4215|SRP72,15,6,5,34,24,147
MSTRG.4218|MEMB11,3,4,34,9,8,36
MSTRG.4221|TRSC58_02747,7,4,35,27,7,47
MSTRG.4222|VPS36,3,7,23,2,38,69
MSTRG.4223|TRSC58_00758,4,0,12,4,10,43
MSTRG.4224|TRSC58_06115,3,2,4,19,8,26
MSTRG.4225|TRSC58_03687,8,2,15,8,17,37
MSTRG.4226|ANK1,13,12,49,33,25,69
MSTRG.4228|mdh,18,38,48,88,79,248
MSTRG.4229|Kif1c,6,23,41,49,59,138
MSTRG.4230|unc-104,11,22,24,49,27,88
MSTRG.4231|L374.02,6,7,11,17,6,12
MSTRG.4232|polr1c,8,12,19,18,9,71
MSTRG.4233|DHX35,16,21,63,14,70,107
MSTRG.4235|H3a,7,9,13,37,17,78
MSTRG.4236|TRSC58_05251,11,25,21,46,20,103
MSTRG.4238|TRSC58_00035,8,12,3,31,10,88
MSTRG.4239|DDB_G0279405,11,27,41,106,52,270
MSTRG.4240|TcYC6_0113930,25,9,26,44,68,129
MSTRG.4241|SPATA4,15,29,44,75,46,155
MSTRG.4242|metap1,2,5,12,36,11,50
MSTRG.4244|TRSC58_02476,5,10,14,58,20,72
MSTRG.4245|hutG,12,0,12,12,5,52
MSTRG.4246|C3747_2g234,32,14,35,57,29,218
MSTRG.4247|TRSC58_04969,19,10,16,46,14,83
MSTRG.4249|TRSC58_04090,5,0,19,6,7,61
MSTRG.4251|TRSC58_00406,7,7,22,35,43,91
MSTRG.4252|nap1l1,33,19,64,112,66,260
MSTRG.4253|Tc_MARK_4756,15,16,9,12,27,85
MSTRG.4254|TcYC6_0114080,8,14,12,45,43,83
MSTRG.4256|TRSC58_04509,8,6,13,5,8,34
MSTRG.4257|SEC22,17,0,10,32,12,82
MSTRG.4258|RPS13,19,34,46,113,78,397
MSTRG.4260|katnb1,13,23,22,90,19,142
MSTRG.4261|TRSC58_06396,14,5,13,25,8,44
MSTRG.4263|Tc00.1047053511291.30,14,10,33,76,28,119
MSTRG.4264|CAPS,3,7,4,11,12,31
MSTRG.4265|Ift80,19,19,27,32,39,113
MSTRG.4266|Ift52,22,24,50,71,51,233
MSTRG.4267|At5g36290,3,0,4,31,3,23
MSTRG.4268|TRSC58_00782,9,4,27,79,52,160
MSTRG.4269|TRSC58_01118,19,10,21,67,10,143
MSTRG.4270|EHD1,9,17,24,19,28,76
MSTRG.4271|KIN14E,7,4,17,41,26,99
MSTRG.4272|CEP104,4,23,17,8,17,52
MSTRG.4274|Ndufa6,16,5,27,49,32,96
MSTRG.4275|dpmaD,4,4,7,3,14,32
TrSC58v2_4399|dpmaD,0,0,5,3,13,26
TrSC58v2_4400|AAC3,12,3,9,7,13,41
MSTRG.4276|AAC3,1,3,11,10,11,34
MSTRG.4277,9,3,14,30,31,89
TrSC58v2_4401|AAC3,4,1,4,2,2,4
MSTRG.4277|AAC3,9,6,11,6,6,17
TrSC58v2_4402|AAC3,4,5,12,11,13,51
MSTRG.4278|AAC3,8,12,16,22,17,55
TrSC58v2_4403|AAC3,7,1,12,10,14,47
MSTRG.4279|MBF1C,6,14,7,18,8,18
TrSC58v2_4404|MBF1C,1,1,6,17,7,16
MSTRG.4280|MAK,6,3,12,28,9,55
TrSC58v2_4405|MAK,4,2,11,4,8,51
MSTRG.4284|prlA,26,15,18,58,48,93
TrSC58v2_4409|prlA,1,0,16,52,40,78
MSTRG.4285|mkkA,11,4,12,2,8,6
TrSC58v2_4410|mkkA,1,2,3,2,2,6
MSTRG.4286|CRK7,8,15,13,17,14,67
TrSC58v2_4411|CRK7,6,0,11,17,12,61
MSTRG.4287|Stx7,6,4,5,13,8,20
TrSC58v2_4412|Stx7,0,0,4,11,0,17
MSTRG.4288|Fib,3,4,15,4,10,27
TrSC58v2_4413|Fib,1,0,0,0,0,4
MSTRG.4289|TRSC58_00155,22,4,6,32,35,70
TrSC58v2_4414|TRSC58_00155,0,1,5,17,31,58
MSTRG.4290|dnaJ,6,10,6,64,26,86
TrSC58v2_4415|dnaJ,5,8,5,1,21,74
MSTRG.4291|C3747_18g53,1,7,23,26,14,46
TrSC58v2_4416|C3747_18g53,1,0,1,17,1,38
MSTRG.4292|RS2,63,44,78,141,71,476
TrSC58v2_4417|RS2,52,33,64,111,63,356
MSTRG.4293|TRSC58_05604,9,0,38,30,34,67
TrSC58v2_4418|TRSC58_05604,7,0,1,24,1,53
MSTRG.4294|TRSC58_00821,3,2,9,28,15,40
TrSC58v2_4419|TRSC58_00821,3,1,2,3,2,34
MSTRG.4296|TRSC58_04382,1,3,17,22,9,17
TrSC58v2_4421|TRSC58_04382,1,2,0,5,8,15
MSTRG.4299|NLRC3,7,4,15,68,17,65
TrSC58v2_4424|NLRC3,5,3,13,9,12,29
MSTRG.4301|TM35_000032870,8,8,3,7,2,39
TrSC58v2_4426|TM35_000032870,1,6,0,5,1,35
MSTRG.4302|RS2,43,32,59,99,53,323
TrSC58v2_4427|RS2,33,24,34,67,37,208
MSTRG.4303|TRSC58_04459,3,4,7,8,3,10
TrSC58v2_4428|TRSC58_04459,2,0,0,7,1,8
MSTRG.4304|Rpl17,56,33,89,119,49,452
TrSC58v2_4429|Rpl17,39,25,62,74,75,257
MSTRG.4305|morn3,5,5,14,8,0,32
TrSC58v2_4430|morn3,3,5,12,6,0,28
MSTRG.4306|TRSC58_06318,4,4,3,11,5,54
TrSC58v2_4431|TRSC58_06318,4,0,3,8,4,44
MSTRG.4307|TRSC58_01797,4,5,17,11,10,17
TrSC58v2_4432|TRSC58_01797,0,4,15,9,7,15
MSTRG.4309|DBP1,29,19,42,54,38,93
TrSC58v2_4433|DBP1,25,17,37,67,31,84
MSTRG.4308,26,7,6,32,5,59
MSTRG.4310,11,11,36,49,40,100
MSTRG.4311,16,28,20,19,30,48
MSTRG.4312|DQ04_05661050,3,1,3,2,1,9
TrSC58v2_4434|DQ04_05661050,1,1,2,2,1,8
MSTRG.4313|RPN8B,2,3,23,8,17,41
TrSC58v2_4435|RPN8B,1,3,0,7,1,33
MSTRG.4314|DQ04_05661050,3,1,3,4,1,8
TrSC58v2_4436|DQ04_05661050,1,1,2,3,1,8
MSTRG.4315|RPN8B,2,3,26,8,16,42
TrSC58v2_4437|RPN8B,1,3,2,7,1,36
MSTRG.4316|TRSC58_00151,3,4,13,11,8,43
TrSC58v2_4438|TRSC58_00151,2,3,9,10,0,3
MSTRG.4317|Tc00.1047053511285.50,4,0,17,32,17,86
TrSC58v2_4439|Tc00.1047053511285.50,3,0,14,28,14,78
MSTRG.4318|TRSC58_03837,11,4,4,19,7,38
TrSC58v2_4440|TRSC58_03837,9,3,2,3,0,35
MSTRG.4319|TRSC58_03617,8,8,25,17,22,75
TrSC58v2_4441|TRSC58_03617,6,0,23,14,19,61
MSTRG.4320|TRSC58_00398,14,14,12,19,22,100
TrSC58v2_4442|TRSC58_00398,12,10,9,16,15,86
MSTRG.4321|TCDM_00462,6,3,8,29,22,41
TrSC58v2_4443|TCDM_00462,4,3,5,6,19,38
TrSC58v2_4444|Ift140,12,5,14,38,21,111
MSTRG.4322|Ift140,12,6,14,51,26,131
MSTRG.4323|Lrrc57,18,11,19,29,13,67
TrSC58v2_4445|Lrrc57,13,7,17,25,11,58
MSTRG.4325|TRSC58_02996,13,7,50,31,27,99
TrSC58v2_4447|TRSC58_02996,9,5,25,26,24,95
MSTRG.4328|C4B63_4g111,3,3,0,4,4,14
TrSC58v2_4449|C4B63_4g111,2,2,0,3,1,4
MSTRG.4329|TRSC58_06088,10,8,20,46,27,68
TrSC58v2_4450|TRSC58_06088,7,6,15,37,34,59
MSTRG.4330|TRSC58_05677,9,3,20,26,28,85
TrSC58v2_4451|TRSC58_05677,7,0,14,23,19,73
MSTRG.4331|SSRP1,6,13,28,31,47,102
TrSC58v2_4452|SSRP1,3,9,25,29,2,85
MSTRG.4332|TRSC58_03731,5,4,4,18,15,24
TrSC58v2_4453|TRSC58_03731,0,3,0,4,2,26
MSTRG.4333|hspB,6,8,7,16,5,48
TrSC58v2_4454|hspB,5,6,7,14,3,41
MSTRG.4335|Snrpa1,4,7,25,15,30,57
TrSC58v2_4456|Snrpa1,4,6,0,13,0,4
MSTRG.4338|UTP14A,9,14,26,49,20,100
TrSC58v2_4459|UTP14A,8,11,19,42,19,95
MSTRG.4339|ODAD2,7,7,12,8,12,50
TrSC58v2_4460|ODAD2,5,6,11,7,11,40
MSTRG.4340|TRSC58_02736,9,3,19,31,21,73
TrSC58v2_4461|TRSC58_02736,8,0,1,2,18,61
MSTRG.4341|M3KE1,6,5,13,31,13,47
TrSC58v2_4462|M3KE1,4,4,13,29,11,40
MSTRG.4774|MRM1,5,15,0,11,7,74
MSTRG.4775|TRSC58_05232,28,11,46,45,32,126
MSTRG.4776|Tc_MARK_633,28,0,25,33,11,114
MSTRG.4777|BRN1,16,39,56,44,37,168
MSTRG.4779|TRSC58_05640,12,12,64,67,31,179
MSTRG.4778|nadK,11,6,16,70,24,139
MSTRG.4782|TCSYLVIO_001816,4,0,13,22,5,33
MSTRG.4780|TRSC58_04619,4,7,10,20,7,52
MSTRG.4781|TRSC58_04921,7,0,9,21,11,63
TrSC58v2_4920|ESAG4,2,0,2,5,4,13
MSTRG.4787|ESAG4,2,2,2,3,5,11
TrSC58v2_4921|TRSC58_06059,1,1,2,1,1,2
MSTRG.4788|TRSC58_06059,1,1,1,1,1,3
MSTRG.4789|ESAG4,18,2,2,3,2,9
TrSC58v2_4922|ESAG4,0,2,1,1,1,11
MSTRG.4783,99,128,223,446,197,1017
MSTRG.4783|RPL19B,50,126,69,34,75,270
MSTRG.4784|TRSC58_05378,7,7,3,0,5,25
MSTRG.4755|C3747_54g172,0,5,16,20,4,48
MSTRG.4762|TRSC58_04693,0,0,9,10,13,20
MSTRG.4752|MIB2,32,11,46,56,39,183
MSTRG.4753|TRSC58_06392,38,27,32,31,39,154
MSTRG.4754|TRSC58_03301,46,56,38,121,73,253
MSTRG.4756|TRSC58_02334,5,3,6,22,13,49
MSTRG.4757|TRSC58_06635,20,15,33,77,43,158
MSTRG.4758|TRSC58_06700,7,12,18,31,10,45
MSTRG.4759|cas1,13,17,47,41,30,97
MSTRG.4760|ANP2,38,18,32,101,79,193
MSTRG.4761|TcBrA4_0088210,2,0,6,3,5,8
MSTRG.4763|armt1,8,11,27,31,16,79
MSTRG.4764|TCDM_01838,7,7,29,35,12,55
MSTRG.4765|TCSYLVIO_001830,23,30,70,149,66,292
MSTRG.4766|RPL23A,17,37,38,74,66,181
MSTRG.4767|RPL23A,18,35,35,70,58,174
MSTRG.4768|RPL23A,22,27,34,54,34,165
MSTRG.4769|TRSC58_07029,7,12,15,25,15,45
MSTRG.4770|TRSC58_02843,16,0,10,30,14,53
MSTRG.4771|TRSC58_02299,24,13,62,76,45,168
MSTRG.4772|bivm,28,19,35,56,9,144
MSTRG.4773|TRSC58_05769,3,4,9,8,3,45
MSTRG.4791,0,0,0,0,0,23
MSTRG.4791|TRSC58_07029,10,5,8,48,27,37
TrSC58v2_4923|TRSC58_07029,1,1,1,11,1,7
MSTRG.4790,6,19,17,36,41,70
MSTRG.4792,9,13,15,31,11,79
MSTRG.4793,17,6,25,35,7,83
MSTRG.4404|LACS9,0,11,14,40,15,70
MSTRG.4410|MFSD5,0,0,9,12,13,30
MSTRG.4411|TRSC58_05155,0,9,11,22,4,33
MSTRG.4422|TRSC58_05422,0,2,9,10,9,5
TrSC58v2_4540|PPX1,0,0,0,6,0,25
MSTRG.4423|PPX1,0,0,5,7,12,34
TrSC58v2_4541|TcYC6_0084630,0,0,1,1,1,18
MSTRG.4424|TcYC6_0084630,0,0,12,10,15,15
TrSC58v2_4544|TRX3,0,0,4,3,0,10
MSTRG.4427|TRX3,0,0,4,4,3,14
TrSC58v2_4545|TRSC58_01823,0,1,0,3,0,20
MSTRG.4428|TRSC58_01823,0,3,6,25,0,22
TrSC58v2_4547|Ercc6l,0,0,9,5,5,34
MSTRG.4430|Ercc6l,0,8,11,7,6,40
TrSC58v2_4549|TRSC58_06012,0,0,1,3,1,13
MSTRG.4432|TRSC58_06012,0,0,4,3,9,16
TrSC58v2_4556|TRSC58_03778,0,0,3,4,0,12
MSTRG.4439|TRSC58_03778,0,0,3,5,0,12
TrSC58v2_4557|TRSC58_03761,0,0,0,5,1,13
MSTRG.4440|TRSC58_03761,0,0,0,6,2,14
TrSC58v2_4558|TRSC58_02321,0,1,0,1,0,2
MSTRG.4441|TRSC58_02321,0,3,0,3,0,5
TrSC58v2_4562|wbnK,0,0,0,0,2,27
MSTRG.4445|wbnK,0,4,0,4,9,34
TrSC58v2_4564|TRSC58_00550,0,1,2,3,1,4
MSTRG.4447|TRSC58_00550,0,9,7,5,21,33
TrSC58v2_4568|TRSC58_00654,0,6,6,16,11,54
MSTRG.4451|TRSC58_00654,0,7,8,14,14,61
TrSC58v2_4570,0,0,0,0,0,0
TrSC58v2_4570.t1.e1,0,0,0,0,0,0
TrSC58v2_4571|EMOLV88_060018100,0,0,0,0,0,0
TrSC58v2_4571.t1.e1|EMOLV88_060018100,0,0,0,0,0,0
TrSC58v2_4575|BCK1,0,5,5,0,0,24
MSTRG.4456|BCK1,0,7,7,8,12,29
TrSC58v2_4576|DQ04_03041060,0,0,1,1,1,2
MSTRG.4457|DQ04_03041060,0,0,2,1,2,2
TrSC58v2_4578|bloc1s2,0,0,1,5,8,18
MSTRG.4459|bloc1s2,0,0,2,6,7,20
TrSC58v2_4580|TRSC58_01477,0,0,5,1,1,10
MSTRG.4461|TRSC58_01477,0,0,6,4,2,10
TrSC58v2_4584|TRSC58_05927,0,1,0,0,3,11
MSTRG.4466|TRSC58_05927,0,1,12,0,4,13
TrSC58v2_4591|TRSC58_06610,0,0,2,1,0,1
MSTRG.4473|TRSC58_06610,0,12,3,2,5,29
TrSC58v2_4598|TRSC58_02247,0,1,1,1,1,3
MSTRG.4480|TRSC58_02247,0,6,7,12,8,47
TrSC58v2_4601|TRSC58_01685,0,6,1,2,1,8
MSTRG.4483|TRSC58_01685,0,7,2,3,6,9
MSTRG.4484,0,0,0,37,0,180
TrSC58v2_4603|DYN1,0,5,8,30,5,45
MSTRG.4485|DYN1,0,6,11,35,6,52
TrSC58v2_4604|C3747_126g138,0,0,2,3,2,5
MSTRG.4486|C3747_126g138,0,4,3,8,8,11
MSTRG.4487,28,95,118,389,253,675
TrSC58v2_4608|TRSC58_06377,0,2,3,0,1,1
MSTRG.4490|TRSC58_06377,0,2,5,4,7,17
TrSC58v2_4615|TRSC58_04858,0,0,2,4,2,2
MSTRG.4496|TRSC58_04858,0,0,2,5,8,2
TrSC58v2_4618|TRSC58_04745,0,0,1,0,0,10
MSTRG.4499|TRSC58_04745,0,0,4,0,0,13
MSTRG.4501,0,2,8,13,11,28
TrSC58v2_4632|TcYC6_0086360,0,1,1,2,3,8
MSTRG.4515|TcYC6_0086360,0,2,7,11,6,9
MSTRG.4522,0,0,0,13,3,22
TrSC58v2_4652.t1.e1|gp63,0,0,0,0,0,1
TrSC58v2_4652|gp63,0,0,0,0,0,1
TrSC58v2_4653.t1.e1|gp63,0,0,0,0,0,1
TrSC58v2_4653|gp63,0,0,0,1,0,2
TrSC58v2_4654.t1.e1|gp63,0,0,0,1,0,0
TrSC58v2_4654|gp63,0,0,0,1,0,1
TrSC58v2_4655.t1.e1|gp63,0,0,0,0,0,0
TrSC58v2_4655|gp63,0,0,0,0,0,1
TrSC58v2_4656.t1.e1|gp63,0,0,0,0,0,0
TrSC58v2_4656|gp63,0,0,0,1,0,1
TrSC58v2_4663|TRSC58_02528,0,0,0,0,0,16
MSTRG.4529|TRSC58_02528,0,7,6,31,30,21
TrSC58v2_4664|TRSC58_02349,0,3,16,35,23,1
MSTRG.4530|TRSC58_02349,0,4,18,42,28,107
TrSC58v2_4665|TcBrA4_0095970,0,1,1,1,0,8
MSTRG.4531|TcBrA4_0095970,0,5,2,4,0,10
TrSC58v2_4670|TRSC58_01984,0,0,0,0,1,2
MSTRG.4536|TRSC58_01984,0,0,0,0,11,30
TrSC58v2_4678|TcCL_Unassigned05170,0,0,2,4,3,3
MSTRG.4544|TcCL_Unassigned05170,0,0,2,4,2,4
TrSC58v2_4683|TRSC58_02021,0,1,0,0,1,6
MSTRG.4549|TRSC58_02021,0,4,2,0,11,5
TrSC58v2_4684|PIS1,0,0,0,2,1,3
MSTRG.4550|PIS1,0,0,3,3,4,3
TrSC58v2_4687|TRSC58_03896,0,2,0,2,1,12
MSTRG.4553|TRSC58_03896,0,3,0,4,2,13
TrSC58v2_4688|MIMI_L780,0,5,1,2,3,2
MSTRG.4554|MIMI_L780,0,7,4,12,4,47
TrSC58v2_4695|TCDM_08506,0,0,0,2,1,3
MSTRG.4561|TCDM_08506,0,0,0,9,2,3
MSTRG.4572,0,2,17,20,16,103
TrSC58v2_4706|TRSC58_04448,0,0,1,0,0,6
MSTRG.4573|TRSC58_04448,0,0,3,4,3,6
TrSC58v2_4708|TRSC58_02012,0,0,0,1,0,14
MSTRG.4575|TRSC58_02012,0,0,0,2,12,17
TrSC58v2_4711|dph3,0,1,0,1,1,9
MSTRG.4578|dph3,0,3,0,3,5,12
MSTRG.4397|sfxn,28,41,41,62,44,176
MSTRG.4398|TRSC58_00321,4,17,14,22,25,85
MSTRG.4399,4,0,8,9,4,40
MSTRG.4400|TRSC58_06923,9,11,29,15,7,72
MSTRG.4401|TRSC58_02262,21,21,24,47,23,64
MSTRG.4402|ACSL3,11,4,16,33,21,43
MSTRG.4403|LACS8,9,18,62,93,57,231
MSTRG.4405|ACSL3,16,11,41,34,27,169
MSTRG.4406|LACS8,27,29,37,58,44,131
MSTRG.4407,10,6,50,81,56,99
MSTRG.4408|C4B63_85g50,123,80,193,372,196,674
MSTRG.4409|pncA,8,10,22,33,9,60
MSTRG.4412|SPAC16E8.13,8,11,29,29,37,95
MSTRG.4413|RPS7,59,95,112,220,96,534
MSTRG.4414|RPS7,55,84,95,191,93,541
MSTRG.4415|TRSC58_03255,5,13,15,41,12,65
MSTRG.4416|TRSC58_00085,38,42,56,102,67,217
MSTRG.4417|TRSC58_05005,2,0,0,13,2,33
MSTRG.4418|C4B63_85g319c,7,4,14,15,17,31
MSTRG.4419|TM35_000062200,6,2,5,11,3,16
MSTRG.4420|TRSC58_07011,14,11,17,18,16,54
MSTRG.4421|TRSC58_05979,4,0,3,31,10,54
MSTRG.4425|rpusd4,7,0,12,8,1,13
TrSC58v2_4542|rpusd4,6,0,0,7,1,14
MSTRG.4426|TRSC58_02437,9,0,0,7,4,16
TrSC58v2_4543|TRSC58_02437,0,0,0,7,0,13
MSTRG.4429|TRSC58_00871,4,15,14,28,11,55
TrSC58v2_4546|TRSC58_00871,0,1,11,22,9,48
MSTRG.4431|ENGASE,21,12,24,51,18,83
TrSC58v2_4548|ENGASE,4,11,20,43,15,68
MSTRG.4433|PPIL6,3,6,10,15,12,49
TrSC58v2_4550|PPIL6,3,2,5,14,11,47
MSTRG.4434|SPAC11H11.03c,19,7,15,35,22,49
TrSC58v2_4551|SPAC11H11.03c,15,5,11,31,17,45
MSTRG.4435|arsC,16,9,0,8,10,24
TrSC58v2_4552|arsC,0,2,0,0,0,21
MSTRG.4436|Tb09.160.2110,11,5,5,15,10,42
TrSC58v2_4553|Tb09.160.2110,1,0,5,14,9,41
MSTRG.4437|Clcn3,3,4,5,12,10,56
TrSC58v2_4554|Clcn3,0,3,4,8,8,43
MSTRG.4438|TRSC58_01329,13,5,8,23,8,53
TrSC58v2_4555|TRSC58_01329,12,4,7,19,7,45
MSTRG.4442|TRSC58_01932,10,8,12,19,15,23
TrSC58v2_4559|TRSC58_01932,1,0,11,16,13,20
MSTRG.4443|TRSC58_05556,10,8,10,24,11,53
TrSC58v2_4560|TRSC58_05556,7,0,7,22,8,48
MSTRG.4444|glrx5,4,1,4,9,9,16
TrSC58v2_4561|glrx5,2,1,0,8,0,15
MSTRG.4446|Cmpk2,1,0,7,4,2,21
TrSC58v2_4563|Cmpk2,1,0,6,1,1,1
MSTRG.4448|TRSC58_05366,6,0,17,30,14,68
TrSC58v2_4565|TRSC58_05366,4,0,14,28,12,65
MSTRG.4449|TRSC58_00552,3,0,15,0,5,31
TrSC58v2_4566|TRSC58_00552,1,0,1,0,4,3
MSTRG.4450|KIN13A,6,9,32,58,10,49
TrSC58v2_4567|KIN13A,5,6,0,1,7,4
MSTRG.4452|TRSC58_06545,20,17,52,51,36,136
TrSC58v2_4569|TRSC58_06545,14,13,45,58,31,118
MSTRG.4453|TcYC6_0085630,1,18,8,25,20,42
TrSC58v2_4572|TcYC6_0085630,1,0,7,4,0,38
MSTRG.4454|TRSC58_04017,6,0,9,30,26,36
TrSC58v2_4573|TRSC58_04017,0,0,8,26,21,30
MSTRG.4455|TRSC58_04499,2,4,7,5,11,35
TrSC58v2_4574|TRSC58_04499,1,0,6,4,0,30
MSTRG.4458|TRSC58_04249,13,14,36,28,14,65
TrSC58v2_4577|TRSC58_04249,0,13,1,24,15,50
MSTRG.4460|TRSC58_06181,26,9,18,43,14,59
TrSC58v2_4579|TRSC58_06181,24,2,16,34,13,49
MSTRG.4462|TcCL_ESM01501,6,12,10,3,8,26
TrSC58v2_4581|TcCL_ESM01501,0,0,8,1,0,2
MSTRG.4463|TRSC58_05686,4,2,10,5,6,33
TrSC58v2_4582|TRSC58_05686,3,2,8,5,6,27
MSTRG.4464|gp63,19,4,5,7,0,80
TrSC58v2_4583|gp63,0,0,4,5,0,1
MSTRG.4465,9,9,29,11,16,43
MSTRG.4467|C3747_95g85,3,0,9,1,4,10
TrSC58v2_4585|C3747_95g85,0,0,2,1,3,1
MSTRG.4468|At3g06530,30,21,76,111,47,164
TrSC58v2_4586|At3g06530,23,17,61,95,41,152
MSTRG.4469|ogt,4,0,4,8,12,22
TrSC58v2_4587|ogt,0,0,0,1,0,20
MSTRG.4470|RREB1,16,4,6,13,12,51
TrSC58v2_4588|RREB1,1,0,4,10,1,44
MSTRG.4471|Mapre3,8,18,7,19,14,61
TrSC58v2_4589|Mapre3,6,0,6,13,9,54
MSTRG.4472|TRSC58_05391,12,18,39,77,50,151
TrSC58v2_4590|TRSC58_05391,10,15,33,66,44,144
MSTRG.4474|TRSC58_04491,10,4,5,12,6,31
TrSC58v2_4592|TRSC58_04491,3,0,5,10,5,26
MSTRG.4475|elmoB,4,13,4,23,14,33
TrSC58v2_4593|elmoB,4,12,0,2,1,29
MSTRG.4476|TRSC58_01744,14,7,17,19,14,44
TrSC58v2_4594|TRSC58_01744,13,5,14,16,11,39
MSTRG.4477,6,0,4,2,4,19
TrSC58v2_4595,0,0,0,2,1,1
MSTRG.4478|C3747_95g99,30,15,39,49,25,95
TrSC58v2_4596|C3747_95g99,28,12,36,46,25,84
MSTRG.4479|TRSC58_04385,6,5,10,18,17,67
TrSC58v2_4597|TRSC58_04385,5,4,8,13,19,52
MSTRG.4481|XPO7,14,3,12,42,31,164
TrSC58v2_4599|XPO7,10,2,10,38,27,8
MSTRG.4482|DOHH,11,12,10,10,11,47
TrSC58v2_4600|DOHH,1,1,8,9,8,40
MSTRG.4484|KATIP,7,15,18,8,13,11
TrSC58v2_4602|KATIP,0,11,14,6,10,10
MSTRG.4487|TcYC6_0085960,37,14,165,20,50,243
TrSC58v2_4605|TcYC6_0085960,5,10,23,15,13,107
MSTRG.4488|HCC1,8,13,21,31,12,49
TrSC58v2_4606|HCC1,7,3,2,1,0,41
MSTRG.4489|TcG_04707,3,5,10,15,4,12
TrSC58v2_4607|TcG_04707,0,0,1,14,3,11
MSTRG.4492|C3747_126g144,3,10,12,24,2,32
TrSC58v2_4609|C3747_126g144,2,9,2,22,2,30
MSTRG.4491,34,27,32,68,50,265
MSTRG.4493|TRSC58_00811,6,20,22,3,13,25
TrSC58v2_4612|TRSC58_00811,0,0,0,2,11,21
TrSC58v2_4613|TRSC58_03821,3,0,9,5,5,14
MSTRG.4494|TRSC58_03821,2,5,12,6,5,16
MSTRG.4495|DQ04_15361000,6,9,16,11,13,30
TrSC58v2_4614|DQ04_15361000,1,9,1,10,11,24
MSTRG.4497|TRSC58_03844,4,14,19,93,18,77
TrSC58v2_4616|TRSC58_03844,3,10,15,2,16,72
MSTRG.4498|Slc66a2,8,6,17,10,12,37
TrSC58v2_4617|Slc66a2,7,5,15,9,10,33
MSTRG.4500|nek9,9,24,26,71,26,106
TrSC58v2_4619|nek9,7,20,23,65,21,99
MSTRG.4502|ulp1,5,0,11,17,14,49
TrSC58v2_4620|ulp1,4,0,8,12,12,44
MSTRG.4503|TRSC58_00896,3,6,6,2,2,25
TrSC58v2_4621|TRSC58_00896,1,2,6,2,1,22
MSTRG.4504|BSU1,11,7,16,37,30,63
TrSC58v2_4622|BSU1,8,6,13,28,27,57
MSTRG.4505|Camk1,14,5,10,27,13,33
TrSC58v2_4623|Camk1,12,4,7,18,11,24
MSTRG.4506|TRSC58_05562,8,24,21,33,19,120
TrSC58v2_4624|TRSC58_05562,7,17,19,34,17,97
MSTRG.4507|Tc_MARK_6419,5,8,22,14,5,34
TrSC58v2_4625|Tc_MARK_6419,2,0,4,12,5,30
MSTRG.4508|DQ04_05181030,3,0,6,8,0,21
TrSC58v2_4626|DQ04_05181030,2,0,1,2,0,19
MSTRG.4509|TcYC6_0086230,4,4,31,24,9,47
TrSC58v2_4627|TcYC6_0086230,0,0,1,0,7,0
MSTRG.4510|PF10_0343,10,7,8,13,10,42
TrSC58v2_4628|PF10_0343,7,0,7,11,10,37
MSTRG.4511|PF10_0343,3,10,6,28,17,46
TrSC58v2_4629|PF10_0343,0,7,4,20,11,39
MSTRG.4512,6,4,14,18,7,43
MSTRG.4513|TRSC58_01403,9,8,15,16,18,60
TrSC58v2_4630|TRSC58_01403,7,6,10,13,14,48
MSTRG.4514|Arfrp1,7,0,5,11,4,61
TrSC58v2_4631|Arfrp1,0,0,4,10,2,2
MSTRG.4516|Yipf7,7,3,11,6,20,23
TrSC58v2_4633|Yipf7,1,2,9,0,17,21
MSTRG.4517|TRSC58_00943,12,9,22,18,19,98
TrSC58v2_4634|TRSC58_00943,0,0,15,16,0,3
MSTRG.4518|RpL38,16,11,22,59,20,123
TrSC58v2_4635|RpL38,4,11,20,49,14,97
MSTRG.4519|TRSC58_06890,10,3,9,22,9,25
TrSC58v2_4636|TRSC58_06890,9,0,7,19,7,19
MSTRG.4520|MIMI_R141,4,7,0,7,0,52
TrSC58v2_4637|MIMI_R141,3,2,0,6,0,49
MSTRG.4521|kynU,20,9,15,32,10,111
TrSC58v2_4638|kynU,0,1,11,28,8,5
MSTRG.4523|TRSC58_03828,8,3,39,16,20,66
TrSC58v2_4639|TRSC58_03828,6,3,37,12,22,57
MSTRG.4524,14,2,15,20,24,44
TrSC58v2_4640,3,2,1,0,1,9
TrSC58v2_4641|gp63,1,0,0,1,1,1
TrSC58v2_4641.t1.e1|gp63,0,0,0,0,1,0
TrSC58v2_4642|gp63,1,0,0,1,1,1
TrSC58v2_4642.t1.e1|gp63,0,0,0,1,1,0
TrSC58v2_4649|gp63,1,0,0,1,1,1
TrSC58v2_4649.t1.e1|gp63,0,0,0,1,1,1
MSTRG.4525|BCY84_04314,22,23,20,21,7,39
TrSC58v2_4657|BCY84_04314,0,0,9,0,6,32
MSTRG.4526|STXBP1,2,5,8,9,11,60
TrSC58v2_4660|STXBP1,1,4,6,9,9,55
MSTRG.4527|TRSC58_03325,11,8,11,16,12,66
TrSC58v2_4661|TRSC58_03325,0,6,9,14,1,60
MSTRG.4528|SPAC26A3.11,9,0,5,9,7,70
TrSC58v2_4662|SPAC26A3.11,0,0,0,8,5,8
MSTRG.4532|TRSC58_00164,2,10,8,4,4,10
TrSC58v2_4666|TRSC58_00164,1,2,2,0,0,9
MSTRG.4533|Smp_129340,10,2,12,22,23,91
TrSC58v2_4667|Smp_129340,9,2,9,18,21,2
MSTRG.4534|RPL35,12,17,29,62,44,167
TrSC58v2_4668|RPL35,10,15,22,45,37,145
MSTRG.4535|RPL35,9,14,23,51,29,137
TrSC58v2_4669|RPL35,8,12,18,41,23,92
MSTRG.4537|SCFD1,6,11,10,16,25,66
TrSC58v2_4671|SCFD1,5,8,8,11,23,56
MSTRG.4538|HERC1,16,11,24,78,52,155
TrSC58v2_4672|HERC1,13,10,19,63,65,141
MSTRG.4539|TcYC6_0086610,46,22,62,141,61,328
TrSC58v2_4673|TcYC6_0086610,36,20,55,124,54,262
MSTRG.4540|TcYC6_0086620,12,9,13,12,11,57
TrSC58v2_4674|TcYC6_0086620,9,7,12,9,9,54
MSTRG.4541|Pxmp4,3,5,4,8,13,44
TrSC58v2_4675|Pxmp4,2,1,4,7,3,39
MSTRG.4542|TRSC58_04488,6,1,5,4,8,32
TrSC58v2_4676|TRSC58_04488,0,1,0,3,6,29
MSTRG.4543|TRSC58_05091,4,11,4,16,10,46
TrSC58v2_4677|TRSC58_05091,0,9,0,1,3,42
MSTRG.4545|brcc3,3,5,8,5,1,17
TrSC58v2_4679|brcc3,0,0,0,6,1,4
MSTRG.4546|aurK,11,0,5,25,0,26
TrSC58v2_4680|aurK,0,0,4,0,0,23
MSTRG.4547|TcYC6_0087040,8,6,12,19,5,63
TrSC58v2_4681|TcYC6_0087040,0,5,1,17,5,52
MSTRG.4548|TRSC58_00209,11,5,8,15,16,25
TrSC58v2_4682|TRSC58_00209,1,0,7,12,2,36
MSTRG.4551|TRSC58_03712,21,16,47,83,48,190
TrSC58v2_4685|TRSC58_03712,18,14,32,71,37,178
MSTRG.4552|PIP5K8,6,0,11,35,15,44
TrSC58v2_4686|PIP5K8,5,0,8,2,13,40
MSTRG.4555|CDPK3,9,11,10,13,12,26
TrSC58v2_4689|CDPK3,1,10,8,12,0,18
MSTRG.4556|TRSC58_06326,4,15,43,39,17,92
TrSC58v2_4690|TRSC58_06326,0,13,1,32,15,71
MSTRG.4557|PPP3CA,6,4,23,16,10,38
TrSC58v2_4691|PPP3CA,4,3,1,14,1,34
MSTRG.4558|TRSC58_05795,2,10,18,6,12,29
TrSC58v2_4692|TRSC58_05795,2,8,16,5,9,24
MSTRG.4559|TRSC58_04882,6,5,24,21,13,86
TrSC58v2_4693|TRSC58_04882,5,4,20,19,12,76
MSTRG.4560|ddl,3,14,27,39,24,42
TrSC58v2_4694|ddl,2,1,2,30,0,35
MSTRG.4562|NEK5,5,5,8,18,12,28
TrSC58v2_4696|NEK5,4,4,6,15,3,29
MSTRG.4563|TRSC58_03523,5,8,11,7,7,34
TrSC58v2_4697|TRSC58_03523,1,7,1,6,6,27
MSTRG.4564|TcYC6_0086870,4,5,18,15,14,20
TrSC58v2_4698|TcYC6_0086870,0,6,2,3,1,24
MSTRG.4565|TcBrA4_0097350,21,9,19,35,24,98
TrSC58v2_4699|TcBrA4_0097350,15,12,14,31,28,116
MSTRG.4567,16,12,19,42,17,134
TrSC58v2_4700|TRSC58_05467,1,5,1,8,1,24
MSTRG.4568|TRSC58_05467,1,6,4,7,12,22
MSTRG.4569|NEK5,4,7,15,24,14,46
TrSC58v2_4701|NEK5,3,5,12,19,0,33
MSTRG.4570|TRSC58_03523,5,8,9,7,6,34
TrSC58v2_4702|TRSC58_03523,1,6,2,6,5,27
MSTRG.4571|C4B63_24g310,19,16,43,79,43,177
TrSC58v2_4703|C4B63_24g310,13,13,35,69,51,148
TrSC58v2_4704|TRSC58_05467,1,1,1,1,4,2
MSTRG.4567|TRSC58_05467,1,10,1,5,5,16
MSTRG.4566|NEK5,3,5,12,18,11,26
TrSC58v2_4705|NEK5,3,4,10,15,0,36
MSTRG.4574|TRSC58_02084,8,7,37,52,49,82
TrSC58v2_4707|TRSC58_02084,6,5,2,37,3,53
MSTRG.4576|hpxO,3,0,4,11,6,29
TrSC58v2_4709|hpxO,0,0,0,0,5,27
MSTRG.4577|VAMP714,4,4,18,0,6,8
TrSC58v2_4710|VAMP714,3,0,4,0,5,0
MSTRG.4579|TRSC58_02883,1,0,8,11,23,28
TrSC58v2_4712|TRSC58_02883,1,0,6,10,1,25
MSTRG.4580|TRSC58_05136,5,0,21,8,7,15
TrSC58v2_4713|TRSC58_05136,0,0,0,7,9,13
MSTRG.4581|TRSC58_01399,4,6,11,6,7,30
TrSC58v2_4714|TRSC58_01399,0,5,9,4,6,0
MSTRG.4582|TRSC58_00344,7,18,7,24,4,21
TrSC58v2_4715|TRSC58_00344,5,0,1,17,1,12
MSTRG.4583|TcYC6_0086710,9,5,20,49,17,61
TrSC58v2_4716|TcYC6_0086710,8,4,15,0,13,56
MSTRG.4584|GP85,5,10,7,13,7,21
TrSC58v2_4717|GP85,4,0,0,2,6,17
MSTRG.4593|TRSC58_04765,0,5,8,0,7,59
MSTRG.4610|TRSC58_06519,0,14,20,54,34,86
MSTRG.4612|TRSC58_06456,0,12,32,24,30,174
MSTRG.4641,0,3,6,7,9,30
MSTRG.4648|DQ04_01321030,0,10,6,4,4,10
MSTRG.4652,0,0,0,42,0,72
MSTRG.4653|TcYC6_0035980,0,5,2,13,7,18
MSTRG.4658|RBMS1,0,0,15,29,12,77
MSTRG.4660|gpi12,0,6,20,0,8,36
MSTRG.4661|TRSC58_04158,0,8,5,15,9,34
MSTRG.4663|TcYC6_0035890,0,10,38,38,15,70
MSTRG.4665|WDR74,0,12,4,18,16,39
TrSC58v2_4796|TRSC58_07112,0,1,10,15,12,35
MSTRG.4672|TRSC58_07112,0,4,9,17,14,43
TrSC58v2_4797|TvY486_1015550,0,0,5,6,11,12
MSTRG.4673|TvY486_1015550,0,0,6,6,11,12
MSTRG.4671,0,0,8,9,12,42
MSTRG.4676|SA85-1.1,0,0,0,1,4,4
MSTRG.4677|SA85-1.1,0,0,2,2,4,6
MSTRG.4688|TRSC58_03282,0,4,15,9,0,58
MSTRG.4689|TRSC58_01992,0,4,5,14,8,12
MSTRG.4692,88,139,249,340,171,859
MSTRG.4697|nxt-1,0,6,8,4,0,31
MSTRG.4705|PIBF1,0,8,30,24,48,90
MSTRG.4706,0,0,0,68,0,131
MSTRG.4708|deoC,0,0,29,3,8,17
MSTRG.4711|Kif27,0,6,16,41,15,58
MSTRG.4718,0,5,3,5,0,20
MSTRG.4719|mobA,0,4,0,40,11,19
MSTRG.4728|TcYC6_0045750,0,3,11,27,12,31
MSTRG.4729|ACADM,0,3,2,8,3,20
MSTRG.4730|Acadm,0,2,4,3,2,15
MSTRG.4735|TRSC58_01860,0,4,13,6,7,67
MSTRG.4742|DQ04_04511030,0,5,3,10,4,10
MSTRG.4744|PAQR4,0,4,13,14,4,11
MSTRG.4749|cln3,0,9,6,11,6,23
MSTRG.4590|gp63,97,117,182,247,168,709
MSTRG.4591,10,9,10,17,12,65
MSTRG.4592|TRSC58_04915,8,4,3,11,14,25
MSTRG.4594|At3g22480,21,17,24,14,14,130
MSTRG.4595|tyw3,4,0,23,12,4,71
MSTRG.4596|DDB_G0273453,21,22,32,46,45,190
MSTRG.4597|PAT17,9,34,15,16,23,89
MSTRG.4598|C3747_74g133,14,20,40,25,36,136
MSTRG.4599|TRSC58_00089,21,12,10,24,24,109
MSTRG.4600|Tc_MARK_9480,24,25,63,63,32,145
MSTRG.4601|CYC1,9,8,26,48,13,112
MSTRG.4602|pcrA,10,32,47,64,44,151
MSTRG.4603|DER2.2,4,15,30,45,12,104
MSTRG.4604|TRSC58_01707,5,8,0,9,12,26
MSTRG.4605|dusp22,6,8,11,17,13,40
MSTRG.4606|TcCL_NonESM04145,3,66,56,111,59,265
MSTRG.4607|TRSC58_05468,29,23,69,102,46,218
MSTRG.4608|TRSC58_04002,13,26,89,139,62,296
MSTRG.4609|TcYC6_0036390,8,4,19,16,25,79
MSTRG.4611|TRSC58_01665,11,36,45,30,7,65
MSTRG.4613|BSU1,7,8,41,28,19,113
MSTRG.4614|mon2,32,74,92,147,130,405
MSTRG.4615|Dpy30,4,4,4,6,7,14
MSTRG.4616|TRSC58_06899,17,14,56,115,75,236
MSTRG.4617|Ttc8,18,9,14,31,9,133
MSTRG.4618|rngB,10,13,25,64,26,100
MSTRG.4619|CDC14A,27,22,50,37,27,105
MSTRG.4620|TRSC58_06582,6,4,7,22,10,78
MSTRG.4621,8,20,20,46,44,120
MSTRG.4622|AFC3,24,13,78,63,54,331
MSTRG.4623|AFC3,15,6,38,42,18,171
MSTRG.4624|TRSC58_05776,21,12,12,42,18,126
MSTRG.4625|TRSC58_01884,14,6,25,83,63,152
MSTRG.4626|TRSC58_01447,9,18,29,36,45,115
MSTRG.4627|TRSC58_04077,2,4,21,35,21,58
MSTRG.4628|TcYC6_0036220,3,4,0,10,4,24
MSTRG.4629|ANKRA2,5,0,3,6,7,21
MSTRG.4630|CRYD,21,21,24,70,29,213
MSTRG.4631|TRSC58_00853,16,7,22,19,10,87
MSTRG.4632|TRSC58_01017,4,5,9,18,5,41
MSTRG.4633|C3747_74g86,9,9,25,42,17,213
MSTRG.4634|cdk-12,21,10,15,82,45,175
MSTRG.4635|C4B63_27g188,3,2,15,19,14,70
MSTRG.4636|nod,23,20,35,36,6,108
MSTRG.4637|TRSC58_05039,10,5,16,34,22,81
MSTRG.4638|TRSC58_03338,45,33,64,87,50,211
MSTRG.4639|TRSC58_02394,12,17,11,28,23,95
MSTRG.4640|TRSC58_04518,18,14,30,51,36,151
MSTRG.4642|Mcm4,33,4,62,54,32,139
MSTRG.4643|usp33,17,34,62,73,60,116
MSTRG.4644|HslU2,24,22,40,99,34,133
MSTRG.4645|vtc4,17,10,22,32,42,156
MSTRG.4646|CD047,16,12,19,44,31,117
MSTRG.4647|TcYC6_0036040,2,0,4,6,0,11
MSTRG.4649|chfr,36,29,50,79,30,233
MSTRG.4650|Kif4,16,9,37,21,34,85
MSTRG.4651|TRSC58_00405,20,29,39,64,38,186
MSTRG.4652|TRSC58_04897,4,4,11,12,24,8
MSTRG.4655|LAMB1,15,13,44,59,36,164
MSTRG.4654,5,7,63,61,29,183
MSTRG.4656,37,35,94,168,134,421
MSTRG.4657|DHX57,12,50,50,78,70,203
MSTRG.4659|Nthl1,4,4,16,26,11,40
MSTRG.4662|TRSC58_01467,16,9,31,48,34,115
MSTRG.4664,25,21,55,65,68,234
MSTRG.4666|TRSC58_02470,3,0,11,26,23,65
MSTRG.4668|TCNA,3,2,0,9,0,26
TrSC58v2_4794|TCNA,2,1,0,1,0,19
MSTRG.4667,4,10,7,11,12,54
MSTRG.4669|gp63,4,9,13,11,10,14
TrSC58v2_4795|gp63,3,7,9,8,7,10
MSTRG.4674|TvY486_0031820,24,8,10,27,12,79
TrSC58v2_4798|TvY486_0031820,2,6,11,25,11,59
MSTRG.4675|TcCL_Unassigned05098,2,6,9,9,8,21
TrSC58v2_4799|TcCL_Unassigned05098,1,6,9,9,8,20
MSTRG.4670,10,10,40,92,22,118
TrSC58v2_4805|GP85,1,0,0,0,0,1
TrSC58v2_4805.t1.e1|GP85,1,0,0,1,0,2
TrSC58v2_4806|GP85,1,0,1,0,0,1
TrSC58v2_4806.t1.e1|GP85,1,0,1,1,0,2
MSTRG.4678,2,6,8,23,7,36
MSTRG.4679|SA85-1.1,1,2,22,29,11,34
MSTRG.4680|sseA,30,6,22,43,21,109
MSTRG.4681|ATG8CL,6,2,6,12,9,33
MSTRG.4682|ATG8CL,6,2,7,13,9,36
MSTRG.4683|ATG8,4,5,7,20,8,40
MSTRG.4684|wdr-5.2,1,3,8,42,29,44
MSTRG.4685|uppS,6,0,18,15,13,40
MSTRG.4686|TRSC58_03410,4,8,8,5,7,5
MSTRG.4687|TRSC58_05681,4,0,12,18,8,37
MSTRG.4690|coq6,7,3,7,9,13,40
MSTRG.4691|BROM1,13,24,65,83,40,132
MSTRG.4692|TRSC58_02432,5,2,2,3,8,4
MSTRG.4692|PCO3,7,27,13,20,17,25
MSTRG.4693|TCSYLVIO_001918,4,23,16,26,19,43
MSTRG.4694|PDIL2-1,21,29,17,32,14,74
MSTRG.4695|PDIA4,3,10,28,50,17,88
MSTRG.4696|CBK1,2,4,8,4,13,35
MSTRG.4698|TRSC58_04539,4,14,37,9,21,37
MSTRG.4699|TRSC58_02199,4,8,11,11,3,27
MSTRG.4700|TRSC58_00021,17,0,35,44,12,118
MSTRG.4701|Wdr54,3,5,9,26,2,60
MSTRG.4702|TRSC58_05747,2,11,6,6,0,31
MSTRG.4703|TRSC58_03079,14,17,58,92,34,175
MSTRG.4704|TcCL_NonESM05571,11,0,5,18,23,37
MSTRG.4706|gp63,24,23,29,7,26,90
MSTRG.4707|TRSC58_02875,2,0,12,12,8,34
MSTRG.4709|TRSC58_05720,4,0,11,9,18,39
MSTRG.4710|Odad1,3,4,33,33,11,101
MSTRG.4712|Pinx1,9,0,8,40,7,44
MSTRG.4713|TRSC58_00966,8,8,15,10,3,45
MSTRG.4714|SMYD3,4,0,19,36,18,34
MSTRG.4715|TRSC58_05024,26,4,25,45,20,94
MSTRG.4716|RLP49,7,24,34,57,26,83
MSTRG.4717|TRSC58_04926,6,48,58,48,31,121
MSTRG.4720|Gfpt1,7,18,39,13,19,110
MSTRG.4721|OXR1,7,0,8,4,0,23
MSTRG.4722|fadH,7,8,0,19,15,31
MSTRG.4723|TRSC58_04430,5,19,25,29,25,85
MSTRG.4724|PTRH2,3,21,9,27,3,44
MSTRG.4725|PPM1B,22,30,27,79,41,127
MSTRG.4726|TRSC58_02670,7,4,3,4,5,27
MSTRG.4727|TRSC58_00432,9,7,41,56,41,182
MSTRG.4731|TLDC2,4,4,11,4,11,47
MSTRG.4732|PRMT7,21,31,54,109,54,186
MSTRG.4733,84,45,136,222,100,527
MSTRG.4733|DRTS,4,11,14,19,10,41
MSTRG.4734|TRSC58_00669,23,4,36,35,31,134
MSTRG.4736|PAH1,3,21,40,51,35,118
MSTRG.4737|TcYC6_0045830,6,12,16,17,17,30
MSTRG.4738|TRSC58_05284,45,28,47,56,43,230
MSTRG.4739|TRSC58_04236,15,40,49,73,37,183
MSTRG.4740|TRSC58_03108,14,2,20,44,15,136
MSTRG.4741|ROC1,8,4,13,12,12,33
MSTRG.4743|Tc_MARK_660,9,11,8,27,19,62
MSTRG.4745|TRSC58_00824,2,10,3,32,26,94
MSTRG.4746|C3747_54g180,17,0,22,54,41,126
MSTRG.4747|TRSC58_02803,10,30,38,45,3,78
MSTRG.4748|TRSC58_01859,3,14,35,84,15,192
MSTRG.4750|srr,5,3,2,10,7,47
MSTRG.4751|TAF14,20,23,19,22,23,114
MSTRG.4979|TRSC58_07193,7,9,30,38,23,147
TrSC58v2_5115|TRSC58_07193,6,7,23,33,18,2
MSTRG.4977,3,24,5,9,7,46
MSTRG.4980|Renbp,1,0,0,0,0,0
MSTRG.4981|Renbp,1,0,0,0,0,0
MSTRG.4982|Renbp,1,0,0,0,0,0
MSTRG.4983|Renbp,1,0,0,0,2,2
MSTRG.4986|TRSC58_06118,4,12,10,12,6,53
MSTRG.4985,4,9,23,27,27,92
MSTRG.4988|TcYC6_0075650,8,2,5,16,6,42
MSTRG.4989|TRSC58_01248,10,6,0,16,10,27
MSTRG.4990,30,23,31,64,63,226
MSTRG.4991|TRSC58_01402,4,0,10,7,11,35
MSTRG.4993|bipA,4,2,30,30,35,72
MSTRG.4995|TRSC58_05955,11,25,24,68,28,147
MSTRG.4996|TRSC58_00702,7,21,12,13,11,23
MSTRG.4997|Cpsf100,3,16,33,49,29,167
MSTRG.4998|TRSC58_06463,11,9,29,35,14,138
MSTRG.5143|Pikfyve,30,21,35,59,42,162
TrSC58v2_5284|Pikfyve,23,17,28,53,31,144
MSTRG.5145|TRSC58_00279,1,4,5,8,10,19
MSTRG.5144|SA85-1.1,12,10,21,26,13,76
MSTRG.4798|GP85,0,6,14,4,4,18
MSTRG.4799|gp63,0,2,4,0,0,19
TrSC58v2_4941|TRSC58_03744,0,0,0,1,0,9
MSTRG.4810|TRSC58_03744,0,4,0,7,0,12
TrSC58v2_4942|DQ04_05061020,0,0,9,9,2,17
MSTRG.4811|DQ04_05061020,0,0,10,9,8,19
MSTRG.4817|TRSC58_03599,0,4,21,16,24,53
MSTRG.4820|Tc_MARK_962,0,11,11,5,0,6
MSTRG.4831|LIG,0,15,33,19,14,71
MSTRG.4843,0,10,85,172,91,464
MSTRG.4844|RAB32,0,0,11,12,14,42
MSTRG.4849|TRSC58_06190,0,5,7,27,23,47
MSTRG.4858|TRSC58_03193,0,5,11,17,2,68
MSTRG.4862|C3747_4g42,0,6,21,17,13,74
MSTRG.4865|TcYC6_0056250,0,0,7,3,5,10
MSTRG.4868|TRSC58_04056,0,0,4,11,7,54
TrSC58v2_5003|TCSYLVIO_002314,0,0,0,15,17,2
MSTRG.4869|TCSYLVIO_002314,0,9,26,17,19,72
TrSC58v2_5005|Mcoln3,0,0,1,6,10,36
MSTRG.4871|Mcoln3,0,14,10,8,12,40
TrSC58v2_5011|PIF8,0,6,1,14,12,6
MSTRG.4877|PIF8,0,7,30,17,13,58
TrSC58v2_5012|TRSC58_02254,0,1,0,0,1,13
MSTRG.4878|TRSC58_02254,0,2,4,2,8,15
TrSC58v2_5013|TRSC58_00544,0,3,11,0,0,26
MSTRG.4879|TRSC58_00544,0,5,12,18,3,29
MSTRG.4881,0,0,88,0,0,0
TrSC58v2_5019|C3747_4g696,0,0,1,2,0,39
MSTRG.4884|C3747_4g696,0,4,33,33,24,53
TrSC58v2_5020,0,4,2,4,0,23
MSTRG.4885,0,6,2,5,4,26
MSTRG.4889,0,0,19,42,0,47
TrSC58v2_5025|GPXle-1,0,2,3,4,5,24
MSTRG.4889|GPXle-1,1,24,46,54,63,184
TrSC58v2_5031|TcBrA4_0106720,0,1,2,1,0,13
MSTRG.4894|TcBrA4_0106720,0,3,2,1,0,14
TrSC58v2_5037|SPHK1,0,7,0,6,7,1
MSTRG.4900|SPHK1,0,9,8,9,10,50
TrSC58v2_5041|EMC7,0,2,17,4,1,28
MSTRG.4904|EMC7,0,9,20,5,13,38
TrSC58v2_5053|At1g12620,0,0,0,1,3,17
MSTRG.4915|At1g12620,0,0,4,22,5,20
TrSC58v2_5066|ATP5MC2,0,2,9,13,11,41
MSTRG.4928|ATP5MC2,0,7,10,17,12,52
TrSC58v2_5067|TRSC58_05004,0,0,5,0,6,20
MSTRG.4929|TRSC58_05004,0,8,6,8,9,28
TrSC58v2_5079|CCNA2,0,1,1,6,1,22
MSTRG.4941|CCNA2,0,3,1,6,4,24
TrSC58v2_5081|CFIS2,0,0,0,0,7,2
MSTRG.4943|CFIS2,0,8,8,4,8,32
TrSC58v2_5082|TRSC58_03504,0,0,7,12,1,19
MSTRG.4944|TRSC58_03504,0,0,8,15,14,20
TrSC58v2_5089|SIR2rp1,0,2,2,6,9,29
MSTRG.4951|SIR2rp1,0,11,16,7,10,37
TrSC58v2_5092|GA22888,0,1,1,2,1,16
MSTRG.4954|GA22888,0,1,17,9,12,18
TrSC58v2_5108|TRSC58_00881,0,0,5,0,0,20
MSTRG.4971|TRSC58_00881,0,0,6,4,12,23
TrSC58v2_5110|TRSC58_06300,0,0,0,6,3,3
MSTRG.4973|TRSC58_06300,0,0,0,6,9,32
TrSC58v2_5114.t1.e1|TcCL_ESM08839,0,0,0,0,0,0
TrSC58v2_5114|TcCL_ESM08839,0,0,0,0,0,0
MSTRG.4794|TCNA,20,42,64,67,52,178
MSTRG.4795|TRSC58_00885,3,6,7,13,2,26
MSTRG.4796|TRSC58_06822,6,3,16,10,4,62
MSTRG.4797|TRSC58_07112,3,6,15,25,17,40
MSTRG.4800|SA85-1.1,3,0,13,10,7,36
MSTRG.4801|CYP19-2,11,44,38,25,13,101
MSTRG.4802|Rpf2,14,27,61,82,21,215
MSTRG.4803|TRSC58_00175,9,19,25,4,4,60
MSTRG.4804|TRSC58_02900,9,7,16,29,5,74
MSTRG.4805|TRSC58_04273,7,9,16,49,24,154
MSTRG.4806,30,72,125,155,116,473
MSTRG.4806|RPS28,43,20,74,71,75,340
MSTRG.4807|CDS1,11,22,20,19,4,111
MSTRG.4808|PRODH,12,22,27,77,20,103
MSTRG.4809|Thop1,13,13,65,94,86,198
MSTRG.4812|Ptges2,8,6,10,14,4,34
TrSC58v2_4943|Ptges2,0,5,0,1,3,28
MSTRG.4813|SA85-1.1,7,0,13,17,14,102
MSTRG.4814|TRSC58_04931,19,25,80,81,32,206
MSTRG.4815|FTB,17,8,32,16,15,164
MSTRG.4816|Acp5,2,0,5,14,15,53
MSTRG.4818|TcG_05815,7,7,32,13,11,102
MSTRG.4819|TcCL_NonESM13120,9,3,0,3,0,17
MSTRG.4821|TRSC58_03967,4,20,12,22,3,39
MSTRG.4822|RLF,5,9,22,14,11,91
MSTRG.4823|MORN1,36,39,87,91,61,401
MSTRG.4824|JEM1,4,6,26,53,27,93
MSTRG.4825|all2124,10,29,21,53,32,117
MSTRG.4826|TcG_05822,19,15,15,53,36,167
MSTRG.4827|TRSC58_04078,27,0,37,15,34,105
MSTRG.4828|Vbp1,17,27,22,38,15,196
MSTRG.4829|LSG1,12,18,31,64,43,166
MSTRG.4830|Tc_MARK_971,17,38,50,46,21,99
MSTRG.4832|TRSC58_04338,6,14,82,45,38,278
MSTRG.4833|TRSC58_03832,4,4,8,6,8,39
MSTRG.4834|TRSC58_03912,14,6,2,17,6,56
MSTRG.4835|TRSC58_01777,39,12,52,79,58,248
MSTRG.4836|TRSC58_01255,28,27,71,117,57,266
MSTRG.4837|TRSC58_03664,34,15,65,121,97,352
MSTRG.4838|SPBC3E7.11c,4,16,31,36,26,107
MSTRG.4839|Rab32,9,12,6,23,0,71
MSTRG.4840|slc38a6,6,13,29,26,13,112
MSTRG.4841|fab1,11,22,32,56,45,167
MSTRG.4843|HSP70,65,85,101,96,75,279
MSTRG.4845|nol10,9,4,28,48,11,124
MSTRG.4846|Tc_MARK_1013,22,38,68,137,76,288
MSTRG.4842|dtr,21,18,71,73,25,256
MSTRG.4847|dnaJ1,3,9,30,41,32,107
MSTRG.4848|TRSC58_06190,7,9,33,21,8,78
MSTRG.4850|TcYC6_0057350,4,32,33,33,26,130
MSTRG.4851|TRSC58_03011,7,11,16,9,11,57
MSTRG.4852|PUS6,9,11,13,28,15,72
MSTRG.4853|TRSC58_04243,8,7,29,15,12,90
MSTRG.4854|TRSC58_01672,11,3,28,32,21,124
MSTRG.4855|TCSYLVIO_002301,14,15,37,69,37,174
MSTRG.4856|IDLC,9,7,42,58,39,139
MSTRG.4857|TEP1,68,65,161,145,135,485
MSTRG.4859|TcCLB.508879.110,3,0,17,8,33,74
MSTRG.4860|TRSC58_02029,26,22,30,87,40,268
MSTRG.4861|TRSC58_00103,4,8,11,16,0,73
MSTRG.4863|MFDX2,2,6,9,7,13,51
MSTRG.4864|ncl1,9,28,85,62,55,196
MSTRG.4866|TRSC58_05545,1,4,19,39,10,85
MSTRG.4867|DNAH6,28,62,112,188,148,566
MSTRG.4870|Os01g0276800,11,10,26,22,21,50
TrSC58v2_5004|Os01g0276800,1,9,3,20,18,45
MSTRG.4872|AFC3,6,21,10,18,19,53
TrSC58v2_5006|AFC3,4,0,8,17,14,46
MSTRG.4873|nmd3,13,8,36,39,30,191
TrSC58v2_5007|nmd3,4,8,29,35,26,168
MSTRG.4874|TRSC58_01755,4,7,23,21,17,152
TrSC58v2_5008|TRSC58_01755,3,5,22,17,12,4
MSTRG.4875|TRSC58_01541,5,0,7,14,12,54
TrSC58v2_5009|TRSC58_01541,3,0,5,12,0,3
MSTRG.4876|dnajc11,4,10,13,16,19,55
TrSC58v2_5010|dnajc11,2,8,12,12,15,52
MSTRG.4880|dnaK,8,13,13,25,16,70
TrSC58v2_5014|dnaK,0,10,11,18,12,64
MSTRG.4881|rps16,31,35,46,170,117,451
TrSC58v2_5015|rps16,4,1,9,26,23,59
TrSC58v2_5016|rps16,1,26,17,69,40,122
MSTRG.4882|TRSC58_00639,12,15,47,23,13,119
TrSC58v2_5017|TRSC58_00639,9,13,1,17,12,140
MSTRG.4883|TRSC58_04087,9,9,27,17,7,79
TrSC58v2_5018|TRSC58_04087,7,8,23,13,6,69
MSTRG.4886|TRSC58_05663,4,17,5,9,3,22
TrSC58v2_5021|TRSC58_05663,0,0,4,8,2,16
MSTRG.4887|C3747_4g698,56,32,125,199,164,426
TrSC58v2_5022|C3747_4g698,39,29,121,188,123,504
MSTRG.4888|asnA,23,45,61,90,44,236
TrSC58v2_5023|asnA,1,2,49,67,2,182
TrSC58v2_5024|GPXle-1,1,2,10,7,19,49
MSTRG.4889|GPX4,9,9,7,9,17,24
TrSC58v2_5026|GPX4,2,0,5,6,0,17
MSTRG.4890|GPX4,12,11,22,26,11,100
TrSC58v2_5027|GPX4,11,10,18,4,9,89
MSTRG.4891|TRSC58_01374,11,13,34,30,29,2
TrSC58v2_5028|TRSC58_01374,9,10,30,26,29,273
MSTRG.4892|TRSC58_00612,2,6,0,7,0,5
TrSC58v2_5029|TRSC58_00612,1,1,0,1,0,5
MSTRG.4893|rnp-4,5,5,8,13,2,39
TrSC58v2_5030|rnp-4,4,2,7,11,2,36
MSTRG.4895|Rbmx2,1,9,1,6,4,15
TrSC58v2_5032|Rbmx2,1,7,1,5,4,3
MSTRG.4896|apaG,4,10,26,10,6,15
TrSC58v2_5033|apaG,0,1,0,9,5,11
MSTRG.4897|HERC2,8,0,4,9,17,30
TrSC58v2_5034|HERC2,6,0,0,6,15,26
MSTRG.4898|TcYC6_0056270,15,14,80,34,42,152
TrSC58v2_5035|TcYC6_0056270,13,12,0,32,38,119
MSTRG.4899|TRSC58_06313,6,8,24,17,13,66
TrSC58v2_5036|TRSC58_06313,4,0,19,15,11,59
MSTRG.4901|TRSC58_00388,4,8,16,13,7,55
TrSC58v2_5038|TRSC58_00388,0,2,3,11,6,69
MSTRG.4902|OSBPL10,6,0,4,13,9,65
TrSC58v2_5039|OSBPL10,5,0,3,12,8,60
MSTRG.4903|SYP61,11,0,7,7,22,44
TrSC58v2_5040|SYP61,0,0,6,6,1,3
MSTRG.4905|trxC,13,5,14,10,7,28
TrSC58v2_5042|trxC,2,4,13,9,6,27
MSTRG.4906|PDIL2-1,25,36,106,77,74,372
TrSC58v2_5043|PDIL2-1,12,32,97,63,72,413
MSTRG.4907,23,33,82,96,80,372
MSTRG.4908|CFAP61,14,32,54,47,30,169
TrSC58v2_5044|CFAP61,12,21,49,40,23,141
MSTRG.4909|groES,4,4,8,11,7,25
TrSC58v2_5045|groES,3,0,4,3,6,25
MSTRG.4910|Tc_MARK_1068,8,6,10,17,12,83
TrSC58v2_5046|Tc_MARK_1068,1,5,9,12,10,59
MSTRG.4911|groES,8,6,14,19,9,67
TrSC58v2_5047|groES,7,1,12,19,8,62
MSTRG.4912|groES,7,7,19,20,13,95
TrSC58v2_5050|groES,6,6,15,18,11,78
MSTRG.4913|TcG_03935,6,3,23,16,25,49
TrSC58v2_5051|TcG_03935,5,2,22,15,3,46
MSTRG.4914|groES,6,3,8,13,4,36
TrSC58v2_5052|groES,4,0,0,1,1,16
MSTRG.4916|TCSYLVIO_002352,11,9,15,29,12,60
TrSC58v2_5054|TCSYLVIO_002352,1,2,14,24,0,64
MSTRG.4917|TRSC58_00791,4,8,9,16,10,65
TrSC58v2_5055|TRSC58_00791,0,6,7,13,8,75
MSTRG.4918|TRSC58_06210,8,3,1,5,8,20
TrSC58v2_5056|TRSC58_06210,0,1,1,0,7,20
MSTRG.4919|Tc_MARK_1073,17,47,14,45,5,68
TrSC58v2_5057|Tc_MARK_1073,1,0,12,18,1,45
MSTRG.4920|TRSC58_01151,18,14,12,37,24,113
TrSC58v2_5058|TRSC58_01151,1,10,12,29,19,93
MSTRG.4921|TRSC58_01835,4,7,12,10,5,42
TrSC58v2_5059|TRSC58_01835,3,5,10,8,4,27
MSTRG.4922|C3747_4g734,25,18,33,61,36,169
TrSC58v2_5060|C3747_4g734,20,14,26,56,36,148
MSTRG.4923|NLRC3,3,8,15,10,14,53
TrSC58v2_5061|NLRC3,0,7,14,7,12,48
MSTRG.4924|Tent4b,3,4,18,20,8,44
TrSC58v2_5062|Tent4b,2,0,0,18,7,34
MSTRG.4925|GPN2,7,4,11,18,13,44
TrSC58v2_5063|GPN2,1,0,8,15,11,35
MSTRG.4926|TRSC58_00795,6,14,38,31,46,247
TrSC58v2_5064|TRSC58_00795,5,14,35,26,37,8
MSTRG.4927|TRSC58_01386,4,2,15,9,12,20
TrSC58v2_5065|TRSC58_01386,0,1,12,8,9,16
MSTRG.4930|C3747_4g742,3,3,8,15,9,27
TrSC58v2_5068|C3747_4g742,2,2,2,2,2,26
MSTRG.4931|NUBP2,10,13,29,39,32,93
TrSC58v2_5069|NUBP2,9,1,25,3,6,83
MSTRG.4932|pus2,8,7,22,7,4,30
TrSC58v2_5070|pus2,0,5,17,6,5,25
MSTRG.4933|TcYC6_0056990,3,0,5,3,2,9
TrSC58v2_5071|TcYC6_0056990,0,0,4,2,2,8
MSTRG.4934|ALKBH8,3,8,34,10,31,23
TrSC58v2_5072|ALKBH8,0,0,0,10,1,15
MSTRG.4935|TRSC58_01373,2,0,10,10,7,10
TrSC58v2_5073|TRSC58_01373,0,0,4,12,1,9
MSTRG.4936|KRET2,3,11,7,17,13,87
TrSC58v2_5074|KRET2,0,9,5,0,11,3
MSTRG.4937|MJ1345,4,9,22,30,8,72
TrSC58v2_5075|MJ1345,0,6,15,24,0,63
MSTRG.4938|TRSC58_03209,18,4,22,23,26,66
TrSC58v2_5076|TRSC58_03209,14,0,21,20,24,59
MSTRG.4939|VPS52,5,7,27,10,8,75
TrSC58v2_5077|VPS52,3,5,0,7,5,63
MSTRG.4940|TRSC58_04155,1,2,15,12,12,57
TrSC58v2_5078|TRSC58_04155,1,0,12,11,12,55
MSTRG.4942|pfkb-1.2,2,4,12,20,10,67
TrSC58v2_5080|pfkb-1.2,1,0,10,18,8,60
MSTRG.4945|der,19,5,10,15,13,61
TrSC58v2_5083|der,0,4,7,14,12,56
MSTRG.4946|C3747_4g759,13,19,32,26,17,74
TrSC58v2_5084|C3747_4g759,11,1,25,20,15,67
MSTRG.4947|TRSC58_03669,4,4,9,5,7,80
TrSC58v2_5085|TRSC58_03669,0,0,8,4,0,51
MSTRG.4948|TRSC58_04964,16,16,22,26,14,69
TrSC58v2_5086|TRSC58_04964,0,6,18,6,12,65
MSTRG.4949|Tc_MARK_1099,4,15,0,2,0,38
TrSC58v2_5087|Tc_MARK_1099,0,0,0,1,0,31
MSTRG.4950|DDB_G0286581,4,0,4,6,0,13
TrSC58v2_5088|DDB_G0286581,0,0,3,5,0,10
MSTRG.4952|TRSC58_04411,5,11,10,23,13,41
TrSC58v2_5090|TRSC58_04411,4,2,9,21,11,39
MSTRG.4953|Pelo,7,19,15,40,20,137
TrSC58v2_5091|Pelo,6,0,0,0,0,1
MSTRG.4955|RPL7,89,119,173,256,196,566
TrSC58v2_5093|RPL7,61,81,127,181,148,900
MSTRG.4956|RPL7,57,61,111,174,107,367
TrSC58v2_5094|RPL7,45,46,81,116,76,543
MSTRG.4957|TRSC58_04162,1,10,31,22,9,38
TrSC58v2_5095|TRSC58_04162,1,2,2,19,7,36
MSTRG.4958|mcmbp,3,14,28,15,11,50
TrSC58v2_5096|mcmbp,0,0,12,11,9,14
MSTRG.4959|apt,5,6,6,22,5,46
TrSC58v2_5097|apt,5,0,3,3,4,1
MSTRG.4960|apt,3,3,5,9,5,10
TrSC58v2_5098|apt,0,2,4,7,4,8
MSTRG.4961|apt,4,12,3,14,10,4
TrSC58v2_5099|apt,2,1,11,2,2,53
MSTRG.4962|apt,3,3,5,8,5,10
TrSC58v2_5100|apt,0,2,4,7,4,8
MSTRG.4963|apt,2,10,1,6,2,16
TrSC58v2_5101|apt,1,1,5,2,2,20
MSTRG.4964|apt,3,5,13,13,9,28
TrSC58v2_5102|apt,0,1,17,11,7,37
MSTRG.4965|apt,2,10,4,3,1,17
TrSC58v2_5103|apt,0,1,1,2,1,14
MSTRG.4966|apt,3,3,5,7,13,10
TrSC58v2_5104|apt,0,2,6,6,1,12
MSTRG.4967|TRSC58_05721,3,4,7,9,7,26
TrSC58v2_5105|TRSC58_05721,0,1,7,2,6,1
MSTRG.4969|TRSC58_01179,7,16,9,15,9,65
TrSC58v2_5106|TRSC58_01179,0,0,0,13,2,4
MSTRG.4968,7,9,9,26,14,108
MSTRG.4970|TRSC58_05046,4,14,21,7,3,49
TrSC58v2_5107|TRSC58_05046,1,0,0,6,2,2
MSTRG.4972|GK22512,8,4,20,36,6,58
TrSC58v2_5109|GK22512,1,3,2,3,5,49
MSTRG.4974|CDK20,10,3,15,12,15,39
TrSC58v2_5111|CDK20,0,1,1,11,7,36
MSTRG.4975|gcvP,4,0,27,19,20,44
TrSC58v2_5112|gcvP,0,0,0,16,14,38
TrSC58v2_5113|SA85-1.1,13,13,23,1,31,53
MSTRG.4976|SA85-1.1,13,16,35,72,39,145
MSTRG.4976,2,0,0,0,0,0
MSTRG.4978,30,36,74,146,105,399
MSTRG.5267|Tepsin,8,19,48,77,37,142
MSTRG.5268|poc1a,12,29,36,43,27,100
MSTRG.5269|RPS25,50,61,89,182,124,417
MSTRG.5271|TRSC58_01733,5,0,11,13,9,50
MSTRG.5272|DNAH2,2,3,8,13,10,45
MSTRG.5274|COG6,7,8,34,37,8,97
MSTRG.5275,2,22,4,19,6,38
MSTRG.5277|tif5,6,5,29,52,25,79
MSTRG.5276|RPC1,17,14,46,87,52,225
MSTRG.5278|TRSC58_02341,3,24,20,22,25,97
MSTRG.5279|DHSc,16,23,14,50,24,91
MSTRG.5282|C4B63_47g48,4,0,4,4,3,17
MSTRG.5283|RRP9,25,20,23,78,46,105
MSTRG.5284|MON1A,5,4,16,16,40,81
MSTRG.5287|TRSC58_02180,41,76,66,113,97,396
MSTRG.5290|DDB_G0289029,4,0,19,10,5,24
MSTRG.5288|TRSC58_04649,20,31,60,109,79,316
MSTRG.5289|Ift81,12,40,26,73,48,131
MSTRG.5291|P23-1,12,21,23,30,23,101
MSTRG.5292|Tc_MARK_3363,14,15,8,17,14,58
MSTRG.5294|TRSC58_02675,10,17,24,49,25,90
MSTRG.5293|TRSC58_06335,12,5,25,103,36,126
MSTRG.5296|At5g13980,4,4,14,12,16,63
MSTRG.5301|MDHG,15,11,9,18,8,41
MSTRG.5297|MDH2,5,7,17,29,11,51
MSTRG.5298|MDHG,13,11,8,16,7,39
MSTRG.5299|adk,3,2,7,6,4,16
MSTRG.5300|MDH2,6,9,28,43,20,81
MSTRG.5302|adk,5,7,14,13,6,28
MSTRG.5004|TRSC58_01602,0,4,11,14,18,53
MSTRG.5006,0,0,0,0,2,5
MSTRG.5033,0,56,95,171,0,363
MSTRG.5035|gefJ,0,13,7,22,13,44
MSTRG.5041|DG1060,0,9,6,17,12,25
MSTRG.5049|TRSC58_00199,0,2,7,13,17,47
MSTRG.5062,0,4,2,13,3,29
TrSC58v2_5208|bud32,0,1,0,5,1,22
MSTRG.5072|bud32,0,13,0,6,6,23
TrSC58v2_5217|DQ04_00181180,0,0,2,6,7,11
MSTRG.5081|DQ04_00181180,0,0,14,7,7,13
TrSC58v2_5221|TRSC58_01196,0,1,0,2,1,18
MSTRG.5085|TRSC58_01196,0,4,11,19,14,23
MSTRG.5086,0,36,133,182,129,505
TrSC58v2_5224|TcYC6_0074670,0,0,1,3,0,16
MSTRG.5087|TcYC6_0074670,0,4,3,6,0,21
TrSC58v2_5225|cbpA,0,2,4,13,0,19
MSTRG.5088|cbpA,0,3,5,15,4,20
MSTRG.5091,0,0,4,7,5,45
TrSC58v2_5234.t1.e1|GM6,0,0,0,0,0,0
TrSC58v2_5234|GM6,0,0,0,0,0,0
TrSC58v2_5235.t1.e1|GM6,0,0,0,0,0,0
TrSC58v2_5235|GM6,0,0,0,0,0,0
TrSC58v2_5236.t1.e1|GM6,0,0,0,0,0,0
TrSC58v2_5236|GM6,0,0,0,0,0,0
TrSC58v2_5239|RSP3,0,2,1,20,2,77
MSTRG.5101|RSP3,0,26,10,22,32,80
TrSC58v2_5257|TRSC58_06682,0,0,2,13,6,15
MSTRG.5119|TRSC58_06682,0,3,13,17,8,23
TrSC58v2_5258|TcYC6_0074340,0,5,1,7,9,8
MSTRG.5120|TcYC6_0074340,0,6,2,8,11,9
TrSC58v2_5269|GP85,0,0,0,0,0,11
MSTRG.5128|GP85,0,3,11,0,4,18
TrSC58v2_5282|SELENOF,0,0,1,2,2,29
MSTRG.5141|SELENOF,0,0,3,9,13,33
MSTRG.5000|WDR19,24,4,30,102,67,225
MSTRG.5001|mcfS,15,6,18,47,35,72
MSTRG.5002|TRSC58_05731,3,24,26,72,37,139
MSTRG.5003|PTPMT1,4,3,5,10,13,61
MSTRG.5005|TRSC58_01157,15,28,24,68,52,130
MSTRG.5007|Dynll1,4,6,8,3,16,36
MSTRG.5008|TRSC58_06889,41,33,79,104,73,262
MSTRG.5009|TRSC58_03455,10,0,30,5,9,44
MSTRG.5010|TRSC58_03357,7,9,14,22,21,96
MSTRG.5011|Dph6,9,4,23,37,29,76
MSTRG.5012|TcYC6_0075410,37,14,38,50,48,163
MSTRG.5013|b9d2,4,0,15,6,0,33
MSTRG.5014|TCSYLVIO_005428,4,6,27,9,18,90
MSTRG.5015|Tc_MARK_4085,14,8,24,11,15,91
MSTRG.5016|TRSC58_04661,4,5,16,19,4,62
MSTRG.5017|TcYC6_0075360,13,21,47,65,21,170
MSTRG.5018|TcCLB.507093.120,6,0,17,26,16,64
MSTRG.5019|Tc_MARK_4086,19,18,61,46,50,154
MSTRG.5020|Cops7a,3,0,22,35,16,46
MSTRG.5021|TcYC6_0075320,10,0,3,3,7,30
MSTRG.5022|TMA22,18,46,63,113,30,294
MSTRG.5023|TRSC58_02737,17,4,21,41,19,51
MSTRG.5024|TBL3,11,15,31,78,41,186
MSTRG.5025|TDS4,11,7,45,39,37,128
MSTRG.5026|era,7,16,8,43,18,84
MSTRG.5027|Tc_MARK_4092,3,0,16,17,9,19
MSTRG.5028|Mst1,9,11,47,38,42,184
MSTRG.5029|Myo3b,47,78,154,313,209,714
MSTRG.5030|SXL,13,13,91,73,78,222
MSTRG.5031,55,42,68,195,81,328
MSTRG.5032|SXL,7,8,28,21,8,81
MSTRG.5033|TRSC58_03276,8,9,18,49,110,71
MSTRG.5033|Elavl4,26,2,2,13,30,18
MSTRG.5034|ABCB10,3,20,32,28,16,105
MSTRG.5036|TCDM_02006,3,3,3,4,5,13
MSTRG.5037,65,57,236,284,241,769
MSTRG.5038|lsm14a-b,49,29,70,166,56,267
MSTRG.5039|ARMH1,8,21,23,42,11,140
MSTRG.5040|TcYC6_0075140,11,8,9,8,13,36
MSTRG.5042|TcYC6_0075120,5,6,7,27,7,53
MSTRG.5043|Tc_MARK_6266,4,3,13,18,3,42
MSTRG.5044|TRSC58_00292,5,4,10,21,18,22
MSTRG.5045|TcCL_ESM02458,2,0,4,3,2,3
MSTRG.5046|TRSC58_06915,2,22,4,17,24,30
MSTRG.5047|RAPTOR1,33,24,68,101,50,236
MSTRG.5048|acr-2,9,34,28,73,77,195
MSTRG.5050|TcYC6_0075040,4,4,7,9,6,24
MSTRG.5051|ENT3,25,28,63,79,47,286
MSTRG.5052|RPL21,23,30,50,47,48,259
MSTRG.5053|TRSC58_06420,12,5,8,37,20,85
MSTRG.5054|TRSC58_06479,4,7,13,15,12,50
MSTRG.5055,22,12,34,31,25,142
MSTRG.5056|DYL1,7,12,34,41,17,130
MSTRG.5057|eIF5A,28,48,63,134,60,313
TrSC58v2_5195|eIF5A,26,41,53,108,53,382
MSTRG.5058|eIF5A,20,37,59,108,53,232
TrSC58v2_5196|eIF5A,18,33,38,87,36,346
MSTRG.5059|rhp16,7,8,10,21,9,71
TrSC58v2_5197|rhp16,0,0,9,18,7,43
MSTRG.5060|PP2C,5,21,19,61,41,120
TrSC58v2_5198|PP2C,2,15,15,58,39,117
MSTRG.5061|C3747_9g214,1,8,5,21,5,27
TrSC58v2_5199|C3747_9g214,1,2,2,17,4,24
MSTRG.5063|TRSC58_06660,8,3,3,17,7,18
TrSC58v2_5200|TRSC58_06660,0,2,3,15,5,15
MSTRG.5064|KIPK2,10,12,6,66,15,76
TrSC58v2_5201|KIPK2,8,9,6,2,14,69
MSTRG.5065|PFDN4,6,12,15,11,5,43
TrSC58v2_5202|PFDN4,2,2,4,10,2,31
MSTRG.5066|Tc_MARK_6378,6,14,4,34,35,68
TrSC58v2_5203|Tc_MARK_6378,4,10,3,34,28,58
MSTRG.5067|TcYC6_0074880,1,7,7,8,2,26
TrSC58v2_5204|TcYC6_0074880,1,1,6,7,2,24
MSTRG.5068|TcBrA4_0056460,5,15,24,31,27,86
TrSC58v2_5205|TcBrA4_0056460,4,12,22,27,24,73
MSTRG.5069|TcYC6_0074860,10,20,13,20,27,77
TrSC58v2_5206|TcYC6_0074860,7,0,1,20,23,74
MSTRG.5070,15,6,30,29,23,103
MSTRG.5071|Slc9b2,6,14,16,18,19,117
TrSC58v2_5207|Slc9b2,0,14,14,0,13,1
MSTRG.5073|lrrcc1,5,9,28,29,13,103
TrSC58v2_5209|lrrcc1,4,8,19,22,11,98
MSTRG.5074|TRSC58_00472,33,17,24,33,9,53
TrSC58v2_5210|TRSC58_00472,3,15,0,3,2,47
MSTRG.5075|PPIA,14,26,78,52,52,212
TrSC58v2_5211|PPIA,12,24,62,49,42,186
MSTRG.5076|TcCLB.506925.310,15,40,83,67,72,227
TrSC58v2_5212|TcCLB.506925.310,12,31,74,64,66,218
MSTRG.5077|IDH2,15,63,39,84,82,162
TrSC58v2_5213|IDH2,14,1,36,59,1,126
MSTRG.5078|Cand1,7,7,12,39,10,62
TrSC58v2_5214|Cand1,5,5,11,31,9,51
MSTRG.5079|TRSC58_06803,4,5,9,21,3,40
TrSC58v2_5215|TRSC58_06803,1,4,8,20,1,39
MSTRG.5080|Tc_MARK_6366,4,4,5,8,15,42
TrSC58v2_5216|Tc_MARK_6366,3,0,0,7,10,33
MSTRG.5082|TcCL_ESM09783,12,4,8,13,17,53
TrSC58v2_5218|TcCL_ESM09783,0,1,6,11,2,1
MSTRG.5083|TRSC58_02065,7,9,4,39,14,73
TrSC58v2_5219|TRSC58_02065,6,7,3,2,12,64
MSTRG.5084|afg2,9,4,11,15,15,46
TrSC58v2_5220|afg2,7,3,0,14,2,2
MSTRG.5086|RPTN,11,4,15,8,10,48
TrSC58v2_5222|RPTN,8,3,26,0,0,0
MSTRG.5086|ATG9,3,1,2,3,2,22
TrSC58v2_5223|ATG9,2,1,2,7,3,11
MSTRG.5089|LMJF_27_0420,13,4,36,49,37,170
TrSC58v2_5226|LMJF_27_0420,9,3,31,42,33,137
MSTRG.5090|TCSYLVIO_007383,4,8,42,14,16,45
TrSC58v2_5227|TCSYLVIO_007383,3,6,0,12,0,42
MSTRG.5092|TRSC58_00656,6,4,21,12,25,67
TrSC58v2_5228|TRSC58_00656,1,4,0,10,2,3
MSTRG.5093|Rpf1,9,0,22,6,5,26
TrSC58v2_5229|Rpf1,8,0,2,5,4,24
MSTRG.5094|VASH2,5,8,7,27,17,33
TrSC58v2_5230|VASH2,0,0,6,23,15,28
MSTRG.5095|Abcd3,24,8,14,19,18,116
TrSC58v2_5231|Abcd3,7,6,10,17,15,3
MSTRG.5096|TRSC58_02664,11,7,18,38,36,85
TrSC58v2_5232|TRSC58_02664,8,6,14,29,3,60
MSTRG.5097|GM6,13,9,16,90,43,6
TrSC58v2_5233|GM6,12,7,11,71,37,277
MSTRG.5098|GM6,9,25,117,136,86,246
TrSC58v2_5237|GM6,8,18,1,0,1,11
MSTRG.5099|GM6,29,16,35,103,66,183
TrSC58v2_5238|GM6,21,13,30,88,53,214
MSTRG.5100,1,7,26,45,23,86
MSTRG.5102|vps18,6,12,16,26,9,93
TrSC58v2_5240|vps18,5,9,14,20,8,86
MSTRG.5103|TRSC58_01829,9,4,7,18,13,54
TrSC58v2_5241|TRSC58_01829,0,3,5,13,11,49
MSTRG.5104|PHRF1,3,8,18,30,16,28
TrSC58v2_5242|PHRF1,0,6,15,9,0,25
MSTRG.5105|smu1,12,4,20,37,23,58
TrSC58v2_5243|smu1,8,4,17,28,20,50
MSTRG.5106|DNAAF3,23,0,41,19,48,104
TrSC58v2_5244|DNAAF3,0,0,2,15,1,88
MSTRG.5107|TRSC58_01289,3,4,46,11,6,63
TrSC58v2_5245|TRSC58_01289,0,0,1,8,0,1
MSTRG.5108|TRSC58_04582,4,0,4,5,14,24
TrSC58v2_5246|TRSC58_04582,0,0,0,5,2,1
MSTRG.5109|TRSC58_00172,4,0,0,14,8,32
TrSC58v2_5247|TRSC58_00172,0,0,0,2,7,4
MSTRG.5110|C3747_9g272,11,17,53,33,20,82
TrSC58v2_5248|C3747_9g272,8,15,1,26,15,75
MSTRG.5111|TRSC58_05542,4,0,5,5,6,22
TrSC58v2_5249|TRSC58_05542,0,0,4,0,5,1
MSTRG.5112|RAN1,7,7,25,29,22,137
TrSC58v2_5250|RAN1,5,5,23,21,19,0
MSTRG.5113|TM35_000052470,8,19,10,28,30,62
TrSC58v2_5251|TM35_000052470,0,2,9,20,3,48
MSTRG.5114|TCSYLVIO_005457,9,20,21,40,20,95
TrSC58v2_5252|TCSYLVIO_005457,7,1,18,35,18,77
MSTRG.5115|TRSC58_01936,5,16,4,14,9,49
TrSC58v2_5253|TRSC58_01936,0,0,0,13,8,43
MSTRG.5116|ubql-1,14,4,10,33,16,59
TrSC58v2_5254|ubql-1,13,3,9,31,14,54
MSTRG.5117|MCR1,4,3,11,11,6,20
TrSC58v2_5255|MCR1,0,1,8,4,6,4
MSTRG.5118|NDHK,12,3,5,6,15,33
TrSC58v2_5256|NDHK,3,2,0,0,3,30
MSTRG.5121,14,8,11,68,50,165
MSTRG.5122|DDB0186972,4,5,19,31,11,50
TrSC58v2_5259|DDB0186972,0,0,0,1,10,1
MSTRG.5123|slc47a1,8,7,6,9,12,31
TrSC58v2_5260|slc47a1,0,6,5,7,9,27
MSTRG.5124|SPCC191.05c,7,0,6,4,9,22
TrSC58v2_5261|SPCC191.05c,0,0,1,1,0,19
MSTRG.5125|TCNA,13,17,13,64,51,106
TrSC58v2_5262|TCNA,11,17,10,44,0,74
MSTRG.5126|gp63,10,9,25,11,21,74
TrSC58v2_5263|gp63,8,7,8,25,3,71
MSTRG.5127|gp63,8,12,14,9,15,76
TrSC58v2_5266|gp63,6,9,8,33,0,30
MSTRG.5129|sseA,16,7,20,33,18,103
TrSC58v2_5270|sseA,1,5,17,27,16,78
MSTRG.5130|sseA,4,6,27,18,16,49
TrSC58v2_5271|sseA,3,5,1,14,1,35
MSTRG.5131|sseA,3,7,22,9,12,45
TrSC58v2_5272|sseA,0,0,1,12,1,2
MSTRG.5132|TRSC58_06408,3,2,2,3,2,12
TrSC58v2_5273|TRSC58_06408,3,1,1,4,1,9
MSTRG.5133|Tc_MARK_4123,15,16,18,36,23,83
TrSC58v2_5274|Tc_MARK_4123,12,13,16,33,21,80
MSTRG.5134|GRXC6,13,7,18,25,28,43
TrSC58v2_5275|GRXC6,2,6,15,19,21,37
MSTRG.5135|dre-1,8,27,55,104,87,287
TrSC58v2_5276|dre-1,6,26,53,88,70,250
MSTRG.5136|TRSC58_03013,10,4,5,11,16,26
TrSC58v2_5277|TRSC58_03013,0,0,4,8,0,25
MSTRG.5137|TRSC58_05176,13,7,14,20,14,67
TrSC58v2_5278|TRSC58_05176,0,5,13,18,12,59
MSTRG.5138|TRSC58_00276,5,4,4,32,13,61
TrSC58v2_5279|TRSC58_00276,4,0,4,2,11,44
MSTRG.5139|sec31,9,27,37,49,85,128
TrSC58v2_5280|sec31,6,24,32,42,1,110
MSTRG.5140|efhc2,8,20,43,28,20,117
TrSC58v2_5281|efhc2,5,16,36,25,19,102
MSTRG.5142|ogdh,17,17,38,79,40,202
TrSC58v2_5283|ogdh,13,14,33,68,35,186
MSTRG.5304,3,14,27,41,24,95
MSTRG.5307|TRSC58_00527,11,0,15,32,19,83
MSTRG.5305|ADK-B,5,0,29,54,18,78
MSTRG.5306|TRSC58_03470,9,22,25,47,24,157
MSTRG.5303|MDH2,5,9,28,44,19,80
MSTRG.5308|TcYC6_0112790,12,9,30,13,11,28
MSTRG.5309|G6PD5,8,7,35,19,22,86
MSTRG.5310|TcCL_ESM05449,8,13,0,6,8,25
MSTRG.5314|ATTY,1,1,1,1,1,2
TrSC58v2_5454|ATTY,1,1,1,1,1,2
MSTRG.5315|ATTY,4,11,23,19,27,100
TrSC58v2_5455|ATTY,2,0,0,10,14,2
MSTRG.5319|ATTY,2,0,2,7,11,11
TrSC58v2_5459|ATTY,1,0,1,7,0,9
MSTRG.5321|Smt1-1,4,7,26,30,30,55
TrSC58v2_5461|Smt1-1,0,1,23,27,27,49
MSTRG.5316|ATTY,3,4,4,9,10,19
TrSC58v2_5456|ATTY,2,1,2,3,3,15
MSTRG.5317|ATTY,1,1,0,0,0,3
TrSC58v2_5457|ATTY,0,1,0,0,0,2
MSTRG.5318|ATTY,1,1,0,0,0,3
TrSC58v2_5458|ATTY,1,1,0,0,0,2
MSTRG.5322|TRSC58_06278,3,4,4,6,4,25
TrSC58v2_5462|TRSC58_06278,0,0,2,1,0,22
MSTRG.5323|culA,11,3,6,24,20,57
TrSC58v2_5463|culA,0,0,6,21,16,49
MSTRG.5324|Dpp9,7,4,7,16,12,54
TrSC58v2_5464|Dpp9,0,0,6,13,1,46
MSTRG.5327|TRSC58_02472,12,5,6,4,0,18
TrSC58v2_5467|TRSC58_02472,0,1,5,1,0,16
MSTRG.5329|TRSC58_04466,11,10,4,19,0,31
TrSC58v2_5469|TRSC58_04466,2,9,3,13,0,28
MSTRG.5331|TRSC58_02953,10,2,6,22,1,23
TrSC58v2_5471|TRSC58_02953,0,1,0,20,1,21
MSTRG.5332|TRSC58_02229,5,4,15,15,22,26
TrSC58v2_5472|TRSC58_02229,4,0,4,14,2,23
MSTRG.5333|TRSC58_05750,7,0,5,4,1,15
TrSC58v2_5473|TRSC58_05750,0,0,3,0,1,2
MSTRG.5334|FAS2,5,5,6,12,8,63
TrSC58v2_5474|FAS2,1,4,4,0,7,0
MSTRG.5338|D4Des,3,8,0,7,0,37
TrSC58v2_5478|D4Des,3,6,0,5,0,31
MSTRG.5340|TRSC58_07080,11,8,7,17,12,22
TrSC58v2_5480|TRSC58_07080,1,6,6,15,1,2
MSTRG.5335|TRSC58_01778,7,10,10,22,19,73
TrSC58v2_5475|TRSC58_01778,6,7,9,20,14,68
MSTRG.5342|ESAG4,9,0,10,18,7,32
MSTRG.5343|ESAG4,9,0,18,21,7,50
MSTRG.5344|TRSC58_01615,12,14,27,21,24,105
MSTRG.5345|ben,8,2,13,20,16,58
MSTRG.5147|Tc_MARK_1501,0,0,0,0,2,0
MSTRG.5148|TRSC58_07112,0,0,0,0,0,9
MSTRG.5150|gp63,0,0,7,4,0,3
MSTRG.5151,0,4,0,5,0,2
MSTRG.5153|GP85,0,4,4,2,8,4
MSTRG.5157|TRSC58_02728,0,0,5,10,0,31
MSTRG.5160|TRSC58_03535,0,6,17,0,0,48
MSTRG.5161|TRSC58_01827,0,11,21,33,21,107
MSTRG.5164|Os03g0586800,0,5,13,20,9,50
MSTRG.5172|DQ04_03291080,0,4,10,21,7,61
MSTRG.5175|FLX1,0,2,11,4,9,34
MSTRG.5176|TcCL_NonESM05293,0,0,17,7,2,28
MSTRG.5177|TRSC58_05713,0,4,3,25,21,78
MSTRG.5182|TRSC58_00009,0,8,8,7,10,48
MSTRG.5191|TMN10,0,11,30,20,49,104
MSTRG.5200|QSOX1,0,0,23,11,8,12
MSTRG.5201|PDIA6,0,0,0,0,2,1
MSTRG.5202|PDIA6,0,0,0,0,2,1
MSTRG.5203|PDIA6,0,0,0,0,2,1
MSTRG.5204|PDIA6,0,0,0,0,2,1
MSTRG.5205|PDIA6,0,0,0,0,2,1
MSTRG.5206|C3747_89g69,0,0,0,0,2,0
MSTRG.5211,0,0,39,78,12,152
MSTRG.5218|CBP20,0,23,8,5,3,21
MSTRG.5220|Tc_MARK_1830,0,9,21,30,7,110
MSTRG.5229|DCTN5,0,0,0,6,5,10
MSTRG.5230|TRSC58_06270,0,8,9,47,8,32
MSTRG.5234|BOB1,0,10,12,27,18,58
MSTRG.5236|APC6,0,7,19,7,27,53
TrSC58v2_5379|X-element\ORF2,0,0,0,0,0,1
MSTRG.5237|X-element\ORF2,0,0,0,0,0,8
TrSC58v2_5382|ESAG4,0,0,0,0,0,1
MSTRG.5239|ESAG4,0,0,0,0,0,4
TrSC58v2_5384|THT2A,0,0,0,0,0,0
MSTRG.5241|THT2A,0,0,0,0,4,16
MSTRG.5243|TRSC58_01047,0,0,2,10,14,37
MSTRG.5247|TRSC58_06546,0,4,12,16,14,45
MSTRG.5252|Tc00.1047053503697.90,0,30,15,25,34,86
MSTRG.5254|Napg,0,17,17,18,10,45
MSTRG.5255|EGGS,0,0,2,0,0,3
MSTRG.5146|TRSC58_06822,7,3,10,6,5,31
MSTRG.5149,23,10,60,40,21,134
MSTRG.5152|TRSC58_06451,2,0,0,4,0,7
MSTRG.5154|TCNA,4,18,5,27,13,56
MSTRG.5155|Ppid,9,0,24,19,11,26
MSTRG.5156|TRSC58_00349,14,16,5,12,0,32
MSTRG.5158|UBP12,21,23,33,59,38,168
MSTRG.5159|TRSC58_01501,3,8,8,25,6,30
MSTRG.5162|TRSC58_06177,15,22,14,69,27,83
MSTRG.5163|ADAS,14,4,32,38,65,178
MSTRG.5165|guaAA,6,4,11,15,21,29
MSTRG.5166|yipf1,23,14,30,103,84,165
MSTRG.5167|Nlrc3,3,11,16,2,13,28
MSTRG.5168|SETD3,4,9,19,4,10,31
MSTRG.5169|ykwC,6,30,30,52,36,158
MSTRG.5170|PNKP,31,15,46,28,31,94
MSTRG.5171|TRSC58_03771,9,12,16,42,12,77
MSTRG.5173|Dimt1,7,9,4,19,10,25
MSTRG.5174|TRSC58_03036,10,11,13,45,11,59
MSTRG.5178|PAN2,40,36,69,69,37,184
MSTRG.5179|TRSC58_05277,10,5,19,14,8,38
MSTRG.5180|ZBTB40,27,22,20,44,33,125
MSTRG.5181|atg4,11,16,7,3,9,19
MSTRG.5183|TM35_000074830,2,0,0,0,0,4
MSTRG.5184|TRSC58_00428,6,0,4,11,3,14
MSTRG.5185|TRSC58_02650,14,0,5,16,8,26
MSTRG.5186|TRSC58_00911,18,20,37,45,43,135
MSTRG.5187|SUN5,19,21,18,33,21,122
MSTRG.5188|TBC1D23,7,4,43,30,35,112
MSTRG.5189|ku80,9,19,37,30,11,87
MSTRG.5190|Kif5c,35,18,68,44,41,202
MSTRG.5192|MPK5,3,16,0,8,15,28
MSTRG.5193|TcG_04289,3,4,16,8,0,27
MSTRG.5194|PP2C,4,17,17,22,16,142
MSTRG.5195|Rabgap1,3,4,7,8,9,22
MSTRG.5196|yqkD,3,0,27,23,35,84
MSTRG.5197|DOLPP1,7,0,7,5,0,23
MSTRG.5198|FY,4,28,8,5,4,64
MSTRG.5199|TRSC58_01743,6,0,11,3,0,37
MSTRG.5207|EIF4E3,8,13,28,18,37,100
MSTRG.5208|dars-1,8,15,37,43,27,94
MSTRG.5209|TRSC58_02545,5,4,11,15,21,41
MSTRG.5210|bysl,4,12,0,24,17,82
MSTRG.5211|TRSC58_03578,25,21,4,8,19,9
MSTRG.5212|TcYC6_0095290,14,4,14,37,34,106
MSTRG.5213|TRSC58_02411,8,16,12,29,12,72
MSTRG.5214|TRSC58_00099,7,8,9,7,0,40
MSTRG.5215|TcYC6_0095320,31,31,37,76,37,164
MSTRG.5216|Naa25,11,26,48,61,45,276
MSTRG.5217|alg13,11,4,51,17,17,119
MSTRG.5219|GA20843,21,21,2,4,11,69
MSTRG.5221|sap145,5,21,14,19,24,73
MSTRG.5222|TRSC58_01223,3,3,11,7,4,56
MSTRG.5223|ACSF2,5,20,35,45,11,121
MSTRG.5224|Bbs2,5,26,36,53,13,87
MSTRG.5225|ANP2,19,25,21,40,10,71
MSTRG.5226|NIA1,7,31,13,29,9,70
MSTRG.5227|RRS1,10,20,7,33,25,78
MSTRG.5228|At3g46100,19,10,15,39,39,48
MSTRG.5231|TRSC58_02104,10,3,5,10,14,26
MSTRG.5232|TRSC58_02044,9,9,29,76,41,110
MSTRG.5233,19,12,38,66,47,152
MSTRG.5233|rps3002,23,26,22,19,24,96
MSTRG.5235|TcYC6_0095540,4,4,3,13,6,41
MSTRG.5238,2,17,13,2,20,56
MSTRG.5240|ESAG4,4,8,20,15,7,90
TrSC58v2_5383|ESAG4,3,6,16,11,5,0
TrSC58v2_5385|TRSC58_07029,1,0,0,0,0,0
MSTRG.5242|TRSC58_07029,1,0,8,2,0,7
MSTRG.5244|RPN11,14,14,21,41,16,71
MSTRG.5245|TRSC58_01007,4,31,28,58,4,103
MSTRG.5246|TRSC58_01025,5,16,25,55,28,182
MSTRG.5248|Ofd1,7,29,23,45,30,85
MSTRG.5249|TRSC58_00600,23,15,24,38,45,199
MSTRG.5250,21,7,27,98,52,216
MSTRG.5251|TRSC58_04484,14,7,28,78,41,178
MSTRG.5253|Tc_MARK_3336,53,25,70,105,72,310
MSTRG.5256|TRSC58_04529,3,4,66,47,26,150
MSTRG.5257|TRSC58_05646,10,30,60,79,72,275
MSTRG.5258|TRSC58_01353,25,27,70,114,44,173
MSTRG.5259|KPNB1,34,33,18,102,27,186
MSTRG.5260|ENOL,4,7,29,27,18,65
MSTRG.5261|ENO3,7,11,16,15,12,46
MSTRG.5262|ENL-1,6,7,23,21,15,66
MSTRG.5263|ENO,20,23,52,46,37,149
MSTRG.5264|ENO,20,23,51,46,38,151
MSTRG.5265|ENO,24,27,71,62,47,207
MSTRG.5266|SCN2A,21,56,87,154,101,318
MSTRG.5413|alg11,7,4,24,4,19,84
MSTRG.5414|RPL37,12,15,54,85,56,202
MSTRG.5415|PRORP3,10,5,17,28,4,77
MSTRG.5418|ANKZF1,3,7,2,32,17,69
MSTRG.5419|TRSC58_06790,4,8,3,19,17,60
MSTRG.5420|PAB1,21,12,48,97,34,210
MSTRG.5422|C3747_1g364,9,0,12,45,26,50
MSTRG.5425|Tc00.1047053506885.124,5,0,7,21,15,39
MSTRG.5424,10,3,10,60,15,144
MSTRG.5427|TCSYLVIO_008974,16,20,26,23,19,48
MSTRG.5429|TRSC58_05501,58,57,96,260,163,603
MSTRG.5428,76,49,222,345,254,552
MSTRG.5430|TRSC58_05144,5,24,33,65,89,262
MSTRG.5431|SMYD3,7,4,20,20,21,80
MSTRG.5432|TCSYLVIO_005669,6,7,47,30,28,100
MSTRG.5436|TcCL_ESM01903,5,0,2,6,10,18
MSTRG.5435|MCM9,4,0,30,33,19,59
MSTRG.5437|TRSC58_03420,4,16,7,3,9,28
MSTRG.5433|TTLL5,9,17,21,49,40,169
MSTRG.5438|LIM15,3,4,4,30,4,15
MSTRG.5439|SGTB,7,13,11,50,11,57
MSTRG.5442|PSA1,10,27,11,15,4,43
MSTRG.5440|epi-1,30,42,42,76,61,154
MSTRG.5443|TRSC58_00263,3,0,8,0,7,28
MSTRG.5444|TRSC58_00971,9,6,30,41,23,112
MSTRG.5445|TRSC58_02332,5,0,16,0,7,28
MSTRG.5446,14,4,5,0,0,30
MSTRG.5446|Erlec1,4,2,3,4,6,8
MSTRG.5447|TRSC58_02163,9,3,14,12,16,58
MSTRG.5448|Ampd2,7,31,20,62,68,130
MSTRG.5449|SCAMP3,3,3,7,15,8,33
MSTRG.5450|PPID,3,5,25,10,8,58
MSTRG.5451|TRSC58_05987,3,0,3,7,3,20
MSTRG.5452|gpd2,4,6,9,29,9,70
MSTRG.5454|gcvH,7,5,0,16,6,27
MSTRG.5455|hyou1,7,29,25,67,47,63
MSTRG.5456|Pacrg,6,16,19,4,4,51
MSTRG.5457|TRSC58_05880,7,4,13,22,0,28
MSTRG.5458|KTN80.1,28,28,21,18,41,95
MSTRG.5459|SNAPC3,11,3,19,34,6,112
MSTRG.5462|ERDJ2,8,8,32,37,55,140
MSTRG.5467|TRSC58_03227,19,0,22,47,18,98
MSTRG.5469|flvH,5,8,37,37,25,88
MSTRG.5472|TRSC58_04283,9,10,19,57,31,127
MSTRG.5470|gop-1,20,27,19,57,23,92
MSTRG.5473|C3747_1g250,5,4,0,15,0,35
MSTRG.5474|TRSC58_01145,9,3,18,16,12,62
MSTRG.5475|TRSC58_00934,4,4,12,64,12,94
MSTRG.5476|wos2,13,27,55,88,63,163
MSTRG.5480|TRSC58_03028,4,6,8,0,14,24
MSTRG.5481,13,14,42,58,50,126
MSTRG.5479|TRSC58_02326,28,11,34,78,17,98
MSTRG.5347|TRSC58_04638,0,0,3,0,0,6
MSTRG.5351,0,0,0,4,0,93
MSTRG.5354|dnaJ,0,0,10,11,12,35
MSTRG.5362|TRSC58_01802,0,4,11,15,3,58
MSTRG.5364|C3747_148g96,0,0,12,8,5,21
MSTRG.5365|TRSC58_01877,0,0,2,28,3,30
MSTRG.5370|TRSC58_05305,0,6,22,4,11,47
MSTRG.5376|TcYC6_0025400,0,5,0,9,5,39
MSTRG.5380|Asb3,0,4,0,3,3,36
MSTRG.5386|TRSC58_03730,0,2,0,15,8,3
MSTRG.5391|pacA,0,2,0,0,0,26
MSTRG.5392|RH2a,0,20,23,70,29,119
MSTRG.5397|slc38a6,0,0,9,13,4,27
MSTRG.5398|akr1,0,7,19,16,9,55
MSTRG.5401|DRG2,0,9,15,32,22,25
MSTRG.5404|TRSC58_05942,0,4,15,12,11,20
MSTRG.5406|mycbp,0,0,4,0,0,33
MSTRG.5407|At5g24840,0,0,12,17,12,44
MSTRG.5410|TRSC58_01075,0,4,8,12,20,65
MSTRG.5411|TRSC58_03824,0,0,0,8,5,10
MSTRG.5346,12,18,22,16,27,111
MSTRG.5348|RH2a,4,15,23,41,53,97
MSTRG.5349|TRSC58_03082,15,2,17,37,33,102
MSTRG.5350|C3747_124g8,4,12,13,13,13,46
MSTRG.5351|washc1,9,8,22,17,26,9
MSTRG.5352|RpL10,60,67,98,181,97,424
MSTRG.5353|naca,43,67,70,155,125,500
MSTRG.5355|TRSC58_03876,7,19,14,34,11,95
MSTRG.5356|TRSC58_02375,3,7,26,19,19,44
MSTRG.5357|LmjF22.0030,14,36,65,123,80,188
MSTRG.5358|def,15,4,22,12,9,103
MSTRG.5359|TRSC58_05961,22,14,17,56,35,54
MSTRG.5360|DG1060,3,2,16,23,9,62
MSTRG.5361|TRSC58_04387,15,12,15,30,29,36
MSTRG.5363|TRSC58_06982,5,0,5,61,24,58
MSTRG.5366|At3g19950,4,15,20,33,22,59
MSTRG.5367|dnaJ2,8,16,41,60,38,123
MSTRG.5368|RpL10,91,161,201,364,192,843
MSTRG.5369|URA6,8,0,5,23,15,80
MSTRG.5371|TRSC58_03333,19,8,20,55,39,161
MSTRG.5372|TRSC58_06486,7,5,20,21,12,76
MSTRG.5373|clcC,11,7,20,38,14,115
MSTRG.5374|TRSC58_00213,18,0,14,15,29,74
MSTRG.5375|TRSC58_01976,4,5,7,15,5,46
MSTRG.5377|Tcf25,8,12,26,45,58,109
MSTRG.5378|TRSC58_02878,18,25,21,56,24,132
MSTRG.5379|TRSC58_03128,4,0,0,9,6,23
MSTRG.5381|H1A,4,9,28,44,32,116
MSTRG.5382|TRSC58_01771,9,0,23,21,9,70
MSTRG.5383|RHO,7,0,11,7,15,53
MSTRG.5384|HCC1,3,4,12,9,7,25
MSTRG.5385|TRSC58_07081,24,4,14,24,11,63
MSTRG.5387|F16P2,17,8,25,64,54,108
MSTRG.5388|At1g43190,6,21,53,71,59,181
MSTRG.5389|C3747_51g147,35,29,52,73,78,238
MSTRG.5390|CCA1,7,0,9,16,10,44
MSTRG.5393|ACT,7,9,14,8,8,40
MSTRG.5394|ACT,7,11,18,11,8,45
MSTRG.5395|ACT,7,32,48,21,15,84
MSTRG.5396|ESAG4,5,0,17,25,5,49
MSTRG.5399|fni,5,9,9,17,25,61
MSTRG.5400|leng8,7,4,17,11,20,54
MSTRG.5402|TRSC58_00286,3,0,0,4,4,34
MSTRG.5403|LSM12,11,4,10,18,16,73
MSTRG.5405|wdr68,3,4,9,4,9,44
MSTRG.5408|TcYC6_0071820,9,9,13,6,7,27
MSTRG.5409|Mtg1,4,21,11,8,8,71
MSTRG.5412|TcYC6_0071750,11,22,11,42,26,80
MSTRG.5486|AE7,4,4,15,10,4,41
MSTRG.5483|RMV1,4,0,4,27,12,50
MSTRG.5484|pakC,11,13,12,15,8,55
MSTRG.5482|MPT3,11,23,24,14,25,98
MSTRG.5489,10,41,47,77,103,360
MSTRG.5489|SANT,22,11,15,20,13,84
MSTRG.5488|TcYC6_0070800,16,13,15,19,33,107
MSTRG.5491|TRSC58_02884,3,4,1,1,1,9
MSTRG.5490|POLE,24,21,66,115,69,249
MSTRG.5637|YDA,2,2,3,4,2,8
MSTRG.5634|SA85-1.1,0,0,4,2,1,7
MSTRG.5635|GP85,0,8,29,20,16,66
MSTRG.5634,2,10,22,40,24,80
MSTRG.5639|Eci1,4,8,11,13,0,47
MSTRG.5640|SPT16,34,12,62,76,49,252
MSTRG.5643|TRSC58_02722,6,13,11,4,8,55
MSTRG.5641|MRPL3,17,16,21,36,12,69
MSTRG.5642|TRSC58_05960,7,8,4,18,7,27
MSTRG.5644|WARS1,3,3,56,32,34,133
MSTRG.5645|Stx7,10,6,7,14,6,91
MSTRG.5648|Dync2i2,11,22,11,28,8,110
MSTRG.5650|ttn-1,17,40,135,151,155,430
MSTRG.5651|Psmd2,25,27,59,117,76,237
MSTRG.5653|NRPB3,5,28,38,19,30,114
MSTRG.5652|iqch,18,2,14,22,16,101
MSTRG.5654|ttc30a,17,10,34,43,26,186
MSTRG.5656|TRSC58_01893,2,0,3,13,6,25
MSTRG.5779|TYW1,45,29,41,56,85,221
MSTRG.5780|VTA1,10,0,19,14,8,38
MSTRG.5781|TRSC58_00742,6,3,5,19,24,30
MSTRG.5782|Styx,4,10,9,26,13,58
MSTRG.5783|CYCU4-1,39,41,73,115,91,388
MSTRG.5784|TRSC58_06462,16,4,48,47,39,145
MSTRG.5928|C3747_186g5,4,2,2,6,0,21
MSTRG.5785|Stpg2,23,50,66,74,77,367
MSTRG.5492,0,0,0,2,2,3
MSTRG.5500|TRSC58_03720,0,28,24,28,11,124
MSTRG.5505|TRSC58_00857,0,9,3,4,9,22
MSTRG.5506|ASF1,0,0,13,4,6,35
MSTRG.5507|BRCA2,0,12,12,45,17,93
MSTRG.5509|TRSC58_03319,0,14,4,11,15,24
MSTRG.5516|Rsph1,0,17,12,38,6,86
MSTRG.5518|TRSC58_01341,0,13,8,20,19,47
MSTRG.5520|TcYC6_0016110,0,0,9,17,9,13
TrSC58v2_5658|TcYC6_0016110,0,0,0,0,0,0
TrSC58v2_5658.t1.e1|TcYC6_0016110,0,0,0,0,0,0
MSTRG.5525|TcYC6_0016150,0,11,5,3,0,36
TrSC58v2_5669|TRSC58_06694,0,4,0,8,0,14
MSTRG.5531|TRSC58_06694,0,5,4,10,5,16
TrSC58v2_5670|TcCLB.511421.150,0,0,1,10,8,31
MSTRG.5532|TcCLB.511421.150,0,5,28,13,10,37
TrSC58v2_5671|TRSC58_04503,0,0,0,12,4,19
MSTRG.5533|TRSC58_04503,0,0,0,13,5,24
TrSC58v2_5672|inlI,0,0,0,1,6,28
MSTRG.5534|inlI,0,0,16,22,8,35
TrSC58v2_5677|C09D4.1,0,0,4,3,2,18
MSTRG.5539|C09D4.1,0,4,4,4,2,23
TrSC58v2_5679|TRSC58_04206,0,0,1,1,1,1
MSTRG.5541|TRSC58_04206,0,0,4,3,2,18
TrSC58v2_5680|TcYC6_0016350,0,1,1,5,0,10
MSTRG.5542|TcYC6_0016350,0,1,2,6,0,11
TrSC58v2_5682|TcBrA4_0037120,0,0,0,6,1,17
MSTRG.5544|TcBrA4_0037120,0,4,5,7,4,20
TrSC58v2_5686|tmem231,0,3,0,2,5,2
MSTRG.5548|tmem231,0,4,7,2,6,4
TrSC58v2_5689|TRSC58_03956,0,4,4,1,1,1
MSTRG.5551|TRSC58_03956,0,4,6,2,14,48
TrSC58v2_5691|PIP5K3,0,0,8,17,4,51
MSTRG.5553|PIP5K3,0,8,11,25,5,56
TrSC58v2_5693|TRSC58_02817,0,3,13,7,0,24
MSTRG.5555|TRSC58_02817,0,4,14,8,4,25
TrSC58v2_5694|dnaJ,0,0,0,0,0,26
MSTRG.5556|dnaJ,0,0,9,5,0,29
TrSC58v2_5701|HMT3,0,0,4,15,6,32
MSTRG.5563|HMT3,0,4,15,17,7,36
TrSC58v2_5703|C3747_87g63,0,3,0,0,5,11
MSTRG.5565|C3747_87g63,0,5,0,4,6,13
MSTRG.5587,0,0,0,10,0,77
TrSC58v2_5724|dbp7,0,7,5,8,4,0
MSTRG.5587|dbp7,0,9,6,8,5,8
TrSC58v2_5728|C3747_64g124,0,0,0,0,0,1
MSTRG.5591|C3747_64g124,0,0,19,12,0,15
TrSC58v2_5736|GRXC4,0,0,1,1,1,8
MSTRG.5599|GRXC4,0,0,5,2,8,9
TrSC58v2_5738|TRSC58_07000,0,0,0,0,0,1
MSTRG.5601|TRSC58_07000,0,0,0,4,0,2
TrSC58v2_5740|Atad5,0,9,10,14,29,41
MSTRG.5603|Atad5,0,12,12,16,32,52
TrSC58v2_5746|PRP38,0,0,5,1,0,1
MSTRG.5609|PRP38,0,7,5,4,8,2
MSTRG.5612|TcYC6_0112790,0,0,12,9,4,21
TrSC58v2_5754|C4B63_59g167,0,0,3,2,0,2
MSTRG.5615|C4B63_59g167,0,0,3,2,0,3
MSTRG.5616,0,0,11,7,6,9
TrSC58v2_5763|Tc_MARK_6059,0,0,0,11,0,26
MSTRG.5624|Tc_MARK_6059,0,0,12,13,4,47
TrSC58v2_5768|TRSC58_02756,0,0,2,3,1,18
MSTRG.5629|TRSC58_02756,0,0,25,13,2,19
TrSC58v2_5772|TBA,0,0,0,1,0,1
MSTRG.5633|TBA,0,0,0,1,0,3
MSTRG.5493|GP85,11,17,17,54,53,99
MSTRG.5494,3,4,5,9,4,28
MSTRG.5495|TRSC58_02884,3,7,3,9,1,16
MSTRG.5496|TRSC58_06424,2,3,0,2,3,7
MSTRG.5497,15,15,25,60,15,106
MSTRG.5498|GP85,5,7,8,15,37,43
MSTRG.5499|POLR3B,16,4,9,35,4,48
MSTRG.5501|DOT1,22,20,33,18,24,132
MSTRG.5502|pho-4,7,7,33,41,32,94
MSTRG.5503|pho-4,15,7,34,43,22,100
MSTRG.5504,50,22,57,111,49,285
MSTRG.5504|pho-4,11,8,30,28,23,71
MSTRG.5508|TRSC58_05823,9,0,5,23,8,35
MSTRG.5510|TRSC58_04542,15,24,43,51,34,161
MSTRG.5511|TRSC58_03228,5,7,11,7,27,84
MSTRG.5512|C1PGK,50,61,126,167,171,453
MSTRG.5513|56PGK,19,22,45,51,35,117
MSTRG.5514|TRSC58_05796,4,5,12,43,11,53
MSTRG.5515|ACBP6,5,5,9,7,12,19
MSTRG.5517|lss,14,11,34,23,29,168
MSTRG.5519|TRSC58_03298,5,0,22,18,5,38
MSTRG.5521|BCY84_01731,4,10,15,12,7,33
MSTRG.5522|TRSC58_05094,12,9,15,19,18,69
MSTRG.5523|Lztr1,16,20,29,39,20,98
MSTRG.5524|TRSC58_04330,12,4,19,23,9,47
MSTRG.5526|TRSC58_02493,10,8,46,66,30,107
MSTRG.5527|DHSp,6,13,16,2,3,32
MSTRG.5528|MDN1,47,58,71,168,113,335
MSTRG.5529|TRSC58_00476,14,5,3,16,8,16
TrSC58v2_5667|TRSC58_00476,2,2,3,15,6,15
MSTRG.5530|PDK,3,4,10,2,0,20
TrSC58v2_5668|PDK,0,0,9,1,0,0
MSTRG.5535|C3747_87g11,10,4,2,5,5,21
TrSC58v2_5673|C3747_87g11,0,0,1,1,1,2
MSTRG.5536|Tc_MARK_5983,2,6,2,9,1,35
TrSC58v2_5674|Tc_MARK_5983,2,4,2,1,1,1
MSTRG.5537|esco2,4,2,1,6,0,11
TrSC58v2_5675|esco2,1,0,1,0,0,2
MSTRG.5538|BCY84_01623,4,8,12,8,8,31
TrSC58v2_5676|BCY84_01623,3,7,10,6,6,25
MSTRG.5540|TM35_000142600,4,10,6,24,15,27
TrSC58v2_5678|TM35_000142600,0,8,5,21,12,21
MSTRG.5543|TRSC58_05195,3,4,9,9,12,48
TrSC58v2_5681|TRSC58_05195,0,0,0,8,0,0
MSTRG.5545|RH2a,12,18,8,25,31,80
TrSC58v2_5683|RH2a,0,12,6,20,22,2
MSTRG.5546|At5g40530,8,0,16,8,5,18
TrSC58v2_5684|At5g40530,6,0,0,7,5,17
MSTRG.5547|GPD2,8,5,8,9,6,27
TrSC58v2_5685|GPD2,6,4,0,7,6,23
MSTRG.5549|TUB4,3,4,11,8,4,60
TrSC58v2_5687|TUB4,0,0,9,7,3,2
MSTRG.5550|At1g62590,2,2,9,17,11,53
TrSC58v2_5688|At1g62590,0,1,8,16,9,40
MSTRG.5552|TRSC58_05172,4,4,3,12,9,18
TrSC58v2_5690|TRSC58_05172,1,0,2,2,7,15
MSTRG.5554|TRSC58_01334,2,1,3,3,0,16
TrSC58v2_5692|TRSC58_01334,1,1,2,3,0,15
MSTRG.5557|C3747_87g11,10,4,2,5,5,14
TrSC58v2_5695|C3747_87g11,0,0,1,1,1,12
MSTRG.5558|Tc_MARK_5983,2,7,4,9,6,38
TrSC58v2_5696|Tc_MARK_5983,2,6,3,1,0,1
MSTRG.5559|esco2,10,2,1,18,4,13
TrSC58v2_5697|esco2,6,0,1,0,0,12
MSTRG.5560|BCY84_01623,4,8,12,8,8,35
TrSC58v2_5698|BCY84_01623,3,7,10,6,6,29
MSTRG.5561|C09D4.1,12,4,6,4,3,20
TrSC58v2_5699|C09D4.1,0,0,6,4,2,16
MSTRG.5562|ctps,4,3,13,45,39,56
TrSC58v2_5700|ctps,0,3,9,26,1,45
MSTRG.5564|TRSC58_03367,3,0,10,9,11,21
TrSC58v2_5702|TRSC58_03367,0,0,9,7,9,17
MSTRG.5566|TRSC58_01226,8,12,4,23,7,35
TrSC58v2_5704|TRSC58_01226,6,8,3,17,6,30
MSTRG.5567|MEAT1,4,11,3,4,11,33
TrSC58v2_5705|MEAT1,0,0,0,0,0,2
MSTRG.5568|TRSC58_05592,6,8,17,18,13,80
TrSC58v2_5706|TRSC58_05592,5,6,13,13,11,64
MSTRG.5569|TRSC58_05029,4,12,14,24,18,50
TrSC58v2_5707|TRSC58_05029,4,0,11,19,0,46
MSTRG.5570|kif3,4,8,3,18,10,36
TrSC58v2_5708|kif3,3,7,0,15,8,34
MSTRG.5571|PDCD11,3,3,8,22,12,50
TrSC58v2_5709|PDCD11,3,0,6,20,10,45
MSTRG.5572|PPP2R1A,5,0,10,3,7,25
TrSC58v2_5710|PPP2R1A,4,0,8,0,6,23
MSTRG.5573|TRSC58_01752,4,9,8,8,3,15
TrSC58v2_5711|TRSC58_01752,4,3,7,7,1,14
MSTRG.5574|CG13926,5,6,3,0,2,5
TrSC58v2_5712|CG13926,2,4,2,0,1,5
MSTRG.5576|TRSC58_01286,28,20,73,103,81,241
TrSC58v2_5713|TRSC58_01286,21,18,69,93,65,235
MSTRG.5575,21,23,78,149,109,214
MSTRG.5577|TRSC58_00741,4,0,4,12,20,24
TrSC58v2_5714|TRSC58_00741,0,0,0,9,0,2
MSTRG.5578|TRSC58_02628,7,7,7,24,7,20
TrSC58v2_5715|TRSC58_02628,0,5,5,16,6,17
MSTRG.5579|YDA,8,5,8,25,10,32
TrSC58v2_5716|YDA,0,4,0,19,9,30
MSTRG.5580|TRSC58_03586,12,2,10,42,17,81
TrSC58v2_5717|TRSC58_03586,10,1,9,2,14,66
MSTRG.5581|Ttll5,5,0,10,5,10,18
TrSC58v2_5718|Ttll5,0,0,9,4,9,13
MSTRG.5582|NSF,3,4,38,30,23,64
TrSC58v2_5719|NSF,0,0,23,5,20,60
MSTRG.5583|TRSC58_04850,10,16,13,10,4,26
TrSC58v2_5720|TRSC58_04850,0,1,11,9,0,22
MSTRG.5584|RP587,11,4,2,13,9,20
TrSC58v2_5721|RP587,0,0,0,1,9,17
MSTRG.5585|PUS7,11,17,16,29,23,89
TrSC58v2_5722|PUS7,8,16,14,25,20,79
MSTRG.5586|TRSC58_04644,3,0,4,8,0,15
TrSC58v2_5723|TRSC58_04644,3,0,1,7,0,14
MSTRG.5588|TRSC58_03550,8,0,6,6,5,18
TrSC58v2_5725|TRSC58_03550,2,0,6,1,2,17
MSTRG.5589|TRSC58_02681,3,4,3,0,5,18
TrSC58v2_5726|TRSC58_02681,2,0,1,0,5,14
MSTRG.5590|TRSC58_03894,5,8,5,19,8,62
TrSC58v2_5727|TRSC58_03894,0,7,4,16,7,56
MSTRG.5592|TRSC58_00672,4,8,46,31,16,76
TrSC58v2_5729|TRSC58_00672,3,7,0,2,0,4
MSTRG.5593|C3747_64g126,11,17,38,73,34,198
TrSC58v2_5730|C3747_64g126,8,14,35,67,29,188
MSTRG.5594|TRSC58_02123,5,5,20,20,9,64
TrSC58v2_5731|TRSC58_02123,3,0,1,18,8,56
MSTRG.5595|TRSC58_05857,4,8,5,11,9,48
TrSC58v2_5732|TRSC58_05857,0,6,3,9,8,43
MSTRG.5596|Nek6,3,12,27,43,26,93
TrSC58v2_5733|Nek6,2,13,23,36,25,74
MSTRG.5597|C3747_64g131,14,15,38,60,37,115
TrSC58v2_5734|C3747_64g131,12,12,24,53,30,111
MSTRG.5598|TRSC58_00958,5,4,4,16,5,29
TrSC58v2_5735|TRSC58_00958,4,3,0,13,0,24
MSTRG.5600|TRSC58_06502,3,12,17,11,9,46
TrSC58v2_5737|TRSC58_06502,0,0,15,9,8,36
MSTRG.5602|WDR24,4,13,31,39,31,130
TrSC58v2_5739|WDR24,3,9,21,28,24,116
MSTRG.5604|Rsph1,4,13,9,26,21,66
TrSC58v2_5741|Rsph1,3,10,7,18,20,59
MSTRG.5605|TRSC58_06818,14,8,12,6,18,30
TrSC58v2_5742|TRSC58_06818,0,1,10,5,16,26
MSTRG.5606|tor,20,20,41,69,70,180
TrSC58v2_5743|tor,17,20,38,69,65,166
MSTRG.5607|DNAJC2,20,9,24,35,27,80
TrSC58v2_5744|DNAJC2,1,7,22,31,22,75
MSTRG.5608|hrf1,5,4,15,17,13,11
TrSC58v2_5745|hrf1,0,1,1,2,1,9
MSTRG.5610|TRSC58_02850,4,0,4,6,17,25
TrSC58v2_5747|TRSC58_02850,3,0,4,1,1,22
MSTRG.5611,17,3,19,27,10,80
MSTRG.5613|G6PD5,7,0,7,16,11,56
MSTRG.5614|Bmp2k,7,4,5,2,4,12
MSTRG.5617|CAPN3,7,13,16,24,14,61
TrSC58v2_5756|CAPN3,7,10,13,21,11,53
MSTRG.5618|TcYC6_0026350,2,0,2,2,2,6
TrSC58v2_5757|TcYC6_0026350,1,0,1,1,1,6
MSTRG.5619|TcSYL_0110540,1,0,3,0,1,3
TrSC58v2_5758|TcSYL_0110540,1,0,1,0,1,3
MSTRG.5620|DEK1,8,3,8,19,4,55
TrSC58v2_5759|DEK1,6,2,6,14,1,50
MSTRG.5621|TRSC58_06239,2,3,10,10,13,16
TrSC58v2_5760|TRSC58_06239,1,1,4,10,4,16
TrSC58v2_5761|TRSC58_00512,2,3,5,12,0,17
MSTRG.5622|TRSC58_00512,2,4,6,13,5,17
MSTRG.5623|RPTOR,16,17,27,61,29,137
TrSC58v2_5762|RPTOR,13,14,21,60,23,119
MSTRG.5625|TRSC58_00426,2,2,24,6,13,25
TrSC58v2_5764|TRSC58_00426,2,1,6,5,3,22
MSTRG.5626|TRSC58_03770,4,17,16,38,16,59
TrSC58v2_5765|TRSC58_03770,2,16,15,34,14,57
MSTRG.5627|TM35_000141640,8,4,12,23,4,45
TrSC58v2_5766|TM35_000141640,7,4,11,1,4,41
MSTRG.5628|TM35_000141640,9,3,11,23,9,42
TrSC58v2_5767|TM35_000141640,1,3,10,18,8,36
MSTRG.5630|TBA,10,9,13,12,13,58
TrSC58v2_5769|TBA,9,9,13,12,13,57
MSTRG.5631|TBB,21,19,42,76,35,169
TrSC58v2_5770|TBB,1,1,0,2,3,8
TrSC58v2_5771|TBA,3,1,1,3,4,17
MSTRG.5632|TBA,3,1,1,4,4,17
MSTRG.5662|TRSC58_05947,0,0,5,14,0,32
MSTRG.5678,59,35,108,257,100,346
MSTRG.5679|ldhd,0,4,0,5,6,14
MSTRG.5680|TM35_000091330,0,3,0,2,0,15
MSTRG.5683,0,24,92,0,93,405
MSTRG.5685|TRSC58_01363,0,15,12,10,16,103
MSTRG.5686|MUC4,0,0,2,4,0,0
MSTRG.5688|TRSC58_01383,0,1,12,20,7,23
MSTRG.5691|TRSC58_05975,0,0,0,9,0,25
MSTRG.5703|TRSC58_00417,0,4,11,19,21,44
MSTRG.5705|Eri1,0,15,21,24,17,58
MSTRG.5712|C3747_96g58,0,10,10,9,11,48
MSTRG.5719|TRSC58_05473,0,6,3,11,8,47
MSTRG.5724|TM35_000091760,0,3,12,6,8,18
MSTRG.5725|Tc00.1047053503811.60,0,8,5,3,4,18
MSTRG.5726|rfbB,0,0,16,21,0,43
MSTRG.5727|TRSC58_04629,0,0,12,5,12,7
MSTRG.5739|TRSC58_00598,0,0,13,13,15,74
MSTRG.5742|C3747_47g45,0,0,17,4,15,24
MSTRG.5745|OsI_11177,0,0,7,3,7,32
MSTRG.5749|ARL3,0,11,4,31,0,52
TrSC58v2_5888.t1.e1|GRESAG,0,0,0,0,0,0
TrSC58v2_5888|GRESAG,0,0,0,0,0,0
TrSC58v2_5889.t1.e1|GRESAG,0,0,0,0,0,0
TrSC58v2_5889|GRESAG,0,0,0,0,0,0
TrSC58v2_5890.t1.e1|GRESAG,0,0,0,0,0,0
TrSC58v2_5890|GRESAG,0,0,0,0,0,0
MSTRG.5753,0,18,0,32,0,52
MSTRG.5758|Ube2j1,0,7,9,26,5,85
MSTRG.5763,0,1,1,0,5,7
MSTRG.5764|TRSC58_01391,0,0,4,17,3,17
MSTRG.5773|SFT2D2,0,8,12,2,9,23
MSTRG.5775|TRSC58_01315,0,0,14,10,0,39
MSTRG.5778|KIN4C,0,7,16,26,24,77
MSTRG.5658|TcYC6_0108050,16,7,11,54,23,139
MSTRG.5659|ATRX,7,15,46,68,44,189
MSTRG.5660|TRSC58_01225,7,13,8,19,16,42
MSTRG.5661|Sec24a,15,18,46,60,27,148
MSTRG.5663|Riok1,3,0,6,19,17,84
MSTRG.5664,15,3,24,13,17,59
MSTRG.5665|TRSC58_02016,6,2,5,8,8,27
MSTRG.5666,10,6,29,67,34,116
MSTRG.5667|GP85,15,4,19,24,16,82
MSTRG.5668|TcBrA4_0011190,31,45,42,43,18,114
MSTRG.5669|TRSC58_02016,11,24,16,25,21,84
MSTRG.5670,2,2,2,0,0,2
MSTRG.5671|TCNA,6,9,26,11,19,96
MSTRG.5672,33,19,62,38,28,195
MSTRG.5673|TRSC58_02016,1,12,8,15,9,63
MSTRG.5674|TcG_10553,2,8,10,3,6,26
MSTRG.5675|TCNA,2,1,9,5,4,24
MSTRG.5676|C3747_3g721,4,7,10,23,13,60
MSTRG.5677|TTLL6,13,7,11,21,8,71
TrSC58v2_5815,0,0,4,6,0,6
MSTRG.5681|DDL,9,7,19,8,4,39
MSTRG.5682|TRSC58_01633,3,0,3,0,7,25
MSTRG.5683|ST13,20,25,19,96,22,38
MSTRG.5684|SMAP2,10,11,8,24,31,93
MSTRG.5687|ttn-1,12,11,57,41,52,175
MSTRG.5689|TRSC58_02003,4,19,22,40,33,162
MSTRG.5690|Sf3b4,5,0,8,18,7,75
MSTRG.5692|TRSC58_06515,3,18,12,23,7,25
MSTRG.5693|TRSC58_06696,15,8,16,21,33,81
MSTRG.5694|TRSC58_06082,13,0,6,40,12,105
MSTRG.5695|SLP2,4,4,26,17,0,44
MSTRG.5696|RAD51B,15,19,19,47,2,149
MSTRG.5697|TRSC58_05822,12,5,15,35,16,87
MSTRG.5698|TRSC58_06259,8,22,25,36,21,105
MSTRG.5699|TRSC58_06328,12,23,2,25,6,92
MSTRG.5700|Tc_MARK_3036,12,3,4,32,15,51
MSTRG.5701,3,4,17,17,10,50
MSTRG.5702|COF1,3,7,8,9,11,36
MSTRG.5704|TRSC58_03996,18,25,33,50,27,236
MSTRG.5706|Eri1,21,5,37,44,19,100
MSTRG.5707|ERI1,13,8,13,19,21,64
MSTRG.5708|Tc_MARK_3042,11,11,24,40,36,125
MSTRG.5709|TRSC58_02222,17,29,36,61,26,152
MSTRG.5710|XPB,13,37,57,88,40,220
MSTRG.5711|XPB,17,6,18,16,13,48
MSTRG.5713|Nufip1,27,19,48,55,61,148
MSTRG.5714|ABCA1,100,135,305,459,386,1395
MSTRG.5715|Bet1,4,4,14,14,9,34
MSTRG.5716|aptx,3,22,23,7,9,80
MSTRG.5717|slc20a1a,20,15,38,35,24,155
MSTRG.5718|RSP4,31,45,44,70,58,334
MSTRG.5720|RZ1B,35,33,62,110,67,231
MSTRG.5721|TRSC58_01504,2,11,7,34,32,114
MSTRG.5722|TRSC58_05982,6,25,39,40,18,147
MSTRG.5723|Bbs7,25,52,80,124,54,249
MSTRG.5728|PEX7,3,0,4,28,9,59
MSTRG.5729|TcCL_NonESM06072,22,7,28,8,17,67
MSTRG.5730|MPP10,45,18,48,89,79,301
MSTRG.5731|LPG3,182,300,679,683,570,2757
MSTRG.5732|TcG_01560,6,18,7,15,19,78
MSTRG.5733|Tc_MARK_3059,15,23,47,95,67,231
MSTRG.5734|HIR1,14,13,44,52,41,176
MSTRG.5735|Tc_MARK_3061,9,9,9,39,25,68
MSTRG.5736|TcYC6_0108630,7,5,21,27,17,65
MSTRG.5737|TRSC58_00115,22,39,43,108,78,319
MSTRG.5738|TRSC58_04026,14,8,7,24,3,64
MSTRG.5740|TRSC58_01883,6,11,8,9,0,29
MSTRG.5741|TRSC58_03076,12,13,16,31,16,74
MSTRG.5743|HMGL,31,15,50,92,26,238
MSTRG.5744|TRSC58_01396,16,0,10,11,17,17
MSTRG.5746|DhpD,54,38,64,124,94,315
MSTRG.5747|CYB5,8,5,5,0,5,52
MSTRG.5748|TRSC58_02284,15,5,11,43,20,55
MSTRG.5750|EEF1AKMT4,3,3,5,20,21,84
MSTRG.5751|RAD21,18,11,23,54,20,96
MSTRG.5752|rsph1,37,19,105,128,70,239
MSTRG.5753|TRSC58_00852,23,6,13,4,0,26
MSTRG.5754|TRSC58_05697,24,38,70,82,67,316
MSTRG.5755|SPBC115.02c,17,4,12,21,8,77
MSTRG.5756|Qptc,18,3,3,22,8,63
MSTRG.5757|TcYC6_0042490,3,8,19,21,27,101
MSTRG.5759|PFRA,21,9,21,46,15,135
MSTRG.5760|TRSC58_04226,3,19,16,34,16,122
MSTRG.5761|Sf3b3,57,60,69,137,82,365
MSTRG.5762|TRSC58_00033,4,8,50,28,30,143
MSTRG.5763|C3747_26g242,7,14,32,24,8,94
MSTRG.5765|Zc2hc1c,41,14,22,64,63,179
MSTRG.5766,14,7,19,23,19,54
MSTRG.5767|mtnP,1,3,8,4,1,31
MSTRG.5768|TcSYL_0163090,3,3,2,8,4,17
MSTRG.5769|mtnP,4,7,3,10,4,28
MSTRG.5770|TcSYL_0163090,3,3,3,9,3,18
MSTRG.5771|mtnP,3,6,3,8,4,25
MSTRG.5772|TRSC58_00610,16,8,12,37,14,97
MSTRG.5774|TRSC58_05911,9,5,16,14,24,95
MSTRG.5776|TRSC58_01201,10,26,18,44,21,87
MSTRG.5777|TRSC58_06789,35,9,57,64,35,160
MSTRG.5786,21,19,42,113,41,181
MSTRG.5788|TRSC58_02884,3,17,16,17,24,78
MSTRG.5787|TCNA,14,24,25,27,40,86
MSTRG.5911|Tc_MARK_3812,26,46,87,117,157,413
MSTRG.5913|LAMA2,7,5,11,37,23,70
TrSC58v2_6060|LAMA2,6,4,9,35,18,63
MSTRG.5914|RH2a,4,3,13,14,13,36
TrSC58v2_6061|RH2a,0,0,10,10,12,29
MSTRG.5915|TRSC58_01142,6,0,4,3,4,5
TrSC58v2_6062|TRSC58_01142,0,0,0,1,2,2
MSTRG.5917|TM35_000421760,2,0,9,8,5,31
TrSC58v2_6064|TM35_000421760,1,0,7,8,1,27
MSTRG.5919|DDB_G0293610,1,0,0,2,3,21
TrSC58v2_6066|DDB_G0293610,1,0,0,0,1,1
MSTRG.5923|DDB_G0292412,3,4,12,9,7,16
TrSC58v2_6070|DDB_G0292412,3,0,10,6,5,14
MSTRG.5922|TRSC58_01375,8,3,26,13,7,33
TrSC58v2_6069|TRSC58_01375,1,3,1,11,1,30
MSTRG.5926|bkdB,7,3,13,20,16,46
TrSC58v2_6073|bkdB,0,0,10,17,0,42
MSTRG.5924|PHB7,11,3,6,19,10,78
TrSC58v2_6071|PHB7,3,0,2,2,0,60
MSTRG.5925|CFAP99,10,21,19,16,13,62
TrSC58v2_6072|CFAP99,8,17,13,11,9,55
MSTRG.5927|SA85-1.1,2,9,6,18,8,24
TrSC58v2_6074|SA85-1.1,1,1,3,2,1,2
MSTRG.6076|ARD1,7,2,10,20,7,44
MSTRG.6077,34,41,87,81,51,239
MSTRG.6082|TcSYL_0004720,5,4,7,11,5,32
MSTRG.6080|Tc_MARK_3383,5,9,8,11,9,29
MSTRG.6081|C3747_865g7,14,20,41,60,37,87
MSTRG.5940|DQ04_09871020,0,2,6,2,0,4
MSTRG.5944|speE,0,4,0,2,8,53
MSTRG.5952,0,0,0,0,5,47
TrSC58v2_6104|FCABP,0,0,0,0,0,0
TrSC58v2_6104.t1.e1|FCABP,0,0,0,0,0,0
MSTRG.5953|FCABP,0,0,0,0,0,2
MSTRG.5954|FCABP,0,0,2,0,0,0
MSTRG.5957|FCABP,0,0,1,0,0,2
TrSC58v2_6110|FCABP,0,0,0,0,0,0
TrSC58v2_6110.t1.e1|FCABP,0,0,0,0,0,0
TrSC58v2_6111|FCABP,0,0,0,0,0,0
TrSC58v2_6111.t1.e1|FCABP,0,0,0,0,0,0
TrSC58v2_6112|FCABP,0,0,0,0,0,0
TrSC58v2_6112.t1.e1|FCABP,0,0,0,0,0,0
TrSC58v2_6113|FCABP,0,0,0,1,0,1
TrSC58v2_6113.t1.e1|FCABP,0,0,0,1,0,1
TrSC58v2_6115|FCABP,0,0,0,1,0,1
TrSC58v2_6115.t1.e1|FCABP,0,0,0,1,0,1
TrSC58v2_6116|FCABP,0,0,1,1,1,1
TrSC58v2_6116.t1.e1|FCABP,0,0,1,1,1,1
MSTRG.5959|FCABP,0,0,1,2,2,3
MSTRG.5960|FCABP,0,0,1,2,2,3
MSTRG.5961|FCABP,0,0,1,2,2,3
MSTRG.5962|FCABP,0,0,1,2,2,3
MSTRG.5963|FCABP,0,0,1,2,2,3
MSTRG.5964|FCABP,0,0,1,2,2,3
TrSC58v2_6123.t1.e1,0,0,0,0,0,0
TrSC58v2_6123,0,0,0,0,0,0
TrSC58v2_6124.t1.e1,0,0,0,0,0,0
TrSC58v2_6124,0,0,0,0,0,0
MSTRG.5968|TRSC58_06436,0,0,12,9,3,36
MSTRG.5974|MUL_2000,0,2,3,0,0,0
MSTRG.5977|TRSC58_05097,0,12,13,30,22,101
MSTRG.5980|TRSC58_06455,0,11,35,41,32,77
MSTRG.5982|Znhit6,0,0,19,24,13,76
MSTRG.5983|TRSC58_00722,0,0,7,13,12,36
MSTRG.5988|SLC10A7,0,11,14,17,11,52
MSTRG.5990|Tc_MARK_596,0,4,4,28,14,27
MSTRG.5997|TRSC58_03516,0,4,14,4,9,19
MSTRG.6003|TRSC58_00012,0,0,5,0,1,19
MSTRG.6006|TRSC58_02456,0,4,0,4,4,13
MSTRG.6011|TM35_000162730,0,4,6,0,4,11
MSTRG.6012|TM35_000162730,0,0,0,13,2,20
MSTRG.6014|TRSC58_00603,0,18,30,26,14,63
MSTRG.6016|DDB_G0276017,0,0,5,5,4,13
MSTRG.6019|ORC1A,0,0,5,5,5,11
TrSC58v2_6187|ergic3,0,0,6,9,2,14
MSTRG.6023|ergic3,0,4,6,10,9,16
TrSC58v2_6193|TcYC6_0044980,0,0,1,12,1,17
MSTRG.6029|TcYC6_0044980,0,0,3,14,3,19
TrSC58v2_6196|CDKC-1,0,0,0,3,2,1
MSTRG.6032|CDKC-1,0,0,4,4,10,35
TrSC58v2_6197|TRSC58_06154,0,0,0,0,0,11
MSTRG.6033|TRSC58_06154,0,0,9,8,0,13
TrSC58v2_6203|mcts1,0,0,0,1,0,13
MSTRG.6039|mcts1,0,3,2,4,2,15
TrSC58v2_6207,0,1,0,0,0,2
MSTRG.6041,16,12,0,5,4,32
TrSC58v2_6218|Atg16l2,0,0,1,8,16,29
MSTRG.6054|Atg16l2,0,0,3,10,18,32
TrSC58v2_6226|TCSYLVIO_001694,0,0,1,1,3,2
MSTRG.6063|TCSYLVIO_001694,0,0,1,5,3,3
TrSC58v2_6229|TRSC58_02508,0,1,5,5,3,24
MSTRG.6066|TRSC58_02508,0,7,5,7,4,28
TrSC58v2_6231|TRSC58_06110,0,0,5,1,0,9
MSTRG.6068|TRSC58_06110,0,0,6,7,0,11
TrSC58v2_6234|TRSC58_01686,0,1,0,12,1,30
MSTRG.6071|TRSC58_01686,0,1,8,13,2,38
MSTRG.5930|TcCLB.511643.4,3,2,0,3,2,9
MSTRG.5931|TRSC58_00439,3,2,3,9,8,16
MSTRG.5932|pyr4,4,5,19,13,2,46
MSTRG.5933|ura1,4,15,26,15,34,87
MSTRG.5934|pyrFE,5,4,17,20,16,56
MSTRG.5935|r,2,3,0,0,0,18
MSTRG.5936|USP48,39,31,75,73,105,304
MSTRG.5937|TcYC6_0054770,8,4,19,10,17,65
MSTRG.5938|tal,6,7,47,24,33,110
MSTRG.5939,6,0,11,6,4,39
MSTRG.5941,13,22,28,69,77,171
MSTRG.5942|VPS13C,96,85,148,300,114,654
MSTRG.5943|TRSC58_03683,30,49,58,78,39,195
MSTRG.5945|C3747_90g103,4,11,9,16,14,59
MSTRG.5946|ISA1,3,9,20,26,9,110
MSTRG.5948,242,0,1676,1265,499,4919
MSTRG.5948|C3747_152g87,450,445,727,1096,562,2466
MSTRG.5949,62,44,157,186,69,473
MSTRG.5949|C4B63_225g33,3,2,7,11,4,12
MSTRG.5949|wrs1,2,2,5,4,2,10
MSTRG.5950,53,118,131,172,0,345
MSTRG.5950|ARP,42,27,37,27,69,183
MSTRG.5948|TcYC6_0172900,706,795,429,712,768,696
MSTRG.5950|DQ04_03431020,2,13,27,44,42,62
MSTRG.5947|Rrp1,31,29,77,91,79,384
MSTRG.5951|C3747_90g93,7,20,9,30,28,131
MSTRG.5952|FCABP,25,0,16,18,4,30
MSTRG.5955|FCABP,2,0,1,2,2,2
MSTRG.5956|FCABP,1,0,0,0,0,2
MSTRG.5958|FCABP,3,0,0,7,0,4
MSTRG.5965|TRSC58_06197,2,2,13,4,4,24
MSTRG.5966|gdhA,19,15,41,46,34,123
MSTRG.5967|dtd1,10,4,3,13,7,26
MSTRG.5969|TRSC58_06668,2,3,7,0,5,11
MSTRG.5970|gp63,7,3,10,6,28,30
MSTRG.5971|gp63,1,7,3,7,2,12
MSTRG.5972|gp63,1,7,3,7,2,12
MSTRG.5973|gp63,1,7,3,5,2,12
MSTRG.5975|AXR1,4,7,0,3,0,37
MSTRG.5976|Cbs,9,4,31,23,24,103
MSTRG.5978|DIS3,4,17,35,58,37,151
MSTRG.5979|Tc_MARK_603,4,7,11,13,5,30
MSTRG.5981|C3747_43g241,4,5,29,14,25,83
MSTRG.5984|elc1,7,4,0,5,6,16
MSTRG.5985|SPCC1235.04c,9,14,47,35,26,168
MSTRG.5986|GRESAG,3,3,17,25,17,52
MSTRG.5987|GRESAG,1,1,5,9,13,30
MSTRG.5989|C3747_207g79,3,8,28,18,38,155
MSTRG.5991|SDP6,8,23,26,39,38,102
MSTRG.5992|XI-2,13,0,29,12,11,57
MSTRG.5993|yigL,4,0,7,11,4,23
MSTRG.5994|PAT04,20,7,31,44,25,85
MSTRG.5995|H2bc3,11,11,18,13,12,71
MSTRG.5996|CpNIFS3,8,0,10,6,9,35
MSTRG.5998|TRSC58_01611,22,4,21,13,0,39
MSTRG.5999|Dusp6,7,15,11,20,8,51
MSTRG.6000|TRSC58_03596,4,3,6,0,8,39
MSTRG.6001|MFSD1,4,4,24,40,28,70
MSTRG.6002|Os09g0533100,9,26,12,104,52,161
MSTRG.6004|NRPB9A,3,0,5,3,4,20
MSTRG.6005|PSB3,4,0,11,18,3,43
MSTRG.6007|GRESAG,4,20,16,43,23,87
MSTRG.6008|GRESAG,4,5,5,18,9,60
MSTRG.6009|GRESAG,10,11,7,24,29,77
MSTRG.6010|DQ04_01071110,4,3,0,4,0,7
MSTRG.6013|TRSC58_04289,4,18,15,13,15,67
MSTRG.6015|DRC2,3,3,41,31,17,76
MSTRG.6017|BCHC2,47,19,62,71,68,242
MSTRG.6018|TRSC58_06292,11,18,11,22,20,36
MSTRG.6020|TRSC58_04060,12,2,5,3,6,13
MSTRG.6021|C3747_44g231,4,4,0,23,12,43
MSTRG.6022|TRSC58_02113,23,0,9,17,7,14
TrSC58v2_6186|TRSC58_02113,0,0,6,0,5,11
MSTRG.6024|GAMMACA2,3,3,4,11,6,29
TrSC58v2_6188|GAMMACA2,0,1,0,10,5,25
MSTRG.6025|abcH2,4,4,10,21,10,22
TrSC58v2_6189|abcH2,0,0,8,2,0,4
MSTRG.6026|ZRANB3,10,10,15,35,22,52
TrSC58v2_6190|ZRANB3,8,7,11,14,18,42
MSTRG.6027|GCN2,3,10,24,30,28,150
TrSC58v2_6191|GCN2,1,0,23,24,24,0
MSTRG.6028|KIN,7,6,26,55,22,71
TrSC58v2_6192|KIN,5,6,18,49,20,66
MSTRG.6030|rsph10b,8,4,12,12,12,51
TrSC58v2_6194|rsph10b,0,3,0,0,11,1
MSTRG.6031|SARS1,35,28,72,64,48,304
TrSC58v2_6195|SARS1,0,23,64,58,44,251
MSTRG.6034|NIF3,1,4,0,8,3,36
TrSC58v2_6198|NIF3,1,0,0,0,1,3
MSTRG.6035|SPBPB7E8.02,3,0,19,22,15,58
TrSC58v2_6199|SPBPB7E8.02,0,0,2,20,14,49
MSTRG.6036|TRSC58_02317,8,0,9,7,4,16
TrSC58v2_6200|TRSC58_02317,7,0,7,6,1,14
MSTRG.6037|EXOC6,7,4,17,17,15,59
TrSC58v2_6201|EXOC6,7,4,14,15,12,52
MSTRG.6038|TcYC6_0044310,4,4,4,20,8,31
TrSC58v2_6202|TcYC6_0044310,2,0,0,0,2,27
MSTRG.6040,1,2,3,3,3,10
TrSC58v2_6204,1,1,2,0,2,8
TrSC58v2_6205,1,2,0,2,1,4
MSTRG.6042,4,2,8,8,5,17
TrSC58v2_6206,4,2,0,2,2,15
MSTRG.6043|cshC,9,3,9,7,9,59
TrSC58v2_6208|cshC,1,1,8,0,7,2
MSTRG.6044|TRSC58_01369,4,4,6,9,0,16
TrSC58v2_6209|TRSC58_01369,1,0,5,2,0,14
MSTRG.6045|TRSC58_03717,4,3,0,4,1,26
TrSC58v2_6210|TRSC58_03717,0,1,0,0,1,8
MSTRG.6046|pyp-1,10,3,24,20,23,119
TrSC58v2_6211|pyp-1,9,0,22,19,26,2
MSTRG.6047|TRSC58_01908,10,4,7,15,13,21
TrSC58v2_6212|TRSC58_01908,9,0,6,3,2,19
MSTRG.6048|RPB_0099,3,0,2,3,3,22
TrSC58v2_6213|RPB_0099,0,0,2,2,1,16
MSTRG.6049|Rad51b,5,20,7,11,7,29
TrSC58v2_6214|Rad51b,0,0,1,0,5,26
MSTRG.6051|PSA4,7,15,20,3,8,36
TrSC58v2_6215|PSA4,0,0,2,3,0,33
MSTRG.6050,10,0,22,13,10,56
MSTRG.6052|Tc_MARK_551,5,4,11,20,12,31
TrSC58v2_6216|Tc_MARK_551,4,3,8,17,0,25
MSTRG.6053|MCR1,5,0,0,1,4,15
TrSC58v2_6217|MCR1,1,0,0,1,0,14
MSTRG.6055|TRSC58_03707,4,8,8,10,0,19
TrSC58v2_6219|TRSC58_03707,0,5,7,0,0,13
MSTRG.6056|TRSC58_06130,10,0,4,3,12,27
TrSC58v2_6220|TRSC58_06130,2,0,0,2,0,20
MSTRG.6057|TRSC58_05690,5,5,26,16,13,94
TrSC58v2_6221|TRSC58_05690,4,4,22,13,14,78
MSTRG.6058|TRSC58_02925,2,2,4,20,9,26
TrSC58v2_6222|TRSC58_02925,1,1,0,16,7,20
MSTRG.6059|PIF1,4,3,10,15,12,34
TrSC58v2_6223|PIF1,0,2,9,10,10,28
MSTRG.6060|PIF1,5,0,22,10,17,24
TrSC58v2_6224|PIF1,0,0,18,7,15,18
MSTRG.6061|GRF12,15,8,35,27,14,59
TrSC58v2_6225|GRF12,1,7,30,24,11,56
MSTRG.6062,15,74,113,191,130,442
MSTRG.6064|C3747_43g81,4,4,4,11,9,48
TrSC58v2_6227|C3747_43g81,3,3,4,1,7,39
MSTRG.6065|TRSC58_02660,4,9,13,26,13,111
TrSC58v2_6228|TRSC58_02660,0,7,10,24,11,80
MSTRG.6067|TTLL6,1,9,7,10,28,91
TrSC58v2_6230|TTLL6,1,6,5,8,19,2
MSTRG.6069|LmjF11.0410,4,10,18,15,5,56
TrSC58v2_6232|LmjF11.0410,3,0,19,11,4,50
MSTRG.6070|HERC3,11,0,6,33,4,34
TrSC58v2_6233|HERC3,0,0,5,0,0,27
MSTRG.6072|Lrguk,4,5,9,11,8,47
TrSC58v2_6235|Lrguk,0,5,8,9,7,41
MSTRG.6073|TRSC58_03858,3,5,10,3,4,22
TrSC58v2_6236|TRSC58_03858,3,0,8,1,3,18
MSTRG.6074|TRSC58_00632,7,0,8,22,13,37
TrSC58v2_6237|TRSC58_00632,0,0,0,0,11,4
MSTRG.6084|SAC9,7,0,8,28,18,54
MSTRG.6078,29,20,46,45,31,231
MSTRG.6079,14,39,25,39,43,181
MSTRG.6087|TRSC58_04913,4,3,48,30,7,50
MSTRG.6088|DDB_G0268478,4,13,16,33,27,102
MSTRG.6083|GP85,7,28,32,47,30,102
MSTRG.6085|ptges2,11,9,38,10,9,87
MSTRG.6090|TRSC58_02977,6,0,6,24,6,34
MSTRG.6091|KINUA,11,11,19,33,15,54
MSTRG.6092|Hcf,4,2,7,2,0,40
MSTRG.6093,12,6,47,73,35,84
MSTRG.6094,101,122,301,374,216,864
MSTRG.6094|Tc_MARK_8845,7,7,15,98,13,89
MSTRG.6095|CFAP44,51,47,117,174,143,516
MSTRG.6098|TRSC58_03327,2,0,5,13,8,25
MSTRG.6099|SPAC17A5.08,7,13,4,15,14,44
MSTRG.6100|TRSC58_03501,8,14,34,11,14,71
MSTRG.6101|At1g28350,22,4,24,33,17,95
MSTRG.5790|TRSC58_07112,0,0,0,0,4,13
MSTRG.5792|TRSC58_01950,0,3,4,8,7,43
MSTRG.5804,0,0,36,102,0,212
MSTRG.5806|TRSC58_01518,0,5,11,22,4,45
MSTRG.5812|Tc_MARK_4024,0,0,4,4,4,8
MSTRG.5816|grx4,0,9,7,4,11,60
MSTRG.5818|Tc_MARK_6448,0,0,0,13,7,19
MSTRG.5826|selenot2,0,4,8,17,15,37
MSTRG.5845|TRSC58_07194,0,7,27,35,27,131
MSTRG.5848|TRSC58_01790,0,0,24,8,12,58
MSTRG.5852|TRSC58_02877,0,7,7,7,13,64
MSTRG.5857|TRSC58_00104,0,17,16,4,20,80
MSTRG.5862|TRSC58_06891,0,4,2,3,5,47
MSTRG.5869,0,10,34,52,40,137
MSTRG.5879|VPS60-2,0,4,15,35,17,36
MSTRG.5884|TRSC58_05443,0,19,44,30,9,83
MSTRG.5887,0,0,0,272,0,0
MSTRG.5888|TRSC58_05236,0,9,3,5,9,67
MSTRG.5899|Tnks,0,19,21,26,15,101
MSTRG.5902|TRSC58_07163,0,4,6,7,12,32
MSTRG.5903|AGD11,0,4,4,12,12,74
MSTRG.5909|TMEM167A,0,2,2,0,0,5
MSTRG.5789|TRSC58_06822,12,4,16,13,5,47
MSTRG.5791|TRSC58_03525,9,23,19,49,44,107
MSTRG.5793|MNR1,12,4,21,42,18,63
MSTRG.5794|TCSYLVIO_007761,14,9,49,35,32,162
MSTRG.5795|At3g62310,19,23,29,38,24,162
MSTRG.5796|Chka,19,23,32,46,42,152
MSTRG.5797|SPBC365.16,11,38,49,45,62,148
MSTRG.5798|TcCL_NonESM09996,2,0,13,30,0,78
MSTRG.5799|TRSC58_05015,30,31,25,71,20,116
MSTRG.5800|TRSC58_06557,64,83,166,190,132,448
MSTRG.5801|RPL8,200,206,329,408,232,1307
MSTRG.5802|PEX5,34,33,92,98,83,281
MSTRG.5803|ths1,146,192,339,435,240,1147
MSTRG.5804|ESF2,8,9,6,2,20,2
MSTRG.5804|Otud3,10,16,10,13,29,4
MSTRG.5805|PMPCB,35,49,95,103,66,333
MSTRG.5807|TcYC6_0062330,11,4,18,8,23,60
MSTRG.5808|ISCA2,11,12,15,7,2,23
MSTRG.5809|PDIA6,8,26,43,33,35,162
MSTRG.5810|TRSC58_06767,21,20,48,50,53,158
MSTRG.5811,64,138,167,255,112,638
MSTRG.5811|ube2d4,4,2,7,2,2,2
MSTRG.5813|TRSC58_02175,8,11,0,5,4,13
MSTRG.5814|ALKBH7,3,5,8,15,18,36
MSTRG.5815|atad1a,6,7,13,10,7,46
MSTRG.5817,2,11,18,12,13,52
MSTRG.5819|TRSC58_03751,17,13,90,53,56,216
MSTRG.5820|osm1,13,26,33,38,23,90
MSTRG.5821|osm1,8,6,6,8,6,21
MSTRG.5822|osm1,47,53,113,158,129,371
MSTRG.5823|SPAC4H3.07c,11,46,31,34,22,78
MSTRG.5824,53,113,153,167,141,741
MSTRG.5825|stt3,71,111,149,163,164,676
MSTRG.5824|stt-3,9,27,31,28,14,59
MSTRG.5827|TRSC58_00502,6,9,20,16,7,50
MSTRG.5828|C3747_52g203,18,4,31,38,12,119
MSTRG.5829|KRI1,64,64,78,127,90,303
MSTRG.5830|TRSC58_03137,8,7,52,30,14,98
MSTRG.5831|TRSC58_02440,8,15,17,30,10,44
MSTRG.5832|CAMK1,2,0,5,40,9,48
MSTRG.5833|ZC3H11,43,56,113,136,66,403
MSTRG.5834|CK1.2,2,3,9,5,3,18
MSTRG.5835|CK1.2,5,16,21,13,12,72
MSTRG.5836|CK1.2,4,10,14,12,12,69
MSTRG.5837|CK1.2,6,13,15,14,12,77
MSTRG.5838|CK1.2,4,9,15,11,8,51
MSTRG.5839|CK1.2,2,4,3,3,2,9
MSTRG.5840|CK1.2,2,5,4,4,4,16
MSTRG.5841|CK1.2,2,4,3,3,2,9
MSTRG.5842|CK1.2,4,4,5,4,4,11
MSTRG.5843|TRSC58_06117,14,22,31,60,34,140
MSTRG.5844|mro,3,0,6,8,0,43
MSTRG.5846|SPBPB7E8.02,15,33,54,128,66,261
MSTRG.5847|TRSC58_00712,7,18,0,46,33,53
MSTRG.5849|TRSC58_05573,19,23,34,100,47,117
MSTRG.5850|TRSC58_02687,44,21,29,45,42,145
MSTRG.5851|TRSC58_03665,7,3,23,37,22,44
MSTRG.5853|C3747_62g196,6,7,15,25,23,67
MSTRG.5854|TRSC58_03576,22,12,11,68,60,197
MSTRG.5855|TRSC58_06066,20,12,25,79,23,138
MSTRG.5856|TRSC58_04423,12,26,12,30,27,93
MSTRG.5858|osm1,59,47,59,118,105,360
MSTRG.5859,45,48,136,144,119,501
MSTRG.5860|Os01g0760600,135,203,392,296,274,1143
MSTRG.5861|C4B63_54g68,16,40,70,42,32,133
MSTRG.5863|ACTZ,3,26,18,17,15,70
MSTRG.5864|TFB1M,28,15,11,26,25,118
MSTRG.5865|prkag,8,33,33,47,46,213
MSTRG.5866|C3747_62g182,14,13,38,39,31,161
MSTRG.5867|Tc_MARK_3852,35,21,45,68,22,234
MSTRG.5868|Tc_MARK_3851,9,28,66,60,25,162
MSTRG.5869|Tc_MARK_3850,11,2,2,2,2,9
MSTRG.5869|TRSC58_03361,9,2,2,6,2,43
MSTRG.5870|vha-14,2,9,34,53,21,98
MSTRG.5871|nphp3,5,10,47,58,52,146
MSTRG.5872|TRSC58_06652,37,3,100,75,42,213
MSTRG.5873|Utp20,128,108,279,413,265,888
MSTRG.5874|TcG_03863,7,15,8,20,0,49
MSTRG.5875|TRSC58_04481,30,18,36,25,15,171
MSTRG.5876|TRSC58_03895,44,31,110,170,130,494
MSTRG.5877|rpl18a,23,31,64,110,101,380
MSTRG.5878|TRSC58_05469,6,0,6,3,11,48
MSTRG.5880|TRSC58_02401,10,28,69,61,42,170
MSTRG.5881|Lpcat2,9,22,17,41,31,93
MSTRG.5882|DDB_G0267588,16,24,44,74,82,180
MSTRG.5883|CIPK26,46,30,59,137,108,310
MSTRG.5885|TRSC58_02987,30,12,24,50,22,99
MSTRG.5886|TRSC58_04779,22,39,32,111,59,248
MSTRG.5887|Tc00.1047053511001.9,269,296,502,447,378,1977
MSTRG.5889|TRSC58_05215,7,8,12,26,3,45
MSTRG.5891|THL-2,13,8,32,43,29,124
MSTRG.5890,33,39,82,90,57,241
MSTRG.5892,19,28,66,102,56,215
MSTRG.5893|VAD1,64,45,99,141,61,353
MSTRG.5894|auh,10,11,22,32,15,62
MSTRG.5895|TRSC58_05756,19,8,21,41,48,155
MSTRG.5896|TRSC58_05255,5,0,13,15,12,32
MSTRG.5897|Kdsr,20,16,52,56,34,133
MSTRG.5898|SPTLC2,8,11,35,90,32,153
MSTRG.5900|TRSC58_00134,4,11,20,21,9,85
MSTRG.5901|RRBP1,22,15,60,69,34,170
MSTRG.5904|TRSC58_04214,11,8,40,39,24,150
MSTRG.5905|RPL30,12,38,79,145,107,393
MSTRG.5906|RPL30,15,58,79,171,150,539
MSTRG.5907|C3747_62g139,26,62,43,148,50,265
MSTRG.5908|TRSC58_00415,4,7,14,9,4,55
MSTRG.5910|HIP1,27,20,45,38,29,269
MSTRG.6195|ESAG4,1,0,1,1,1,3
TrSC58v2_6355|ESAG4,0,0,0,1,1,2
MSTRG.6196|ESAG4,4,5,8,7,5,25
TrSC58v2_6356|ESAG4,3,4,6,5,4,21
MSTRG.6197|ESAG4,1,0,1,1,1,3
TrSC58v2_6357|ESAG4,0,0,0,1,1,2
MSTRG.6198|ESAG4,4,10,8,9,4,49
TrSC58v2_6358|ESAG4,3,0,6,6,4,0
MSTRG.6199|GRESAG,3,4,6,3,3,11
TrSC58v2_6361|GRESAG,0,3,3,3,3,10
MSTRG.6201|TRSC58_05980,8,7,21,37,19,75
MSTRG.6203|patA,21,9,29,72,25,157
MSTRG.6112,0,0,50,0,0,172
TrSC58v2_6299|TRSC58_02921,0,0,0,7,0,0
MSTRG.6135|TRSC58_02921,0,0,0,8,0,28
TrSC58v2_6302|C3747_35g46,0,1,7,3,0,44
MSTRG.6138|C3747_35g46,0,7,8,47,0,62
TrSC58v2_6311|TcYC6_0019640,0,2,4,1,10,16
MSTRG.6147|TcYC6_0019640,0,3,5,2,11,21
TrSC58v2_6314|TRSC58_02852,0,0,10,6,9,0
MSTRG.6150|TRSC58_02852,0,4,13,7,11,89
MSTRG.6151,0,0,26,0,14,93
TrSC58v2_6315|TRSC58_03046,0,0,5,0,3,11
MSTRG.6151|TRSC58_03046,0,13,4,38,4,8
TrSC58v2_6323|DQ04_04281040,0,1,2,1,1,4
MSTRG.6161|DQ04_04281040,0,2,2,1,1,4
TrSC58v2_6343|PRO-1,0,0,0,0,0,0
MSTRG.6182|PRO-1,0,0,0,0,0,2
TrSC58v2_6344.t1.e1|ESAG4C,0,0,0,0,0,0
TrSC58v2_6344|ESAG4C,0,0,0,0,0,0
TrSC58v2_6347|TRSC58_06863,0,0,3,0,0,12
MSTRG.6186|TRSC58_06863,0,4,2,8,0,14
MSTRG.6102,6,0,0,0,13,100
MSTRG.6102|TcG_04505,4,28,8,42,6,41
MSTRG.6103|DNAJC3,19,13,82,137,26,304
MSTRG.6104|GLYM,6,6,6,10,9,32
MSTRG.6105|SHM3,13,22,3,13,10,41
MSTRG.6106|TRSC58_06855,4,12,6,29,4,42
MSTRG.6107,4,0,4,19,17,11
MSTRG.6108|NPK1,21,8,33,29,26,150
MSTRG.6109|TcYC6_0018290,4,12,28,24,25,48
MSTRG.6110|TRSC58_00203,8,4,17,28,14,52
MSTRG.6111|ubi3,58,73,106,144,114,487
MSTRG.6112|TcYC6_0018320,34,27,28,56,45,13
MSTRG.6113|TRSC58_07051,11,5,22,14,12,105
MSTRG.6114|CSTF2,4,0,15,13,11,35
MSTRG.6115|Tc_MARK_8734,27,44,91,138,90,282
MSTRG.6116|TRSC58_00360,11,22,12,12,4,48
MSTRG.6117|PSS1,10,7,19,14,9,57
MSTRG.6118|LBRM_14_1360,17,0,21,34,22,75
MSTRG.6119|PAPOLB,4,11,49,38,16,118
MSTRG.6120|ZFYVE16,6,4,26,21,23,104
MSTRG.6121|TRSC58_06865,2,8,12,21,11,47
MSTRG.6122|ESAG4,23,12,24,49,11,97
MSTRG.6123|ESAG4,15,9,9,33,7,42
MSTRG.6124|ESAG4,5,2,5,7,4,19
MSTRG.6125|gp63,128,156,393,537,289,1329
MSTRG.6126|TRSC58_04936,11,19,18,43,29,103
MSTRG.6127|sw,41,38,35,66,41,195
MSTRG.6129,7,11,0,12,0,67
MSTRG.6129|Tbg972.7.4290,9,3,17,27,28,9
MSTRG.6129|LAMA2,17,5,14,18,28,17
MSTRG.6130|KIN,7,15,35,74,74,86
MSTRG.6128,7,21,37,51,32,121
MSTRG.6131|KIN,16,13,48,134,66,190
MSTRG.6132|At4g07390,4,4,2,9,10,38
MSTRG.6133|TRSC58_06058,3,4,5,8,6,13
MSTRG.6134|Dyrk3,4,11,48,25,48,78
MSTRG.6136|TRSC58_01754,3,4,1,10,13,31
TrSC58v2_6300|TRSC58_01754,0,3,1,2,11,29
MSTRG.6137|TRSC58_06504,1,7,12,20,8,38
TrSC58v2_6301|TRSC58_06504,1,0,8,17,6,28
MSTRG.6139|aac,7,3,41,12,8,42
TrSC58v2_6303|aac,0,0,2,8,6,52
MSTRG.6140|KRET1,14,37,72,58,37,138
TrSC58v2_6304|KRET1,11,30,57,48,32,123
MSTRG.6141|rplP,6,9,3,10,1,28
TrSC58v2_6305|rplP,0,1,3,10,1,26
MSTRG.6142|TRSC58_00110,28,9,21,36,15,62
TrSC58v2_6306|TRSC58_00110,1,0,18,29,13,55
MSTRG.6143|por,4,7,12,9,0,25
TrSC58v2_6307|por,0,6,0,7,0,23
MSTRG.6144|TRSC58_05506,27,35,45,64,45,154
TrSC58v2_6308|TRSC58_05506,22,24,38,53,36,131
MSTRG.6145|polA,18,16,40,68,35,301
TrSC58v2_6309|polA,15,14,33,62,28,2
MSTRG.6146|GSH2,3,7,3,11,5,12
TrSC58v2_6310|GSH2,0,5,2,6,4,9
MSTRG.6148|Os06g0526700,12,7,7,20,10,51
TrSC58v2_6312|Os06g0526700,10,7,5,0,8,47
MSTRG.6149|Tc_MARK_8348,14,19,24,43,27,87
TrSC58v2_6313|Tc_MARK_8348,11,14,21,39,23,75
MSTRG.6152|TRSC58_03454,19,51,72,78,61,286
TrSC58v2_6316|TRSC58_03454,17,37,59,62,51,230
MSTRG.6153|ERCC6,10,10,26,35,31,104
TrSC58v2_6317|ERCC6,8,8,21,18,23,86
MSTRG.6154|dyrk1,7,20,18,22,23,101
TrSC58v2_6318|dyrk1,6,9,16,18,21,87
MSTRG.6155|CCDC113,7,8,4,41,6,40
TrSC58v2_6319|CCDC113,5,0,3,2,5,49
MSTRG.6157|KIF13B,4,7,11,23,29,62
TrSC58v2_6320|KIF13B,0,6,9,20,24,57
MSTRG.6156,7,4,14,26,27,75
MSTRG.6158,22,4,44,94,44,211
MSTRG.6159|TRSC58_01922,16,10,23,40,18,101
TrSC58v2_6321|TRSC58_01922,12,9,22,27,20,86
MSTRG.6160|mrpl21,4,8,6,7,7,29
TrSC58v2_6322|mrpl21,4,0,5,7,3,26
MSTRG.6162|TRSC58_06131,12,22,42,45,46,326
TrSC58v2_6324|TRSC58_06131,10,19,30,49,40,8
MSTRG.6163|Baldspot,4,0,4,3,0,12
TrSC58v2_6325|Baldspot,0,0,0,2,0,0
MSTRG.6164|elovl6,3,0,5,15,6,27
TrSC58v2_6326|elovl6,3,0,3,13,5,25
MSTRG.6165|Baldspot,15,5,13,42,16,71
TrSC58v2_6327|Baldspot,1,0,10,3,14,64
MSTRG.6166|Baldspot,4,5,0,9,8,32
TrSC58v2_6328|Baldspot,0,4,0,8,0,1
MSTRG.6167|LSD1,3,2,11,9,4,12
TrSC58v2_6329|LSD1,3,1,1,1,0,10
MSTRG.6168|Rubcn,7,22,35,36,9,113
TrSC58v2_6330|Rubcn,6,19,28,26,8,101
MSTRG.6169|Tc_MARK_8136,14,14,11,31,4,63
TrSC58v2_6331|Tc_MARK_8136,7,13,10,1,3,54
MSTRG.6170|TRSC58_01561,3,4,12,43,5,49
TrSC58v2_6332|TRSC58_01561,0,0,11,3,4,41
MSTRG.6171|TRSC58_04349,5,6,25,19,22,57
TrSC58v2_6333|TRSC58_04349,4,4,19,17,17,49
MSTRG.6172|TRSC58_06218,4,6,8,11,0,18
TrSC58v2_6334|TRSC58_06218,1,5,1,10,0,15
MSTRG.6173|Wdr3,20,33,31,108,80,162
TrSC58v2_6335|Wdr3,14,26,27,9,3,138
MSTRG.6174|TRSC58_03568,2,6,18,8,14,53
TrSC58v2_6336|TRSC58_03568,1,5,2,0,12,46
MSTRG.6175|TRSC58_04918,4,0,8,2,3,36
TrSC58v2_6337|TRSC58_04918,0,0,6,1,1,31
MSTRG.6176|kcnl-3,4,0,0,13,15,36
TrSC58v2_6338|kcnl-3,0,0,0,2,12,3
MSTRG.6177|TRSC58_06241,4,3,11,9,10,20
TrSC58v2_6339|TRSC58_06241,1,1,3,2,8,17
MSTRG.6178|C3747_35g85,3,9,13,15,11,25
TrSC58v2_6340|C3747_35g85,1,2,12,12,1,22
MSTRG.6179|TcYC6_0018850,10,28,23,65,24,92
TrSC58v2_6341|TcYC6_0018850,9,3,21,63,22,89
MSTRG.6180,16,7,52,73,36,228
MSTRG.6181|TRSC58_05206,10,9,28,24,20,77
TrSC58v2_6342|TRSC58_05206,3,3,25,23,19,72
MSTRG.6183,7,2,4,40,11,53
MSTRG.6184|TcBrA4_0050700,6,0,3,0,1,5
TrSC58v2_6345|TcBrA4_0050700,2,0,3,0,0,6
TrSC58v2_6346|TRSC58_06863,1,0,3,1,0,5
MSTRG.6185|TRSC58_06863,1,0,4,4,0,4
MSTRG.6187|TRSC58_06953,2,2,1,0,4,2
TrSC58v2_6348|TRSC58_06953,0,1,1,0,0,1
MSTRG.6188|TRSC58_06354,13,10,13,25,14,57
TrSC58v2_6349|TRSC58_06354,11,8,9,20,11,43
MSTRG.6189,18,18,22,35,7,109
MSTRG.6190|TRSC58_07029,21,3,11,42,8,33
TrSC58v2_6350|TRSC58_07029,15,2,1,2,6,29
MSTRG.6191,1,4,0,2,5,2
TrSC58v2_6351,1,4,0,2,2,2
MSTRG.6192|ESAG4,11,4,11,34,19,61
TrSC58v2_6352|ESAG4,9,4,11,31,17,43
MSTRG.6193|ESAG4,3,2,5,8,7,16
TrSC58v2_6353|ESAG4,2,2,4,8,5,19
MSTRG.6194|ESAG4C,37,2,19,24,12,28
TrSC58v2_6354|ESAG4C,0,13,1,22,2,50
MSTRG.6316|TRSC58_07193,15,29,32,77,36,112
MSTRG.6317|TcYC6_0007920,2,16,15,23,17,43
MSTRG.6318,4,8,6,25,7,60
MSTRG.6319,35,26,128,107,119,435
MSTRG.6320|C3747_31g175,6,7,23,14,0,51
MSTRG.6347|TCNA,20,16,23,60,19,67
MSTRG.6349|TRSC58_02458,7,13,5,14,5,47
MSTRG.6350|TTL,4,0,15,15,17,76
MSTRG.6351|PRP19A,22,2,25,9,19,103
MSTRG.6348|Dnah7,112,97,162,223,152,597
MSTRG.6328|TRSC58_06394,0,1,11,5,4,17
MSTRG.6331|TRSC58_06879,0,0,1,0,6,2
MSTRG.6334|TCSYLVIO_001170,0,0,0,2,2,2
TrSC58v2_6497|TcCL_NonESM10933,0,0,0,0,0,0
TrSC58v2_6497.t1.e1|TcCL_NonESM10933,0,0,0,0,0,0
MSTRG.6336|TCNA,0,0,0,0,11,20
MSTRG.6343|GP85,0,0,15,40,7,31
MSTRG.6321|GP85,11,20,22,83,28,162
MSTRG.6322,1,3,0,4,8,38
MSTRG.6322|TRSC58_06394,16,7,14,29,28,66
MSTRG.6323,9,4,17,47,23,135
MSTRG.6324|TRSC58_06394,13,4,10,11,15,47
MSTRG.6325,12,16,41,49,21,175
MSTRG.6326|GP85,42,44,114,120,93,392
MSTRG.6327|TRSC58_07112,2,0,2,5,3,12
MSTRG.6329|TCNA,17,16,31,67,36,199
MSTRG.6330,2,18,12,29,18,72
MSTRG.6332|TRSC58_06668,2,2,11,4,3,17
MSTRG.6333|gp63,11,18,10,35,18,57
MSTRG.6335|SLC36A4,4,0,0,0,0,7
MSTRG.6337|TRSC58_06668,11,16,19,23,6,86
MSTRG.6338|TRSC58_02016,7,5,10,60,12,88
MSTRG.6339|C3747_85g191,3,3,8,30,32,34
MSTRG.6340|TRSC58_02016,13,7,7,26,17,65
MSTRG.6341|TRSC58_06394,4,1,7,11,3,25
MSTRG.6342|Tc_MARK_2121,8,4,6,17,7,20
MSTRG.6344|Tc_MARK_2121,10,0,15,21,17,47
MSTRG.6207|Etfdh,0,4,10,18,15,33
MSTRG.6215|TRSC58_02387,0,9,8,7,8,44
MSTRG.6219|TRSC58_00532,0,0,16,11,17,37
TrSC58v2_6386|hxnY,0,1,2,8,3,9
MSTRG.6220|hxnY,0,2,5,9,3,11
TrSC58v2_6395|Acadvl,0,0,6,4,8,15
MSTRG.6228|Acadvl,0,4,7,4,10,17
TrSC58v2_6397|TRSC58_00763,0,1,0,0,0,1
MSTRG.6229|TRSC58_00763,0,1,0,8,0,9
TrSC58v2_6402|TRSC58_05772,0,0,0,1,0,7
MSTRG.6234|TRSC58_05772,0,3,0,4,0,8
MSTRG.6239,0,0,35,34,28,215
TrSC58v2_6407|gpr89,0,5,2,0,6,1
MSTRG.6240|gpr89,0,7,3,12,8,52
TrSC58v2_6409|hxnY,0,1,4,3,8,8
MSTRG.6242|hxnY,0,2,4,4,9,24
TrSC58v2_6411|TcBrA4_0073050,0,0,0,0,0,1
MSTRG.6243|TcBrA4_0073050,0,0,16,0,0,28
TrSC58v2_6416|Tc_MARK_1723,0,3,0,1,0,12
MSTRG.6246|Tc_MARK_1723,0,5,10,2,0,14
MSTRG.6259|Tc_MARK_2248,0,6,7,0,4,4
MSTRG.6274|TRSC58_00365,0,3,11,5,9,56
MSTRG.6276|mnmA,0,8,0,27,19,21
MSTRG.6281|TRSC58_02295,0,0,12,10,0,41
MSTRG.6286,0,9,14,23,7,70
MSTRG.6300,0,11,13,37,5,48
MSTRG.6305,0,0,65,3,0,8
TrSC58v2_6469|TRSC58_02016,0,0,1,2,1,6
MSTRG.6305|TRSC58_02016,15,21,5,67,52,221
TrSC58v2_6472|gp63,0,8,16,45,16,66
MSTRG.6308,35,44,52,151,79,374
TrSC58v2_6475|Tb427_000644900,0,1,2,9,2,5
MSTRG.6309|Tb427_000644900,0,2,6,11,4,13
TrSC58v2_6476|TRSC58_01499,0,3,4,12,11,34
MSTRG.6310|TRSC58_01499,0,4,5,10,15,27
MSTRG.6204|MYSP,20,5,10,16,30,54
MSTRG.6205|TRSC58_02801,4,12,7,7,8,51
MSTRG.6206|TRSC58_01272,3,0,25,0,9,62
MSTRG.6208|Sel1l,36,18,69,129,106,280
MSTRG.6209|Nol9,15,26,29,48,29,148
MSTRG.6210|TRSC58_04083,11,34,53,68,16,111
MSTRG.6211|TRSC58_02140,15,14,16,39,30,71
MSTRG.6212|TcYC6_0100060,10,5,36,33,23,112
MSTRG.6213|TRSC58_05324,14,18,31,29,41,151
MSTRG.6214|ABT,3,4,13,21,18,63
MSTRG.6216,70,59,100,155,100,344
MSTRG.6216|RPL7A,170,242,379,436,246,1668
MSTRG.6217|TRSC58_05180,22,4,19,16,9,71
MSTRG.6218|DNAH1,28,39,83,179,139,347
MSTRG.6221|TRSC58_02016,3,11,5,23,6,27
TrSC58v2_6387|TRSC58_02016,2,8,0,0,3,32
MSTRG.6222,21,14,24,53,23,98
MSTRG.6223|TCNA,9,33,16,21,29,85
TrSC58v2_6389|TCNA,0,0,14,18,0,69
MSTRG.6224|zmpB,4,2,4,3,3,39
TrSC58v2_6390|zmpB,4,1,3,5,2,8
MSTRG.6224,5,6,22,50,14,53
MSTRG.6225|TRSC58_02016,2,0,1,3,2,13
TrSC58v2_6392|TRSC58_02016,1,0,0,2,2,5
MSTRG.6226,3,0,0,0,0,3
MSTRG.6227|tsr1,8,7,13,13,18,25
TrSC58v2_6394|tsr1,0,5,11,8,1,22
MSTRG.6230|HTD2,8,7,8,4,15,9
TrSC58v2_6398|HTD2,3,0,1,1,2,4
MSTRG.6231|TRSC58_01230,4,4,19,9,7,49
TrSC58v2_6399|TRSC58_01230,1,3,0,6,6,3
MSTRG.6232|TRSC58_05919,4,7,21,39,30,135
TrSC58v2_6400|TRSC58_05919,0,0,1,2,0,4
MSTRG.6233|DMXL2,14,25,43,53,29,342
TrSC58v2_6401|DMXL2,9,20,43,49,26,0
MSTRG.6235|TRSC58_05642,12,9,9,15,39,68
TrSC58v2_6403|TRSC58_05642,10,7,7,13,1,45
MSTRG.6236,6,2,11,9,24,18
MSTRG.6239|HEL64,18,9,2,21,14,31
TrSC58v2_6404|HEL64,0,1,4,23,12,31
TrSC58v2_6405|TcYC6_0099650,31,1,14,11,4,5
MSTRG.6239|TcYC6_0099650,14,36,7,28,8,10
MSTRG.6237,9,13,18,69,21,130
MSTRG.6238|SPAC14C4.10c,4,5,9,6,1,38
TrSC58v2_6406|SPAC14C4.10c,0,0,7,4,1,31
MSTRG.6241,18,2,7,9,5,47
TrSC58v2_6408|TRSC58_02016,1,1,1,1,1,4
MSTRG.6241|TRSC58_02016,4,8,6,37,15,10
TrSC58v2_6410|TRSC58_02016,1,5,3,18,17,63
MSTRG.6244|TcBrA4_0171710,5,7,2,4,5,18
TrSC58v2_6412|TcBrA4_0171710,0,0,0,3,0,13
MSTRG.6245|SA85-1.1,1,0,2,6,9,18
TrSC58v2_6415|SA85-1.1,1,0,2,4,9,16
MSTRG.6247|TRSC58_03214,11,0,15,9,11,92
TrSC58v2_6417|TRSC58_03214,8,0,13,6,10,6
MSTRG.6248|TRSC58_05175,18,21,38,55,34,174
TrSC58v2_6418|TRSC58_05175,15,17,34,51,28,155
MSTRG.6249|TRSC58_04951,9,12,9,20,8,51
TrSC58v2_6419|TRSC58_04951,6,10,8,0,7,45
MSTRG.6250|Emc8,4,9,26,23,7,34
TrSC58v2_6420|Emc8,4,9,1,3,6,32
MSTRG.6251|Pka-R2,9,8,21,18,14,71
TrSC58v2_6421|Pka-R2,7,1,17,14,11,59
MSTRG.6252|TRSC58_05139,8,0,8,8,20,49
TrSC58v2_6422|TRSC58_05139,6,0,7,1,1,40
MSTRG.6253|B11B22.010,92,86,178,286,159,623
TrSC58v2_6423|B11B22.010,72,80,153,260,149,584
MSTRG.6254|C4B63_45g238,1,3,0,3,2,11
TrSC58v2_6424|C4B63_45g238,1,1,0,3,1,10
MSTRG.6255|Os03g0586800,30,14,27,61,35,160
TrSC58v2_6425|Os03g0586800,27,12,24,53,31,154
MSTRG.6256|NEK4,26,10,19,45,7,156
MSTRG.6257|C3747_15g80,2,6,14,5,0,44
MSTRG.6258|C3747_15g80,6,6,2,7,9,9
MSTRG.6260|TRSC58_00840,3,0,5,10,4,25
MSTRG.6261|nek3,11,43,15,59,31,125
MSTRG.6262|TRSC58_00200,12,4,5,33,31,51
MSTRG.6263|TRSC58_01801,14,13,11,17,15,129
MSTRG.6264|ppp2r4A,4,11,24,12,4,59
MSTRG.6265|Pgs1,37,9,56,102,37,176
MSTRG.6266|TRSC58_04541,4,4,11,10,11,27
MSTRG.6267|TRSC58_05183,14,16,35,36,22,93
MSTRG.6268|Tc00.1047053511393.79,3,8,6,19,6,61
MSTRG.6269|TRSC58_04648,4,7,4,12,4,47
MSTRG.6270|MKK1c,5,11,28,32,26,67
MSTRG.6271,10,44,26,54,43,165
MSTRG.6272|Tapt1,4,4,12,19,11,82
MSTRG.6273|forG,9,5,16,48,29,96
MSTRG.6275|MTH_793,5,5,2,7,3,33
MSTRG.6277|Arfgef2,47,80,104,123,61,310
MSTRG.6278|MICU2,9,7,11,18,27,54
MSTRG.6279|cym1,30,43,57,61,49,245
MSTRG.6280|TM35_000371190,26,38,63,102,52,294
MSTRG.6282|CY1,19,23,57,55,23,150
MSTRG.6283|ap2a1-1,9,9,42,30,16,76
MSTRG.6284|TRSC58_04076,9,0,9,15,8,34
MSTRG.6285|dapE,2,0,4,2,3,0
MSTRG.6287|TRSC58_04246,19,10,41,39,23,141
MSTRG.6288,7,14,10,16,13,56
MSTRG.6289|SA85-1.1,6,21,40,52,30,142
TrSC58v2_6456|SA85-1.1,4,16,36,48,29,144
MSTRG.6290,15,19,29,51,13,82
MSTRG.6291|TCNA,13,18,33,71,29,159
TrSC58v2_6457|TCNA,11,15,31,60,23,132
MSTRG.6292|TRSC58_07112,1,1,2,1,7,6
TrSC58v2_6458|TRSC58_07112,1,1,2,1,0,4
MSTRG.6293,3,8,10,10,10,23
TrSC58v2_6459,1,7,2,10,3,21
MSTRG.6294,8,11,29,49,11,92
MSTRG.6295|TCNA,7,19,18,21,29,74
TrSC58v2_6460|TCNA,5,15,15,17,24,62
MSTRG.6296|TRSC58_02016,7,3,10,16,9,44
TrSC58v2_6461|TRSC58_02016,6,3,10,15,8,39
MSTRG.6297|TCSYLVIO_002999,12,23,16,22,11,52
TrSC58v2_6462|TCSYLVIO_002999,11,9,16,22,10,52
MSTRG.6298,27,13,11,47,14,127
MSTRG.6299|GP85,24,27,84,121,141,271
TrSC58v2_6463|GP85,20,22,8,3,6,214
MSTRG.6300|TRSC58_02016,24,14,28,24,25,77
TrSC58v2_6464|TRSC58_02016,1,10,20,24,8,54
MSTRG.6301,6,8,10,14,15,43
TrSC58v2_6466|TRSC58_02016,5,2,3,3,2,30
MSTRG.6302|GP85,7,10,29,35,21,158
TrSC58v2_6467|GP85,4,7,23,28,17,75
MSTRG.6303|GP85,5,0,3,15,8,32
TrSC58v2_6468|GP85,0,0,1,13,0,29
MSTRG.6306|TRSC58_06890,2,1,3,5,6,15
TrSC58v2_6470|TRSC58_06890,1,1,3,5,6,15
MSTRG.6307|TRSC58_06890,5,5,7,14,9,26
TrSC58v2_6471|TRSC58_06890,0,5,8,15,10,26
MSTRG.6308|gp63,48,15,42,86,36,198
TrSC58v2_6473|TRSC58_02016,11,1,2,53,39,164
MSTRG.6304|Tc_MARK_7112,5,6,20,32,2,45
TrSC58v2_6474|Tc_MARK_7112,5,3,2,0,0,0
MSTRG.6311|TRSC58_02884,5,7,15,18,23,38
TrSC58v2_6477|TRSC58_02884,2,6,11,19,19,43
MSTRG.6312|GP85,10,17,59,74,42,185
TrSC58v2_6478|GP85,6,0,52,62,42,186
MSTRG.6313,5,8,10,16,23,48
MSTRG.6443|TcYC6_0083260,2,0,0,2,2,4
TrSC58v2_6603|TcYC6_0083260,1,0,0,1,1,1
MSTRG.6447|TcYC6_0077040,2,5,2,6,2,13
TrSC58v2_6606|TcYC6_0077040,1,0,2,5,1,12
MSTRG.6446,0,0,0,7,19,130
MSTRG.6446|TRSC58_02290,10,17,19,5,6,11
TrSC58v2_6605|TRSC58_02290,0,0,15,5,11,9
MSTRG.6444,5,1,5,13,4,28
TrSC58v2_9458,2,1,5,12,3,28
MSTRG.6445|TRSC58_07190,2,9,8,21,3,33
TrSC58v2_6604|TRSC58_07190,0,6,1,19,3,28
MSTRG.6442|TcCL_NonESM12861,1,1,0,1,2,1
TrSC58v2_6602|TcCL_NonESM12861,1,1,0,1,0,1
MSTRG.6448|HSP100,15,30,27,58,29,111
TrSC58v2_6607|HSP100,12,3,25,54,27,102
MSTRG.6449|PHLC,1,1,5,4,2,4
TrSC58v2_6608|PHLC,0,0,4,1,1,3
MSTRG.6452|TCNA,2,0,0,2,0,8
MSTRG.6360|TRSC58_02145,0,0,0,3,0,5
TrSC58v2_6524,0,0,0,1,0,0
TrSC58v2_6524.t1.e1,0,0,0,1,0,0
TrSC58v2_6525.t1.e1|TcYC6_0128190,0,0,0,0,0,0
TrSC58v2_6525|TcYC6_0128190,0,0,0,0,0,0
MSTRG.6362,0,0,34,67,49,115
TrSC58v2_6526|C3747_88g195,0,0,0,1,1,1
MSTRG.6363|C3747_88g195,0,0,7,4,5,29
TrSC58v2_6530|Rsph1,0,0,1,0,2,9
MSTRG.6367|Rsph1,0,0,3,4,22,10
TrSC58v2_6537|TRSC58_06107,0,5,0,3,0,6
MSTRG.6375|TRSC58_06107,0,5,8,3,15,8
TrSC58v2_6538|TcYC6_0076030,0,2,0,2,0,11
MSTRG.6376|TcYC6_0076030,0,2,0,2,0,12
TrSC58v2_6540|IAH1,0,1,0,1,4,13
MSTRG.6378|IAH1,0,1,0,4,4,20
TrSC58v2_6541|TRSC58_01653,0,0,0,0,2,9
MSTRG.6379|TRSC58_01653,0,0,8,16,3,12
TrSC58v2_6545|VKORC1L1,0,0,0,1,0,2
MSTRG.6384|VKORC1L1,0,0,0,3,0,10
TrSC58v2_6546|PSR2,0,0,1,0,1,2
MSTRG.6385|PSR2,0,0,1,8,2,2
TrSC58v2_6548|TRSC58_05415,0,0,0,0,7,1
MSTRG.6387|TRSC58_05415,0,3,13,14,9,25
TrSC58v2_6549|TRSC58_02474,0,5,8,17,4,41
MSTRG.6388|TRSC58_02474,0,7,10,24,5,45
TrSC58v2_6550|rab14,0,0,0,0,1,3
MSTRG.6389|rab14,0,0,0,0,1,6
TrSC58v2_6553|IAH1,0,1,7,5,1,22
MSTRG.6392|IAH1,0,3,8,6,2,27
TrSC58v2_6554|TRSC58_01653,0,0,0,0,0,14
MSTRG.6393|TRSC58_01653,0,0,8,2,0,16
TrSC58v2_6556|ALG12,0,2,14,0,14,19
MSTRG.6395|ALG12,0,2,18,51,15,21
TrSC58v2_6561|TRSC58_02103,0,1,2,9,1,32
MSTRG.6400|TRSC58_02103,0,3,27,10,5,35
TrSC58v2_6562|DDB_G0291374,0,0,0,0,1,8
MSTRG.6401|DDB_G0291374,0,0,0,8,3,8
TrSC58v2_6563|bcaA,0,0,5,0,4,17
MSTRG.6402|bcaA,0,0,6,4,5,22
TrSC58v2_6575|TRSC58_00897,0,7,4,15,10,29
MSTRG.6415|TRSC58_00897,0,8,5,18,12,39
TrSC58v2_6580|MRE11,0,7,40,35,30,3
MSTRG.6420|MRE11,0,9,44,49,40,159
TrSC58v2_6585|MKP1,0,0,19,40,6,66
MSTRG.6425|MKP1,0,4,21,49,9,73
TrSC58v2_6586|ychF,0,0,5,0,0,2
MSTRG.6426|ychF,0,0,6,0,0,27
TrSC58v2_6597|TRSC58_04744,0,0,12,7,8,43
MSTRG.6437|TRSC58_04744,0,0,14,8,11,50
TrSC58v2_6601|MAS2,0,0,2,10,5,30
MSTRG.6441|MAS2,0,0,25,11,8,34
MSTRG.6355|Washc2,9,18,12,32,22,100
MSTRG.6356|Psmc3ip,19,7,11,29,11,43
MSTRG.6357|akr1a1a,30,4,7,4,19,30
MSTRG.6358|DNAJA1,17,21,59,87,75,267
MSTRG.6359|RPAP3,5,15,38,20,24,72
MSTRG.6361|VAMP713,4,4,15,11,23,33
MSTRG.6364|YCHF1,8,3,8,10,7,26
TrSC58v2_6527|YCHF1,0,3,0,9,6,22
MSTRG.6365|Os09g0558000,7,3,6,3,7,8
TrSC58v2_6528|Os09g0558000,2,0,5,3,2,8
MSTRG.6366|TRSC58_03394,6,0,2,8,18,21
TrSC58v2_6529|TRSC58_03394,1,0,1,2,0,19
MSTRG.6368|SUPT5H,8,9,36,61,14,54
TrSC58v2_6531|SUPT5H,0,7,2,2,10,37
MSTRG.6369|TRSC58_02564,3,0,5,8,13,51
TrSC58v2_6532|TRSC58_02564,0,0,4,7,9,48
MSTRG.6370|TRSC58_01087,3,9,4,13,6,62
TrSC58v2_6533|TRSC58_01087,0,7,0,0,1,4
MSTRG.6372|TRSC58_03547,8,4,6,7,3,26
TrSC58v2_6534|TRSC58_03547,0,1,5,5,3,23
MSTRG.6371,3,0,8,14,0,27
MSTRG.6373|TRSC58_01841,6,0,8,16,8,50
TrSC58v2_6535|TRSC58_01841,5,0,7,13,7,40
MSTRG.6374|EMG1,8,4,4,1,11,21
TrSC58v2_6536|EMG1,6,0,0,1,1,18
MSTRG.6377|TRSC58_06423,15,9,11,19,32,67
TrSC58v2_6539|TRSC58_06423,12,15,9,15,28,53
MSTRG.6380|MRPL19,9,3,5,9,5,11
TrSC58v2_6542|MRPL19,0,3,0,1,4,10
MSTRG.6381,3,0,7,0,0,37
MSTRG.6382|mpl3,5,7,9,21,22,27
TrSC58v2_6543|mpl3,4,6,1,3,0,25
MSTRG.6383|PLP3A,15,13,7,39,10,48
TrSC58v2_6544|PLP3A,2,2,6,2,9,44
MSTRG.6386|CFAP57,13,7,34,41,34,85
TrSC58v2_6547|CFAP57,10,0,28,46,28,75
MSTRG.6390|MKK2,3,12,9,14,7,23
TrSC58v2_6551|MKK2,0,0,7,11,5,20
MSTRG.6391|TRSC58_00524,5,5,8,42,4,33
TrSC58v2_6552|TRSC58_00524,0,0,0,0,3,30
MSTRG.6394|MRPL19,9,3,5,9,5,11
TrSC58v2_6555|MRPL19,0,3,0,1,4,10
MSTRG.6396|Hnrnpd,28,42,80,193,98,341
TrSC58v2_6557|Hnrnpd,23,36,72,157,81,293
MSTRG.6397|TRSC58_04759,1,5,23,12,6,41
TrSC58v2_6558|TRSC58_04759,1,4,4,12,6,34
MSTRG.6398|TRSC58_02981,3,0,4,11,9,8
TrSC58v2_6559|TRSC58_02981,0,0,0,0,8,10
MSTRG.6399|TRSC58_02807,4,4,14,16,18,64
TrSC58v2_6560|TRSC58_02807,0,0,11,13,14,3
MSTRG.6403|GGC1,7,2,8,2,7,13
TrSC58v2_6564|GGC1,0,1,7,1,6,12
MSTRG.6404|TRSC58_01644,2,0,14,5,6,28
TrSC58v2_6565|TRSC58_01644,1,0,3,5,2,23
MSTRG.6405|unc119b,1,6,19,19,14,37
TrSC58v2_6566|unc119b,1,1,15,7,13,35
MSTRG.6406,3,4,18,60,37,88
MSTRG.6407|gyp1,4,10,7,4,28,89
TrSC58v2_6567|gyp1,3,9,6,3,22,9
MSTRG.6408|spb1,10,27,38,51,81,228
TrSC58v2_6568|spb1,7,20,31,40,62,2
MSTRG.6409|smb1,3,4,7,16,13,35
TrSC58v2_6569|smb1,2,0,6,13,11,30
MSTRG.6410|TRSC58_02916,5,14,14,35,18,49
TrSC58v2_6570|TRSC58_02916,4,12,12,30,15,43
MSTRG.6411|AK7,19,3,25,49,29,86
TrSC58v2_6571|AK7,17,0,19,35,26,75
MSTRG.6412|CDKG-1,3,11,26,43,21,96
TrSC58v2_6572|CDKG-1,0,9,18,37,19,67
MSTRG.6413|TRSC58_05479,13,2,5,4,5,13
TrSC58v2_6573|TRSC58_05479,2,2,1,0,1,10
MSTRG.6414|Tc_MARK_9676,13,0,7,10,8,30
TrSC58v2_6574|Tc_MARK_9676,0,0,0,8,1,24
MSTRG.6416|TRSC58_03801,3,3,3,11,9,12
TrSC58v2_6576|TRSC58_03801,0,2,2,10,7,11
MSTRG.6417|SIZ1,5,12,8,12,0,10
TrSC58v2_6577|SIZ1,1,0,6,1,0,13
MSTRG.6418|ECH,8,7,4,9,5,29
TrSC58v2_6578|ECH,0,2,0,7,4,24
MSTRG.6419|TRSC58_03439,9,16,22,43,32,120
TrSC58v2_6579|TRSC58_03439,6,15,21,30,25,103
MSTRG.6421|TRSC58_00382,23,4,7,11,8,33
TrSC58v2_6581|TRSC58_00382,4,0,6,10,7,4
MSTRG.6422|TRS,8,18,29,57,13,106
TrSC58v2_6582|TRS,6,13,0,44,11,85
MSTRG.6423|TCSYLVIO_000426,6,15,15,18,23,32
TrSC58v2_6583|TCSYLVIO_000426,0,0,14,15,17,29
MSTRG.6424|PFRA,13,3,11,25,20,52
TrSC58v2_6584|PFRA,10,3,10,21,17,45
MSTRG.6427|C3747_136g119,13,20,15,45,20,74
TrSC58v2_6587|C3747_136g119,10,16,15,43,14,79
MSTRG.6428,26,17,16,76,17,180
MSTRG.6429|PEPCK,51,88,141,168,1,181
TrSC58v2_6588|PEPCK,1,1,1,1,102,293
MSTRG.6430|C3747_111g88,12,14,16,34,17,57
TrSC58v2_6589|C3747_111g88,10,10,13,24,13,76
MSTRG.6431|PEPCK,30,57,87,105,65,245
TrSC58v2_6590|PEPCK,27,47,74,95,61,294
MSTRG.6432|C3747_111g88,12,13,14,33,17,69
TrSC58v2_6591|C3747_111g88,10,10,13,25,13,57
MSTRG.6433|PEPCK,30,60,87,111,61,238
TrSC58v2_6592|PEPCK,25,47,71,93,66,303
MSTRG.6434,17,16,25,53,25,149
TrSC58v2_6593|C3747_111g88,5,8,4,11,7,20
MSTRG.6434|C3747_111g88,5,5,6,16,5,6
MSTRG.6434|TcYC6_0076550,1,3,2,3,3,8
TrSC58v2_6594|TcYC6_0076550,1,1,3,4,3,8
MSTRG.6435|PEPCK,26,47,124,84,83,213
TrSC58v2_6595|PEPCK,23,41,1,74,0,201
MSTRG.6436|AFC2,14,8,7,20,16,43
TrSC58v2_6596|AFC2,11,0,0,17,13,37
MSTRG.6438|TRSC58_05757,4,4,3,1,4,21
TrSC58v2_6598|TRSC58_05757,0,1,0,1,0,18
MSTRG.6439|TRSC58_00736,23,12,15,28,27,66
TrSC58v2_6599|TRSC58_00736,0,9,13,24,23,63
MSTRG.6440|ehhadh,4,5,9,8,9,41
TrSC58v2_6600|ehhadh,0,4,7,7,6,38
MSTRG.6551|TRSC58_03579,26,39,75,185,109,350
MSTRG.6552|TRSC58_02282,6,5,9,11,7,38
MSTRG.6553|TRSC58_01539,3,0,14,16,12,69
MSTRG.6555|TRSC58_03786,7,4,21,15,4,65
MSTRG.6554|Tc_MARK_5562,6,0,40,9,29,117
MSTRG.6556|TRSC58_04588,11,7,0,2,8,36
MSTRG.6559|dnaJ2,8,21,14,34,20,103
MSTRG.6560|Tstd3,9,25,8,29,23,110
MSTRG.6561|Tstd3,11,4,4,11,7,35
MSTRG.6563|JBP1B,19,14,24,37,21,150
MSTRG.6566|TRSC58_02814,14,24,51,66,77,225
MSTRG.6570|TRSC58_03063,9,10,31,14,30,69
MSTRG.6572|GP85,13,14,33,31,23,93
TrSC58v2_6741|GP85,0,13,0,14,19,75
MSTRG.6573|TRSC58_07193,5,7,9,9,5,35
TrSC58v2_6742|TRSC58_07193,3,3,2,1,2,9
MSTRG.6574|TRSC58_07193,3,3,3,17,12,32
TrSC58v2_6743|TRSC58_07193,1,3,3,15,9,30
MSTRG.6576,3,3,0,19,5,16
MSTRG.6575|SA85-1.1,1,3,3,3,2,5
TrSC58v2_6744|SA85-1.1,1,3,2,1,1,6
MSTRG.6577|GP85,12,26,20,47,26,89
TrSC58v2_6745|GP85,7,2,18,37,23,125
MSTRG.6579|dtd1,2,2,4,5,8,11
MSTRG.6578|gdhA,13,11,7,13,11,33
MSTRG.6581|BCY84_12244,4,2,6,16,12,23
MSTRG.6582|TcYC6_0100850,2,9,24,25,25,79
MSTRG.6588|TRSC58_00602,5,19,38,36,22,125
MSTRG.6589|Adi1,4,10,17,33,23,76
MSTRG.6584|HERC1,17,42,79,136,144,416
MSTRG.6590|TRSC58_00373,9,4,16,9,20,54
MSTRG.6592|CELF4,17,6,13,34,17,47
MSTRG.6593|rcd1,5,11,19,18,15,53
MSTRG.6595|psmB4-1,19,18,21,13,13,72
MSTRG.6597|TRSC58_03990,5,8,6,2,14,32
MSTRG.6594|tor,27,9,43,85,50,130
MSTRG.6599|abh1,3,11,9,27,10,57
MSTRG.6598|Os03g0711500,67,46,106,278,165,639
MSTRG.6601|GAR1,7,3,26,36,7,57
MSTRG.6602|CG7427,4,0,7,19,0,39
MSTRG.6604|TRSC58_03335,11,9,11,10,0,43
MSTRG.6603|KIF13B,11,9,4,16,24,65
MSTRG.6606|TRSC58_06333,3,9,5,0,5,4
MSTRG.6605|TRSC58_06204,11,6,16,7,14,50
MSTRG.6607|TRSC58_05840,10,0,6,12,5,47
MSTRG.6611|TRSC58_01926,5,5,8,5,9,60
MSTRG.6610|TRSC58_00275,17,17,29,31,10,61
MSTRG.6613|C3747_235g8,3,4,8,30,8,49
MSTRG.6614|TRSC58_05312,9,16,30,25,22,78
MSTRG.6615|EMC1,10,18,52,70,52,157
MSTRG.6617|TRSC58_05250,9,10,10,10,22,57
MSTRG.6612|DYH1B,38,39,160,292,207,571
MSTRG.6626|rabggtb,5,10,9,12,0,28
MSTRG.6629|TKPR1,11,18,22,22,31,103
MSTRG.6630|TcCLB.507053.40,3,4,18,18,2,64
MSTRG.6631|ufsp2,5,13,12,22,31,80
MSTRG.6632|TRSC58_03429,3,9,22,39,16,72
MSTRG.6634|APL4,16,42,76,113,92,337
MSTRG.6620|TcYC6_0091400,0,8,15,4,23,70
MSTRG.6618|CFAP46,14,27,52,90,79,230
MSTRG.6619|TRSC58_02273,5,8,10,11,4,38
MSTRG.6621|TRSC58_03921,4,4,9,16,4,15
MSTRG.6622|dnai7,19,14,12,38,21,116
MSTRG.6623|UBP12,10,14,10,56,38,92
MSTRG.6624|TRSC58_04018,8,12,7,15,7,53
MSTRG.6636|TRSC58_04892,2,3,3,4,0,27
MSTRG.6635|UPL4,11,19,24,31,23,92
MSTRG.6682,4,2,16,25,35,58
MSTRG.6683|TRSC58_06582,49,56,88,111,107,384
MSTRG.6688|gp63,11,10,45,59,32,162
MSTRG.6694|ZIP3,4,10,18,13,10,49
MSTRG.6697|CEP164,2,13,25,24,10,26
MSTRG.6695|ZIP3,3,11,15,13,10,49
MSTRG.6684,6,5,2,11,6,34
MSTRG.6685|TRSC58_06582,59,55,106,132,125,412
MSTRG.6686|TRSC58_06375,30,23,58,89,71,286
MSTRG.6687|TRSC58_06582,9,23,35,48,31,99
MSTRG.6698|Os05g0235800,4,0,22,23,13,81
MSTRG.6699|cdc48,2,0,1,2,1,4
MSTRG.6700|Tc_MARK_7254,5,8,22,16,27,64
MSTRG.6702,15,12,10,17,5,75
MSTRG.6703|gp63,13,8,8,18,11,38
TrSC58v2_6871|gp63,10,6,6,17,8,30
MSTRG.6721|GP85,39,31,71,96,80,216
MSTRG.6722|TvY486_0010630,3,11,26,41,19,64
MSTRG.6725|TRSC58_04888,6,0,12,12,13,25
MSTRG.6729|DNAJ1,15,4,6,23,21,85
MSTRG.6726|TRSC58_05644,5,18,14,19,12,47
MSTRG.6727|stc,7,0,11,14,8,28
TrSC58v2_6872|TcYC6_0041650,0,0,0,0,5,2
MSTRG.6705|TcYC6_0041650,0,7,0,5,6,18
TrSC58v2_6873|Kif12,0,6,7,0,4,1
MSTRG.6706|Kif12,0,7,9,7,5,54
TrSC58v2_6874|TRMT112,0,0,0,1,3,2
MSTRG.6707|TRMT112,0,0,0,2,4,9
TrSC58v2_6875|DDB_G0272484,0,0,5,4,0,10
MSTRG.6708|DDB_G0272484,0,9,7,5,0,13
TrSC58v2_6876|TcYC6_0041690,0,1,0,1,1,6
MSTRG.6709|TcYC6_0041690,0,1,0,3,3,7
TrSC58v2_6878|ybiA,0,0,3,1,0,15
MSTRG.6711|ybiA,0,0,4,5,0,17
TrSC58v2_6880|TRSC58_03630,0,4,5,4,4,6
MSTRG.6713|TRSC58_03630,0,6,6,4,6,55
TrSC58v2_6882|SPAC6G9.14,0,0,1,3,1,11
MSTRG.6715|SPAC6G9.14,0,0,4,3,8,13
TrSC58v2_6884|MRPL46,0,1,4,10,0,18
MSTRG.6717|MRPL46,0,10,5,12,0,16
MSTRG.6704,24,14,23,28,18,108
MSTRG.6710|PSB1,2,14,17,15,6,33
TrSC58v2_6877|PSB1,1,0,15,13,6,28
MSTRG.6712|cyp8,8,11,11,14,13,44
TrSC58v2_6879|cyp8,7,10,11,13,12,38
MSTRG.6714|TRSC58_04368,11,0,4,9,11,23
TrSC58v2_6881|TRSC58_04368,0,0,0,1,0,18
MSTRG.6716|TcG_07919,8,8,9,12,16,30
TrSC58v2_6883|TcG_07919,1,1,8,0,0,1
MSTRG.6718|TcCLB.507521.130,5,4,8,20,10,42
TrSC58v2_6885|TcCLB.507521.130,4,0,6,13,8,49
MSTRG.6719|HET-E1,7,23,47,20,70,110
TrSC58v2_6886|HET-E1,0,0,3,18,1,3
MSTRG.6720,30,9,23,39,9,132
TrSC58v2_6617|TRSC58_06541,0,0,0,0,0,0
TrSC58v2_6617.t1.e1|TRSC58_06541,0,0,0,0,0,0
TrSC58v2_6618|TRSC58_06541,0,0,0,0,0,0
TrSC58v2_6618.t1.e1|TRSC58_06541,0,0,0,0,0,0
TrSC58v2_6619|TRSC58_06541,0,0,0,0,0,0
TrSC58v2_6619.t1.e1|TRSC58_06541,0,0,0,0,0,0
TrSC58v2_6620|TRSC58_06541,0,0,0,0,0,0
TrSC58v2_6620.t1.e1|TRSC58_06541,0,0,0,0,0,0
TrSC58v2_6621|TRSC58_06541,0,0,0,0,0,0
TrSC58v2_6621.t1.e1|TRSC58_06541,0,0,0,0,0,0
MSTRG.6458|TRSC58_03927,0,0,0,0,0,4
MSTRG.6459|TRSC58_06541,0,0,0,0,0,12
TrSC58v2_6624|TRSC58_06541,0,0,0,0,0,0
TrSC58v2_6624.t1.e1|TRSC58_06541,0,0,0,0,0,0
TrSC58v2_6625|TRSC58_06541,0,0,0,0,0,0
TrSC58v2_6625.t1.e1|TRSC58_06541,0,0,0,0,0,0
TrSC58v2_6626|TRSC58_06541,0,0,0,0,0,0
TrSC58v2_6626.t1.e1|TRSC58_06541,0,0,0,0,0,0
MSTRG.6460|TRSC58_03075,0,7,16,40,8,68
MSTRG.6471|TK,0,0,3,3,4,6
MSTRG.6475|KIN,0,4,40,25,17,106
MSTRG.6476|UXT,0,0,0,4,4,8
MSTRG.6481|Dnajc27,0,11,10,14,16,77
MSTRG.6482|TRSC58_06334,0,7,9,11,7,17
MSTRG.6483,0,0,0,0,0,104
MSTRG.6485|ALA4,0,12,22,33,23,129
MSTRG.6495|TRSC58_02016,0,3,0,2,0,8
TrSC58v2_6665,0,1,1,2,0,10
MSTRG.6497,0,2,3,3,2,12
MSTRG.6504,0,0,2,38,15,35
MSTRG.6512|TRSC58_02924,0,7,12,18,4,33
MSTRG.6513,29,48,66,85,54,946
MSTRG.6514|TRSC58_02016,0,5,4,2,5,11
MSTRG.6509|TRSC58_01036,0,15,7,19,2,51
MSTRG.6527|TcCL_ESM11370,0,0,6,2,0,4
MSTRG.6528|Tc_MARK_5537,0,0,6,3,3,13
MSTRG.6529|TcSYL_0112820,0,0,3,4,5,17
MSTRG.6537|At4g18593,0,0,2,16,10,30
MSTRG.6540|TRSC58_01294,0,11,23,16,6,65
MSTRG.6542|SPBC29A3.11c,0,4,9,15,13,24
MSTRG.6546|TRSC58_01980,0,0,0,4,5,27
MSTRG.6457,4,4,8,5,0,30
TrSC58v2_6616,4,0,1,4,0,5
MSTRG.6461|TM35_000311400,5,4,8,16,4,49
MSTRG.6462|TRSC58_04989,4,0,12,30,20,94
MSTRG.6463|CPSF4,8,10,4,0,5,22
MSTRG.6464|C4B63_27g4,13,6,42,34,23,103
MSTRG.6465|UBR1,4,0,2,11,14,17
MSTRG.6466|RNR2,88,83,171,298,204,838
MSTRG.6467|UBR1,14,6,34,41,45,122
MSTRG.6468|RNR2,96,95,194,337,237,955
MSTRG.6469|DBI,19,25,51,76,66,250
MSTRG.6470|TRSC58_06649,85,49,142,216,185,529
MSTRG.6472|ptrB,11,14,46,72,57,219
MSTRG.6473|cfap299,9,12,2,3,7,84
MSTRG.6474|C3747_46g31,8,8,3,21,20,96
MSTRG.6477|TRSC58_01578,4,0,9,12,9,24
MSTRG.6478|TRSC58_00538,3,9,22,23,8,72
MSTRG.6479|RH39,4,27,25,55,30,161
MSTRG.6480|C27H6.8,8,16,27,14,16,129
MSTRG.6483|TRSC58_00148,13,22,40,18,23,57
MSTRG.6484|TcBrA4_0109990,27,34,38,43,34,125
MSTRG.6486|UB-EP52,41,38,91,121,50,451
MSTRG.6487|UB-EP52,18,15,38,81,35,217
MSTRG.6488|EFH51,15,8,15,31,12,102
MSTRG.6489,57,54,139,123,105,486
MSTRG.6489|CALA2,45,39,79,100,72,498
MSTRG.6490|NEMF,35,49,43,132,44,286
MSTRG.6491|SepSecS,4,12,16,31,20,83
MSTRG.6492|TRSC58_02733,5,0,22,24,12,96
MSTRG.6493|EF1G,17,13,32,36,26,114
MSTRG.6494|gp63-C1,27,14,54,72,48,283
MSTRG.6496,25,4,19,43,32,112
MSTRG.6498|EF1G,24,19,37,36,32,138
MSTRG.6499|TRSC58_05635,2,12,0,15,0,24
MSTRG.6500|TRSC58_04806,22,7,45,40,17,149
MSTRG.6501|TRSC58_06720,4,30,48,63,71,248
MSTRG.6504|C4B63_90g60,2,3,10,2,3,3
MSTRG.6505|EF1G,13,14,26,33,24,103
MSTRG.6506|TCNA,2,2,12,8,9,32
MSTRG.6507,8,4,7,7,8,42
MSTRG.6502|TRSC58_02884,5,0,26,25,11,33
MSTRG.6503,2,0,0,0,0,4
MSTRG.6513|TRSC58_04884,36,13,84,106,74,40
MSTRG.6513|EF1G,57,66,99,144,106,320
MSTRG.6515|C4B63_90g60,10,17,31,26,21,70
MSTRG.6516|TRSC58_02016,11,3,6,9,6,15
MSTRG.6517|C4B63_90g60,4,4,9,9,8,37
MSTRG.6508|ALIS1,19,8,31,43,24,141
MSTRG.6510|plh1,22,25,46,58,23,188
MSTRG.6511,16,17,39,74,30,115
MSTRG.6518|VAPA,11,24,34,60,31,177
MSTRG.6519|rpc25,11,11,4,25,6,30
MSTRG.6520|eif2s3,29,16,54,81,50,224
MSTRG.6521|TRSC58_02094,12,8,10,20,12,63
MSTRG.6522|TRSC58_03027,11,15,37,18,18,64
MSTRG.6523|TRSC58_00100,8,17,41,17,24,169
MSTRG.6524|TIMM22,9,7,14,15,17,58
MSTRG.6525|HSPB11,4,8,6,0,18,37
MSTRG.6526|TRSC58_01789,13,6,23,31,10,77
MSTRG.6530|ASK5,29,33,41,64,22,187
MSTRG.6531|TRSC58_03788,10,7,29,25,30,104
MSTRG.6532|TRSC58_04498,12,28,49,20,8,102
MSTRG.6533|TRSC58_05147,4,8,20,17,13,73
MSTRG.6534|sav,26,30,41,77,47,208
MSTRG.6535|TRSC58_03446,11,4,7,12,8,30
MSTRG.6536|Upf1,25,18,47,71,58,265
MSTRG.6538|TRSC58_03055,4,36,32,89,43,190
MSTRG.6539|TcCL_ESM05584,9,0,12,16,7,49
MSTRG.6541|TRSC58_00384,3,0,10,15,4,25
MSTRG.6543|TRSC58_01734,8,2,0,6,11,40
MSTRG.6544|GPA3,10,3,12,30,7,88
MSTRG.6545|desi2,3,4,14,13,11,70
MSTRG.6547|TRSC58_00623,4,4,5,24,10,64
MSTRG.6548|PFRA,11,9,22,44,28,173
MSTRG.6549|TRSC58_01280,3,8,26,38,13,77
MSTRG.6730|Rnmt,11,19,39,40,24,187
MSTRG.6731|TRSC58_02826,14,29,8,32,44,118
MSTRG.6641|Pdk1,0,11,3,15,31,61
MSTRG.6642|TRSC58_04788,0,0,0,0,8,35
MSTRG.6647|glpF6,0,11,20,13,27,72
MSTRG.6653|TRSC58_02973,0,5,0,5,0,23
MSTRG.6656|TRSC58_06265,0,0,4,3,0,15
MSTRG.6657|arpA,0,6,7,22,10,28
MSTRG.6660|TRSC58_03451,0,4,12,15,4,40
MSTRG.6672|ptl1,0,4,11,5,16,48
MSTRG.6673|lyrm1,0,11,4,0,3,26
MSTRG.6674|adk,0,0,5,6,6,14
MSTRG.6676|pikD,0,0,4,17,7,44
MSTRG.6637|TOR,41,28,94,235,112,427
MSTRG.6638|TRSC58_01656,33,39,50,67,52,278
MSTRG.6639|TRSC58_01834,4,5,37,21,15,67
MSTRG.6640|TRSC58_04428,5,12,3,3,5,24
MSTRG.6643|TRSC58_01344,21,11,26,23,8,83
MSTRG.6644|DHC1,37,52,141,317,197,740
MSTRG.6645|dnajc7,19,16,25,28,10,47
MSTRG.6646|snr-1,2,2,14,4,0,21
MSTRG.6648|TRSC58_05594,11,5,16,8,4,11
MSTRG.6649|TRSC58_05999,5,15,11,17,9,28
MSTRG.6650|TTC1,11,7,14,27,9,83
MSTRG.6651|rplN,3,8,8,19,0,32
MSTRG.6652|TRSC58_02619,8,3,0,7,9,28
MSTRG.6654|TRSC58_03625,5,8,26,30,46,175
MSTRG.6655|PGM2,22,29,105,82,60,304
MSTRG.6658|TRSC58_01355,4,6,25,17,20,27
MSTRG.6659|sptl-1,11,22,21,81,26,107
MSTRG.6661|TRSC58_02785,14,0,11,5,11,13
MSTRG.6662|TRSC58_03537,8,5,6,13,15,29
MSTRG.6663|TRSC58_04522,7,13,17,19,19,20
MSTRG.6664|Tc_MARK_2505,11,16,4,31,30,89
MSTRG.6665|rplM,2,0,0,11,4,26
MSTRG.6666|VATA,31,30,33,66,31,154
MSTRG.6667|TMN7,9,3,24,55,31,123
MSTRG.6668|RPL21,67,109,113,220,152,709
MSTRG.6669|sgmD,5,17,6,37,18,47
MSTRG.6670|sgmD,15,9,13,72,19,147
MSTRG.6671|TRSC58_03054,8,0,17,20,16,41
MSTRG.6675|TCSYLVIO_003753,5,8,29,11,3,54
MSTRG.6677|TRSC58_01004,10,20,19,44,9,69
MSTRG.6678|Tc_MARK_2518,7,7,39,21,23,63
MSTRG.6679|ASB3,9,4,11,24,11,57
MSTRG.6808|TCSYLVIO_001417,8,4,6,15,3,25
TrSC58v2_6975|TCSYLVIO_001417,0,3,5,1,2,17
MSTRG.6809|C3747_83g186,1,2,5,6,2,27
TrSC58v2_6976|C3747_83g186,0,0,1,5,0,2
MSTRG.6819|TRSC58_06424,0,7,12,2,15,9
MSTRG.6814|TRSC58_02884,2,1,10,7,0,10
MSTRG.6820|TRSC58_06668,3,4,1,15,5,67
MSTRG.6821|TRSC58_01529,5,0,14,9,7,44
MSTRG.6818,0,0,3,6,0,14
MSTRG.6815|GP85,44,48,81,110,100,281
MSTRG.6815,11,10,2,40,55,184
MSTRG.6816|TcCL_Unassigned05098,2,2,11,16,4,34
MSTRG.6817|TvY486_0034080,10,14,10,23,17,60
MSTRG.6815|SA85-1.1,58,88,118,188,186,634
MSTRG.6832|AGAP007244,25,15,64,43,40,179
MSTRG.6824|TM35_000411070,0,6,5,12,3,36
MSTRG.6825|TCSYLVIO_002971,0,2,3,9,6,64
MSTRG.6822|Usp14,22,38,46,24,18,118
MSTRG.6823|TM35_000411070,3,0,4,9,14,29
MSTRG.6826|POLR2B,18,43,90,96,68,281
MSTRG.6827|TcCL_Unassigned04911,4,7,5,32,3,39
MSTRG.6828|TRSC58_05818,23,9,46,26,23,101
MSTRG.6829|TRSC58_00027,7,4,3,12,0,21
MSTRG.6830|NOP2B,4,16,44,92,34,116
MSTRG.6831|TCSYLVIO_002966,3,5,8,17,4,42
MSTRG.6733|tnrc4-b,0,7,14,4,0,20
MSTRG.6738|TRSC58_01299,0,0,14,7,16,54
MSTRG.6740|ZCH321,0,4,9,11,8,40
MSTRG.6742|C3747_83g87,0,16,33,74,64,156
MSTRG.6748|TRSC58_03994,0,3,6,27,8,85
MSTRG.6754|folD,0,0,10,4,12,13
MSTRG.6755|TRSC58_02074,0,4,17,0,4,22
MSTRG.6764,0,62,137,162,80,500
MSTRG.6766|naa30,0,12,20,28,15,100
MSTRG.6767|TcYC6_0092970,0,0,7,2,2,37
MSTRG.6769|AIMP1,0,12,34,40,20,89
MSTRG.6770|EHD2,0,0,14,24,19,54
MSTRG.6780|RER1A,0,4,13,10,13,55
MSTRG.6782|nat9,0,7,13,10,10,36
MSTRG.6790|TcYC6_0093200,0,8,0,0,0,15
MSTRG.6791|TRSC58_01428,0,0,0,2,8,47
MSTRG.6792|TRSC58_02911,0,0,18,18,9,20
MSTRG.6794|TcCL_ESM04672,0,11,3,9,4,18
MSTRG.6797,47,93,258,202,218,666
MSTRG.6796|ZC3H20,0,0,12,13,8,29
MSTRG.6800|DQ04_01931020,0,7,0,3,0,10
MSTRG.6801|MCR1,0,0,6,7,0,20
MSTRG.6802|TRSC58_00339,0,6,4,18,17,50
TrSC58v2_6971|rplV,0,0,0,0,0,3
MSTRG.6804|rplV,0,0,0,0,4,3
MSTRG.6807,0,0,0,43,0,74
MSTRG.6732|GMPS,7,18,32,75,58,185
MSTRG.6734|TRSC58_00839,2,0,6,8,11,32
MSTRG.6735|TRSC58_02962,4,2,0,5,0,9
MSTRG.6736,7,5,15,8,13,75
MSTRG.6737|TRSC58_04135,3,4,17,31,32,25
MSTRG.6739,7,10,26,78,59,156
MSTRG.6741|TRSC58_03769,18,7,54,52,55,189
MSTRG.6743|TcYC6_0092340,22,14,65,181,93,279
MSTRG.6744|TRSC58_06151,3,4,5,8,10,40
MSTRG.6745|TRSC58_05905,4,7,19,23,17,52
MSTRG.6746|ssr1,24,46,61,71,56,155
MSTRG.6747|TIM10,2,0,0,4,12,13
MSTRG.6749|KLLA0E08911g,4,14,30,50,23,146
MSTRG.6750|TRSC58_05611,9,24,57,69,57,213
MSTRG.6751|cpt2,3,11,40,111,73,159
MSTRG.6752|NSFL1C,7,24,37,78,48,85
MSTRG.6753|TRSC58_02115,10,7,12,9,5,31
MSTRG.6756|TRSC58_05420,8,0,4,17,8,15
MSTRG.6757|TRSC58_01251,4,3,3,8,0,25
MSTRG.6758|TcYC6_0092520,5,18,71,53,16,160
MSTRG.6759|Prim1,7,9,14,28,13,51
MSTRG.6760|TRSC58_05061,5,7,43,26,5,76
MSTRG.6761,7,5,17,14,13,40
MSTRG.6762|C3747_83g67,18,27,42,80,63,225
MSTRG.6763|TCDM_12561,4,0,4,10,10,53
MSTRG.6764|RPS15,63,27,62,87,60,274
MSTRG.6765|TRSC58_03484,9,22,3,25,27,64
MSTRG.6768|Zan,34,19,37,64,75,175
MSTRG.6771|gsk-3,9,5,16,16,12,36
MSTRG.6772|proC,14,0,12,16,12,49
MSTRG.6773|Iws1,3,20,31,75,42,147
MSTRG.6774|TRSC58_03115,22,6,13,18,19,65
MSTRG.6775|TBC1D15,19,11,24,71,48,191
MSTRG.6776|PPP1R8,4,16,4,19,16,87
MSTRG.6777|TRSC58_00992,7,4,12,37,9,99
MSTRG.6778|kif4,7,7,15,36,13,83
MSTRG.6779|RPT1A,25,9,25,55,34,206
MSTRG.6781|PYRAB06630,4,7,5,12,17,43
MSTRG.6783|UBC1,11,12,14,35,9,97
MSTRG.6784|Psmc3,11,12,38,45,37,158
MSTRG.6785|TRSC58_04879,4,0,11,14,0,43
MSTRG.6786|TRSC58_00908,12,3,10,31,27,106
MSTRG.6787|TRSC58_05333,3,6,36,29,24,105
MSTRG.6788|TRSC58_03670,4,18,35,40,12,128
MSTRG.6789|Pfdn5,12,7,3,27,4,35
MSTRG.6793|TRSC58_03566,2,5,5,6,0,23
MSTRG.6795|engB,8,4,12,13,20,47
MSTRG.6797|TRSC58_00380,41,21,85,180,108,208
MSTRG.6798|ZC3H20,4,4,10,18,16,55
MSTRG.6799|ZC3H20,3,0,5,20,11,42
MSTRG.6803|CIPK2,4,2,4,9,24,37
TrSC58v2_6970|CIPK2,0,1,0,8,1,34
MSTRG.6805|C3747_83g182,6,7,19,9,16,56
TrSC58v2_6972|C3747_83g182,0,0,0,8,2,43
MSTRG.6806|XAC1,4,1,6,11,7,25
TrSC58v2_6973|XAC1,3,1,6,10,5,22
MSTRG.6807|Iqub,7,4,14,8,12,11
TrSC58v2_6974|Iqub,4,3,11,7,10,18
MSTRG.6834|ESAG4,0,2,6,7,3,11
MSTRG.6836|ESAG4,0,2,6,6,3,11
MSTRG.6839|ESAG4,0,2,6,6,4,10
MSTRG.6851|TcCLB.508141.90,0,0,0,2,0,12
MSTRG.6855|Slc38a1,0,8,4,4,12,0
MSTRG.6858|Tc_MARK_1730,0,0,4,0,4,5
MSTRG.6861,0,16,0,45,17,115
MSTRG.6863|TRSC58_03791,0,21,11,37,19,150
MSTRG.6868,0,9,0,11,4,39
MSTRG.6887|ESAG4C,0,2,2,11,15,4
MSTRG.6902|TRSC58_06441,0,7,14,18,12,42
MSTRG.6907|TcYC6_0106930,0,7,9,29,9,71
MSTRG.6906,0,0,21,28,13,0
MSTRG.6833|TRSC58_07029,2,0,2,8,2,13
MSTRG.6835|TRSC58_06988,2,2,6,7,4,27
MSTRG.6837,7,3,11,22,9,38
MSTRG.6838|TRSC58_07029,4,2,5,11,2,22
MSTRG.6840|TRSC58_07029,2,2,8,5,9,15
MSTRG.6841,19,29,54,83,42,211
MSTRG.6842|clp1,4,14,32,24,30,89
MSTRG.6843|TRSC58_05264,16,14,17,36,34,141
MSTRG.6844|frmC,14,15,26,48,45,148
MSTRG.6845|Ccdc39,50,39,72,102,66,299
MSTRG.6846|dhx29,38,50,95,110,106,348
MSTRG.6847|TRSC58_03706,12,11,19,28,17,73
MSTRG.6848|TRSC58_05314,15,11,7,25,11,149
MSTRG.6849|KIN13B,7,12,7,4,11,81
MSTRG.6850|TRSC58_02633,19,16,33,46,40,134
MSTRG.6852|TcCL_ESM04401,2,6,6,7,6,22
MSTRG.6853|TRSC58_06482,8,4,13,9,8,29
MSTRG.6854|slc38a6,4,19,15,20,8,14
MSTRG.6856|Tc_MARK_1733,3,4,19,8,8,38
MSTRG.6857|TcCL_Unassigned03206,3,0,4,21,12,9
MSTRG.6859|CAN,60,101,229,366,187,914
MSTRG.6860|TRSC58_06040,5,16,21,32,10,46
MSTRG.6861|ATJ10,12,4,27,7,7,26
MSTRG.6861|TRSC58_06962,5,2,7,2,2,7
MSTRG.6862|TRM13,24,5,12,30,39,71
MSTRG.6864|Abcd3,45,29,46,95,55,205
MSTRG.6865|PDE6A,17,44,59,82,56,173
MSTRG.6866|mvk,42,15,18,31,24,78
MSTRG.6867|TRSC58_01368,2,3,2,5,3,6
MSTRG.6869|TRSC58_07050,4,0,6,0,5,9
MSTRG.6870|ERG3,3,4,7,11,13,17
MSTRG.6871|TRSC58_02228,10,0,11,18,11,15
MSTRG.6872|Tc_MARK_1712,17,14,29,32,45,108
MSTRG.6873|TRSC58_03154,3,5,24,47,19,64
MSTRG.6874|ESAG4,33,34,21,39,41,125
MSTRG.6875,54,35,61,85,76,235
MSTRG.6876|TRSC58_07029,2,2,11,27,13,48
MSTRG.6877|TRSC58_06354,32,18,24,34,19,122
MSTRG.6878|TRSC58_06953,7,3,4,4,3,18
MSTRG.6879|TRSC58_06863,12,22,22,40,22,74
MSTRG.6880|ESAG4C,4,4,8,8,10,28
MSTRG.6881,69,69,97,156,96,463
MSTRG.6881|TRSC58_06354,8,4,4,4,4,15
MSTRG.6881|STAB2,25,41,45,73,42,163
MSTRG.6882|TcCL_ESM12927,3,4,7,6,6,19
MSTRG.6883|TRSC58_06354,38,18,35,42,19,158
MSTRG.6881|ESAG4C,4,2,2,2,2,8
MSTRG.6884,27,14,33,64,57,129
MSTRG.6885,17,1,11,13,16,65
MSTRG.6885|TRSC58_07029,8,2,12,36,16,59
MSTRG.6885|TRSC58_07086,4,2,4,6,1,2
MSTRG.6886|TRSC58_07029,3,6,2,9,4,30
MSTRG.6887,50,36,85,84,22,249
MSTRG.6888|TRSC58_07029,2,5,7,13,7,28
MSTRG.6889|clp1,12,12,35,25,15,95
MSTRG.6890|TRSC58_05264,11,11,14,36,20,124
MSTRG.6891|frmC,14,15,26,48,45,146
MSTRG.6892|Ccdc39,18,34,56,109,58,234
MSTRG.6893|C4B63_44g194,20,13,56,50,35,111
MSTRG.6894|TRSC58_03985,16,29,34,83,44,182
MSTRG.6895|Tc_MARK_1668,8,4,48,43,59,115
MSTRG.6896|Ftsj3,9,11,32,34,15,80
MSTRG.6897|TRSC58_00280,15,39,62,97,49,250
MSTRG.6898|BCY84_21629,60,28,57,77,56,183
MSTRG.6899|CLB,16,20,21,63,20,162
MSTRG.6900|C3747_81g20,14,3,7,14,4,44
MSTRG.6901|ftsH4,30,23,83,129,57,271
MSTRG.6904|rabC,11,10,22,58,37,89
MSTRG.6903,8,8,21,20,7,80
MSTRG.6905|TRSC58_05744,12,7,41,80,30,191
MSTRG.6908|TRSC58_01181,32,23,79,210,123,341
MSTRG.6909|TRSC58_02840,23,10,46,72,27,172
MSTRG.6910|C3747_81g11,23,7,36,43,42,131
MSTRG.6911|Tc_MARK_1655,29,46,55,65,42,249
MSTRG.6912|CUTA,6,0,6,5,5,41
MSTRG.6913|apaH,24,19,28,78,48,253
MSTRG.6914|TcYC6_0106860,8,11,29,27,15,113
MSTRG.6915|empA,24,38,62,64,68,266
MSTRG.6916|MSMEG_0220,14,10,14,30,6,99
MSTRG.6917|C3747_433g7,24,25,47,32,30,205
MSTRG.6918,8,10,12,14,7,44
MSTRG.6919,37,30,71,124,35,282
MSTRG.6920,22,19,14,134,56,262
MSTRG.6920|TRSC58_07029,27,18,56,37,38,104
MSTRG.6921,56,63,97,185,100,534
MSTRG.6922|TRSC58_07008,2,0,2,7,5,7
MSTRG.7041|LC1,2,6,9,8,10,31
MSTRG.7037|ESAG4,3,5,4,12,13,20
MSTRG.7040|TcCL_ESM06694,4,7,21,14,15,38
MSTRG.7042|slc29a4,66,97,131,197,101,555
MSTRG.7043|TRSC58_07186,60,78,158,199,117,527
MSTRG.7044|TRSC58_04021,4,0,5,10,13,20
MSTRG.7045|TRSC58_04870,18,16,34,49,6,125
MSTRG.7047|purB,23,24,33,49,41,174
MSTRG.7048|TRSC58_04320,15,9,19,4,14,54
MSTRG.7046|SLEC,47,70,168,253,114,658
MSTRG.7053|TRSC58_00272,11,8,25,21,17,46
MSTRG.7050|NCU08340,0,6,15,25,16,47
MSTRG.7049,84,106,162,216,152,700
MSTRG.7049|RPL11,102,91,170,266,136,806
MSTRG.7051|TRSC58_04320,17,18,25,7,15,80
MSTRG.7056|TRSC58_05639,12,0,0,15,4,25
MSTRG.7054|cid14,50,46,70,195,76,277
MSTRG.7055|AKR1,11,33,31,48,33,167
MSTRG.7057|TTC21B,21,26,45,63,50,182
MSTRG.7058|DSP1,32,22,60,77,52,224
MSTRG.7060,0,7,12,24,0,28
TrSC58v2_7229|TvY486_1116610,0,0,0,1,0,0
MSTRG.7060|TvY486_1116610,0,0,1,1,0,1
MSTRG.7059|TRSC58_03253,23,7,43,88,53,131
MSTRG.7062|SPBC12C2.07c,23,16,28,45,29,127
MSTRG.7061|TRSC58_06249,51,35,29,66,32,200
MSTRG.7063|TcCL_NonESM06715,27,25,56,52,44,176
MSTRG.7064|TRSC58_01148,26,32,32,69,60,188
MSTRG.7067|TRSC58_03006,5,0,29,62,49,137
MSTRG.7065|TRSC58_05700,4,17,31,81,36,182
MSTRG.7066|YHM2,23,19,39,57,45,159
MSTRG.7069|FPGS1,4,7,6,13,20,21
MSTRG.7071|UGD1,3,12,7,11,11,24
MSTRG.7070|TRSC58_04764,31,6,60,28,41,175
MSTRG.7073|DDB_G0267588,9,7,10,18,40,46
MSTRG.7074|TRSC58_02561,11,7,5,0,3,68
MSTRG.7075|alkbh8,16,4,43,23,27,84
MSTRG.7072|DDB_G0277071,23,28,42,69,20,158
MSTRG.7076|C3747_110g38,12,0,16,17,12,75
MSTRG.7082|FTSH4,31,14,30,61,38,161
MSTRG.7090|FBRL,8,6,18,13,4,24
TrSC58v2_7259|FBRL,2,2,2,3,3,22
MSTRG.7083|Tnpo1,21,4,34,37,46,75
MSTRG.7092|TRSC58_05717,4,1,6,16,6,35
TrSC58v2_7261|TRSC58_05717,0,1,5,14,0,31
MSTRG.7091|CUL3A,9,3,32,34,23,94
TrSC58v2_7260|CUL3A,9,0,25,31,19,83
MSTRG.7077|Dlat,15,36,36,48,51,129
MSTRG.7078|TRSC58_05381,8,24,52,19,45,99
MSTRG.7079|TRSC58_00052,6,6,21,17,8,46
MSTRG.7080|Poc5,26,7,44,53,20,125
MSTRG.7081|TRSC58_00304,31,27,50,88,80,249
MSTRG.7094|Ap2m1,5,3,27,8,15,46
TrSC58v2_7263|Ap2m1,0,2,0,7,0,2
MSTRG.7095|RRP41,4,4,5,6,4,15
TrSC58v2_7264|RRP41,1,0,0,1,0,1
MSTRG.7096|Mtrex,14,20,19,58,29,133
TrSC58v2_7265|Mtrex,9,16,16,52,22,97
MSTRG.7097|obg,5,8,11,23,7,73
TrSC58v2_7266|obg,3,0,9,2,5,2
MSTRG.7100|TRSC58_01123,7,6,6,14,4,40
TrSC58v2_7269|TRSC58_01123,6,2,5,0,1,25
MSTRG.7101|At2g20420,6,18,28,51,58,112
TrSC58v2_7270|At2g20420,5,14,24,47,3,92
MSTRG.7103|TRSC58_04965,10,8,10,30,8,70
TrSC58v2_7272|TRSC58_04965,0,7,9,26,0,62
MSTRG.7104|MPSR1,6,11,21,19,9,66
TrSC58v2_7273|MPSR1,5,9,19,16,0,57
MSTRG.7102|PRKDC,29,46,43,75,43,227
TrSC58v2_7271|PRKDC,27,36,37,61,35,193
MSTRG.7106|TRSC58_02478,6,11,16,18,8,40
TrSC58v2_7275|TRSC58_02478,6,1,2,15,7,34
MSTRG.7108|TRSC58_05842,3,4,8,8,10,34
TrSC58v2_7277|TRSC58_05842,0,3,0,6,7,26
MSTRG.7109|TRSC58_03044,11,20,10,14,7,46
TrSC58v2_7278|TRSC58_03044,0,0,7,11,5,41
MSTRG.7110|ABCG2,4,10,4,4,9,50
TrSC58v2_7279|ABCG2,4,8,3,0,6,17
MSTRG.7111|CFAP65,23,26,35,41,42,224
TrSC58v2_7280|CFAP65,17,22,32,36,33,200
MSTRG.7112,0,0,0,0,28,0
MSTRG.7112|rps24,68,67,146,220,54,597
TrSC58v2_7281|rps24,15,23,51,54,47,181
TrSC58v2_7282|rps24,8,12,24,18,32,119
MSTRG.7114|TUT3,5,25,29,34,23,213
TrSC58v2_7284|TUT3,4,23,20,28,20,2
MSTRG.7115|TcCLB.507681.189,5,2,5,7,9,22
TrSC58v2_7285|TcCLB.507681.189,3,0,2,6,7,18
MSTRG.7116|EDA2,37,45,51,2,23,109
TrSC58v2_7286|EDA2,33,2,3,112,21,95
MSTRG.7117,14,0,14,37,8,26
MSTRG.7118|TRSC58_04843,28,16,43,34,38,116
TrSC58v2_7287|TRSC58_04843,23,13,38,28,30,103
MSTRG.7124|TRSC58_06118,3,12,17,21,7,41
TrSC58v2_7294|TRSC58_06118,2,10,16,14,6,38
MSTRG.7125,27,46,99,123,98,515
MSTRG.7126,5,13,23,29,27,83
MSTRG.7127,41,42,51,123,120,396
MSTRG.7127|unc45b,1,13,22,27,11,49
TrSC58v2_7295|unc45b,1,12,15,1,11,42
MSTRG.7128|Renbp,7,27,28,44,43,103
TrSC58v2_7296|Renbp,5,7,26,32,21,98
MSTRG.7129,28,20,35,88,49,216
MSTRG.7130,4,0,2,8,0,32
MSTRG.7131,8,10,0,4,2,24
MSTRG.7119|DHX8,30,20,51,34,16,141
TrSC58v2_7288|DHX8,25,16,45,29,13,122
MSTRG.7120|TRSC58_04372,6,7,19,8,10,59
TrSC58v2_7289|TRSC58_04372,2,6,10,6,8,34
MSTRG.7121|TRSC58_01224,4,23,44,20,8,55
TrSC58v2_7290|TRSC58_01224,0,0,3,18,0,47
MSTRG.7122|TRSC58_00014,13,18,18,25,30,59
TrSC58v2_7291|TRSC58_00014,0,1,12,22,2,51
MSTRG.7123,52,0,102,0,84,455
MSTRG.7123|TcYC6_0127790,31,49,19,111,34,137
TrSC58v2_7292|TcYC6_0127790,10,28,13,84,23,64
MSTRG.7123|SPO11-3,2,5,1,5,9,2
TrSC58v2_7293|SPO11-3,1,5,1,4,0,3
MSTRG.7132|SA85-1.1,5,19,15,26,33,54
TrSC58v2_7299|SA85-1.1,4,5,13,29,4,48
MSTRG.7133,13,13,32,14,14,44
MSTRG.7134,23,6,17,56,29,116
MSTRG.7137|DDX31,1,3,9,7,4,13
TrSC58v2_7303|DDX31,1,1,0,6,1,10
MSTRG.7138,16,4,26,34,13,64
TrSC58v2_7300|TcCL_ESM08843,17,6,14,33,22,92
MSTRG.7135|TcCL_ESM08843,16,9,15,31,19,85
TrSC58v2_7301|C3747_237g34,1,0,0,2,1,1
MSTRG.7136|C3747_237g34,1,0,1,2,1,1
MSTRG.7139|GP85,14,20,42,71,26,128
MSTRG.6924|TRSC58_05285,0,17,13,22,39,101
MSTRG.6931|argE,0,18,4,18,7,19
MSTRG.6943,0,12,19,39,13,49
MSTRG.6947,0,33,0,14,17,32
MSTRG.6948,0,0,51,0,0,131
MSTRG.6951,0,3,24,28,15,125
MSTRG.6963|fex2,0,0,13,9,0,34
MSTRG.6971|TcSYL_0056850,0,0,0,8,2,9
MSTRG.6974|TRSC58_03621,0,3,10,26,3,34
MSTRG.6984|maf1,0,8,13,10,14,54
MSTRG.6985|TRSC58_02101,0,10,15,17,9,85
MSTRG.6991,0,32,0,0,0,119
MSTRG.6994|BPNT1,0,3,12,19,13,115
MSTRG.7003,0,8,22,0,35,83
MSTRG.7011|DNAJC5B,0,14,13,6,26,62
MSTRG.7012|TcYC6_0103810,0,0,4,7,0,18
MSTRG.7016|DYNLRB2,0,19,14,8,14,47
TrSC58v2_7188|TRSC58_07112,0,1,0,0,1,3
MSTRG.7021|TRSC58_07112,0,1,0,0,4,3
TrSC58v2_7191|TcCL_ESM08115,0,0,0,8,5,32
MSTRG.7026|TcCL_ESM08115,0,0,3,6,7,28
TrSC58v2_7200|TRSC58_07193,0,0,3,8,4,32
MSTRG.7032|TRSC58_07193,0,12,3,11,5,37
MSTRG.6926,123,187,248,399,269,1380
MSTRG.6926|HIRL1,6,9,8,6,12,12
MSTRG.6926|marchf2,203,180,271,430,315,1220
MSTRG.6927,125,145,330,444,267,1299
MSTRG.6927|SLC38A8,6,29,24,18,13,24
MSTRG.6928|Slc38a1,220,213,403,665,430,1929
MSTRG.6929|HIRL1,78,101,126,211,159,863
MSTRG.6930|DUS1,20,43,70,92,31,234
MSTRG.6923,7,0,0,40,17,47
MSTRG.6925|TRSC58_05193,3,6,31,27,19,76
MSTRG.6932|SPAC17A2.14,46,30,24,49,42,136
MSTRG.6933|TcYC6_0099520,4,9,3,2,0,31
MSTRG.6934|TRSC58_04015,8,7,14,9,7,51
MSTRG.6935|TRSC58_04015,14,9,27,45,25,150
MSTRG.6936|TRSC58_03294,9,6,11,16,8,45
MSTRG.6937|Eci1,15,16,30,80,31,111
MSTRG.6938|TMA108,24,23,37,39,19,137
MSTRG.6939|PGLP2,2,7,26,30,12,131
MSTRG.6940,57,94,73,171,115,488
MSTRG.6941|TcYC6_0105310,26,34,58,83,67,276
MSTRG.6942|TRSC58_06966,28,37,79,115,61,251
MSTRG.6944|pak1ip1,27,17,23,34,29,112
MSTRG.6945|slc30a8,28,8,25,56,26,176
MSTRG.6947|TRSC58_04371,44,21,60,77,86,292
MSTRG.6948|LIP,16,39,13,124,41,124
MSTRG.6949|Slc30a2,20,2,10,36,14,50
MSTRG.6948|TRSC58_05767,4,6,4,22,13,45
MSTRG.6946|ak1,7,25,42,37,36,127
MSTRG.6950|LIP,21,17,44,58,17,165
MSTRG.6951|TRSC58_05767,9,2,8,7,2,2
MSTRG.6952|TRSC58_02291,2,6,8,7,9,21
MSTRG.6953|TRSC58_02291,9,7,15,19,9,52
MSTRG.6954|LIP,7,10,13,14,3,40
MSTRG.6955|gp63,4,17,17,32,20,76
MSTRG.6956|fdxB,10,11,15,12,9,41
MSTRG.6957|TRSC58_00814,177,98,229,469,198,943
MSTRG.6958|qcr6,5,6,8,14,36,91
MSTRG.6959|C3747_49g246,36,28,37,67,71,236
MSTRG.6960|CALR,288,505,913,859,670,3696
MSTRG.6961|TRSC58_04294,28,11,68,39,53,125
MSTRG.6962|TRP5.9,154,131,243,513,264,1157
MSTRG.6964|TRSC58_01350,24,53,81,71,35,200
MSTRG.6965|PP12,31,14,36,64,31,147
MSTRG.6966|lpd,4,7,42,45,46,167
MSTRG.6967|lpdA3,7,19,37,50,45,174
MSTRG.6968,3,0,17,11,15,99
MSTRG.6969|TRSC58_05137,4,23,56,57,44,172
MSTRG.6970,8,2,18,13,0,48
MSTRG.6972|EXD2,23,17,60,64,34,166
MSTRG.6973|TcCL_ESM12489,3,3,6,16,3,9
MSTRG.6975|glo-4,3,4,9,18,25,79
MSTRG.6976|Tmed5,8,8,19,36,15,116
MSTRG.6977|ergic3,9,10,48,46,32,259
MSTRG.6978|TRSC58_01664,8,18,37,17,26,93
MSTRG.6979,18,29,22,80,66,221
MSTRG.6979|PLEC,16,21,106,114,21,106
MSTRG.6980,12,22,45,42,29,114
MSTRG.6981|TcYC6_0104100,6,10,3,3,14,19
MSTRG.6982|SPAC11H11.03c,15,6,0,22,9,61
MSTRG.6983,33,18,66,54,21,229
MSTRG.6986|TRSC58_06011,4,27,35,52,15,179
MSTRG.6987|rplL,30,19,16,54,15,67
MSTRG.6988|TOUSLED,61,37,92,85,65,428
MSTRG.6989|TRSC58_05320,3,10,14,5,7,10
MSTRG.6990|vps11,23,30,40,66,35,202
MSTRG.6991|SANT,18,1,21,19,16,17
MSTRG.6992|TRSC58_05302,4,5,3,23,2,45
MSTRG.6993|TRSC58_00521,13,4,15,29,23,84
MSTRG.6995|TRSC58_00413,9,2,8,14,20,37
MSTRG.6996,11,0,15,28,30,87
MSTRG.6997|LSS,28,66,61,176,128,443
MSTRG.6998|NRKA,5,14,22,33,34,115
MSTRG.6999|cut6,78,74,139,240,134,607
MSTRG.7000|ACC1,14,9,36,83,36,101
MSTRG.7001|smkA,23,20,47,108,32,236
MSTRG.7002|TcBrA4_0052710,108,48,127,166,113,502
MSTRG.7003|TcYC6_0103890,19,7,24,62,11,69
MSTRG.7003|C3747_49g163,24,7,26,83,21,122
MSTRG.7004|C3747_49g162,11,5,14,35,18,49
MSTRG.7005|TCSYLVIO_008952,5,6,3,24,11,67
MSTRG.7006|TRSC58_06317,10,37,26,58,11,136
MSTRG.7007|AP4M,20,15,20,43,12,139
MSTRG.7008|C3747_49g156,4,11,19,23,6,51
MSTRG.7009|TRSC58_01696,8,17,24,67,17,70
MSTRG.7010|IDE,8,35,72,114,62,209
MSTRG.7013|TRSC58_02099,24,33,64,135,50,257
MSTRG.7014|mccA,8,11,29,60,40,166
MSTRG.7015|TRSC58_01982,2,13,10,39,10,68
MSTRG.7017|CFAP43,33,23,64,108,71,276
MSTRG.7018|NRKA,22,15,8,48,32,73
MSTRG.7019|SA85-1.1,33,29,80,119,70,272
TrSC58v2_7186|SA85-1.1,1,3,1,18,2,2
MSTRG.7020|TCNA,11,16,24,64,24,82
TrSC58v2_7187|TCNA,8,12,19,55,20,77
MSTRG.7022,8,4,0,11,0,25
MSTRG.7023,9,6,17,35,18,88
TrSC58v2_7189,7,5,14,30,16,86
MSTRG.7024|TCNA,13,6,18,23,14,66
TrSC58v2_7190|TCNA,12,0,16,17,11,61
MSTRG.7027|SA85-1.1,8,10,13,35,16,78
TrSC58v2_7192|SA85-1.1,6,7,11,50,14,89
MSTRG.7025,3,4,4,3,0,26
MSTRG.7028|TRSC58_02016,10,2,3,3,1,4
TrSC58v2_7193|TRSC58_02016,9,1,2,2,1,4
MSTRG.7029|gp63,10,6,12,20,12,45
TrSC58v2_7196|gp63,8,3,5,19,12,42
MSTRG.7030,10,20,10,50,38,129
MSTRG.7031|TRSC58_02016,8,1,4,10,4,23
TrSC58v2_7197|TRSC58_02016,7,1,0,8,4,21
MSTRG.7034|GP85,5,1,8,8,7,24
TrSC58v2_7201|GP85,2,1,7,9,5,23
MSTRG.7033,1,8,9,9,3,32
MSTRG.7035|GP85,4,4,7,7,6,27
TrSC58v2_7202|GP85,0,0,6,9,5,25
MSTRG.7331|TRSC58_02294,15,18,23,30,10,73
TrSC58v2_7492|TRSC58_02294,11,12,18,24,7,60
TrSC58v2_7495|Abca2,0,0,0,0,0,0
MSTRG.7334|Abca2,0,0,0,0,0,0
MSTRG.7332,3,8,11,31,11,74
TrSC58v2_7493|TcYC6_0027710,1,1,1,1,1,5
MSTRG.7332|TcYC6_0027710,1,2,2,2,3,10
MSTRG.7333|Tc_MARK_5840,5,13,4,14,6,22
TrSC58v2_7494|Tc_MARK_5840,1,2,2,6,3,11
MSTRG.7335|TM35_000181960,9,3,12,25,27,57
TrSC58v2_7496|TM35_000181960,8,3,11,20,23,60
TrSC58v2_7497|TcYC6_0027710,1,1,1,1,1,3
MSTRG.7336|TM35_000181960,10,5,11,23,20,70
TrSC58v2_7500|TM35_000181960,8,4,10,21,14,84
MSTRG.7337|DDB_G0280111,26,18,60,104,58,195
TrSC58v2_7501|DDB_G0280111,21,16,1,92,53,173
MSTRG.7338|TcYC6_0027690,9,11,17,21,28,36
TrSC58v2_7502|TcYC6_0027690,6,8,11,17,0,33
MSTRG.7339|TRSC58_02851,6,0,8,12,0,27
TrSC58v2_7503|TRSC58_02851,5,0,3,11,0,25
MSTRG.7340|aarsd1-b,25,4,8,26,32,36
TrSC58v2_7504|aarsd1-b,0,3,6,1,2,29
MSTRG.7341|TRSC58_01723,12,0,0,14,20,44
TrSC58v2_7505|TRSC58_01723,10,0,0,4,17,35
MSTRG.7343|bna4,6,6,24,22,7,41
TrSC58v2_7507|bna4,5,4,20,21,5,36
MSTRG.7346|TRSC58_01233,4,10,3,14,4,13
TrSC58v2_7510|TRSC58_01233,3,0,1,12,4,17
MSTRG.7342|TRSC58_03092,8,20,30,74,44,156
TrSC58v2_7506|TRSC58_03092,6,15,26,53,32,130
MSTRG.7354|TcCL_ESM12465,3,13,8,11,16,36
MSTRG.7353|TRSC58_06176,2,3,14,14,3,11
MSTRG.7349|ESAG4,0,3,5,5,2,16
MSTRG.7350|TRSC58_07029,0,0,0,3,6,4
MSTRG.7351|ESAG4,0,3,6,7,2,15
MSTRG.7348,8,0,0,0,0,15
MSTRG.7348|TRSC58_07029,2,0,0,3,2,4
MSTRG.7359|TcSYL_0159540,9,2,18,15,8,65
MSTRG.7361|TRSC58_03668,25,22,25,100,41,150
MSTRG.7360|gp63,7,0,11,22,7,20
MSTRG.7365,4,17,3,9,4,30
MSTRG.7364|TRSC58_05725,2,0,7,14,4,19
MSTRG.7368|TRSC58_01915,5,8,21,13,22,50
TrSC58v2_7531|TRSC58_01915,0,1,17,11,19,30
MSTRG.7362|dbr1-a,7,8,10,0,4,47
MSTRG.7370|DRC5,4,0,20,7,7,43
TrSC58v2_7533|DRC5,0,0,2,0,6,41
MSTRG.7371|lclat1,2,3,15,24,13,54
TrSC58v2_7534|lclat1,1,1,12,1,11,49
MSTRG.7373|Tc_MARK_7659,3,5,7,5,9,23
TrSC58v2_7536|Tc_MARK_7659,1,2,6,5,2,22
MSTRG.7372|SNRNP200,36,21,50,88,58,231
TrSC58v2_7535|SNRNP200,36,16,43,78,50,199
MSTRG.7408|DQ04_00301090,1,4,4,13,2,11
TrSC58v2_7571|DQ04_00301090,1,3,3,10,1,10
MSTRG.7410|TRSC58_05016,12,7,20,16,8,30
TrSC58v2_7573|TRSC58_05016,1,1,0,13,6,27
MSTRG.7409,44,0,0,128,0,136
TrSC58v2_7572|PRT1,9,18,8,9,24,54
MSTRG.7409|PRT1,8,26,94,40,65,137
MSTRG.7413,7,0,18,23,41,38
MSTRG.7412|macrod2,5,6,12,25,13,58
TrSC58v2_7575|macrod2,4,6,11,24,12,57
MSTRG.7415|TRSC58_01527,6,4,7,42,4,48
TrSC58v2_7577|TRSC58_01527,0,0,0,3,0,36
MSTRG.7416|TRSC58_04747,8,5,10,26,13,56
TrSC58v2_7578|TRSC58_04747,0,0,9,21,12,45
MSTRG.7418|TRSC58_04431,5,9,24,30,20,73
TrSC58v2_7579|TRSC58_04431,5,9,19,25,17,69
MSTRG.7417,16,10,26,49,14,96
MSTRG.7420|Os02g0814900,4,4,8,4,12,22
TrSC58v2_7581|Os02g0814900,0,3,0,6,1,19
MSTRG.7422|GULO,4,9,6,14,8,32
TrSC58v2_7583|GULO,0,0,5,12,7,30
MSTRG.7141,0,0,0,0,0,114
MSTRG.7146|TRSC58_06866,0,2,13,3,3,18
MSTRG.7147|DQ04_02141070,0,0,8,8,3,19
MSTRG.7155|DQ04_01801000,0,6,4,14,11,22
MSTRG.7169|TRSC58_06207,0,3,5,9,6,36
MSTRG.7173|BCY84_02467,0,11,20,24,26,43
MSTRG.7174,0,0,0,24,20,148
MSTRG.7180|TRSC58_03018,0,6,4,4,4,70
MSTRG.7197|TRSC58_00946,0,4,10,5,8,30
MSTRG.7198,0,0,0,0,11,0
MSTRG.7199|Sc5d,0,4,19,13,15,67
MSTRG.7209|TRSC58_02487,0,4,19,25,21,27
MSTRG.7212|SA85-1.1,0,3,3,2,11,27
MSTRG.7221|TRSC58_04404,0,0,4,9,5,56
MSTRG.7231,8,0,13,33,32,92
MSTRG.7140,1,18,15,33,20,101
MSTRG.7141|SA85-1.1,16,18,31,34,23,26
MSTRG.7142|gp63,3,3,7,2,4,14
MSTRG.7143|SA85-1.1,6,3,5,14,6,33
MSTRG.7144|Eif3a,24,48,87,240,130,442
MSTRG.7145|TcYC6_0047620,3,3,0,3,7,19
MSTRG.7148|TM35_000202570,2,15,12,27,14,30
MSTRG.7149|TRSC58_07112,3,3,17,21,13,46
MSTRG.7150|TCNA,84,39,100,203,60,400
MSTRG.7151,10,23,22,45,29,109
MSTRG.7152,15,34,29,47,47,181
MSTRG.7153|TRSC58_03983,11,0,0,12,5,20
MSTRG.7154|TRSC58_03019,3,5,9,3,12,69
MSTRG.7156|SYF1,18,16,19,43,20,63
MSTRG.7157|TRSC58_05446,19,19,41,32,27,57
MSTRG.7158|TRSC58_05847,36,4,15,28,23,115
MSTRG.7159|COX10,3,8,31,57,48,154
MSTRG.7160|vatM,29,50,74,113,79,220
MSTRG.7161|TRSC58_02202,26,3,8,12,27,73
MSTRG.7162|TRSC58_02625,16,5,30,28,37,72
MSTRG.7163|PLPBP,9,16,24,35,53,154
MSTRG.7164|Tbcel,7,3,10,4,8,65
MSTRG.7165|yvdB,7,3,31,52,17,103
MSTRG.7166|gafA,9,18,31,47,35,223
MSTRG.7167|RP689,11,9,10,11,10,48
MSTRG.7168|cfap53,24,57,49,87,62,225
MSTRG.7170|hsd17b12b,20,18,53,31,14,112
MSTRG.7171|EXOSC1,15,12,20,45,34,93
MSTRG.7172|TcYC6_0032840,11,26,13,23,8,99
MSTRG.7174|VTI12,12,18,8,24,10,6
MSTRG.7175|Vti1a,7,19,12,19,12,54
MSTRG.7176|HIP1,23,6,21,59,44,147
MSTRG.7177|TRSC58_02183,4,0,17,43,25,40
MSTRG.7178|TRSC58_03433,2,5,5,8,4,21
MSTRG.7179|b9d2,9,20,23,39,11,118
MSTRG.7181|PALD1,21,51,39,107,70,221
MSTRG.7182|PAT14,4,4,0,12,12,21
MSTRG.7183|zdhhc20a,4,5,14,13,11,46
MSTRG.7184|TCSYLVIO_000199,125,87,176,291,136,637
MSTRG.7185|SDH2-2,6,0,19,27,32,52
MSTRG.7186|rangrf,3,5,14,17,4,38
MSTRG.7187|TRSC58_06559,4,15,14,4,7,28
MSTRG.7188|HELQ,28,18,24,48,17,182
MSTRG.7189|TRSC58_01902,17,20,18,24,20,74
MSTRG.7190|SAMC1,4,12,4,16,0,25
MSTRG.7191|TRSC58_03010,17,8,20,33,24,98
MSTRG.7192|Metin_0452,59,48,44,142,95,311
MSTRG.7193|TcYC6_0030500,30,17,22,76,42,100
MSTRG.7194|REV3,26,22,52,92,79,213
MSTRG.7195|SPCC777.06c,12,3,19,24,23,108
MSTRG.7196|DQ04_00461110,7,3,0,10,13,46
MSTRG.7198|DHC10,98,138,210,397,240,1055
MSTRG.7200,25,25,21,30,53,152
MSTRG.7201|TRSC58_03004,13,15,27,39,33,116
MSTRG.7202|exo1,13,11,54,104,69,232
MSTRG.7203|TcYC6_0030570,3,8,15,23,11,38
MSTRG.7204|ste20,31,46,57,86,61,165
MSTRG.7205|TRSC58_03660,11,17,15,33,7,77
MSTRG.7206|RPGRIP1,33,15,46,73,42,236
MSTRG.7207,4,6,0,18,4,45
MSTRG.7208|TRSC58_01576,10,34,49,85,51,219
MSTRG.7210|TCPG,53,77,65,163,93,511
MSTRG.7211|GP85,9,10,31,55,13,57
MSTRG.7213,68,41,107,116,78,397
MSTRG.7214|SA85-1.1,9,11,9,31,29,70
MSTRG.7215|rsmH,12,17,23,38,33,107
MSTRG.7216|DDB_G0277575,3,0,7,8,0,30
MSTRG.7217|TcYC6_0030650,17,19,40,16,16,111
MSTRG.7218|corA,11,17,21,49,23,109
MSTRG.7219|TRSC58_00419,4,0,2,15,15,40
MSTRG.7220|TRSC58_06955,53,11,49,50,67,206
MSTRG.7222|pepA,4,27,55,80,26,150
MSTRG.7223|TRSC58_00146,7,13,19,39,32,146
MSTRG.7225|TRSC58_06084,3,0,21,26,23,54
MSTRG.7224,19,13,19,74,41,95
MSTRG.7226|TRSC58_02923,9,27,20,65,28,155
MSTRG.7228|TRSC58_02339,21,23,40,71,33,152
MSTRG.7227,38,38,75,132,41,280
MSTRG.7229|TRSC58_05626,24,30,112,98,43,177
MSTRG.7230|TRSC58_02931,7,9,13,50,18,98
MSTRG.7231|CLE-4A-1,6,12,14,11,4,99
MSTRG.7232|TRSC58_04351,4,0,7,25,13,42
MSTRG.7233|HNT2,27,10,32,95,35,252
MSTRG.7234|TRSC58_04469,9,11,23,44,31,71
MSTRG.7235|TRSC58_04094,30,15,8,5,7,80
MSTRG.7236|inlI,4,25,27,50,9,78
MSTRG.7237|EDEM2,22,13,26,29,37,147
MSTRG.7238|EDEM2,22,6,41,22,49,125
MSTRG.7239|DQ04_05841010,4,15,21,42,23,63
MSTRG.7240|TcCLB.509849.30,11,10,17,46,38,110
MSTRG.7241|TRSC58_03153,3,9,20,11,15,65
MSTRG.7242|TRSC58_03716,14,8,23,42,28,83
TrSC58v2_7401|TRSC58_03716,0,0,17,36,22,75
MSTRG.7243|CEP162,10,12,10,34,28,86
TrSC58v2_7402|CEP162,7,11,7,31,22,81
MSTRG.7244|TRSC58_02642,8,6,11,26,12,75
TrSC58v2_7403|TRSC58_02642,0,5,8,18,1,60
MSTRG.7246|gp63,122,200,319,646,326,1330
MSTRG.7426|IMPA1,12,7,35,15,10,37
TrSC58v2_7587|IMPA1,1,1,3,0,1,41
MSTRG.7423|Mys45A,8,4,31,11,27,80
TrSC58v2_7584|Mys45A,6,3,25,10,21,68
MSTRG.7427|otub-1,3,8,13,18,9,28
TrSC58v2_7588|otub-1,3,2,11,16,2,26
MSTRG.7424|TRSC58_02501,1,1,7,5,3,5
TrSC58v2_7585|TRSC58_02501,1,1,1,4,1,5
MSTRG.7425|ASPM,8,5,41,15,28,62
TrSC58v2_7586|ASPM,0,3,35,13,24,84
MSTRG.7428|BCY84_16784,31,14,26,41,26,91
TrSC58v2_7589|BCY84_16784,1,11,20,37,19,87
MSTRG.7430|ZNF259,4,8,35,29,19,68
TrSC58v2_7591|ZNF259,3,7,1,25,16,64
MSTRG.7431|TcG_03342,4,0,4,10,8,7
TrSC58v2_7592|TcG_03342,0,0,3,8,7,6
MSTRG.7432|TRSC58_01278,4,0,16,18,11,7
TrSC58v2_7593|TRSC58_01278,0,0,2,16,2,2
MSTRG.7436|TRSC58_06451,5,0,9,12,0,10
TrSC58v2_7597|TRSC58_06451,0,0,2,1,0,3
MSTRG.7250|Tc_MARK_2121,0,7,19,34,23,56
TrSC58v2_7415|gins1,0,0,1,1,1,18
MSTRG.7258|gins1,0,0,9,10,4,21
TrSC58v2_7416|TRSC58_03085,0,4,0,15,5,18
MSTRG.7259|TRSC58_03085,0,4,4,18,6,22
TrSC58v2_7424|erg8,0,1,0,0,0,26
MSTRG.7265|erg8,0,3,22,8,9,30
TrSC58v2_7431|tmem164,0,3,10,9,8,13
MSTRG.7272|tmem164,0,3,12,10,10,14
TrSC58v2_7436|TRSC58_02271,0,3,0,3,2,15
MSTRG.7277|TRSC58_02271,0,3,8,6,6,16
TrSC58v2_7438|TRSC58_06639,0,0,1,0,0,24
MSTRG.7279|TRSC58_06639,0,7,5,4,19,29
MSTRG.7288,0,0,0,0,0,129
MSTRG.7304,16,55,116,177,81,530
MSTRG.7316,38,17,46,164,116,382
TrSC58v2_7481|IMP2,0,1,7,5,0,2
MSTRG.7320|IMP2,0,2,9,6,0,58
TrSC58v2_7489|dpm2-1,0,0,0,2,1,7
MSTRG.7328|dpm2-1,0,0,0,7,3,6
MSTRG.7245,5,13,26,25,28,126
MSTRG.7247,4,10,5,15,5,45
MSTRG.7248|C3747_237g34,3,8,11,21,9,50
MSTRG.7249|C3747_865g7,19,61,103,153,76,377
MSTRG.7251|TCNA,11,2,9,9,11,20
MSTRG.7252|CAP-D2,3,9,31,23,10,36
TrSC58v2_7410|CAP-D2,0,6,25,18,8,34
MSTRG.7253|Pdpk1,13,11,25,35,34,92
TrSC58v2_7411|Pdpk1,3,10,15,33,31,83
MSTRG.7254|SPAC17A2.14,31,27,78,133,80,292
TrSC58v2_7412|SPAC17A2.14,1,22,59,112,66,245
MSTRG.7255|psen2,4,0,19,11,4,16
TrSC58v2_7413|psen2,4,0,1,2,1,17
MSTRG.7256|TYW1,5,10,9,24,10,37
TrSC58v2_7414|TYW1,0,7,7,1,10,33
MSTRG.7257,14,81,107,190,132,560
MSTRG.7260|TRSC58_04121,3,7,5,9,7,18
TrSC58v2_7417|TRSC58_04121,3,1,5,6,6,17
MSTRG.7261|Pde11a,4,10,14,21,11,66
TrSC58v2_7418|Pde11a,3,8,12,18,8,53
MSTRG.7262|Pde11a,7,9,19,28,14,67
TrSC58v2_7421|Pde11a,5,6,17,26,9,53
MSTRG.7263|snu13,10,7,12,32,21,59
TrSC58v2_7422|snu13,2,6,11,18,15,38
MSTRG.7264|TRSC58_01143,3,0,3,5,3,20
TrSC58v2_7423|TRSC58_01143,2,0,1,0,0,18
MSTRG.7266|CTHT_0061010,30,5,14,27,5,35
TrSC58v2_7425|CTHT_0061010,0,5,13,25,4,33
MSTRG.7267|glnS,29,4,28,70,32,112
TrSC58v2_7426|glnS,0,3,21,1,0,105
MSTRG.7268|TRSC58_01730,2,1,0,2,2,25
TrSC58v2_7427|TRSC58_01730,1,1,0,1,1,18
MSTRG.7269|msh3,5,11,5,11,11,48
TrSC58v2_7428|msh3,0,7,4,8,9,39
MSTRG.7270|HRD1A,6,10,12,54,3,78
TrSC58v2_7429|HRD1A,4,0,8,2,0,56
MSTRG.7271|C4B63_26g211,5,2,9,9,9,45
TrSC58v2_7430|C4B63_26g211,4,1,8,8,8,44
MSTRG.7273|DDB_G0267786,4,6,5,9,8,18
TrSC58v2_7432|DDB_G0267786,0,5,4,8,5,16
MSTRG.7274|NOP5-2,8,12,21,26,24,94
TrSC58v2_7433|NOP5-2,6,3,4,22,21,87
MSTRG.7275|TRSC58_02808,9,20,8,11,13,84
TrSC58v2_7434|TRSC58_02808,6,1,0,10,12,3
MSTRG.7276|ARP3,4,12,8,23,12,48
TrSC58v2_7435|ARP3,0,0,6,1,10,44
MSTRG.7278|TBC1D19,6,5,22,68,19,63
TrSC58v2_7437|TBC1D19,5,4,16,1,15,56
MSTRG.7280|C3747_112g65,7,10,6,35,24,21
TrSC58v2_7439|C3747_112g65,6,8,2,0,1,19
MSTRG.7281|TcYC6_0028330,15,14,24,20,8,27
TrSC58v2_7440|TcYC6_0028330,12,1,1,18,0,20
MSTRG.7282|CYME_CMM237C,3,14,9,12,36,40
TrSC58v2_7441|CYME_CMM237C,0,2,8,9,2,37
MSTRG.7283|eif4g,22,14,22,35,35,170
TrSC58v2_7442|eif4g,16,12,18,30,30,3
MSTRG.7284|corA,5,3,14,11,7,37
TrSC58v2_7443|corA,4,2,11,9,7,25
MSTRG.7285|Usp7,16,22,31,54,41,123
TrSC58v2_7444|Usp7,15,17,27,48,36,109
MSTRG.7286,6,11,23,28,16,71
MSTRG.7287|TOP2,12,15,36,39,29,159
TrSC58v2_7445|TOP2,9,12,33,36,25,132
MSTRG.7288|TRSC58_00756,14,8,22,47,34,19
TrSC58v2_7446|TRSC58_00756,0,3,18,24,25,22
MSTRG.7289|TRSC58_00794,6,3,19,9,13,41
TrSC58v2_7447|TRSC58_00794,5,2,1,9,11,38
MSTRG.7290|yfjQ,13,15,20,25,11,52
TrSC58v2_7448|yfjQ,0,11,16,3,10,36
MSTRG.7291|v1g214407,7,14,9,19,12,25
TrSC58v2_7449|v1g214407,1,13,8,1,2,24
MSTRG.7292|Slc29a4,109,63,181,267,133,774
TrSC58v2_7450|Slc29a4,2,56,148,221,104,567
MSTRG.7293,32,18,60,88,49,194
TrSC58v2_7451|OCRL,8,0,1,8,7,17
MSTRG.7296|OCRL,4,0,0,8,7,16
MSTRG.7296,83,131,234,429,222,1349
TrSC58v2_7452|Ocrl,11,8,1,47,15,71
MSTRG.7297|Ocrl,9,10,30,11,13,69
MSTRG.7298|RLA3,12,17,20,45,34,109
TrSC58v2_7453|RLA3,9,13,18,37,30,124
MSTRG.7299|MAPKKK3,19,11,35,68,31,129
TrSC58v2_7454|MAPKKK3,16,10,30,63,24,120
MSTRG.7300|TRSC58_03435,9,10,21,27,18,72
TrSC58v2_7455|TRSC58_03435,6,9,17,20,12,62
MSTRG.7301,31,40,0,70,42,348
MSTRG.7301|TRSC58_04538,4,7,38,23,14,10
TrSC58v2_7456|TRSC58_04538,3,7,24,13,8,0
MSTRG.7302|TRSC58_05890,6,10,8,29,18,71
TrSC58v2_7457|TRSC58_05890,1,2,0,1,15,63
MSTRG.7303|NAP1L1,46,24,56,72,52,151
TrSC58v2_7458|NAP1L1,1,1,46,63,45,130
MSTRG.7304|TDX,34,21,27,42,49,138
TrSC58v2_7459|TDX,1,5,4,8,7,25
MSTRG.7305|TRSC58_00960,4,0,3,5,4,11
TrSC58v2_7460|TRSC58_00960,0,0,0,2,3,10
TrSC58v2_7461|TDX,5,3,10,22,2,33
MSTRG.7306|TRSC58_06511,6,20,33,37,20,94
TrSC58v2_7462|TRSC58_06511,4,1,39,33,18,76
MSTRG.7307|COQ1,20,5,22,78,23,110
TrSC58v2_7463|COQ1,0,4,18,1,19,86
MSTRG.7308|glud2,12,12,26,40,19,105
TrSC58v2_7464|glud2,8,9,24,27,16,88
MSTRG.7296|rpl6,25,42,112,53,15,172
TrSC58v2_7465|rpl6,7,6,12,12,6,22
MSTRG.7309|SdhB,16,13,14,33,10,81
TrSC58v2_7466|SdhB,1,11,13,32,10,73
MSTRG.7310|C3747_193g61,4,8,11,26,4,42
TrSC58v2_7467|C3747_193g61,0,6,8,24,3,37
MSTRG.7311|Os02g0506500,12,3,16,27,9,38
TrSC58v2_7468|Os02g0506500,0,0,1,3,7,35
TrSC58v2_7469|ERV1,1,0,0,6,1,21
MSTRG.7312|ERV1,1,0,4,7,14,22
MSTRG.7296|RpS3,27,74,29,12,21,205
TrSC58v2_7470|RpS3,10,13,85,89,101,227
MSTRG.7294|PSR1,11,12,4,6,0,25
TrSC58v2_7471|PSR1,9,1,4,4,0,20
MSTRG.7295|TRSC58_04363,20,8,16,21,15,97
TrSC58v2_7472|TRSC58_04363,19,7,11,19,14,78
MSTRG.7313|Mlc-c,20,5,7,22,11,58
TrSC58v2_7473|Mlc-c,17,2,6,18,10,56
MSTRG.7314|TPD3,5,11,24,15,13,56
TrSC58v2_7474|TPD3,5,7,17,11,12,51
MSTRG.7315|TRSC58_05544,18,16,30,42,22,150
TrSC58v2_7475|TRSC58_05544,12,12,24,36,18,134
MSTRG.7316|KARG,17,30,63,52,58,280
TrSC58v2_7476|KARG,4,1,0,19,7,35
MSTRG.7317|TRSC58_00813,16,0,15,17,13,40
TrSC58v2_7477|TRSC58_00813,1,0,1,14,12,34
TrSC58v2_7478|KARG,10,2,0,27,5,34
MSTRG.7318|w,16,8,20,23,8,53
TrSC58v2_7479|w,11,0,17,16,5,42
MSTRG.7319|TRSC58_04281,4,0,18,23,18,24
TrSC58v2_7480|TRSC58_04281,0,0,1,1,15,20
MSTRG.7321|TcYC6_0027810,8,0,4,14,29,23
TrSC58v2_7482|TcYC6_0027810,7,0,0,10,2,21
MSTRG.7322|TRSC58_05778,8,7,16,7,12,31
TrSC58v2_7483|TRSC58_05778,6,1,0,8,2,33
MSTRG.7323|TRSC58_05936,9,4,17,13,18,51
TrSC58v2_7484|TRSC58_05936,6,3,15,11,1,45
MSTRG.7324|senju,7,3,9,13,21,21
TrSC58v2_7485|senju,0,0,0,0,1,28
MSTRG.7325|TRSC58_04553,4,16,17,8,8,57
TrSC58v2_7486|TRSC58_04553,0,0,14,6,0,64
MSTRG.7326|TRSC58_06150,13,2,6,10,12,27
TrSC58v2_7487|TRSC58_06150,0,1,1,1,1,24
MSTRG.7327|EFM7,21,18,26,45,24,122
TrSC58v2_7488|EFM7,21,14,22,37,21,115
MSTRG.7329|TRSC58_01440,28,8,25,9,23,37
TrSC58v2_7490|TRSC58_01440,1,6,1,6,1,31
MSTRG.7330|TRSC58_03263,25,34,48,121,68,273
TrSC58v2_7491|TRSC58_03263,22,24,41,110,62,266
MSTRG.7440,5,6,28,18,7,38
MSTRG.7438|GP85,5,2,13,21,18,42
TrSC58v2_7599|GP85,4,2,10,20,15,40
MSTRG.7441,9,0,23,0,5,50
TrSC58v2_7545|rdmC,0,2,0,3,0,22
MSTRG.7382|rdmC,0,2,0,4,0,23
TrSC58v2_7548|TRSC58_02397,0,0,0,1,0,0
MSTRG.7385|TRSC58_02397,0,3,0,3,0,15
MSTRG.7391,0,0,0,111,0,0
TrSC58v2_7562|TRSC58_03926,0,8,9,22,16,63
MSTRG.7399|TRSC58_03926,0,23,13,29,19,74
MSTRG.7375|Pcif1,20,5,18,28,29,65
TrSC58v2_7538|Pcif1,18,5,16,24,0,52
MSTRG.7376|PDE4C,8,3,0,9,7,26
TrSC58v2_7539|PDE4C,6,1,0,8,5,22
MSTRG.7377|naa35,15,16,23,37,19,73
TrSC58v2_7540|naa35,13,13,15,32,17,63
MSTRG.7378|tor,29,36,106,172,79,329
TrSC58v2_7541|tor,26,35,78,151,81,272
MSTRG.7379|TRSC58_01967,12,21,21,22,15,113
TrSC58v2_7542|TRSC58_01967,9,0,15,18,0,1
MSTRG.7380|gnt1,3,4,5,10,7,40
TrSC58v2_7543|gnt1,0,0,4,1,6,2
MSTRG.7381|TcSYL_0159720,4,5,3,1,12,18
TrSC58v2_7544|TcSYL_0159720,1,1,2,1,9,18
MSTRG.7383|rdmC,4,0,4,11,7,26
TrSC58v2_7546|rdmC,3,0,3,0,6,22
MSTRG.7384|dnrP,2,6,6,8,22,62
TrSC58v2_7547|dnrP,1,5,5,5,0,58
MSTRG.7386|KIN14I,3,6,10,4,17,39
TrSC58v2_7549|KIN14I,0,4,9,3,16,36
MSTRG.7387|TRSC58_02584,16,25,109,86,55,141
TrSC58v2_7550|TRSC58_02584,14,0,3,74,49,133
MSTRG.7388|KIN12C,4,4,24,29,28,87
TrSC58v2_7551|KIN12C,3,0,21,22,25,73
MSTRG.7389|NSUN2,6,0,21,26,14,77
TrSC58v2_7552|NSUN2,5,0,15,17,11,69
MSTRG.7390|slc47a1,7,4,7,14,13,59
TrSC58v2_7553|slc47a1,6,3,6,10,0,55
MSTRG.7391|CEP164,22,14,22,33,42,187
TrSC58v2_7554|CEP164,9,12,17,0,9,44
MSTRG.7392|rat1,2,16,17,31,24,73
TrSC58v2_7555|rat1,0,14,13,28,21,67
MSTRG.7393|USP,10,10,15,13,9,65
TrSC58v2_7556|USP,9,1,11,10,8,1
MSTRG.7394|TRSC58_05092,3,0,16,9,4,35
TrSC58v2_7557|TRSC58_05092,1,0,1,8,1,2
MSTRG.7395|TRSC58_04031,11,11,16,38,16,47
TrSC58v2_7558|TRSC58_04031,9,7,15,0,13,43
MSTRG.7396|TRSC58_04636,4,0,11,12,8,37
TrSC58v2_7559|TRSC58_04636,4,0,1,11,7,33
MSTRG.7397|Slc9b2,4,0,12,8,9,35
TrSC58v2_7560|Slc9b2,3,0,10,6,7,33
MSTRG.7398|SPAC227.14,4,2,0,5,2,13
TrSC58v2_7561|SPAC227.14,0,2,0,5,1,11
MSTRG.7400|TM35_000201380,2,0,6,9,10,24
TrSC58v2_7563|TM35_000201380,1,0,5,0,9,19
MSTRG.7401|RH2a,5,14,13,13,16,36
TrSC58v2_7564|RH2a,4,0,9,10,14,30
MSTRG.7402|Tmem94,6,10,33,31,17,95
TrSC58v2_7565|Tmem94,4,9,28,25,14,90
MSTRG.7403|TTC27,6,12,31,41,17,153
TrSC58v2_7566|TTC27,5,10,24,32,12,4
MSTRG.7404|TRSC58_06224,4,3,16,15,11,18
TrSC58v2_7567|TRSC58_06224,0,3,14,1,0,16
MSTRG.7405|nat10,6,18,19,51,25,126
TrSC58v2_7568|nat10,5,13,16,48,22,121
MSTRG.7406|OSCP1,3,8,8,18,8,41
TrSC58v2_7569|OSCP1,3,0,7,3,6,37
MSTRG.7407|TRSC58_02999,13,15,43,64,36,254
TrSC58v2_7570|TRSC58_02999,12,14,37,54,34,202
MSTRG.7447|Tc_MARK_5649,10,3,13,4,18,41
MSTRG.7439,17,37,42,33,32,157
MSTRG.7450|VPS39,33,19,29,25,23,150
MSTRG.7442|gdhA,7,8,5,10,7,41
MSTRG.7452|TRSC58_01542,4,8,0,10,0,19
MSTRG.7451|fam91a1,24,39,35,42,11,66
MSTRG.7455|TcBrA4_0067190,14,17,43,58,32,157
MSTRG.7453|DDB_G0273589,15,0,13,11,11,72
MSTRG.7454|TcG_02337,4,3,7,0,8,37
MSTRG.7510|TRSC58_06687,6,7,14,14,15,61
TrSC58v2_7663|TRSC58_06687,5,5,12,2,13,49
MSTRG.7511|TRSC58_02770,17,17,15,30,16,106
TrSC58v2_7664|TRSC58_02770,11,15,11,20,14,98
MSTRG.7513|TRSC58_02420,8,9,10,17,26,46
TrSC58v2_7665|TRSC58_02420,3,8,2,13,1,39
MSTRG.7514|TRSC58_02018,3,4,1,8,4,31
TrSC58v2_7666|TRSC58_02018,0,0,1,0,2,2
MSTRG.7507|ESAG4,22,16,24,26,27,74
TrSC58v2_7661|ESAG4,15,12,20,23,23,78
MSTRG.7506,14,7,19,27,18,110
MSTRG.7508|ESAG4,23,13,33,47,25,4
TrSC58v2_7662|ESAG4,20,13,29,32,24,213
MSTRG.7515|F46B6.12,8,4,13,11,3,70
TrSC58v2_7667|F46B6.12,8,0,12,10,1,50
MSTRG.7517,2,2,2,2,3,2
MSTRG.7516,10,13,55,14,14,64
TrSC58v2_7672|C3747_237g34,0,0,0,0,0,0
TrSC58v2_7672.t1.e1|C3747_237g34,0,0,0,0,0,0
MSTRG.7520,11,6,13,24,23,61
MSTRG.7521,14,13,20,46,28,105
MSTRG.7522,52,23,125,152,81,424
MSTRG.7523|HAS1,2,3,4,9,2,34
MSTRG.7524|C3747_237g34,4,2,4,18,9,32
MSTRG.7525|TcCL_ESM08843,14,15,14,75,34,117
MSTRG.7526,2,8,28,41,28,114
MSTRG.7518|ESAG4,26,12,21,58,43,179
MSTRG.7519|ESAG4,27,15,31,61,22,110
MSTRG.7456,0,0,25,0,34,92
MSTRG.7460|C3747_78g119,0,0,0,19,0,16
MSTRG.7465|TRSC58_00870,0,0,14,15,8,36
MSTRG.7469|TRSC58_02396,0,2,6,21,9,28
MSTRG.7481|TRSC58_00313,0,5,21,12,0,43
MSTRG.7490,0,23,23,74,22,179
MSTRG.7501|vatF,0,5,5,7,17,25
MSTRG.7502|TRSC58_03950,0,4,11,12,4,35
TrSC58v2_7659|TRSC58_03710,0,0,1,0,0,14
MSTRG.7504|TRSC58_03710,0,0,19,0,0,17
MSTRG.7456|PRMT1,2,0,24,31,2,22
MSTRG.7457|TRSC58_06299,12,12,7,12,9,34
MSTRG.7458|TRSC58_03545,18,8,26,27,20,121
MSTRG.7459|TRSC58_03601,77,48,117,171,158,519
MSTRG.7461|TRSC58_04841,19,8,15,43,27,76
MSTRG.7462|stas,2,11,21,6,12,57
MSTRG.7463|TcBrA4_0067260,4,0,9,13,4,38
MSTRG.7464|EOL1,57,35,52,69,64,242
MSTRG.7466|KCNT2,15,7,36,31,26,200
MSTRG.7467|atr1,19,0,23,35,16,104
MSTRG.7468|TRSC58_01934,16,6,29,22,14,104
MSTRG.7470|nvj2,21,7,22,43,47,107
MSTRG.7471|TRSC58_05253,9,7,13,29,39,96
MSTRG.7472|TRSC58_01713,6,9,29,31,18,89
MSTRG.7473|TRSC58_03389,3,9,27,33,9,55
MSTRG.7474|TRSC58_00423,5,7,26,12,24,103
MSTRG.7475|TRSC58_05693,115,61,82,217,147,551
MSTRG.7476|dnaJ,7,19,26,55,30,107
MSTRG.7477|TcYC6_0060250,51,28,41,44,32,107
MSTRG.7478|TRSC58_04772,3,8,2,22,11,55
MSTRG.7479|TRSC58_01354,4,0,28,23,42,105
MSTRG.7480|TRSC58_02320,4,4,13,6,11,49
MSTRG.7482|NLRC3,25,21,53,47,44,173
MSTRG.7483|TRSC58_06007,4,5,0,8,12,28
MSTRG.7484|Bbs5,19,4,22,28,31,92
MSTRG.7485|NPK1,11,9,11,28,26,76
MSTRG.7486|TRSC58_03337,26,36,70,101,54,227
MSTRG.7487,5,4,25,28,10,98
MSTRG.7488|pph-5,9,16,29,79,62,143
MSTRG.7489|TRSC58_02267,41,11,41,91,50,187
MSTRG.7490|TRSC58_05483,8,6,12,18,16,23
MSTRG.7491|ALA2,7,18,61,25,35,121
MSTRG.7492|RH2a,17,16,15,30,19,133
MSTRG.7493|anapc8,25,29,35,84,16,125
MSTRG.7494|TRSC58_01085,2,11,13,37,12,52
MSTRG.7495|TRSC58_00443,23,34,70,165,89,281
MSTRG.7496|GTF3C3,7,9,26,28,27,122
MSTRG.7497,15,12,96,72,81,339
MSTRG.7498|TcYC6_0060460,5,0,0,9,0,39
MSTRG.7499|PGI,31,8,103,131,116,278
MSTRG.7500,7,2,3,9,3,78
MSTRG.7503|Cep164,35,24,76,140,79,282
TrSC58v2_7658|Cep164,28,19,63,120,66,257
MSTRG.7594|TRSC58_06759,7,11,11,68,16,93
TrSC58v2_7738|TRSC58_06759,0,8,10,2,13,73
MSTRG.7595|TRSC58_07029,2,0,2,20,4,11
TrSC58v2_7739|TRSC58_07029,1,0,1,18,0,10
MSTRG.7598|gdhA,3,7,7,8,5,21
MSTRG.7599|gdhA,4,5,8,11,10,29
MSTRG.7658|TcYC6_0100250,3,20,53,75,28,132
MSTRG.7657|VPS18,5,11,38,29,36,97
MSTRG.7660|cid14,34,22,35,100,43,215
MSTRG.7661|Map3k4,8,12,87,66,51,232
MSTRG.7662|RS9,77,84,144,242,153,675
MSTRG.7663|TcG_03010,3,7,14,11,14,43
MSTRG.7665|TRSC58_02540,6,0,13,18,10,72
MSTRG.7666|TRSC58_03035,13,4,27,38,7,72
MSTRG.7531|TRSC58_05512,0,11,22,33,32,62
MSTRG.7533|CBR2,0,4,13,14,8,48
TrSC58v2_7692|TRSC58_00757,0,0,7,7,7,0
MSTRG.7546|TRSC58_00757,0,5,10,9,9,44
TrSC58v2_7698|DWA2,0,0,0,1,7,2
MSTRG.7552|DWA2,0,5,5,9,10,46
TrSC58v2_7699|TRSC58_04671,0,0,0,17,2,11
MSTRG.7553|TRSC58_04671,0,0,4,16,2,12
TrSC58v2_7706|Tb927.5.1730,0,0,1,0,0,10
MSTRG.7560|Tb927.5.1730,0,9,4,4,2,11
TrSC58v2_7714|TRSC58_01655,0,0,6,11,10,31
MSTRG.7568|TRSC58_01655,0,4,9,12,12,61
TrSC58v2_7715|Tc_MARK_1151,0,1,7,9,5,7
MSTRG.7569|Tc_MARK_1151,0,2,10,11,5,54
TrSC58v2_7717|TRSC58_01106,0,5,0,9,1,19
MSTRG.7571|TRSC58_01106,0,7,4,10,7,13
TrSC58v2_7722|Tc00.1047053508533.40,0,1,1,4,0,8
MSTRG.7577|Tc00.1047053508533.40,0,3,6,4,0,8
MSTRG.7527|SA85-1.1,15,15,30,32,24,116
MSTRG.7528|TcCL_Unassigned05098,4,2,6,13,2,33
MSTRG.7529|TvY486_0010630,8,5,23,19,15,57
MSTRG.7530|TvY486_1015550,2,8,5,7,0,11
MSTRG.7532,5,5,4,19,25,71
MSTRG.7534,13,0,15,24,7,116
MSTRG.7535|eIF4G,3,9,11,18,3,49
MSTRG.7536|Tc_MARK_1122,4,15,27,33,27,114
MSTRG.7537|TRSC58_03147,8,9,40,36,21,126
MSTRG.7538|Tc_MARK_1124,10,7,17,26,0,31
MSTRG.7539|HslU1,4,14,38,52,22,140
MSTRG.7540|FMO6P,3,7,4,25,9,30
MSTRG.7541|TRSC58_05249,5,4,22,31,12,61
MSTRG.7542|SLC25A33,14,12,18,31,8,59
MSTRG.7543|DRS1,11,19,12,56,25,166
MSTRG.7544,26,26,54,92,0,158
MSTRG.7544|TRSC58_03397,1,2,2,3,7,4
MSTRG.7545|TRSC58_06095,1,3,5,6,0,9
TrSC58v2_7691|TRSC58_06095,1,1,2,5,0,9
MSTRG.7547|RPL13A,38,55,46,112,113,342
TrSC58v2_7693|RPL13A,33,51,41,111,104,332
MSTRG.7548|dap1,6,5,3,10,3,29
TrSC58v2_7694|dap1,2,4,1,9,0,33
MSTRG.7549|TRSC58_04956,8,0,9,20,4,27
TrSC58v2_7695|TRSC58_04956,7,0,7,16,0,34
MSTRG.7550|Dyrk1b,6,6,14,26,19,44
TrSC58v2_7696|Dyrk1b,5,4,14,21,18,34
MSTRG.7551|ptc2,4,0,6,15,15,25
TrSC58v2_7697|ptc2,0,0,5,0,3,22
MSTRG.7554|TRSC58_04671,18,28,33,37,22,115
TrSC58v2_7700|TRSC58_04671,15,27,28,48,25,99
MSTRG.7555|TRSC58_05648,6,11,20,34,37,62
TrSC58v2_7701|TRSC58_05648,1,8,17,30,3,57
MSTRG.7556|RPA2,29,30,27,35,18,86
TrSC58v2_7702|RPA2,7,2,4,6,14,83
MSTRG.7557|Tb427.05.1710,2,7,12,21,14,53
TrSC58v2_7703|Tb427.05.1710,0,2,10,3,11,42
MSTRG.7558|Tb427.05.1710,2,5,10,9,6,23
TrSC58v2_7704|Tb427.05.1710,0,5,8,8,5,21
MSTRG.7559|TRSC58_02318,8,9,10,17,8,32
TrSC58v2_7705|TRSC58_02318,6,7,9,12,0,30
MSTRG.7561|TRSC58_06949,9,8,9,32,12,33
TrSC58v2_7707|TRSC58_06949,6,6,8,0,10,30
MSTRG.7562|IMCE,3,2,7,51,12,91
TrSC58v2_7708|IMCE,0,1,5,1,10,1
MSTRG.7563|TRSC58_01074,8,5,5,8,9,40
TrSC58v2_7709|TRSC58_01074,0,3,4,5,9,2
MSTRG.7564|TRSC58_05267,6,0,4,16,6,58
TrSC58v2_7710|TRSC58_05267,5,0,3,14,5,4
MSTRG.7565|yhcT,11,4,11,27,17,59
TrSC58v2_7711|yhcT,9,3,9,0,12,51
MSTRG.7566|RLA1,21,11,46,71,44,180
TrSC58v2_7712|RLA1,19,10,35,58,40,135
MSTRG.7567|ansA,34,14,45,20,16,61
TrSC58v2_7713|ansA,1,11,0,17,15,53
MSTRG.7570|TcYC6_0034660,26,7,19,84,14,58
TrSC58v2_7716|TcYC6_0034660,18,2,16,0,9,69
MSTRG.7572|Y37D8A.2,29,63,68,95,56,413
TrSC58v2_7718|Y37D8A.2,25,35,60,86,45,353
MSTRG.7573,11,24,8,34,32,122
MSTRG.7574|TRSC58_02702,5,3,0,4,3,12
TrSC58v2_7719|TRSC58_02702,1,1,0,3,2,11
MSTRG.7575|TRSC58_00851,10,6,13,5,3,23
TrSC58v2_7720|TRSC58_00851,0,5,11,4,1,18
MSTRG.7576,14,0,22,0,0,177
MSTRG.7576|fignl1,2,11,5,39,18,9
TrSC58v2_7721|fignl1,2,10,4,30,16,16
MSTRG.7578|TRSC58_03750,29,17,52,58,36,107
TrSC58v2_7723|TRSC58_03750,26,15,41,53,33,97
MSTRG.7580|ODAD3,11,9,16,35,13,84
TrSC58v2_7724|ODAD3,10,9,13,30,12,72
MSTRG.7579,5,0,13,7,15,42
MSTRG.7581|TRSC58_02319,5,11,21,49,10,74
TrSC58v2_7725|TRSC58_02319,5,8,19,41,8,70
MSTRG.7582|CCDC13,35,10,36,32,40,101
TrSC58v2_7726|CCDC13,28,10,1,29,0,78
MSTRG.7583|SPC3,3,6,9,20,10,16
TrSC58v2_7727|SPC3,1,0,7,18,0,14
MSTRG.7584|TRSC58_00111,4,5,11,12,14,44
TrSC58v2_7728|TRSC58_00111,1,2,3,10,12,38
MSTRG.7585|TRSC58_02426,39,26,126,142,58,376
TrSC58v2_7729|TRSC58_02426,27,23,3,27,51,6
MSTRG.7586|TcYC6_0034430,5,4,11,20,7,38
TrSC58v2_7730|TcYC6_0034430,3,0,9,14,5,34
MSTRG.7587|TRSC58_02947,24,34,21,65,37,135
TrSC58v2_7731|TRSC58_02947,1,28,19,54,32,104
MSTRG.7588|TcCL_ESM06772,5,6,24,3,5,27
TrSC58v2_7732|TcCL_ESM06772,3,0,0,3,4,0
MSTRG.7589|TRSC58_03105,4,4,11,17,5,37
TrSC58v2_7733|TRSC58_03105,0,0,8,15,4,33
MSTRG.7590|TcBrA4_0117160,1,11,0,0,4,6
TrSC58v2_7734|TcBrA4_0117160,1,0,0,0,1,0
MSTRG.7591|TRSC58_04981,9,2,11,8,8,21
TrSC58v2_7735|TRSC58_04981,1,1,1,7,6,23
MSTRG.7592|TRSC58_04981,14,2,7,11,9,28
TrSC58v2_7736|TRSC58_04981,1,2,6,9,7,25
MSTRG.7593|TRSC58_04981,14,2,7,12,9,24
TrSC58v2_7737|TRSC58_04981,2,2,6,10,7,27
MSTRG.7664|PPP5C,8,12,32,74,19,106
MSTRG.7669|TRSC58_05980,8,7,21,37,19,76
MSTRG.7668|ACA10,0,0,5,9,17,44
MSTRG.7667|ATP2B4,54,32,75,77,71,244
MSTRG.7671|pmc1,7,4,11,20,9,59
MSTRG.7672|patA,10,0,11,25,7,64
MSTRG.7675|NHX7,7,5,14,21,29,70
TrSC58v2_7818|NHX7,6,4,13,15,21,56
MSTRG.7681|TRSC58_02572,14,2,35,17,19,112
TrSC58v2_7825|TRSC58_02572,0,1,1,15,16,10
MSTRG.7683|TRSC58_03101,7,2,7,13,6,39
TrSC58v2_7827|TRSC58_03101,0,1,5,12,5,32
MSTRG.7684|TRSC58_00680,17,7,41,24,19,98
TrSC58v2_7828|TRSC58_00680,0,6,1,22,17,88
MSTRG.7677,14,7,2,15,0,39
MSTRG.7677|C4B63_221g29,2,8,1,5,8,9
TrSC58v2_7820|C4B63_221g29,0,6,6,3,0,12
MSTRG.7678|D2HGDH,7,13,4,8,6,52
TrSC58v2_7821|D2HGDH,0,11,0,7,5,38
MSTRG.7679|Tc_MARK_9379,8,8,0,25,8,49
TrSC58v2_7822|Tc_MARK_9379,1,0,0,0,0,3
MSTRG.7680|Smyd3,9,9,25,11,9,41
TrSC58v2_7823|Smyd3,7,8,23,8,6,36
TrSC58v2_7824|LPL1,4,1,0,4,1,40
MSTRG.7677|LPL1,4,16,20,5,22,57
MSTRG.7685|engB,19,8,12,15,8,80
TrSC58v2_7829|engB,18,0,0,13,6,66
MSTRG.7686|U2AF65A,8,6,14,27,22,56
TrSC58v2_7830|U2AF65A,7,6,13,24,2,53
MSTRG.7687,12,16,38,77,59,190
MSTRG.7688,7,0,42,123,47,195
MSTRG.7689,3,16,19,60,31,98
MSTRG.7691,4,14,15,39,15,38
MSTRG.7690|acsA,6,9,39,76,19,90
TrSC58v2_7831|acsA,5,6,0,3,17,84
MSTRG.7694|MTH_793,8,6,14,19,9,48
TrSC58v2_7834|MTH_793,6,5,13,17,7,41
MSTRG.7695|TRSC58_06022,22,10,29,60,17,76
TrSC58v2_7835|TRSC58_06022,2,8,26,2,12,72
MSTRG.7696|Txnl4a,1,3,11,4,6,39
TrSC58v2_7838|Txnl4a,1,1,0,1,1,31
TrSC58v2_7839|Tc_MARK_9355,26,25,46,74,3,182
MSTRG.7697|Tc_MARK_9355,4,29,50,80,61,187
MSTRG.7699,0,0,53,46,9,79
MSTRG.7699|TCDM_08958,3,8,5,17,11,5
TrSC58v2_7841|TCDM_08958,0,3,3,0,1,0
MSTRG.7698|TRSC58_04535,22,9,31,141,32,296
TrSC58v2_7840|TRSC58_04535,15,7,24,0,26,4
MSTRG.7700|UTP7,13,16,23,61,15,98
TrSC58v2_7842|UTP7,9,11,17,0,12,63
MSTRG.7734|TcYC6_0031430,3,3,4,3,4,21
MSTRG.7601|msrAB,0,0,5,4,4,7
MSTRG.7602|gemA,0,17,4,42,16,62
MSTRG.7604|TRSC58_00673,0,11,14,18,0,41
MSTRG.7607|TcYC6_0100790,0,4,4,13,10,39
MSTRG.7611|Lipt1,0,13,9,12,12,45
MSTRG.7612|dpy-30,0,0,3,4,6,19
MSTRG.7615|TRSC58_01472,0,0,13,9,15,21
MSTRG.7624|AE7,0,0,0,18,0,30
MSTRG.7625,78,119,257,472,284,1062
MSTRG.7633|TcBrA4_0001520,0,0,4,15,4,8
MSTRG.7637|TRSC58_01635,0,0,12,0,16,55
MSTRG.7641|mkkA,0,0,0,0,0,4
MSTRG.7644,0,21,12,72,59,266
MSTRG.7649|TCSYLVIO_009731,0,4,3,18,21,37
MSTRG.7652|TRSC58_06648,0,7,7,8,10,40
MSTRG.7600|TcYC6_0100850,45,38,66,145,136,348
MSTRG.7603|Psmd4,44,20,96,161,96,252
MSTRG.7605|cpt2,3,11,20,16,12,43
MSTRG.7606|ATP5MC1,18,31,28,47,42,122
MSTRG.7608|C3747_199g9,23,7,4,24,11,37
MSTRG.7609|TRSC58_00336,11,16,36,69,39,109
MSTRG.7610|BCY84_12561,8,0,12,29,0,50
MSTRG.7613|PDR2,19,63,139,144,94,375
MSTRG.7614|esiB,9,10,12,26,12,51
MSTRG.7616|Htatip2,4,3,5,23,31,55
MSTRG.7617|Tb927.8.680,5,5,0,0,4,16
MSTRG.7618|TRSC58_05322,4,8,8,13,4,59
MSTRG.7619|PIN1,15,0,2,8,11,51
MSTRG.7620|PIF7,20,8,29,7,65,145
MSTRG.7621|SPAC4G8.04,2,7,10,27,17,64
MSTRG.7622|TcYC6_0100640,25,49,105,210,143,397
MSTRG.7625|infB,14,21,3,9,5,25
MSTRG.7623|1a,201,154,374,585,398,1753
MSTRG.7626|TRSC58_00022,13,3,37,65,38,142
MSTRG.7627|Tc_MARK_8203,48,26,31,103,42,179
MSTRG.7628|TRSC58_01586,7,22,4,30,26,162
MSTRG.7629|TRSC58_06399,78,105,213,321,242,694
MSTRG.7630|rsph9,4,18,20,18,5,121
MSTRG.7631|DDB_G0274813,7,18,7,40,14,106
MSTRG.7632|iml1,4,27,41,41,32,186
MSTRG.7634|TRSC58_00217,7,12,9,6,4,56
MSTRG.7635|TRSC58_00217,18,21,35,54,31,112
MSTRG.7636|TRSC58_02151,12,8,26,40,37,102
MSTRG.7638|TM35_000271940,4,10,28,46,19,121
MSTRG.7639|CIPK23,6,0,17,23,8,83
MSTRG.7640|TRSC58_06372,66,23,36,63,58,131
MSTRG.7642,6,0,19,27,26,43
MSTRG.7643|Rab1A,26,19,49,69,57,207
MSTRG.7644|C3747_139g79,16,2,61,13,11,17
MSTRG.7645|TRSC58_04781,5,10,29,60,47,130
MSTRG.7646|PEX4,28,25,36,41,15,132
MSTRG.7647|SPAC13C5.05c,3,8,24,57,25,147
MSTRG.7648|uaf-1,8,0,13,7,11,30
MSTRG.7650|TcG_02993,15,6,35,22,11,54
MSTRG.7651|Pfkfb3,4,0,38,45,13,79
MSTRG.7653|TRSC58_03689,12,13,24,29,14,47
MSTRG.7654|Map3k15,9,12,23,33,8,46
MSTRG.7655|TRSC58_02983,41,43,103,192,83,499
MSTRG.7656|MLYCD,3,15,34,15,19,80
MSTRG.7736|ADP1,12,15,38,80,41,274
MSTRG.7739|TRSC58_03746,8,8,5,19,19,77
MSTRG.7735|TRSC58_01288,39,37,59,98,72,349
MSTRG.7741|TRSC58_04838,11,4,4,3,0,44
MSTRG.7738|TRSC58_01317,4,7,13,17,5,36
MSTRG.7740|IPUT1,4,19,23,46,30,121
MSTRG.7742|atp6v1g,13,6,20,9,30,76
MSTRG.7743|Tc_MARK_9265,5,27,16,71,25,112
MSTRG.7744|TRSC58_00399,3,7,7,25,0,41
MSTRG.7754|TRSC58_04748,8,10,11,11,16,59
MSTRG.7753,22,30,71,154,0,464
MSTRG.7753|TRSC58_04506,5,2,2,4,59,25
MSTRG.7753|TRSC58_06957,3,2,2,2,6,9
MSTRG.7752|C3747_152g107,141,90,232,238,133,708
MSTRG.7757|C3747_640g1,2,4,0,34,14,42
MSTRG.7755|WARS1,11,10,15,20,15,57
MSTRG.7756|hus1,7,4,13,23,7,35
MSTRG.7758|BCY84_19742,4,15,28,42,31,143
MSTRG.7759,9,14,8,11,18,26
MSTRG.7768|GP85,20,56,107,96,85,341
MSTRG.7769|Nek4,23,11,12,27,13,53
MSTRG.7770|RABH1B,15,3,28,21,5,71
MSTRG.7772|TRSC58_06083,10,25,15,30,43,179
MSTRG.7773|SKI6,16,0,7,13,3,76
MSTRG.7707|GP85,0,0,0,3,0,5
MSTRG.7709|TRSC58_00933,0,6,2,14,10,22
MSTRG.7713|TRSC58_01409,0,0,4,0,12,36
MSTRG.7720|rlmE,0,5,8,24,14,53
MSTRG.7721|TRSC58_04678,0,4,11,22,14,65
MSTRG.7724|TRSC58_03418,0,2,10,18,4,54
MSTRG.7727|TRSC58_00670,0,9,11,7,9,36
MSTRG.7701|TRSC58_06523,10,0,5,12,6,20
TrSC58v2_7843|TRSC58_06523,1,0,0,7,5,18
MSTRG.7702|Tc_MARK_9350,25,14,15,31,19,89
TrSC58v2_7844|Tc_MARK_9350,23,13,14,26,17,85
MSTRG.7703|TcBrA4_0137980,8,21,23,79,41,139
TrSC58v2_7845|TcBrA4_0137980,6,18,16,4,2,119
MSTRG.7704|unc-104,5,16,29,44,34,132
TrSC58v2_7846|unc-104,4,15,21,30,28,97
MSTRG.7705|UBA1,42,22,60,90,52,176
TrSC58v2_7847|UBA1,37,22,51,83,44,171
MSTRG.7706|gloC,5,0,32,27,4,33
TrSC58v2_7848|gloC,1,0,0,1,0,1
MSTRG.7708|GP85,17,8,16,49,17,63
MSTRG.7710|parn,4,11,24,22,15,69
MSTRG.7711|X92,13,11,11,14,19,59
MSTRG.7712|TRSC58_04089,7,15,18,27,4,99
MSTRG.7714|TcCL_NonESM03522,2,0,15,4,4,23
MSTRG.7715|TcBrA4_0138120,41,20,80,99,83,212
MSTRG.7716|Rat1,30,19,49,67,36,146
MSTRG.7717|TRSC58_03854,7,5,21,32,14,39
MSTRG.7718|ACSS2,6,5,18,47,17,61
MSTRG.7719|Tc_MARK_9320,3,13,29,14,8,51
MSTRG.7722|TRSC58_03418,2,6,19,21,8,36
MSTRG.7723|Srd5a1,3,5,11,20,9,86
MSTRG.7725|TRSC58_03966,10,23,39,45,21,182
MSTRG.7726|Prkab2,14,12,57,29,8,105
MSTRG.7728|Tc_MARK_9314,28,23,66,92,59,202
MSTRG.7729|TRSC58_00189,8,5,10,17,32,86
MSTRG.7730|TRS,10,15,8,15,13,38
MSTRG.7731|TRSC58_05323,19,12,26,58,26,144
MSTRG.7732|TRSC58_00073,10,11,7,20,10,44
MSTRG.7733|mro,18,12,36,75,55,254
MSTRG.7778|TRSC58_05659,21,15,44,45,19,178
MSTRG.7761|TCNA,4,2,7,7,6,5
MSTRG.7762,6,8,16,27,20,72
MSTRG.7763|SA85-1.1,1,6,1,2,0,1
MSTRG.7764|SA85-1.1,19,31,31,74,52,142
MSTRG.7765|SA85-1.1,4,0,6,8,11,15
MSTRG.7767|SA85-1.1,11,17,16,44,27,114
MSTRG.7766,4,2,1,4,11,25
MSTRG.7780|TcG_03054,13,17,32,42,41,137
MSTRG.7779|TRSC58_02010,5,7,12,19,5,25
MSTRG.7775|Cyt-b5,4,6,25,20,16,43
MSTRG.7777|TRSC58_04589,6,14,42,26,22,93
MSTRG.7774|HDA18,11,27,33,57,35,145
MSTRG.7781|TRSC58_05022,18,14,76,155,66,242
MSTRG.7782|XPOT,18,27,43,87,54,211
MSTRG.7809|TRSC58_06997,4,5,40,35,25,130
MSTRG.7808|TRSC58_04297,61,21,88,82,57,292
MSTRG.7817|amdhd1,11,15,46,22,13,65
MSTRG.7818|TRSC58_01812,69,27,63,141,67,304
MSTRG.7819|TcG_03101,58,49,43,113,19,210
MSTRG.7820|TRSC58_00314,16,6,15,19,4,72
MSTRG.7785,0,4,14,8,4,36
MSTRG.7797,0,9,0,40,4,125
MSTRG.7807|TRSC58_06912,0,28,6,21,3,22
MSTRG.7783|ATM,119,136,200,264,272,570
MSTRG.7784|sf3a2,20,4,34,32,31,121
MSTRG.7786|GDE1,70,21,72,184,109,394
MSTRG.7787|mgrn1,23,35,25,65,19,141
MSTRG.7788|TRSC58_06165,25,55,52,135,55,292
MSTRG.7789|TRSC58_03864,11,23,24,76,30,185
MSTRG.7790|TRSC58_03528,4,2,10,8,4,64
MSTRG.7791|gnt1,7,16,36,32,9,65
MSTRG.7792|TRSC58_00928,8,10,12,12,14,123
MSTRG.7793|cka1,30,19,53,75,18,171
MSTRG.7794|TRSC58_05018,22,26,38,39,51,153
MSTRG.7795|psmd11a,36,22,38,87,70,158
MSTRG.7796|FTSJ1,16,12,19,30,29,110
MSTRG.7797|ube2ia,3,2,8,17,5,27
MSTRG.7798|TRSC58_01978,25,28,16,43,13,105
MSTRG.7799|TRSC58_04350,22,31,39,106,35,147
MSTRG.7800|TRSC58_06243,6,6,8,25,14,50
MSTRG.7801|TRSC58_03509,24,17,34,22,27,92
MSTRG.7802|TcCLB.509141.40,37,30,76,68,28,147
MSTRG.7803|TcCLB.509141.40,8,13,17,16,13,61
MSTRG.7804|TcCLB.509141.40,8,14,18,17,15,64
MSTRG.7805|TcCLB.509141.40,8,14,19,17,15,66
MSTRG.7806|TcCLB.509141.40,16,37,45,60,48,204
MSTRG.7822|TcG_03105,2,2,2,3,2,6
MSTRG.7821|TRSC58_03340,31,16,16,35,17,83
MSTRG.7813,0,0,0,0,0,228
MSTRG.7810|TRSC58_05130,5,9,14,11,6,67
MSTRG.7811|TRSC58_02841,14,6,12,31,16,86
MSTRG.7813|glxK,138,150,225,284,173,586
MSTRG.7814|TRSC58_05130,6,9,14,12,7,67
MSTRG.7813|TRSC58_02841,46,23,44,78,40,227
MSTRG.7815|TRSC58_05130,6,9,14,12,9,69
MSTRG.7816|TRSC58_02841,27,7,24,42,22,115
MSTRG.7812|TRSC58_00192,8,3,4,14,4,37
MSTRG.7823|TcYC6_0154770,17,11,35,18,21,95
MSTRG.7824|TcYC6_0154770,4,4,9,7,4,28
MSTRG.7825|TcG_03105,2,2,2,2,2,6
MSTRG.7829|TcG_03105,2,2,2,2,2,9
MSTRG.7826|TcYC6_0154770,20,19,30,30,33,154
MSTRG.7830|TcYC6_0154770,6,8,15,10,11,58
MSTRG.7831|TcYC6_0154770,6,8,15,11,11,52
MSTRG.7832|TRSC58_05386,48,14,23,26,13,132
MSTRG.7833|TRSC58_00520,15,4,0,3,14,94
MSTRG.7834|TRSC58_05212,6,8,11,15,9,55
MSTRG.7836|HHF1,3,6,7,21,33,71
MSTRG.7835|TRSC58_05070,24,29,71,50,49,188
MSTRG.7837|TcCLB.508739.50,13,9,42,26,7,95
MSTRG.7847|malA,16,10,60,53,41,102
TrSC58v2_7993|malA,13,12,41,45,30,136
MSTRG.7848|malA,6,4,9,8,4,14
TrSC58v2_7994|malA,4,5,8,3,2,17
MSTRG.7850|TcG_00716,7,7,10,12,1,69
TrSC58v2_7996|TcG_00716,1,1,9,11,2,6
MSTRG.7851|Tc_MARK_338,4,6,4,25,4,58
TrSC58v2_7997|Tc_MARK_338,1,5,0,22,0,51
MSTRG.7853|ERI3,10,17,27,16,5,37
TrSC58v2_7999|ERI3,9,2,2,14,3,31
MSTRG.7854|SPAC1093.03,5,13,23,28,23,75
TrSC58v2_8000|SPAC1093.03,4,10,16,25,18,61
MSTRG.7855|TRSC58_02787,6,12,31,54,40,81
TrSC58v2_8001|TRSC58_02787,5,8,2,36,34,72
MSTRG.7838,33,34,87,103,69,323
MSTRG.7838|malA,4,3,4,4,4,8
TrSC58v2_7986|malA,1,1,1,1,1,1
MSTRG.7839,5,8,21,27,16,80
TrSC58v2_7987|malA,1,2,3,4,3,16
MSTRG.7840|malA,1,2,4,4,3,13
TrSC58v2_7988|malA,1,2,3,4,3,11
MSTRG.7841|malA,1,2,4,4,3,10
TrSC58v2_7989|malA,1,2,3,3,2,9
MSTRG.7842|malA,1,2,4,5,3,13
TrSC58v2_7990|malA,1,2,3,5,3,11
MSTRG.7843|malA,1,2,4,4,3,13
TrSC58v2_7991|malA,1,2,3,4,3,11
MSTRG.7844,10,8,36,27,41,78
MSTRG.7846|malA,2,4,6,6,6,18
TrSC58v2_7992|malA,2,4,6,6,5,18
MSTRG.7845,19,12,55,37,49,107
MSTRG.7857|TPIS,12,8,23,33,20,113
TrSC58v2_8003|TPIS,2,0,20,31,21,96
MSTRG.7858|Tc_MARK_333,5,7,11,16,17,34
TrSC58v2_8004|Tc_MARK_333,0,0,1,0,1,30
MSTRG.7859|TRSC58_03485,4,3,11,21,17,68
TrSC58v2_8005|TRSC58_03485,0,2,10,18,3,59
MSTRG.7861|PolQ,8,0,12,6,7,36
TrSC58v2_8007|PolQ,6,0,9,5,5,31
MSTRG.7862|C27F2.10,11,14,20,64,10,90
TrSC58v2_8008|C27F2.10,0,11,17,2,9,71
MSTRG.7863|Mcm5,15,17,50,32,35,106
TrSC58v2_8009|Mcm5,14,15,46,29,33,99
MSTRG.7866|C3747_11g1975c,7,0,6,2,8,28
TrSC58v2_8012|C3747_11g1975c,1,0,4,1,2,4
MSTRG.7865|TRSC58_03542,4,6,14,12,9,69
TrSC58v2_8011|TRSC58_03542,3,0,11,0,8,57
MSTRG.7869|C3747_11g426,7,12,34,34,12,47
TrSC58v2_8015|C3747_11g426,0,0,0,1,9,43
MSTRG.7870|TcYC6_0081890,10,23,32,41,80,162
TrSC58v2_8016|TcYC6_0081890,8,17,24,37,3,144
MSTRG.7871|RFC1,2,10,30,24,39,98
TrSC58v2_8017|RFC1,1,8,0,19,31,84
MSTRG.7872|TcYC6_0081910,5,3,4,8,6,82
TrSC58v2_8018|TcYC6_0081910,4,0,0,6,5,1
MSTRG.7883|ATRX,5,4,8,9,19,48
TrSC58v2_8035|ATRX,0,0,0,7,13,33
MSTRG.7880|LC1,3,8,12,12,12,47
TrSC58v2_8032|LC1,3,10,10,10,10,41
MSTRG.7881|TcCL_ESM06694,15,9,30,18,23,36
TrSC58v2_8033|TcCL_ESM06694,1,1,12,1,2,39
MSTRG.7888,4,20,33,10,13,100
MSTRG.7889|Tc_MARK_308,3,0,0,3,4,17
TrSC58v2_8040|Tc_MARK_308,1,0,0,1,0,15
MSTRG.7884|C3747_212g31,12,21,44,61,20,154
TrSC58v2_8036|C3747_212g31,11,17,36,43,17,166
MSTRG.7891|FMNL3,3,4,4,13,15,32
TrSC58v2_8042|FMNL3,0,0,6,15,3,35
MSTRG.7890|TRSC58_07063,7,5,15,15,9,34
TrSC58v2_8041|TRSC58_07063,6,0,19,17,7,39
MSTRG.7892|Tc_MARK_306,13,8,24,16,23,82
TrSC58v2_8043|Tc_MARK_306,11,7,18,13,17,64
MSTRG.7893|TRSC58_05701,3,5,10,6,5,34
TrSC58v2_8044|TRSC58_05701,0,4,9,0,3,29
MSTRG.7894|TRSC58_00675,4,6,17,6,5,18
TrSC58v2_8045|TRSC58_00675,0,4,3,5,5,18
MSTRG.7895|TRSC58_03987,11,4,30,21,23,65
TrSC58v2_8046|TRSC58_03987,10,3,24,18,24,78
MSTRG.7898|TRSC58_06738,20,3,10,18,12,50
TrSC58v2_8049|TRSC58_06738,0,2,9,16,11,44
TrSC58v2_8029|Tc_MARK_319,0,0,0,0,0,0
MSTRG.7873,29,64,82,114,69,393
MSTRG.7873|TcCL_ESM06698,2,2,1,2,5,7
TrSC58v2_8019|TcCL_ESM06698,1,2,1,1,2,3
MSTRG.7874|mnd1,24,22,33,63,26,139
TrSC58v2_8020|mnd1,21,23,31,57,23,142
MSTRG.7875|slc29a4,68,70,177,232,114,635
TrSC58v2_8021|slc29a4,56,92,143,189,104,510
MSTRG.7876|LC1,4,10,11,11,12,44
TrSC58v2_8022|LC1,3,7,9,9,10,39
MSTRG.7877|TcCL_ESM06694,6,2,13,5,7,21
TrSC58v2_8023|TcCL_ESM06694,5,3,11,5,9,20
MSTRG.7873|Tc_MARK_319,11,8,6,7,7,18
TrSC58v2_8024|Tc_MARK_319,1,17,20,28,21,109
MSTRG.7873|mnd1,5,6,6,19,23,50
TrSC58v2_8025|mnd1,1,1,1,2,1,2
MSTRG.7878|slc29a4,67,85,174,184,109,613
TrSC58v2_8026|slc29a4,53,69,140,230,100,493
MSTRG.7879,114,199,299,325,250,1163
MSTRG.7879|LC1,1,1,1,1,1,3
TrSC58v2_8027|LC1,1,1,1,1,1,2
TrSC58v2_8028|TcCL_ESM06694,1,1,3,1,1,1
MSTRG.7879|TcCL_ESM06694,1,1,2,1,2,4
MSTRG.7879|Tc_MARK_319,4,3,1,4,3,13
MSTRG.7879|mnd1,2,2,2,8,4,8
TrSC58v2_8030|mnd1,1,1,1,1,1,1
MSTRG.7879|Slc29a4,15,4,0,111,2,225
TrSC58v2_8031|Slc29a4,13,5,61,22,34,41
MSTRG.7899|TRSC58_00714,7,5,21,37,12,69
TrSC58v2_8050|TRSC58_00714,5,4,17,8,10,59
MSTRG.7902|BI-1,15,1,14,20,6,52
TrSC58v2_8053|BI-1,1,1,12,7,5,50
MSTRG.7904|SUI1,8,7,11,14,4,38
TrSC58v2_8055|SUI1,1,3,10,14,4,33
MSTRG.7901|TRSC58_02651,3,0,14,20,6,29
TrSC58v2_8052|TRSC58_02651,1,0,12,2,6,27
MSTRG.7896|RPOT2,16,4,40,40,37,126
TrSC58v2_8047|RPOT2,11,3,35,34,27,115
MSTRG.7897|TRSC58_06611,6,9,11,11,20,46
TrSC58v2_8048|TRSC58_06611,5,7,11,10,0,41
MSTRG.7905|TRSC58_04990,17,17,31,45,16,135
TrSC58v2_8056|TRSC58_04990,14,16,26,41,15,116
MSTRG.7906|psk1,5,0,0,0,3,23
TrSC58v2_8057|psk1,0,0,0,0,2,2
MSTRG.7907|TRSC58_06087,3,7,4,7,3,45
TrSC58v2_8060|TRSC58_06087,2,6,3,6,3,39
MSTRG.7908|TRSC58_05021,10,4,32,0,13,52
TrSC58v2_8061|TRSC58_05021,7,2,0,0,11,47
MSTRG.7909|TRSC58_05715,5,8,3,18,4,51
TrSC58v2_8062|TRSC58_05715,5,0,3,2,4,5
MSTRG.7911|TRSC58_05618,4,6,12,9,14,35
TrSC58v2_8064|TRSC58_05618,0,4,9,8,11,28
MSTRG.7910|WASHC4,12,22,23,24,19,97
TrSC58v2_8063|WASHC4,9,15,19,17,19,88
MSTRG.7914|SA85-1.1,1,3,3,4,6,5
TrSC58v2_8066|SA85-1.1,0,2,8,3,7,23
MSTRG.7912|TCNA,2,0,0,0,0,3
TrSC58v2_8068|TCNA,0,0,0,0,0,1
MSTRG.7919|cnrB,3,0,5,8,8,29
TrSC58v2_8072|cnrB,1,0,4,7,7,26
MSTRG.7922|PDK,6,0,4,7,10,31
TrSC58v2_8075|PDK,0,0,4,6,8,28
MSTRG.7923|TRSC58_06287,4,7,20,19,4,94
TrSC58v2_8076|TRSC58_06287,0,7,16,14,0,3
MSTRG.7925|cutC,4,2,9,2,14,15
TrSC58v2_8078|cutC,0,2,0,1,1,12
MSTRG.7931|Enkur,3,4,14,16,16,49
TrSC58v2_8085|Enkur,0,0,11,3,3,41
MSTRG.7932|PAPS,4,0,11,18,7,26
TrSC58v2_8086|PAPS,3,0,9,0,1,24
MSTRG.7933|TRSC58_06279,26,6,32,57,19,140
TrSC58v2_8087|TRSC58_06279,0,5,29,48,16,126
MSTRG.7926,0,0,0,0,5,74
TrSC58v2_8083|hiw,0,0,8,5,1,50
MSTRG.7926|hiw,0,0,11,8,7,1
MSTRG.7926|Rpl17,7,17,25,44,44,87
TrSC58v2_8079|Rpl17,3,4,9,14,12,35
MSTRG.7927|TRSC58_04805,5,6,18,12,4,39
TrSC58v2_8080|TRSC58_04805,3,0,0,0,0,0
MSTRG.7928|TcYC6_0081000,17,11,28,22,22,64
TrSC58v2_8081|TcYC6_0081000,0,0,24,19,19,56
MSTRG.7929|TRSC58_06626,6,22,10,34,14,78
TrSC58v2_8082|TRSC58_06626,5,16,8,27,12,64
MSTRG.7936|TRSC58_02008,11,4,11,4,3,30
TrSC58v2_8090|TRSC58_02008,0,3,0,0,0,26
MSTRG.7937|viaf,14,9,18,68,18,72
TrSC58v2_8091|viaf,0,8,17,2,16,66
MSTRG.7938|sav,5,4,3,12,4,29
TrSC58v2_8092|sav,1,3,1,0,0,20
MSTRG.7941|TCEA1,3,9,5,3,8,49
TrSC58v2_8095|TCEA1,1,0,4,0,0,1
MSTRG.7943|MSI1,5,4,7,12,36,57
TrSC58v2_8097|MSI1,0,3,5,8,2,47
MSTRG.7944|DBP9,4,22,15,24,43,77
TrSC58v2_8098|DBP9,3,19,14,21,0,70
MSTRG.7988|Tc_MARK_346,3,7,14,15,16,14
TrSC58v2_8142|Tc_MARK_346,0,6,1,0,1,12
MSTRG.7990|Srp54,7,22,7,34,18,77
TrSC58v2_8144|Srp54,5,19,6,29,15,69
MSTRG.7991|TRSC58_01164,5,15,8,11,9,38
TrSC58v2_8145|TRSC58_01164,4,11,7,8,1,35
MSTRG.7992|TcCL_ESM04291,4,4,15,12,7,41
TrSC58v2_8146|TcCL_ESM04291,4,0,1,0,0,47
MSTRG.7994|Rad54b,12,12,34,43,29,103
TrSC58v2_8148|Rad54b,11,12,28,35,26,88
MSTRG.7996|maeA2,2,2,2,8,3,14
TrSC58v2_8150|maeA2,1,0,0,2,1,2
MSTRG.7997|malA,1,1,1,1,2,4
TrSC58v2_8151|malA,0,1,0,0,1,0
MSTRG.7995|malA,10,16,34,57,30,108
TrSC58v2_8149|malA,7,14,23,12,5,63
MSTRG.7998|Tc_MARK_1646,18,16,25,56,29,140
TrSC58v2_8152|Tc_MARK_1646,17,15,24,51,26,127
MSTRG.7999|Tc_MARK_1647,75,37,49,82,53,212
TrSC58v2_8153|Tc_MARK_1647,1,1,57,99,53,239
TrSC58v2_8154|C4B63_44g149,88,50,139,183,99,444
MSTRG.8000|C4B63_44g149,77,45,146,193,129,452
MSTRG.8001|Tc_MARK_6606,11,20,22,38,18,84
TrSC58v2_8155|Tc_MARK_6606,10,18,22,40,23,85
MSTRG.8002,43,38,125,172,84,377
MSTRG.8004,0,24,0,36,0,177
MSTRG.8004|TRSC58_07029,24,13,43,14,30,25
TrSC58v2_8156|TRSC58_07029,3,2,3,2,10,2
MSTRG.8005,55,49,65,143,65,349
MSTRG.8006,44,28,96,77,80,170
MSTRG.8007|TRSC58_07008,3,1,5,8,4,14
TrSC58v2_8157|TRSC58_07008,3,1,5,8,4,14
MSTRG.8008,6,23,7,14,16,55
TrSC58v2_8158|TRSC58_07029,2,1,5,5,1,0
TrSC58v2_8104|RNH1,0,0,11,13,5,34
MSTRG.7950|RNH1,0,7,12,16,5,39
TrSC58v2_8108|TRSC58_06744,0,1,3,10,1,25
MSTRG.7954|TRSC58_06744,0,3,5,11,5,28
TrSC58v2_8122|TRSC58_01193,0,0,1,1,0,1
MSTRG.7968|TRSC58_01193,0,0,10,20,0,13
TrSC58v2_8126|TRSC58_00370,0,1,3,9,1,14
MSTRG.7972|TRSC58_00370,0,4,25,10,6,16
TrSC58v2_8132|dif-1,0,0,0,2,0,15
MSTRG.7978|dif-1,0,0,0,18,4,17
TrSC58v2_8136|C3747_69g162,0,3,6,0,1,33
MSTRG.7982|C3747_69g162,0,4,8,14,5,37
TrSC58v2_8139|TcYC6_0081580,0,0,0,1,0,2
MSTRG.7985|TcYC6_0081580,0,7,0,5,3,7
MSTRG.7986,0,5,0,0,5,54
TrSC58v2_8141|TRSC58_02897,0,1,6,27,10,44
MSTRG.7987|TRSC58_02897,0,1,7,31,13,55
MSTRG.7945|Ppn3,7,4,9,4,12,16
TrSC58v2_8099|Ppn3,7,3,8,3,0,11
MSTRG.7946|DYI2,15,3,40,27,40,79
TrSC58v2_8100|DYI2,11,0,3,23,2,75
MSTRG.7947|CTDSP2,4,0,4,1,1,18
TrSC58v2_8101|CTDSP2,0,0,1,1,1,16
MSTRG.7948|RKR1,8,15,41,43,35,164
TrSC58v2_8102|RKR1,6,11,37,37,30,141
MSTRG.7949|TRSC58_05216,2,11,29,23,36,43
TrSC58v2_8103|TRSC58_05216,2,10,2,22,2,41
MSTRG.7951|FH1,18,5,6,14,12,34
TrSC58v2_8105|FH1,15,0,4,12,0,31
MSTRG.7952|METTL17,7,18,34,36,43,104
TrSC58v2_8106|METTL17,0,13,28,29,35,96
MSTRG.7953|PIGO,3,6,6,18,7,39
TrSC58v2_8107|PIGO,0,5,0,1,5,36
MSTRG.7955|got2,68,62,84,82,64,288
TrSC58v2_8109|got2,1,3,74,75,59,271
MSTRG.7956|C3747_11g365,11,17,35,25,21,84
TrSC58v2_8110|C3747_11g365,0,13,31,22,18,79
MSTRG.7957|TRSC58_03491,5,9,42,51,24,104
TrSC58v2_8111|TRSC58_03491,4,6,1,1,1,1
MSTRG.7958|TRSC58_06028,4,13,14,5,12,29
TrSC58v2_8112|TRSC58_06028,0,9,11,4,0,23
MSTRG.7959|ACT,1,0,15,4,19,7
TrSC58v2_8113|ACT,1,0,14,0,2,6
MSTRG.7960|TcBrA4_0008760,3,7,9,12,16,22
TrSC58v2_8114|TcBrA4_0008760,0,5,6,10,11,17
MSTRG.7961|Uchl5,7,4,10,46,17,69
TrSC58v2_8115|Uchl5,5,0,8,2,15,52
MSTRG.7962|Tc_MARK_373,4,8,9,9,25,82
TrSC58v2_8116|Tc_MARK_373,0,7,7,8,22,66
MSTRG.7963|TRSC58_01849,13,13,39,46,22,106
TrSC58v2_8117|TRSC58_01849,10,9,26,41,20,88
MSTRG.7964|tcdA,16,21,29,20,11,57
TrSC58v2_8118|tcdA,0,0,0,7,1,46
MSTRG.7965|TcCLB.504131.40,8,0,3,1,0,10
TrSC58v2_8119|TcCLB.504131.40,0,0,0,1,0,3
MSTRG.7966|DQ04_01681050,2,3,4,0,13,17
TrSC58v2_8120|DQ04_01681050,2,1,3,0,1,18
MSTRG.7967|LRRC9,7,8,26,46,30,156
TrSC58v2_8121|LRRC9,5,7,23,40,26,138
MSTRG.7969|TRSC58_04271,7,4,4,13,8,21
TrSC58v2_8123|TRSC58_04271,5,0,3,9,7,17
MSTRG.7970|dnaJ2,10,5,26,59,37,133
TrSC58v2_8124|dnaJ2,9,4,23,39,34,125
MSTRG.7971|TRSC58_05516,6,9,12,9,8,35
TrSC58v2_8125|TRSC58_05516,1,8,3,1,1,31
MSTRG.7973|TRSC58_01163,8,13,14,29,29,95
TrSC58v2_8127|TRSC58_01163,6,11,12,26,26,84
MSTRG.7974|smarcal1,9,9,18,33,14,83
TrSC58v2_8128|smarcal1,7,7,15,27,13,76
MSTRG.7975|TRSC58_04390,2,5,16,11,3,54
TrSC58v2_8129|TRSC58_04390,1,4,13,9,0,40
MSTRG.7976|ubp16,13,8,30,27,28,94
TrSC58v2_8130|ubp16,0,0,27,21,20,79
MSTRG.7977|Atp5mc2,1,9,19,19,18,81
TrSC58v2_8131|Atp5mc2,1,2,18,18,17,78
MSTRG.7979|KIF2A,4,11,14,14,32,54
TrSC58v2_8133|KIF2A,3,2,12,11,2,50
MSTRG.7980|TRSC58_05224,5,16,17,16,6,42
TrSC58v2_8134|TRSC58_05224,4,0,13,13,6,39
MSTRG.7981|At4g17486,17,3,45,25,19,108
TrSC58v2_8135|At4g17486,15,0,36,22,16,73
MSTRG.7983|CDKB2-1,7,7,14,28,17,82
TrSC58v2_8137|CDKB2-1,5,6,13,25,14,80
MSTRG.7984|GTR1,7,14,81,50,32,140
TrSC58v2_8138|GTR1,6,13,3,46,3,137
MSTRG.7986|PGFS,3,2,3,8,1,2
TrSC58v2_8140|PGFS,2,0,2,2,1,2
MSTRG.8069|SA85-1.1,11,10,15,38,17,68
MSTRG.8070,42,31,85,96,99,401
MSTRG.8078|slc38a6,10,15,33,73,23,131
TrSC58v2_8234|slc38a6,8,12,31,3,19,126
MSTRG.8077|C4B63_14g227,4,12,20,27,25,108
MSTRG.8079|slc38a6,10,10,32,55,24,96
TrSC58v2_8235|slc38a6,9,9,29,2,19,91
MSTRG.8071,0,6,14,0,31,221
MSTRG.8071|SA85-1.3,4,21,14,28,10,5
MSTRG.8071|SA85-1.1,31,23,25,79,24,67
MSTRG.8072|TRSC58_07193,3,17,14,54,32,99
MSTRG.8073,5,0,7,7,6,40
MSTRG.8074,30,36,98,170,108,321
MSTRG.8075|TRSC58_07046,4,19,14,22,11,131
MSTRG.8076|GP85,2,0,4,7,5,7
MSTRG.8082|RH2a,5,15,12,20,16,84
TrSC58v2_8238|RH2a,4,2,10,14,0,1
MSTRG.8081|TRSC58_01692,29,40,155,127,75,400
TrSC58v2_8237|TRSC58_01692,26,37,127,102,55,532
MSTRG.8087|rab1A,3,12,5,7,11,22
TrSC58v2_8243|rab1A,1,1,2,6,3,20
MSTRG.8085|RIBC2,6,2,27,15,14,43
TrSC58v2_8241|RIBC2,4,2,24,13,8,35
MSTRG.8083|xpo7-b,4,4,7,13,10,50
TrSC58v2_8239|xpo7-b,3,0,6,10,8,45
MSTRG.8088|RAB13,11,8,26,16,15,47
TrSC58v2_8244|RAB13,11,0,2,14,2,43
MSTRG.8089|SPL1,5,1,14,15,11,22
TrSC58v2_8245|SPL1,1,1,12,12,2,20
MSTRG.8091|CFAP45,22,20,46,61,80,114
TrSC58v2_8247|CFAP45,19,14,36,51,1,97
MSTRG.8094|C3747_66g48,4,4,10,23,7,75
TrSC58v2_8250|C3747_66g48,0,0,8,2,6,25
MSTRG.8093|EDRF1,8,17,41,33,29,209
TrSC58v2_8249|EDRF1,6,14,34,28,20,1
MSTRG.8095|PBP1,13,17,46,69,41,152
TrSC58v2_8251|PBP1,9,16,43,63,33,140
MSTRG.8097|TRSC58_01872,8,3,0,1,13,15
TrSC58v2_8253|TRSC58_01872,0,3,0,1,0,0
MSTRG.8098|TRSC58_01130,12,4,17,20,12,33
TrSC58v2_8254|TRSC58_01130,2,1,16,19,11,27
MSTRG.8099|Nme8,20,19,33,17,23,132
TrSC58v2_8255|Nme8,15,13,30,15,21,117
MSTRG.8101,17,27,68,87,29,152
MSTRG.8100|Os04g0499300,22,13,48,37,36,113
TrSC58v2_8256|Os04g0499300,15,11,2,33,32,108
MSTRG.8102|TcCL_NonESM02694,12,16,9,24,13,41
TrSC58v2_8257|TcCL_NonESM02694,9,11,7,20,12,35
MSTRG.8103|TRSC58_05615,2,4,17,22,15,18
TrSC58v2_8258|TRSC58_05615,1,1,16,3,2,16
MSTRG.8104|TRSC58_00749,4,20,11,6,14,35
TrSC58v2_8259|TRSC58_00749,1,2,1,6,1,30
MSTRG.8105|SPATA4,8,9,22,27,5,93
TrSC58v2_8260|SPATA4,6,6,19,23,4,80
MSTRG.8106|nifk,6,3,23,30,15,72
TrSC58v2_8261|nifk,6,3,1,1,14,0
MSTRG.8107|mcfJ,4,7,14,7,6,17
TrSC58v2_8262|mcfJ,0,0,11,6,2,12
MSTRG.8108|deoD,8,4,9,28,4,18
TrSC58v2_8263|deoD,2,1,8,2,0,16
MSTRG.8110|ARC35,4,6,5,26,4,30
TrSC58v2_8265|ARC35,0,0,5,2,14,24
MSTRG.8111|TRSC58_05912,14,3,12,11,7,40
TrSC58v2_8266|TRSC58_05912,0,2,10,0,6,39
MSTRG.8112|TRSC58_03624,8,4,26,8,8,38
TrSC58v2_8267|TRSC58_03624,7,0,23,7,0,32
MSTRG.8114|TRSC58_01842,5,2,11,11,5,32
TrSC58v2_8269|TRSC58_01842,4,2,9,10,2,27
MSTRG.8113|eif2b2,19,7,56,62,16,66
TrSC58v2_8268|eif2b2,17,6,0,3,12,56
MSTRG.8115|TRSC58_03850,5,8,15,28,20,63
TrSC58v2_8270|TRSC58_03850,0,6,14,26,18,56
MSTRG.8117|TRSC58_04798,9,4,8,15,0,35
TrSC58v2_8272|TRSC58_04798,0,3,7,10,0,24
MSTRG.8118|TRSC58_02035,7,4,6,20,7,24
TrSC58v2_8273|TRSC58_02035,6,3,1,17,6,22
MSTRG.8119|YPTC6,11,15,10,42,12,56
TrSC58v2_8274|YPTC6,0,0,9,1,10,42
MSTRG.8116|TRSC58_06418,15,23,37,61,41,147
TrSC58v2_8271|TRSC58_06418,13,17,31,49,33,129
MSTRG.8120|TRSC58_06707,11,18,45,65,29,137
TrSC58v2_8275|TRSC58_06707,9,15,30,53,27,128
MSTRG.8121|TcG_02211,15,10,21,42,43,117
TrSC58v2_8276|TcG_02211,11,7,19,38,36,105
MSTRG.8122|TRSC58_01240,14,23,25,27,30,77
TrSC58v2_8277|TRSC58_01240,10,0,17,22,0,62
MSTRG.8124|ntf2,3,5,16,11,10,20
TrSC58v2_8279|ntf2,0,1,15,10,2,19
MSTRG.8125|MAPDA,5,5,14,22,11,33
TrSC58v2_8280|MAPDA,0,0,11,0,9,27
MSTRG.8127|TRSC58_05361,7,0,4,30,25,47
TrSC58v2_8282|TRSC58_05361,0,0,0,2,0,40
MSTRG.8126|srk1,5,4,26,17,11,50
TrSC58v2_8281|srk1,4,3,23,15,9,44
MSTRG.8128|TcYC6_0064220,4,8,23,24,14,88
TrSC58v2_8283|TcYC6_0064220,3,6,21,19,10,110
MSTRG.8129|TcYC6_0064210,14,27,37,68,33,230
TrSC58v2_8284|TcYC6_0064210,11,24,38,55,28,194
MSTRG.8131|Os01g0834700,14,9,8,14,14,58
TrSC58v2_8286|Os01g0834700,0,0,6,13,2,47
MSTRG.8132,3,6,26,31,28,76
MSTRG.8133|TRSC58_02290,2,3,2,1,2,3
TrSC58v2_8288|TRSC58_02290,1,1,1,0,1,1
MSTRG.8130|TRSC58_03043,14,9,30,20,14,120
TrSC58v2_8285|TRSC58_03043,12,7,29,18,10,1
TrSC58v2_8163,0,0,0,1,1,0
MSTRG.8013,0,0,4,1,2,0
MSTRG.8014|Tc_MARK_8730,0,0,2,2,2,10
MSTRG.8016,0,8,0,10,0,19
MSTRG.8017|Tc_MARK_8730,0,0,3,4,2,15
MSTRG.8019,0,0,16,39,20,55
MSTRG.8019|TRSC58_00489,0,11,13,23,10,44
MSTRG.8024,0,0,0,68,0,109
MSTRG.8027|IDNK,0,0,0,13,4,22
MSTRG.8033|TRSC58_01287,0,4,22,9,8,32
MSTRG.8035,0,2,0,10,26,27
MSTRG.8050|GEX1,0,6,13,20,17,24
MSTRG.8053|Tc_MARK_6173,0,0,5,0,0,4
MSTRG.8054|EEF1AKMT4,0,11,12,4,0,42
MSTRG.8055|TRSC58_01295,0,4,3,0,0,18
MSTRG.8059|TRSC58_03519,0,0,0,0,12,19
MSTRG.8060,0,12,0,5,4,46
MSTRG.8009|gp63,44,24,101,81,79,326
TrSC58v2_8159|gp63,18,21,52,58,64,290
MSTRG.8010|hxnY,11,1,8,10,2,10
TrSC58v2_8160|hxnY,1,1,1,8,9,8
MSTRG.8011,3,2,5,7,2,9
TrSC58v2_8161,2,2,0,6,0,7
MSTRG.8012|TcCL_Unassigned05405,2,4,9,9,3,17
TrSC58v2_8162|TcCL_Unassigned05405,1,3,6,8,3,15
MSTRG.8015|gp63,3,6,7,7,5,30
MSTRG.8016|TCDM_06754,4,2,11,20,7,16
MSTRG.8020|IGHMBP2,6,2,6,9,3,10
MSTRG.8021|VAP,3,5,22,10,8,55
MSTRG.8019|IGHMBP2,5,2,2,2,2,3
MSTRG.8018|VAP,4,6,24,12,11,62
MSTRG.8022|TRSC58_04979,4,13,14,22,17,131
MSTRG.8023|TRSC58_01311,7,2,23,19,4,94
MSTRG.8024|Acsf3,16,30,47,5,59,12
MSTRG.8025|ETFA,13,14,29,26,27,95
MSTRG.8026|CFAP52,21,27,38,29,23,150
MSTRG.8028|ddaF,12,19,27,40,48,138
MSTRG.8029|TcYC6_0045110,5,0,4,5,0,11
MSTRG.8030|C3747_281g8,14,11,19,57,18,83
MSTRG.8031|TRSC58_00732,6,50,32,80,30,156
MSTRG.8032|PROHY,7,0,6,21,4,32
MSTRG.8034|Eogt,10,6,8,35,17,74
MSTRG.8035|TRSC58_05158,18,7,36,33,30,74
MSTRG.8036|TRSC58_06556,5,8,17,32,12,54
MSTRG.8037|ARL1,6,11,11,16,8,49
MSTRG.8038|DSS1,4,0,17,28,12,71
MSTRG.8039|TRSC58_03673,9,8,7,24,9,60
MSTRG.8040|mecr,15,0,28,47,45,138
MSTRG.8041|Ampd2,56,17,103,81,69,259
MSTRG.8042|Mrpl47,16,8,15,25,4,50
MSTRG.8043|TRSC58_02861,4,7,6,12,16,24
MSTRG.8044|BQ2027_MB1567,9,28,73,45,51,199
MSTRG.8045|TRSC58_02410,31,33,87,109,61,303
MSTRG.8046|Tc_MARK_6168,6,12,10,13,7,26
MSTRG.8047|TRSC58_03295,4,8,11,28,17,67
MSTRG.8048|exosc3,11,9,15,20,0,63
MSTRG.8049|C4B63_72g93,3,3,16,10,16,56
MSTRG.8051|TcYC6_0024640,8,0,14,11,10,23
MSTRG.8052|TRSC58_01991,15,0,44,38,31,166
MSTRG.8056|TcCL_Unassigned06659,10,2,15,20,22,62
MSTRG.8057|top1,4,0,8,7,5,31
MSTRG.8058|Tc_MARK_6176,26,13,49,75,42,153
MSTRG.8061|PDE4D,12,0,11,27,17,37
MSTRG.8062|INPPL1,22,22,29,127,78,245
MSTRG.8064|GP85,11,4,20,4,12,24
TrSC58v2_8221|GP85,8,0,15,0,8,21
MSTRG.8063,9,21,60,46,26,155
TrSC58v2_8222|TcCL_ESM08843,3,5,11,18,9,41
MSTRG.8065|TcCL_ESM08843,2,5,11,17,8,41
TrSC58v2_8223|C3747_237g34,4,6,9,18,7,49
MSTRG.8066|C3747_237g34,4,5,7,17,6,48
MSTRG.8067|ddx31,28,38,30,47,24,147
TrSC58v2_8224|ddx31,23,2,26,40,21,139
MSTRG.8068,3,13,11,18,3,8
MSTRG.8201|HSP100,14,27,46,60,30,119
TrSC58v2_8349|HSP100,10,1,6,50,25,91
MSTRG.8202|PHLC,1,1,5,3,2,2
TrSC58v2_8350|PHLC,0,0,4,0,1,2
MSTRG.8203,12,12,19,45,25,151
MSTRG.8204|TCNA,8,12,14,22,9,47
MSTRG.8205,5,8,37,19,22,76
MSTRG.8207|CAPS,11,0,20,27,17,24
MSTRG.8208|TRSC58_04143,7,0,13,4,8,45
MSTRG.8209|TRSC58_02864,15,4,48,34,35,110
MSTRG.8212|TRSC58_05678,6,13,28,21,40,93
MSTRG.8211|XRN1,94,91,233,251,208,721
MSTRG.8213|NBS1,7,15,15,30,8,66
MSTRG.8214|RNH1,5,11,26,30,42,63
MSTRG.8215|TRSC58_01815,11,20,25,20,16,96
MSTRG.8216|TRSC58_03575,4,0,19,32,11,27
MSTRG.8218|dapb1,31,27,36,53,49,206
MSTRG.8221,5,18,22,29,24,64
MSTRG.8220|TRSC58_03607,11,7,5,11,11,30
MSTRG.8222|gp63,16,13,11,22,14,79
MSTRG.8225|TRSC58_03661,23,7,15,37,26,72
MSTRG.8226|TRSC58_00015,3,12,25,16,14,62
MSTRG.8227,2,1,9,15,29,46
MSTRG.8229|YFH1,7,0,10,4,4,43
MSTRG.8228|grlN,17,31,63,54,45,148
MSTRG.8230|TRSC58_05239,11,8,12,4,26,77
MSTRG.8231|TRSC58_03440,18,30,41,42,20,118
MSTRG.8233|GLYR1,15,13,8,33,31,54
MSTRG.8234|SEC61G2,3,11,8,20,12,32
MSTRG.8235|lolO1,7,7,9,18,29,61
MSTRG.8236|TRSC58_01676,44,25,3,16,22,138
MSTRG.8242|MTACP1,4,1,20,3,5,13
TrSC58v2_8403|MTACP1,1,1,1,3,4,13
MSTRG.8244|TRSC58_04081,10,4,5,8,11,30
TrSC58v2_8405|TRSC58_04081,9,0,4,6,9,28
MSTRG.8245|FEN1,9,8,7,30,7,19
TrSC58v2_8406|FEN1,0,0,6,1,0,17
MSTRG.8246|TRSC58_01328,8,8,5,16,15,46
TrSC58v2_8407|TRSC58_01328,0,1,1,15,1,34
MSTRG.8142,0,0,27,3,17,68
TrSC58v2_8301|TRSC58_03572,0,0,11,9,5,30
MSTRG.8148|TRSC58_03572,0,3,16,10,7,26
TrSC58v2_8306|TRSC58_02484,0,0,1,10,0,10
MSTRG.8153|TRSC58_02484,0,0,3,11,0,11
TrSC58v2_8314|ube2s,0,6,1,1,8,18
MSTRG.8164|ube2s,0,6,7,8,8,20
TrSC58v2_8316|GTPBP1,0,11,12,15,10,75
MSTRG.8166|GTPBP1,0,15,18,18,11,80
TrSC58v2_8322|GSP,0,0,0,3,0,6
MSTRG.8173|GSP,0,0,4,3,0,7
TrSC58v2_8325|bpaC,0,0,1,2,0,3
MSTRG.8177|bpaC,0,0,4,3,2,10
TrSC58v2_8326|DQ04_02431030,0,0,0,3,0,8
MSTRG.8178|DQ04_02431030,0,4,5,29,5,9
TrSC58v2_8327|ABCB10,0,0,5,9,10,23
MSTRG.8179|ABCB10,0,0,6,14,14,26
TrSC58v2_8329|Tb1125.2.5760,0,0,0,1,0,13
MSTRG.8182|Tb1125.2.5760,0,0,0,1,0,15
TrSC58v2_8331|FAZ1,0,0,0,1,0,4
MSTRG.8183|FAZ1,0,0,0,1,0,4
TrSC58v2_8332|Tbg.972.2.4050,0,0,0,1,0,0
MSTRG.8184|Tbg.972.2.4050,0,0,0,1,0,1
TrSC58v2_8333|Tbg.972.2.4050,0,0,0,0,0,1
MSTRG.8185|Tbg.972.2.4050,0,0,0,2,0,1
TrSC58v2_8343|TRSC58_05547,0,0,1,0,5,16
MSTRG.8195|TRSC58_05547,0,4,6,6,7,14
MSTRG.8135|TcYC6_0077850,3,1,6,6,7,24
TrSC58v2_8290|TcYC6_0077850,1,1,5,4,4,22
MSTRG.8136|HSP100,15,26,43,56,24,107
TrSC58v2_8291|HSP100,11,0,2,46,20,91
MSTRG.8137|PHLC,1,1,5,4,2,3
TrSC58v2_8292|PHLC,0,0,4,1,1,3
MSTRG.8138|TRSC58_01643,3,4,3,10,7,12
TrSC58v2_8293|TRSC58_01643,2,3,2,8,1,9
MSTRG.8139,4,1,2,2,2,9
TrSC58v2_9461,3,1,2,1,2,8
MSTRG.8140|TRSC58_04859,2,10,22,23,12,58
TrSC58v2_8294|TRSC58_04859,0,0,2,19,14,51
MSTRG.8141,6,1,6,2,3,11
TrSC58v2_9460,2,1,2,2,3,9
MSTRG.8142|TRSC58_04859,2,6,3,31,6,40
TrSC58v2_8295|TRSC58_04859,0,5,2,11,5,6
MSTRG.8143,2,0,4,3,2,8
TrSC58v2_9459,1,0,3,3,2,7
MSTRG.8142|TCSYLVIO_011088,9,6,4,4,4,11
TrSC58v2_8296|TCSYLVIO_011088,0,4,11,14,17,43
MSTRG.8144|srp102,9,6,19,14,5,31
TrSC58v2_8297|srp102,1,0,1,10,0,3
MSTRG.8145|dnai4,7,8,15,25,16,67
TrSC58v2_8298|dnai4,0,0,11,17,13,5
MSTRG.8146|TRSC58_01104,4,0,9,23,18,33
TrSC58v2_8299|TRSC58_01104,3,0,6,19,3,31
MSTRG.8147|Nae1,4,4,10,2,2,27
TrSC58v2_8300|Nae1,0,1,2,1,2,29
MSTRG.8149|TRSC58_01306,10,7,23,51,23,125
TrSC58v2_8302|TRSC58_01306,8,5,19,45,20,111
MSTRG.8150|TRSC58_01362,4,3,6,8,7,36
TrSC58v2_8303|TRSC58_01362,3,0,5,0,1,32
MSTRG.8151|dnajb14,3,0,10,4,9,11
TrSC58v2_8304|dnajb14,2,0,2,3,8,10
MSTRG.8152|ROA1,3,10,7,9,17,40
TrSC58v2_8305|ROA1,0,9,6,8,13,28
MSTRG.8154|KAS,15,0,12,0,12,10
TrSC58v2_8307|KAS,0,0,8,0,4,8
MSTRG.8155|HNRNPF,7,15,17,29,20,94
TrSC58v2_8308|HNRNPF,5,12,15,28,18,88
MSTRG.8156,8,11,62,105,84,207
MSTRG.8157,1,0,18,60,22,54
MSTRG.8158|TcYC6_0077250,4,1,9,15,12,52
TrSC58v2_8309|TcYC6_0077250,0,1,8,12,11,45
MSTRG.8160|SPAC56F8.03,3,8,51,50,39,115
TrSC58v2_8310|SPAC56F8.03,3,7,36,44,34,102
MSTRG.8159,4,14,10,38,10,68
MSTRG.8161|hecd-1,4,6,8,5,13,11
TrSC58v2_8311|hecd-1,0,5,7,5,10,10
MSTRG.8162|Tc_MARK_9627,7,8,9,15,7,28
TrSC58v2_8312|Tc_MARK_9627,6,0,7,12,6,24
MSTRG.8163|TRSC58_05699,4,3,12,13,4,45
TrSC58v2_8313|TRSC58_05699,1,1,9,12,3,39
MSTRG.8165|BCHB,14,43,59,161,89,321
TrSC58v2_8315|BCHB,12,38,56,116,84,302
MSTRG.8167|TRSC58_01427,4,0,3,10,5,22
TrSC58v2_8317|TRSC58_01427,1,0,1,8,4,19
MSTRG.8168|TCEA2,14,4,24,34,16,91
TrSC58v2_8318|TCEA2,11,3,2,27,14,3
MSTRG.8169|TRSC58_02352,8,4,6,13,6,29
TrSC58v2_8319|TRSC58_02352,6,4,5,12,5,25
MSTRG.8170|GSP,3,7,44,31,18,69
TrSC58v2_8320|GSP,1,6,1,27,16,61
MSTRG.8171,2,21,21,91,62,97
MSTRG.8172|GSP,2,10,9,7,12,34
TrSC58v2_8321|GSP,0,1,0,6,3,30
MSTRG.8174|TRSC58_00526,2,0,5,2,3,24
TrSC58v2_8323|TRSC58_00526,2,0,2,1,1,23
MSTRG.8175|TRSC58_07300,10,0,8,15,4,23
TrSC58v2_8324|TRSC58_07300,0,0,0,0,0,15
MSTRG.8176,4,10,3,30,11,41
MSTRG.8180|TRSC58_07084,2,2,3,2,1,3
TrSC58v2_8328|TRSC58_07084,2,1,2,1,1,2
MSTRG.8181,13,4,23,42,11,72
MSTRG.8186,2,0,0,4,0,0
MSTRG.8186|TCSYLVIO_000284,1,0,0,2,0,2
TrSC58v2_8334|TCSYLVIO_000284,0,0,0,0,0,2
MSTRG.8187|TCSYLVIO_000284,6,7,11,43,12,56
TrSC58v2_8335|TCSYLVIO_000284,5,5,0,3,11,36
MSTRG.8188|S17P,14,3,10,10,13,50
TrSC58v2_8336|S17P,0,3,8,9,10,48
MSTRG.8189|SPT6,14,12,21,43,23,81
TrSC58v2_8337|SPT6,11,9,16,38,21,76
MSTRG.8190|TRSC58_01495,8,21,9,23,16,53
TrSC58v2_8338|TRSC58_01495,7,15,7,18,13,49
MSTRG.8191|TRSC58_01465,3,0,0,0,0,12
TrSC58v2_8339|TRSC58_01465,0,0,0,0,0,2
MSTRG.8192|smd2,1,5,3,6,3,14
TrSC58v2_8340|smd2,1,1,1,6,1,12
MSTRG.8193|C3747_12g236,4,3,10,17,9,25
TrSC58v2_8341|C3747_12g236,3,0,1,14,6,21
MSTRG.8194|TRSC58_02595,15,8,4,20,14,28
TrSC58v2_8342|TRSC58_02595,0,0,0,0,12,26
MSTRG.8196|Tc_MARK_9504,7,12,6,8,8,33
TrSC58v2_8344|Tc_MARK_9504,5,10,5,5,7,43
MSTRG.8197|RPS13,32,31,44,67,42,218
TrSC58v2_8345|RPS13,1,25,34,43,32,157
MSTRG.8198|TcYC6_0078050,13,6,5,27,5,46
TrSC58v2_8346|TcYC6_0078050,9,5,4,1,4,37
MSTRG.8199|TRSC58_02290,2,6,3,4,0,8
TrSC58v2_8347|TRSC58_02290,1,0,1,3,0,7
MSTRG.8200|TcYC6_0077040,3,4,4,19,14,41
TrSC58v2_8348|TcYC6_0077040,3,3,3,0,1,30
MSTRG.8241|C3747_258g7,0,4,8,18,5,41
MSTRG.8238|ODA2,87,74,228,489,299,1093
MSTRG.8239|C3747_258g9,8,12,18,22,22,116
MSTRG.8240|TUBG1,9,5,15,58,4,58
MSTRG.8255|TcG_04627,9,8,4,17,5,43
TrSC58v2_8416|TcG_04627,0,2,0,3,4,32
MSTRG.8251|PAG1,11,12,21,21,17,38
TrSC58v2_8412|PAG1,0,0,1,3,15,35
MSTRG.8247|TcYC6_0117390,26,8,18,25,10,39
TrSC58v2_8408|TcYC6_0117390,1,0,1,1,8,30
MSTRG.8254|SET5,4,9,4,7,9,11
TrSC58v2_8415|SET5,0,2,4,6,0,11
MSTRG.8253|TRSC58_02865,5,8,16,10,8,42
TrSC58v2_8414|TRSC58_02865,4,0,14,8,7,32
MSTRG.8248|VIT1,3,3,4,22,4,45
TrSC58v2_8409|VIT1,0,0,3,2,2,3
MSTRG.8257|pub3,12,7,14,19,17,63
TrSC58v2_8418|pub3,2,6,13,17,16,58
MSTRG.8259|doa10,17,43,40,64,80,175
TrSC58v2_8420|doa10,12,0,1,55,1,122
MSTRG.8260|TRSC58_05477,4,0,2,5,1,32
TrSC58v2_8421|TRSC58_05477,1,0,1,4,1,26
MSTRG.8261|CDKF-4,5,4,8,10,9,114
TrSC58v2_8422|CDKF-4,1,3,6,9,7,8
MSTRG.8262|CYP97B1,4,5,19,11,15,32
TrSC58v2_8423|CYP97B1,1,0,1,0,0,28
MSTRG.8263|TRSC58_01587,16,11,0,1,4,24
TrSC58v2_8424|TRSC58_01587,0,2,0,1,4,23
MSTRG.8264|TRSC58_05023,5,5,5,10,0,19
TrSC58v2_8425|TRSC58_05023,4,2,4,8,0,18
MSTRG.8266|ARD1,4,8,7,5,0,21
TrSC58v2_8427|ARD1,0,0,0,4,0,16
MSTRG.8267,5,3,35,42,19,77
MSTRG.8265|ddx31,10,7,15,23,19,154
TrSC58v2_8426|ddx31,7,5,10,20,13,15
MSTRG.8268|TRSC58_07193,6,15,8,35,57,60
TrSC58v2_8428|TRSC58_07193,5,5,7,25,18,40
MSTRG.8269|ESAG4,27,11,45,55,41,192
MSTRG.8305|TRSC58_06954,17,4,22,59,25,110
MSTRG.8313|TRSC58_05191,11,5,24,38,33,59
MSTRG.8314|CNA1,15,9,20,31,31,91
MSTRG.8317|psmB6,4,17,25,23,16,79
MSTRG.8318|CG6153,3,0,7,29,13,14
MSTRG.8319|EIF2B1,4,0,14,4,17,22
MSTRG.8320|Dnaaf5,8,0,28,31,25,70
MSTRG.8321|TRSC58_07178,9,15,20,34,24,103
TrSC58v2_8483|TRSC58_07178,8,13,17,30,20,82
MSTRG.8306,0,20,0,0,0,0
MSTRG.8312|TRSC58_06268,0,3,0,4,6,10
MSTRG.8306|TCNA,64,10,107,142,71,434
MSTRG.8307,3,6,7,12,3,59
MSTRG.8308|TRSC58_06954,7,4,4,12,13,39
MSTRG.8309,2,2,3,11,3,41
MSTRG.8310|TRSC58_04526,5,16,0,4,16,29
MSTRG.8311|TRSC58_05269,10,12,18,57,16,69
MSTRG.8322|SA85-1.1,5,11,12,14,7,36
TrSC58v2_8484|SA85-1.1,4,9,10,13,6,29
MSTRG.8323|TRSC58_00601,1,15,4,6,1,13
TrSC58v2_8485|TRSC58_00601,1,3,3,6,1,12
MSTRG.8324|TRSC58_02257,9,7,11,5,8,38
TrSC58v2_8486|TRSC58_02257,1,6,9,4,7,36
MSTRG.8325,11,0,24,65,7,61
MSTRG.8326|DEADC1,3,0,15,24,8,25
TrSC58v2_8487|DEADC1,1,0,2,1,0,0
MSTRG.8327|MRD1,9,7,13,35,15,73
TrSC58v2_8488|MRD1,7,6,11,28,15,64
MSTRG.8329|C3747_66g98,4,16,12,10,6,41
TrSC58v2_8490|C3747_66g98,0,0,9,9,4,36
MSTRG.8330|TRSC58_04375,5,6,23,14,11,56
TrSC58v2_8491|TRSC58_04375,0,0,21,12,10,52
MSTRG.8328|TRSC58_04749,16,12,30,26,16,114
TrSC58v2_8489|TRSC58_04749,14,9,24,18,13,98
MSTRG.8331|TCSYLVIO_009965,7,9,11,19,4,28
TrSC58v2_8492|TCSYLVIO_009965,0,2,1,16,0,23
MSTRG.8332|TRSC58_05662,9,8,9,7,8,30
TrSC58v2_8493|TRSC58_05662,8,2,10,8,1,28
MSTRG.8335|Tc_MARK_9757,4,7,24,30,19,89
TrSC58v2_8496|Tc_MARK_9757,3,0,19,1,2,4
MSTRG.8336|C3747_125g76,4,9,23,18,15,61
TrSC58v2_8497|C3747_125g76,0,8,19,16,13,55
MSTRG.8337|exog,4,11,22,10,4,67
TrSC58v2_8498|exog,0,10,0,9,4,50
MSTRG.8276|TRSC58_05641,0,9,11,19,14,72
MSTRG.8287|CYSP,0,0,2,0,0,0
MSTRG.8288,0,13,15,29,32,75
MSTRG.8298|alg9,0,5,12,9,5,72
MSTRG.8270|SPAC6G9.14,13,18,72,60,23,150
MSTRG.8271|TRSC58_04139,7,7,0,13,0,39
MSTRG.8272|EF1G,4,11,16,27,9,62
MSTRG.8273|VIP2,23,16,32,23,38,103
MSTRG.8274|TRSC58_06518,9,11,16,44,19,133
MSTRG.8275|MTMR1,54,60,62,71,59,220
MSTRG.8277|TRSC58_05161,25,10,66,76,78,233
MSTRG.8278|TRSC58_01987,21,31,30,65,32,224
MSTRG.8279|TRSC58_05041,9,3,21,4,7,49
MSTRG.8280|Tdrd9,47,31,89,172,56,409
MSTRG.8281|MCA3,5,13,4,23,3,79
MSTRG.8282|CARS1,24,29,49,101,51,193
MSTRG.8283|CYSP,6,4,8,15,8,28
MSTRG.8284|CYSP,5,4,9,15,8,26
MSTRG.8285|CYSP,5,4,9,15,7,26
MSTRG.8286|CYSP,5,4,7,15,8,28
MSTRG.8288|CYSP,22,29,47,68,54,152
MSTRG.8289|CYSP,8,9,18,21,14,55
MSTRG.8290|CYSP,97,74,131,246,156,721
MSTRG.8291|TRSC58_04326,5,7,16,15,15,55
MSTRG.8292|TRSC58_01395,23,19,16,49,27,72
MSTRG.8293|HAGH,4,0,13,21,12,55
MSTRG.8294|PRS6B,9,18,24,39,38,196
MSTRG.8295|USP38,23,19,57,78,49,291
MSTRG.8296|TCDM_05861,5,9,13,19,33,90
MSTRG.8297|TRSC58_00663,9,8,9,23,15,45
MSTRG.8299|SHOC2,22,12,30,48,25,69
MSTRG.8300|TRSC58_03024,10,8,34,17,40,89
MSTRG.8301|TRSC58_02510,17,28,63,56,51,251
MSTRG.8302|TRSC58_01320,12,0,6,28,9,52
MSTRG.8303|TRSC58_03540,7,7,25,21,9,53
MSTRG.8304|TCNA,33,32,53,96,41,191
MSTRG.8369|GP85,5,5,6,25,11,37
TrSC58v2_8543|GP85,4,4,4,20,8,30
MSTRG.8393|TBB,3,2,2,5,1,4
TrSC58v2_8555|TBB,1,2,2,4,1,3
MSTRG.8394|COPB,7,20,36,45,34,149
TrSC58v2_8556|COPB,6,18,29,37,29,130
TrSC58v2_8500.t1.e1|gp63,0,0,0,0,0,1
TrSC58v2_8500|gp63,0,0,0,0,0,1
MSTRG.8347,0,4,21,8,4,25
MSTRG.8356|EF1G,0,7,9,17,6,25
TrSC58v2_8521|Tc_MARK_7245,0,2,1,0,1,7
MSTRG.8363|Tc_MARK_7245,0,2,1,0,1,8
TrSC58v2_8522|TRSC58_02016,0,0,1,1,0,1
MSTRG.8364|TRSC58_02016,0,0,2,1,0,2
MSTRG.8373,6,26,24,11,6,27
TrSC58v2_8532|TCNA,0,0,4,0,5,22
MSTRG.8383,0,4,0,13,0,13
TrSC58v2_8542|TCSYLVIO_007855,0,1,1,0,0,12
TrSC58v2_8499|gp63,18,5,32,27,1,85
MSTRG.8338|gp63,13,6,36,32,31,103
MSTRG.8339|ADCK2,4,5,17,12,8,92
TrSC58v2_8502|ADCK2,0,4,14,10,7,82
MSTRG.8340|TRSC58_03643,9,11,8,6,4,20
TrSC58v2_8503|TRSC58_03643,0,2,6,5,2,19
TrSC58v2_8504|TRSC58_02112,11,13,8,22,21,55
MSTRG.8341|TRSC58_02112,8,16,9,26,26,64
MSTRG.8342|QOR,4,9,14,9,22,51
TrSC58v2_8505|QOR,0,7,13,5,18,41
MSTRG.8343|Tc_MARK_9604,9,4,20,4,11,72
TrSC58v2_8506|Tc_MARK_9604,0,0,17,4,8,4
MSTRG.8344|TRSC58_03754,6,8,35,30,14,97
TrSC58v2_8507|TRSC58_03754,5,5,32,26,11,77
MSTRG.8345|TRSC58_05959,8,4,13,15,7,40
TrSC58v2_8508|TRSC58_05959,6,3,2,12,5,33
MSTRG.8346|gp63,4,5,5,10,2,8
MSTRG.8348,12,17,9,18,12,57
MSTRG.8349,60,87,163,181,86,540
MSTRG.8350|TCNA,12,9,23,33,16,91
MSTRG.8351|TCNA,13,17,36,68,48,120
MSTRG.8352,9,11,33,46,26,96
MSTRG.8353|GP85,23,16,57,77,33,178
MSTRG.8354|TcYC6_0130780,2,3,0,5,7,7
MSTRG.8355,19,54,74,68,36,241
MSTRG.8357,4,0,3,3,0,13
MSTRG.8358,22,21,18,22,15,92
MSTRG.8359,2,3,1,1,4,2
TrSC58v2_8519,0,0,1,1,0,1
MSTRG.8360,4,2,8,4,0,29
TrSC58v2_8520|TRSC58_02016,1,0,0,1,0,1
MSTRG.8362|TRSC58_02016,1,0,0,1,0,1
MSTRG.8361,13,6,9,9,3,41
MSTRG.8365|C4B63_23g158,4,1,9,15,2,11
TrSC58v2_8523|C4B63_23g158,4,1,6,1,1,0
MSTRG.8366|TRSC58_02016,27,16,58,46,26,180
TrSC58v2_8524|TRSC58_02016,1,1,1,1,1,1
MSTRG.8367|TRSC58_06668,8,21,12,17,32,184
TrSC58v2_8525|TRSC58_06668,0,0,11,10,0,0
MSTRG.8368|TCNA,12,6,19,24,18,72
TrSC58v2_8526|TCNA,10,5,16,26,16,69
TrSC58v2_8527|TCNA,14,8,11,16,13,8
MSTRG.8373|TCNA,10,13,21,43,16,165
MSTRG.8374|TRSC58_02016,2,4,2,3,1,7
TrSC58v2_8528|TRSC58_02016,2,2,1,2,1,7
MSTRG.8375|Tc_MARK_7245,7,14,5,14,14,39
TrSC58v2_8529|Tc_MARK_7245,0,0,0,0,0,31
MSTRG.8376|TRSC58_02016,1,1,7,2,3,12
TrSC58v2_8530|TRSC58_02016,1,1,3,1,1,12
MSTRG.8377|TRSC58_04771,1,0,1,2,5,6
TrSC58v2_8531|TRSC58_04771,1,0,1,0,2,1
MSTRG.8378|TRSC58_02016,6,0,1,0,0,4
TrSC58v2_8533|TRSC58_02016,0,0,1,0,0,0
MSTRG.8379|TCNA,65,31,84,78,86,234
TrSC58v2_8534|TCNA,33,21,64,68,1,200
MSTRG.8380|TCNA,9,8,7,20,4,42
TrSC58v2_8535|TCNA,9,6,6,17,4,40
MSTRG.8381|GP85,5,6,6,31,17,42
TrSC58v2_8536|GP85,4,5,5,22,13,35
MSTRG.8382|GP85,10,13,20,80,22,65
TrSC58v2_8537|GP85,8,10,11,6,18,56
MSTRG.8384|TRSC58_06822,3,2,4,2,4,11
TrSC58v2_8538|TRSC58_06822,1,2,4,2,3,9
MSTRG.8383|TRSC58_02016,4,2,6,1,1,6
TrSC58v2_8539|TRSC58_02016,1,1,1,0,1,4
MSTRG.8385,2,0,2,2,3,20
MSTRG.8386|TCNA,4,3,11,9,2,24
TrSC58v2_8541|TCNA,0,3,8,6,2,17
MSTRG.8373|TCSYLVIO_007855,2,1,10,10,8,11
MSTRG.8396|pum,4,6,10,9,13,32
TrSC58v2_8558|pum,0,5,9,6,11,25
MSTRG.8395|TRSC58_03213,7,25,44,15,22,37
TrSC58v2_8557|TRSC58_03213,6,1,3,14,1,34
MSTRG.8398|TRSC58_05835,4,4,4,7,18,26
TrSC58v2_8560|TRSC58_05835,0,0,0,0,1,0
MSTRG.8397|TRSC58_05279,13,9,14,29,23,90
TrSC58v2_8559|TRSC58_05279,5,6,11,25,20,78
TrSC58v2_8546|TBA,3,1,4,1,2,17
MSTRG.8371|TBA,1,2,1,5,2,10
MSTRG.8372|TBB,18,16,41,38,32,139
TrSC58v2_8547|TBB,16,15,40,37,30,130
MSTRG.8388|TBA,8,8,15,11,8,42
TrSC58v2_8548|TBA,2,6,6,7,7,38
MSTRG.8387|TBB,18,16,44,43,35,143
TrSC58v2_8549|TBB,17,15,41,42,32,130
MSTRG.8389|TBA,8,8,12,10,8,41
TrSC58v2_8550|TBA,2,6,9,7,7,37
MSTRG.8390|TBB,18,13,39,44,29,125
TrSC58v2_8551|TBB,15,12,35,40,26,120
MSTRG.8391,23,35,46,40,33,169
TrSC58v2_8552|TBA,1,1,6,5,1,27
MSTRG.8391|TBA,16,29,43,33,31,151
MSTRG.8392|TBB,18,14,42,47,31,132
TrSC58v2_8553|TBB,15,12,37,43,27,126
TrSC58v2_8554|TBA,7,11,17,15,13,59
MSTRG.8419|sugt1,13,10,29,38,15,104
MSTRG.8420|RPS11,25,25,52,68,35,257
MSTRG.8422|TRSC58_02741,3,12,15,15,3,28
MSTRG.8424|SEC17,12,0,13,13,2,65
MSTRG.8425|C3747_366g18,18,18,44,30,43,111
MSTRG.8426|TRMT2A,25,15,27,26,14,98
MSTRG.8428|REL2,8,3,29,8,8,56
MSTRG.8438|TCNA,2,0,2,2,5,8
TrSC58v2_8598|TCNA,0,0,0,1,0,1
MSTRG.8436|TRSC58_00921,4,3,13,37,3,59
MSTRG.8450|TRSC58_00179,4,3,3,6,2,11
TrSC58v2_8609|TRSC58_00179,3,2,3,3,2,11
TrSC58v2_8606|C3747_865g7,2,1,1,1,1,9
MSTRG.8447|C3747_865g7,2,1,1,2,1,8
TrSC58v2_8607|C3747_237g34,19,14,27,50,32,138
MSTRG.8448|C3747_237g34,10,10,24,46,24,168
MSTRG.8449|C3747_237g34,2,0,0,2,0,1
TrSC58v2_8608|C3747_237g34,1,0,0,1,0,1
TrSC58v2_8602|TRSC58_07046,0,0,1,7,1,8
MSTRG.8442|TRSC58_07046,0,7,2,9,3,10
MSTRG.8439|GP85,8,1,7,10,17,28
TrSC58v2_8599|GP85,7,0,6,9,0,25
MSTRG.8440|GP85,4,3,9,14,9,32
TrSC58v2_8600|GP85,0,2,8,8,6,33
MSTRG.8441|GP85,5,4,10,16,15,42
TrSC58v2_8601|GP85,3,2,16,12,8,40
MSTRG.8443|gdhA,15,13,25,30,25,111
TrSC58v2_8603|gdhA,13,11,23,28,23,94
MSTRG.8444,9,12,12,14,7,59
MSTRG.8445|TRSC58_07193,6,12,13,17,18,61
TrSC58v2_8604|TRSC58_07193,5,10,9,13,14,40
MSTRG.8446|GP85,6,13,19,20,30,106
TrSC58v2_8605|GP85,4,9,23,18,28,69
TrSC58v2_8562|TRSC58_05824,0,5,2,5,5,30
MSTRG.8400|TRSC58_05824,0,6,6,5,7,41
TrSC58v2_8564|LIP,0,0,3,22,22,90
MSTRG.8402|LIP,0,15,59,23,25,99
MSTRG.8411|C3747_102g63,0,17,20,33,16,80
MSTRG.8399|Spag6,4,12,30,58,31,124
TrSC58v2_8561|Spag6,0,11,26,46,29,107
MSTRG.8401|TRSC58_04309,3,19,10,18,17,39
TrSC58v2_8563|TRSC58_04309,1,0,9,15,1,34
MSTRG.8403|TRSC58_04343,7,24,16,18,12,52
TrSC58v2_8565|TRSC58_04343,6,4,14,16,11,49
MSTRG.8404|TRSC58_00713,3,14,30,27,13,22
TrSC58v2_8566|TRSC58_00713,0,1,1,2,11,20
MSTRG.8405,47,41,88,67,44,255
MSTRG.8406|TRSC58_02016,3,15,32,29,17,83
MSTRG.8407|GP85,59,108,226,242,188,926
MSTRG.8408,4,6,16,22,19,59
MSTRG.8409|C3747_102g66,16,13,56,55,40,115
MSTRG.8410|Mtmr3,9,4,36,39,19,118
MSTRG.8412|ASMTL,18,4,31,21,11,40
MSTRG.8413|TRSC58_00805,17,15,24,47,29,128
MSTRG.8414|TM35_000141330,4,0,5,7,0,27
MSTRG.8415|TRSC58_04782,12,15,42,50,33,174
MSTRG.8416|C4B63_93g82,23,29,47,71,83,210
MSTRG.8417|pan,8,7,14,38,9,82
MSTRG.8474|Os04g0499300,5,6,28,12,4,52
TrSC58v2_8633|Os04g0499300,4,4,0,10,3,46
MSTRG.8475|PHB1,2,0,37,16,6,44
TrSC58v2_8634|PHB1,1,0,3,15,1,40
MSTRG.8476|TRSC58_03865,13,0,4,0,11,64
TrSC58v2_8635|TRSC58_03865,0,0,3,0,1,54
MSTRG.8477|PRP31,3,0,11,9,3,33
TrSC58v2_8636|PRP31,2,0,2,7,0,28
MSTRG.8470,0,0,0,22,0,115
TrSC58v2_8630|MDM34,0,0,5,1,0,26
MSTRG.8471|MDM34,0,7,7,16,0,35
MSTRG.8465|TRSC58_06148,2,4,13,27,5,52
MSTRG.8466|C4B63_55g23,6,23,22,49,32,124
MSTRG.8467|TRSC58_01901,19,4,22,38,19,111
MSTRG.8468|DPOLA,7,5,16,9,21,45
TrSC58v2_8627|DPOLA,6,0,13,6,20,36
MSTRG.8469|CFAP57,6,10,32,35,25,108
TrSC58v2_8628|CFAP57,5,9,26,30,24,96
MSTRG.8470|TRSC58_03080,4,5,19,3,17,2
TrSC58v2_8629|TRSC58_03080,3,4,7,2,12,2
MSTRG.8472|Khc,4,0,12,20,13,58
TrSC58v2_8631|Khc,3,0,9,16,12,50
MSTRG.8455|TRSC58_01197,0,0,11,17,8,63
MSTRG.8451|OTU12,10,13,48,121,40,249
MSTRG.8452|Emg1,7,8,25,27,6,37
MSTRG.8453|bet3,7,0,0,32,16,45
MSTRG.8454|TcYC6_0055640,26,15,36,38,33,137
MSTRG.8456|PFRA,28,56,63,70,46,264
MSTRG.8457|PFRA,29,54,69,78,51,272
MSTRG.8458|PFRA,34,68,91,98,65,351
MSTRG.8459|PFRA,29,63,81,92,61,329
MSTRG.8460|TCSYLVIO_001012,11,16,53,96,43,210
MSTRG.8461|TcCLB.511215.100,2,19,18,25,17,76
MSTRG.8462|Kif1c,50,19,63,82,74,216
MSTRG.8463|TcYC6_0055750,4,11,16,36,35,129
MSTRG.8464|TcYC6_0055760,8,4,20,33,8,82
MSTRG.8484,3,0,5,2,0,16
MSTRG.8481|RAB18,3,4,6,6,2,13
TrSC58v2_8640|RAB18,1,0,5,5,2,11
MSTRG.8485|gp63,4,0,4,4,4,19
TrSC58v2_8644|gp63,0,0,0,0,4,15
MSTRG.8487|HSP70,2,4,2,13,6,19
MSTRG.8480|BCY84_16030,77,35,88,174,130,400
TrSC58v2_8639|BCY84_16030,59,26,90,141,124,356
MSTRG.8529|TRSC58_07112,13,7,29,28,32,91
TrSC58v2_8696|TRSC58_07112,1,0,1,1,1,1
MSTRG.8530|TcCL_Unassigned05098,4,0,7,14,12,18
TrSC58v2_8697|TcCL_Unassigned05098,1,0,2,13,3,17
MSTRG.8531,8,9,17,40,11,45
MSTRG.8532,0,6,0,67,21,89
MSTRG.8532|SA85-1.1,4,7,3,8,8,8
TrSC58v2_8698|SA85-1.1,3,3,0,6,4,5
MSTRG.8533,6,4,3,2,7,38
MSTRG.8534|SA85-1.1,12,10,41,40,37,112
TrSC58v2_8699|SA85-1.1,10,7,38,33,31,98
MSTRG.8535,12,11,17,29,27,118
MSTRG.8536|GP85,3,1,11,14,8,43
TrSC58v2_8700|GP85,2,1,3,3,7,36
MSTRG.8537,18,14,19,11,8,88
MSTRG.8540|C3747_83g186,1,2,5,3,2,18
TrSC58v2_8705|C3747_83g186,0,0,1,2,0,8
MSTRG.8545|At5g17730,8,4,9,3,7,17
TrSC58v2_8729|At5g17730,0,0,8,0,5,15
MSTRG.8538,77,103,243,384,223,1117
MSTRG.8547|NRKA,1,11,7,13,18,36
TrSC58v2_8733|NRKA,1,10,1,12,15,33
MSTRG.8548|KIF13A,12,10,20,29,27,56
TrSC58v2_8734|KIF13A,0,9,17,24,24,50
MSTRG.8549|TRSC58_05040,5,9,19,55,13,52
TrSC58v2_8735|TRSC58_05040,0,9,0,1,11,47
MSTRG.8550,2,4,11,10,4,80
MSTRG.8552|dcaf10,21,5,10,20,6,73
TrSC58v2_8737|dcaf10,17,4,7,16,6,5
MSTRG.8553|TRSC58_04717,6,5,28,44,22,87
TrSC58v2_8738|TRSC58_04717,5,5,22,38,18,74
MSTRG.8555|hut1,5,22,11,23,11,58
TrSC58v2_8740|hut1,4,0,9,20,9,55
MSTRG.8556|TRSC58_03919,6,18,17,21,18,54
TrSC58v2_8741|TRSC58_03919,0,12,15,19,16,47
MSTRG.8557|gefF,7,9,20,45,23,89
TrSC58v2_8742|gefF,6,7,19,40,20,79
MSTRG.8558|Tc_MARK_139,17,9,16,16,12,48
TrSC58v2_8743|Tc_MARK_139,12,8,11,14,8,43
MSTRG.8559|At2g22730,6,4,12,23,20,41
TrSC58v2_8744|At2g22730,5,3,0,20,17,39
MSTRG.8561|TRSC58_02449,10,0,9,5,11,39
TrSC58v2_8746|TRSC58_02449,7,0,6,3,9,31
MSTRG.8564|TRSC58_06219,4,4,7,25,7,62
TrSC58v2_8749|TRSC58_06219,3,3,6,19,5,49
MSTRG.8490|TRSC58_02966,0,10,14,9,4,64
MSTRG.8498,0,15,54,80,31,169
MSTRG.8502|COG8,0,0,14,10,4,28
MSTRG.8506|TRSC58_04331,0,6,12,13,13,59
MSTRG.8507|ZC3H20,0,7,5,9,5,29
MSTRG.8508|Snrnp40,0,0,0,3,7,12
MSTRG.8509|DQ04_00311060,0,18,7,28,23,42
MSTRG.8510|TRSC58_02709,0,0,12,14,0,17
MSTRG.8512|NEK5,0,0,2,2,2,2
MSTRG.8518|MIMI_L316,0,0,10,25,4,55
MSTRG.8519|infB,0,0,12,11,8,17
MSTRG.8520,0,4,0,2,4,4
MSTRG.8521,0,0,0,0,2,24
TrSC58v2_8689|TcCL_Unassigned06024,0,1,0,1,1,3
MSTRG.8522|TcCL_Unassigned06024,0,1,0,2,1,3
TrSC58v2_8693|TRSC58_06822,0,0,2,0,3,2
MSTRG.8526|TRSC58_06822,0,2,11,8,29,37
TrSC58v2_8695|TcCLB.511859.150,0,0,0,0,0,5
MSTRG.8528|TcCLB.511859.150,0,3,0,0,0,9
MSTRG.8488,52,47,50,126,44,226
MSTRG.8488|HSP70,5,10,21,7,26,72
MSTRG.8489,112,125,220,398,212,1024
MSTRG.8489|HSP70,32,46,64,90,73,220
MSTRG.8491|TRSC58_03158,8,11,9,19,15,63
MSTRG.8492|C3747_108g92,2,0,14,21,17,32
MSTRG.8493|HSP7C,19,14,31,101,34,228
MSTRG.8494|TRSC58_01522,8,13,13,28,55,99
MSTRG.8495|TRSC58_02779,17,8,12,52,30,82
MSTRG.8496|TRSC58_05392,6,0,14,21,26,89
MSTRG.8497,31,25,51,104,97,254
MSTRG.8497|MDH,58,59,80,141,80,390
MSTRG.8498|MDH,31,6,11,10,29,29
MSTRG.8499|RL14,20,50,62,101,89,423
MSTRG.8500|DNAH6,54,58,74,207,146,473
MSTRG.8501|TRSC58_03266,11,13,22,46,28,81
MSTRG.8503|TRSC58_04561,16,3,9,36,10,43
MSTRG.8504|TRSC58_03458,3,0,3,5,12,15
MSTRG.8505|PHO91,3,4,5,7,8,66
MSTRG.8511|TRSC58_02919,3,9,11,4,23,20
MSTRG.8513|Nek5,2,0,1,2,0,2
MSTRG.8514|Nek5,2,2,1,2,2,2
MSTRG.8515|NEK5,2,2,2,2,2,4
MSTRG.8516|NEK5,3,3,4,3,4,7
MSTRG.8517|Nek5,2,2,0,2,2,2
MSTRG.8521|TCNA,14,5,8,18,14,34
MSTRG.8523|TRSC58_02016,3,10,10,14,12,34
TrSC58v2_8690|TRSC58_02016,3,1,9,3,10,30
MSTRG.8524|TCNA,17,12,23,66,55,159
TrSC58v2_8691|TCNA,15,10,19,60,47,145
MSTRG.8525|TRSC58_02016,1,5,20,13,8,47
TrSC58v2_8692|TRSC58_02016,1,4,1,11,6,4
MSTRG.8527|TRSC58_02016,3,4,6,2,5,20
TrSC58v2_8694|TRSC58_02016,3,1,5,2,5,18
MSTRG.8569|TRSC58_01970,4,4,12,5,11,36
TrSC58v2_8754|TRSC58_01970,0,0,0,0,0,1
MSTRG.8567|AP1M1,11,8,8,22,12,46
TrSC58v2_8752|AP1M1,1,7,6,15,11,41
MSTRG.8565|DYNC1H1,21,28,29,125,54,204
TrSC58v2_8750|DYNC1H1,18,26,29,113,41,184
MSTRG.8566|SPCC777.06c,3,4,3,0,9,23
TrSC58v2_8751|SPCC777.06c,2,0,2,0,8,1
MSTRG.8570|CIPK1,6,5,7,5,10,46
TrSC58v2_8755|CIPK1,4,4,5,4,8,42
MSTRG.8580,21,15,23,50,28,97
MSTRG.8581,6,13,13,23,3,76
MSTRG.8582|gp63,15,14,23,53,23,89
TrSC58v2_8766|gp63,14,13,20,51,19,72
TrSC58v2_8758|TRSC58_04710,0,1,1,1,6,30
MSTRG.8573|TRSC58_04710,0,6,4,11,6,42
MSTRG.8571|CHAC2,6,0,2,14,3,17
TrSC58v2_8756|CHAC2,5,0,1,3,2,16
MSTRG.8572|TRSC58_01861,9,10,12,52,25,168
TrSC58v2_8757|TRSC58_01861,6,8,10,44,23,2
MSTRG.8574|DQ04_17421020,1,2,3,2,1,6
TrSC58v2_8759|DQ04_17421020,1,0,3,2,1,5
MSTRG.8575|ESAG4,4,4,16,19,11,51
TrSC58v2_8760|ESAG4,3,3,13,14,10,58
MSTRG.8576,20,56,53,64,71,270
MSTRG.8577|ESAG4,5,3,9,10,12,56
TrSC58v2_8761|ESAG4,3,2,7,8,9,71
TrSC58v2_8762|DQ04_17421020,1,1,2,6,2,11
MSTRG.8578|DQ04_17421020,1,2,4,9,2,14
MSTRG.8585|Tc_MARK_7254,12,7,11,9,17,60
MSTRG.8587|TcCLB.511211.80,3,2,4,9,18,34
MSTRG.8584|CDC48,4,2,4,4,3,15
MSTRG.8588|etp1,2,4,4,7,6,20
MSTRG.8586|gp63,2,3,12,18,12,30
MSTRG.8589|ppp4c,8,8,7,22,14,50
MSTRG.8590|MSRB5,10,15,38,69,33,132
MSTRG.8591|mocs1,13,20,30,34,20,89
MSTRG.8593|Os07g0201100,32,33,73,94,28,185
MSTRG.8595|TRSC58_00914,3,7,17,13,8,29
MSTRG.8594,5,19,23,41,21,107
MSTRG.8594|ASPM,16,5,10,50,47,82
MSTRG.8596|TRSC58_02489,11,10,3,9,15,66
MSTRG.8598|TcYC6_0011750,3,0,13,11,0,5
MSTRG.8597|sf3b1,7,14,12,51,44,166
MSTRG.8599|RPS17,13,30,40,115,42,207
MSTRG.8600|RPS17,48,52,61,136,65,351
MSTRG.8601|TRSC58_00114,12,11,29,23,18,78
MSTRG.8603|TRSC58_06327,15,10,17,30,29,89
MSTRG.8605|dmdC,5,0,27,49,27,111
MSTRG.8606|TIF45,11,31,46,58,30,161
MSTRG.8607|TRSC58_02678,7,0,11,11,20,32
MSTRG.8608|TRSC58_06298,13,26,37,67,40,158
MSTRG.8609|TRSC58_06298,10,16,36,66,46,176
MSTRG.8610|nubpl,3,9,6,4,7,29
MSTRG.8611,4,18,17,47,33,130
MSTRG.8612|PY00695,4,10,7,23,7,80
MSTRG.8613|TRSC58_02414,4,8,11,7,5,15
MSTRG.8615|VATB,26,25,32,74,27,178
MSTRG.8616|DLST,12,17,24,64,39,193
MSTRG.8617|RFT1,20,5,4,19,9,49
MSTRG.8618|Trmt61a,8,15,11,23,9,63
MSTRG.8637|Rm62,10,6,11,30,16,39
MSTRG.8639|TRSC58_00461,2,0,4,18,9,35
MSTRG.8640|TRSC58_00461,7,13,8,29,17,63
MSTRG.8641|TcYC6_0047620,3,5,6,6,4,27
MSTRG.8643|DQ04_02141070,5,0,11,0,0,11
MSTRG.8644|TRSC58_01128,18,8,19,22,34,97
MSTRG.8647|Tc_MARK_7762,11,14,5,11,6,64
MSTRG.8648|mlkA,20,0,28,35,38,68
MSTRG.8650|C3747_23g172,7,15,22,20,15,66
MSTRG.8651|TRSC58_03808,10,7,16,16,10,41
MSTRG.8652|CEP120,13,15,12,25,12,54
MSTRG.8653|emc2,19,19,46,55,30,156
MSTRG.8655|CFAP206,8,21,17,17,29,95
MSTRG.8657|HET-E1,11,5,13,24,17,78
MSTRG.8656|Kif9,54,37,41,69,57,240
MSTRG.8658|CCRP1,17,7,14,19,16,97
MSTRG.8659|HERC2,21,22,46,55,23,197
MSTRG.8619|CEP164,23,14,35,73,34,93
MSTRG.8620|Os05g0235800,4,5,35,40,24,110
MSTRG.8621|gp63,5,9,3,9,9,38
MSTRG.8623|ZIP5,7,2,6,7,4,12
MSTRG.8624,11,25,52,76,34,186
MSTRG.8624|ZIP9,20,16,10,9,2,4
MSTRG.8625|ZIP5,7,2,9,8,6,20
MSTRG.8624|ZIP1,11,19,37,19,19,102
MSTRG.8622|cocE,17,35,49,73,53,166
MSTRG.8626|fusA,15,0,43,53,15,69
MSTRG.8627|ywlF,38,19,17,33,15,87
MSTRG.8628|TRSC58_05274,32,7,58,46,33,120
MSTRG.8629|Nlrc3,9,21,20,64,60,118
MSTRG.8630|CIPK20,11,7,0,36,17,65
MSTRG.8631|TRSC58_02854,19,13,10,36,12,63
MSTRG.8632|TRSC58_04970,14,17,18,24,15,71
MSTRG.8633|TRSC58_00378,9,3,13,35,9,26
MSTRG.8663|Trim26,4,21,15,28,24,63
MSTRG.8662|H2A.F/Z,8,8,26,12,8,80
MSTRG.8660|TRSC58_01616,13,13,3,81,13,90
MSTRG.8661|At4g02580,3,8,3,8,25,84
MSTRG.8664|TRSC58_01874,4,6,2,12,8,26
MSTRG.8665|TCNA,2,4,16,5,9,50
MSTRG.8667|TRSC58_06575,8,9,17,13,11,51
MSTRG.8669|TcYC6_0047880,3,2,7,11,13,27
MSTRG.8668|TRSC58_05667,28,9,23,85,39,148
MSTRG.8670|TRSC58_00043,8,33,64,55,50,159
MSTRG.8675|dus3l,4,0,5,24,7,57
TrSC58v2_8859|dus3l,3,0,4,21,5,4
MSTRG.8676|DEX1,14,12,47,34,45,136
TrSC58v2_8860|DEX1,12,9,42,29,0,112
MSTRG.8677,5,0,4,4,0,40
MSTRG.8677|TcBrA4_0135440,1,5,0,2,0,1
TrSC58v2_8861|TcBrA4_0135440,1,1,0,0,0,1
MSTRG.8678|Tcs3,3,4,30,38,8,30
TrSC58v2_8862|Tcs3,0,0,2,3,1,24
MSTRG.8679|TCNA,5,0,12,9,16,59
TrSC58v2_8863|TCNA,4,0,8,8,13,51
MSTRG.8680|TRSC58_06575,6,3,9,2,6,7
TrSC58v2_8864|TRSC58_06575,0,3,1,2,1,6
MSTRG.8683|TRSC58_00383,9,24,21,29,20,134
MSTRG.8684|TRSC58_00383,2,8,0,10,11,4
MSTRG.8685|eef1akmt1,10,7,10,18,16,90
MSTRG.8686|TRSC58_00449,15,15,31,43,9,48
MSTRG.8687|TRSC58_05763,2,0,21,6,2,26
MSTRG.8687,23,0,0,0,0,23
MSTRG.8690|TRSC58_02367,7,26,24,52,14,132
MSTRG.8688,8,14,16,89,18,227
MSTRG.8688|C3747_23g134,24,13,29,2,28,78
MSTRG.8694|DYL1,2,0,0,3,6,4
TrSC58v2_8883|DYL1,1,0,0,3,6,3
MSTRG.8692|mkkA,21,8,32,23,15,78
MSTRG.8695|Mutyh,16,8,8,6,19,25
TrSC58v2_8884|Mutyh,11,0,7,2,17,21
MSTRG.8696|TM35_000242070,12,12,22,8,21,28
TrSC58v2_8885|TM35_000242070,9,0,18,7,17,24
MSTRG.8697|TRSC58_04995,2,3,2,3,1,20
TrSC58v2_8886|TRSC58_04995,1,2,1,1,1,19
MSTRG.8691|TRSC58_03023,3,6,3,3,17,19
MSTRG.8691,54,0,162,147,0,558
MSTRG.8691|TRSC58_04071,2,64,13,9,57,69
MSTRG.8691|Tc_MARK_7735,13,29,19,22,74,18
MSTRG.8698|TcYC6_0012260,16,12,23,46,39,95
TrSC58v2_8887|TcYC6_0012260,13,9,18,38,33,87
MSTRG.8699|TCSYLVIO_002640,5,4,8,10,10,11
TrSC58v2_8888|TCSYLVIO_002640,4,0,2,10,2,10
MSTRG.8700|TRSC58_06132,5,3,2,3,12,22
TrSC58v2_8889|TRSC58_06132,4,2,1,0,1,2
MSTRG.8702|Mogs,5,6,3,28,6,40
TrSC58v2_8891|Mogs,4,0,3,25,5,36
MSTRG.8701|Tc_MARK_1410,7,5,19,25,15,53
TrSC58v2_8890|Tc_MARK_1410,5,4,15,24,13,43
MSTRG.8703,13,19,21,31,32,81
MSTRG.8704|SPAC6G10.09,2,6,1,3,2,8
TrSC58v2_8892|SPAC6G10.09,0,0,1,0,1,7
MSTRG.8705|TcCL_NonESM04064,3,15,3,15,16,33
TrSC58v2_8896|TcCL_NonESM04064,0,2,0,14,8,31
MSTRG.8707|apgM,15,10,33,29,12,57
TrSC58v2_8895|apgM,13,8,6,23,14,49
MSTRG.8706,22,31,45,111,112,211
MSTRG.8706|RH2a,14,2,1,1,1,12
TrSC58v2_8893|RH2a,2,0,1,1,1,15
TrSC58v2_8894|TcCLB.511805.20,39,7,10,18,14,79
MSTRG.8706|TcCLB.511805.20,12,10,22,37,15,52
MSTRG.8714|EIF2B5,4,4,22,13,15,23
TrSC58v2_8903|EIF2B5,4,3,16,11,14,20
MSTRG.8716|eIF3-S6,15,4,16,11,45,53
TrSC58v2_8905|eIF3-S6,3,0,15,10,2,45
MSTRG.8717|TRSC58_03026,3,11,2,17,6,35
TrSC58v2_8906|TRSC58_03026,0,3,0,16,5,30
MSTRG.8708|Cables2,3,15,27,83,17,122
TrSC58v2_8897|Cables2,2,12,0,4,15,8
MSTRG.8709|TRSC58_04628,3,3,1,0,4,10
TrSC58v2_8898|TRSC58_04628,1,2,1,0,0,10
MSTRG.8710|DQ04_10621010,9,18,42,48,33,169
TrSC58v2_8899|DQ04_10621010,8,15,37,46,31,142
MSTRG.8711|TRSC58_05651,5,5,6,16,11,19
TrSC58v2_8900|TRSC58_05651,4,4,4,0,10,17
MSTRG.8712|esa1,12,7,10,20,10,55
TrSC58v2_8901|esa1,11,5,7,17,8,41
MSTRG.8713|TOP2,19,19,29,57,30,101
TrSC58v2_8902|TOP2,14,13,22,52,28,77
MSTRG.8718|SPBC2F12.12c,6,7,5,22,3,53
TrSC58v2_8907|SPBC2F12.12c,1,5,1,18,1,49
MSTRG.8719|TRSC58_00620,4,3,14,18,10,32
TrSC58v2_8908|TRSC58_00620,0,0,1,3,8,24
MSTRG.8720|TRSC58_02811,3,4,1,11,2,15
TrSC58v2_8909|TRSC58_02811,1,0,1,2,2,12
MSTRG.8721|DQ04_02881070,3,5,2,5,0,9
TrSC58v2_8910|DQ04_02881070,1,1,1,1,0,8
MSTRG.8725|fusA2,1,0,4,0,1,5
TrSC58v2_8914|fusA2,1,0,0,0,1,4
MSTRG.8726|cocE,15,34,16,27,13,57
TrSC58v2_8915|cocE,2,1,12,24,9,52
MSTRG.8728|Tc_MARK_7254,30,42,25,47,32,178
MSTRG.8729|TER94,2,1,1,2,2,7
MSTRG.8733|TRSC58_03615,12,4,13,21,15,74
MSTRG.8730,18,19,34,33,36,189
MSTRG.8730|gp63,6,5,11,22,11,23
MSTRG.8731|vat,5,4,16,7,9,40
MSTRG.8732,6,12,6,24,16,58
MSTRG.8735|IP6K3,4,17,9,15,9,65
MSTRG.8734|THNSL1,33,39,92,127,57,268
MSTRG.8736|TRSC58_05421,4,7,12,15,15,53
MSTRG.8738|PAC1,29,10,30,61,15,119
MSTRG.8739|TRSC58_02862,12,11,21,32,6,97
MSTRG.8750|bbip1,2,3,6,8,3,11
MSTRG.8751|TRSC58_00231,13,12,26,29,17,141
MSTRG.8752|TRSC58_02530,4,26,11,31,9,33
MSTRG.8753|TRSC58_06289,11,9,11,15,0,57
MSTRG.8741|TRSC58_04912,36,37,68,107,66,300
MSTRG.8742|TRSC58_04715,7,7,19,9,0,72
MSTRG.8743|TRSC58_00434,5,13,52,22,23,136
MSTRG.8744|C3747_35g129,4,12,70,33,51,157
MSTRG.8745|hnt1,4,7,10,8,12,32
MSTRG.8746|TRSC58_02930,31,23,30,61,47,267
MSTRG.8747|Tc_MARK_7869,8,7,28,27,20,123
MSTRG.8748|CCDC96,18,37,33,56,37,132
MSTRG.8773|SA85-1.1,2,0,0,0,2,2
TrSC58v2_8964|SA85-1.1,0,0,0,0,1,0
TrSC58v2_8965|Tc_MARK_3383,11,16,22,58,36,142
MSTRG.8774|Tc_MARK_3383,10,15,21,56,35,141
TrSC58v2_8966|TcCL_ESM08839,16,14,25,45,41,124
MSTRG.8775|TcCL_ESM08839,14,13,27,46,43,125
MSTRG.8778,27,36,53,112,68,262
MSTRG.8779|GP85,15,8,17,50,15,79
MSTRG.8780|TRSC58_07193,15,30,41,56,23,122
TrSC58v2_8950,0,0,1,0,0,1
MSTRG.8758,0,0,2,2,0,7
MSTRG.8769|EXOSC2,0,0,10,25,15,27
TrSC58v2_8962|TCNA,0,0,0,0,1,0
MSTRG.8770|TCNA,0,0,0,0,1,0
TrSC58v2_8963|TCNA,0,0,0,3,0,12
MSTRG.8771|TCNA,0,0,10,11,6,18
MSTRG.8754|rplL,15,8,9,12,4,37
MSTRG.8755|mst1,28,16,13,6,11,35
MSTRG.8756|SPBC1683.06c,23,31,55,93,58,213
MSTRG.8757|Tc_MARK_7878,4,6,6,19,5,47
MSTRG.8759|dnaJ,4,4,15,17,24,75
MSTRG.8760|TcYC6_0019240,14,8,30,42,12,102
MSTRG.8761|TRSC58_04706,10,10,47,41,35,107
MSTRG.8762|TRSC58_05560,13,19,4,15,5,44
MSTRG.8763|TcYC6_0019270,3,2,13,9,4,14
MSTRG.8764|TRSC58_05448,3,11,6,13,8,37
MSTRG.8765|TRSC58_00759,8,10,19,15,3,76
MSTRG.8766|JBP2,19,21,23,47,39,66
MSTRG.8767|TRSC58_03806,14,15,16,17,8,20
MSTRG.8768|pikB,3,0,16,32,25,82
MSTRG.8787|NEDD4,16,25,19,38,9,131
MSTRG.8782|Extl2,0,0,7,20,12,29
MSTRG.8781|TRSC58_03927,2,5,0,3,0,7
MSTRG.8783|At4g13780,3,8,45,36,17,122
MSTRG.8784|TRSC58_02507,2,0,3,11,8,24
MSTRG.8785|zgc:73324,10,6,11,10,6,27
MSTRG.8786|TRSC58_03932,9,23,111,121,47,223
MSTRG.8790|ARCN1,12,18,62,82,46,264
MSTRG.8789,43,100,220,217,81,633
MSTRG.8792|cyp1,3,6,11,9,8,32
MSTRG.8791|Tmem63b,16,23,65,54,69,207
MSTRG.8793|TcBrA4_0005960,33,4,24,35,23,159
MSTRG.8794|CUL1,7,11,21,23,30,106
MSTRG.8800|TRSC58_03379,8,2,9,17,4,19
MSTRG.8797|TRSC58_02453,27,15,67,52,49,197
MSTRG.8801|Dgkg,4,11,26,19,17,126
MSTRG.8802|TRSC58_05079,3,5,19,24,21,63
MSTRG.8799|TRSC58_06446,16,30,32,78,59,223
MSTRG.8804|CYC,3,10,13,27,9,81
MSTRG.8795|TCSYLVIO_007549,20,31,61,107,45,176
MSTRG.8807|FAAH2,7,8,21,27,24,105
MSTRG.8808|TRSC58_03598,5,3,8,9,9,39
MSTRG.8809|Arl6,9,13,23,18,17,102
MSTRG.8806|TRP11,25,26,110,97,112,350
MSTRG.8805|C3747_168g54,73,72,141,192,159,479
MSTRG.8837|GP85,3,14,25,28,26,74
MSTRG.8843|GP85,18,16,54,26,16,146
MSTRG.8846|MET18,10,4,14,22,7,52
TrSC58v2_9041|MET18,8,0,11,14,6,47
MSTRG.8838|GP85,0,20,27,38,26,87
MSTRG.8839|TCNA,17,6,18,41,13,74
MSTRG.8841|TRSC58_06668,11,6,20,14,19,71
MSTRG.8842|TRSC58_02016,18,11,17,39,19,87
MSTRG.8848|RPL35AA,39,45,106,105,90,286
TrSC58v2_9043|RPL35AA,29,1,74,70,68,175
MSTRG.8849|TM35_000251080,2,3,3,6,7,16
TrSC58v2_9044|TM35_000251080,1,3,2,5,7,14
MSTRG.8866|MAPK3,1,0,6,5,6,11
TrSC58v2_9060|MAPK3,1,0,5,4,2,12
MSTRG.8867|nop56,12,20,36,35,22,123
TrSC58v2_9061|nop56,10,17,31,33,19,101
MSTRG.8868|TRSC58_00823,4,4,4,9,6,23
TrSC58v2_9062|TRSC58_00823,0,3,3,7,5,22
MSTRG.8869|C3747_59g137,3,2,1,6,6,25
TrSC58v2_9063|C3747_59g137,0,1,1,5,5,23
MSTRG.8870|TRSC58_01627,7,2,6,9,0,25
TrSC58v2_9064|TRSC58_01627,6,1,5,8,0,22
MSTRG.8871|SDN5,8,11,43,30,6,93
TrSC58v2_9065|SDN5,7,9,2,24,5,75
TrSC58v2_9049|SPBPB7E8.02,0,0,11,4,0,21
MSTRG.8854|SPBPB7E8.02,0,7,13,21,12,22
MSTRG.8858,0,13,16,26,14,71
TrSC58v2_9054|gda1,0,0,6,9,6,27
MSTRG.8860|gda1,0,12,7,11,8,32
MSTRG.8861,0,0,13,0,0,62
TrSC58v2_9055|PIRL1,0,0,2,0,0,8
MSTRG.8861|PIRL1,0,0,2,25,9,7
MSTRG.8851|Myo7a,6,5,3,5,5,35
TrSC58v2_9046|Myo7a,3,3,0,4,4,32
MSTRG.8852|Tbg972.8.3590,3,3,7,7,7,16
TrSC58v2_9047|Tbg972.8.3590,1,1,5,5,6,12
MSTRG.8853|v1g226592,5,0,5,8,13,23
TrSC58v2_9048|v1g226592,4,0,0,6,0,21
MSTRG.8855|TRSC58_02853,9,37,28,45,19,86
TrSC58v2_9050|TRSC58_02853,7,2,24,38,16,83
MSTRG.8856|DBP2,6,9,11,29,10,39
TrSC58v2_9051|DBP2,5,8,10,25,1,35
MSTRG.8857|TRSC58_04082,14,1,20,29,9,99
TrSC58v2_9052|TRSC58_04082,11,1,18,27,9,93
MSTRG.8859|TRSC58_02730,11,17,26,40,14,70
TrSC58v2_9053|TRSC58_02730,9,15,23,3,13,64
MSTRG.8862|TM35_000251210,3,11,13,24,3,44
TrSC58v2_9056|TM35_000251210,0,10,1,1,4,40
MSTRG.8863|TRSC58_04591,17,18,10,11,2,103
TrSC58v2_9057|TRSC58_04591,0,0,9,9,2,3
MSTRG.8864|rsph10b,8,5,11,8,0,35
TrSC58v2_9058|rsph10b,7,0,0,0,0,29
MSTRG.8865|MPK12,8,4,5,17,4,18
TrSC58v2_9059|MPK12,1,1,1,16,0,19
TrSC58v2_9003.t1.e1|TcIL3000.A.H_000487700,0,0,0,0,0,1
TrSC58v2_9003|TcIL3000.A.H_000487700,0,0,0,0,0,1
TrSC58v2_9005|arcD,0,0,1,5,1,1
MSTRG.8815|arcD,0,0,1,6,9,6
TrSC58v2_9006|rrt2,0,0,1,1,0,12
MSTRG.8816|rrt2,0,0,1,1,7,15
TrSC58v2_9016|TcBrA4_0115120,0,3,0,0,5,6
MSTRG.8826|TcBrA4_0115120,0,3,0,0,6,6
MSTRG.8827,0,31,50,47,37,163
MSTRG.8828,0,13,8,34,26,141
TrSC58v2_9020|TcYC6_0000240,0,1,1,1,1,1
MSTRG.8828|TcYC6_0000240,0,1,1,1,1,1
MSTRG.8811|C3747_32g29,68,38,56,90,52,263
MSTRG.8812|TcCLB.503629.10,29,17,29,56,23,103
MSTRG.8813|TcG_07841,47,93,116,204,116,477
MSTRG.8814|HOP2,3,9,23,18,8,33
TrSC58v2_9004|HOP2,0,0,0,17,7,26
MSTRG.8817|Papst2,13,7,6,25,6,26
TrSC58v2_9007|Papst2,0,1,5,20,5,23
MSTRG.8818|TRSC58_01776,3,7,4,10,15,33
TrSC58v2_9008|TRSC58_01776,2,6,1,9,1,3
MSTRG.8819|Nop14,14,23,17,33,10,88
TrSC58v2_9009|Nop14,11,19,12,26,9,75
MSTRG.8820|C4B63_34g109,6,9,11,6,2,29
TrSC58v2_9010|C4B63_34g109,6,1,2,5,2,26
MSTRG.8821|SPCC1682.09c,8,12,8,18,15,70
TrSC58v2_9011|SPCC1682.09c,0,2,0,16,5,67
MSTRG.8822|rpc82,12,14,4,22,16,97
TrSC58v2_9012|rpc82,10,0,1,18,12,2
MSTRG.8823|TRSC58_02311,14,0,5,4,1,30
TrSC58v2_9013|TRSC58_02311,0,0,4,3,1,28
MSTRG.8824|CFAP58,6,15,21,29,25,181
TrSC58v2_9014|CFAP58,5,12,18,23,22,26
MSTRG.8825|clpB,29,9,33,65,42,142
TrSC58v2_9015|clpB,17,8,29,52,2,134
MSTRG.8827|FAD12,21,3,10,12,6,14
TrSC58v2_9019|FAD12,1,3,8,6,5,12
MSTRG.8828|levS,14,9,17,13,17,11
TrSC58v2_9021|levS,4,1,2,4,4,14
MSTRG.8829|TRSC58_04492,8,0,8,14,2,33
TrSC58v2_9022|TRSC58_04492,0,0,0,1,1,2
MSTRG.8830|PPR10,19,4,34,29,13,183
TrSC58v2_9023|PPR10,0,0,23,24,13,4
MSTRG.8831|TCNA,37,35,27,62,136,139
TrSC58v2_9024|TCNA,10,10,13,22,27,41
MSTRG.8831,18,0,63,100,0,265
MSTRG.8832,45,58,64,98,83,271
MSTRG.8833|gp63,25,33,20,56,45,228
TrSC58v2_9025|gp63,21,27,16,46,0,195
TrSC58v2_9029|TCNA,7,10,11,14,4,38
MSTRG.8834|TRSC58_02016,15,5,24,34,15,80
TrSC58v2_9030|TRSC58_02016,14,4,20,27,14,71
MSTRG.8835|SA85-1.1,11,17,23,45,30,104
TrSC58v2_9031|SA85-1.1,8,14,15,40,20,99
MSTRG.8840|gp63,10,9,17,37,23,77
TrSC58v2_9032|gp63,1,8,15,13,0,62
MSTRG.8836,2,0,3,16,4,33
MSTRG.8873|IDHP,15,9,13,32,18,92
TrSC58v2_9067|IDHP,0,8,12,26,15,82
MSTRG.8872,0,0,6,10,0,57
MSTRG.8872|TcCLB.511575.50,12,14,7,9,29,23
TrSC58v2_9066|TcCLB.511575.50,8,9,24,33,24,92
TrSC58v2_9068|Tc_MARK_9242,2,3,5,1,3,21
MSTRG.8874|Tc_MARK_9242,2,2,5,1,4,20
TrSC58v2_9069|TcCL_ESM05805,2,7,7,7,0,18
MSTRG.8875|TcCL_ESM05805,1,6,7,6,0,18
MSTRG.8919|TRSC58_01726,2,2,5,13,3,17
MSTRG.8920|TcSYL_0137990,2,2,3,0,7,4
MSTRG.8921|C4B63_140g6,80,59,89,242,113,443
TrSC58v2_9135|gp63,2,0,0,1,1,4
MSTRG.8939|gp63,2,0,0,1,2,5
MSTRG.8947|Abhd1,8,4,40,18,2,43
TrSC58v2_9143|Abhd1,7,0,0,15,3,47
MSTRG.8950|TRSC58_00265,3,4,6,0,2,6
TrSC58v2_9147|TRSC58_00265,1,1,5,0,2,6
MSTRG.8951|TRSC58_02556,7,5,16,22,6,42
TrSC58v2_9148|TRSC58_02556,0,4,0,20,2,35
MSTRG.8948,0,69,106,0,68,330
MSTRG.8948|TRSC58_03151,16,1,1,18,1,7
TrSC58v2_9144|TRSC58_03151,6,1,1,0,1,14
MSTRG.8948|At5g25050,18,6,21,127,53,165
TrSC58v2_9145|At5g25050,11,7,28,74,6,17
MSTRG.8952|bcsl1b,2,4,33,15,25,33
TrSC58v2_9149|bcsl1b,2,4,2,11,4,31
MSTRG.8953|TRSC58_00284,2,4,15,11,6,35
TrSC58v2_9150|TRSC58_00284,1,3,13,11,5,31
MSTRG.8954|isoc1,2,0,14,20,0,27
TrSC58v2_9151|isoc1,1,0,12,2,0,23
MSTRG.8956|PIF5,4,3,25,4,3,28
TrSC58v2_9153|PIF5,3,3,3,0,2,23
MSTRG.8955|PIF5,6,8,7,11,32,12
TrSC58v2_9152|PIF5,5,0,5,9,3,8
MSTRG.8957|MPK6,4,9,15,6,5,44
TrSC58v2_9154|MPK6,0,8,2,5,4,36
MSTRG.8926|gbh,0,8,0,11,7,49
TrSC58v2_9123.t1.e1|SA85-1.1,0,0,0,0,0,0
TrSC58v2_9123|SA85-1.1,0,0,0,0,0,0
TrSC58v2_9126|gp63,0,2,0,0,4,19
MSTRG.8934|gp63,0,2,3,8,5,23
TrSC58v2_9127|TRSC58_06668,0,0,2,6,1,4
MSTRG.8935|TRSC58_06668,0,0,3,6,2,6
TrSC58v2_9128|TRSC58_07112,0,0,0,0,0,3
MSTRG.8936|TRSC58_07112,0,0,0,0,4,3
MSTRG.8924|tdrd3,5,4,4,23,12,56
MSTRG.8925|TRSC58_05286,37,35,81,274,140,429
MSTRG.8927|TRSC58_00592,11,0,12,14,9,20
MSTRG.8928|PCKR1,15,16,12,15,15,136
MSTRG.8929|PRDX3,20,13,54,55,52,107
MSTRG.8930|Utp15,4,3,9,19,19,112
MSTRG.8931,7,15,49,53,31,127
MSTRG.8932|TRSC58_06451,2,0,0,0,3,0
TrSC58v2_9124|TRSC58_06451,1,0,0,0,1,0
MSTRG.8933|TRSC58_02016,6,5,15,31,23,66
TrSC58v2_9125|TRSC58_02016,4,5,11,26,20,48
MSTRG.8937,4,3,4,9,12,94
MSTRG.8938|TcBrA4_0172400,6,4,4,6,8,22
TrSC58v2_9129|TcBrA4_0172400,4,3,3,5,1,20
MSTRG.8940,48,27,133,267,60,520
MSTRG.8940|TCNA,33,78,44,114,33,501
TrSC58v2_9130|TCNA,8,2,3,10,16,51
MSTRG.8941|gp63,23,24,34,117,26,119
TrSC58v2_9131|gp63,15,21,29,0,21,102
MSTRG.8942|TRSC58_06954,15,6,19,43,17,75
TrSC58v2_9132|TRSC58_06954,13,4,15,39,1,64
MSTRG.8940|TRSC58_02016,1,1,1,1,8,16
TrSC58v2_9133|TRSC58_02016,0,1,2,1,1,5
TrSC58v2_9134|TCNA,22,13,59,88,65,23
MSTRG.8879,120,134,358,677,298,1843
MSTRG.8881|Tb427_000804700,0,0,4,2,8,35
MSTRG.8877|AGD9,0,12,14,13,12,34
MSTRG.8883|KRP95,0,0,12,10,13,16
MSTRG.8897|TRSC58_00792,0,8,16,18,12,39
MSTRG.8900|TRSC58_03690,0,0,3,0,9,13
MSTRG.8912|DRC4,0,17,19,25,9,76
MSTRG.8917|adrm1,0,15,22,21,4,66
MSTRG.8918|TRSC58_04667,0,2,5,11,14,19
MSTRG.8878|TCNA,2,12,15,14,6,55
MSTRG.8880|TvY486_1015550,8,4,2,11,6,35
MSTRG.8879|SA85-1.1,36,53,76,49,187,616
MSTRG.8876|TRSC58_06019,7,9,15,38,29,48
MSTRG.8882|DQ04_06891020,3,6,4,9,2,21
MSTRG.8884|cta3,25,24,71,70,83,277
MSTRG.8885|mindy4,25,21,55,93,40,143
MSTRG.8886|Itsn1,5,12,19,18,12,65
MSTRG.8887|RPL32,31,36,43,57,38,314
MSTRG.8888|ANK3,12,17,114,101,61,294
MSTRG.8889|CPK9,3,2,13,9,15,68
MSTRG.8890|NDUFA9,8,20,24,31,30,114
MSTRG.8891|RPS6,51,55,91,184,93,565
MSTRG.8892|TRSC58_00166,14,8,4,4,8,51
MSTRG.8893|UTP6,12,6,24,43,33,99
MSTRG.8894|Gpsm1,27,30,54,60,79,246
MSTRG.8895|TRSC58_02137,16,15,26,29,27,95
MSTRG.8896|faf2-b,8,11,7,19,18,99
MSTRG.8898|TRSC58_00324,12,9,13,12,10,28
MSTRG.8899|TM35_000045390,4,6,8,7,0,71
MSTRG.8901|RPL36A,60,36,40,88,43,310
MSTRG.8902|RPL15,29,48,83,114,105,433
MSTRG.8903|RpL5,24,52,77,96,69,314
MSTRG.8904|RpL5,53,79,106,144,92,451
MSTRG.8905|RpL5,55,81,109,156,102,470
MSTRG.8906|RpL5,55,90,109,173,111,485
MSTRG.8907|TRSC58_02313,4,9,15,26,8,65
MSTRG.8908|TMED9,18,4,32,23,42,170
MSTRG.8909|TRSC58_05109,7,5,0,20,0,25
MSTRG.8910|TRSC58_01400,4,0,11,43,20,98
MSTRG.8911|EBP2,11,18,0,16,0,32
MSTRG.8913|Dtwd1,11,4,8,29,12,34
MSTRG.8914|pole2,20,5,10,3,11,45
MSTRG.8915|TRSC58_00850,12,0,9,0,7,57
MSTRG.8916,8,11,6,50,24,104
MSTRG.8959|TcYC6_0063770,73,40,111,135,72,341
TrSC58v2_9155|TcYC6_0063770,58,38,106,106,59,306
MSTRG.8976|TRSC58_06668,7,0,7,19,10,33
TrSC58v2_9173|TRSC58_06668,5,0,5,13,1,30
TrSC58v2_9159|DAFT,0,0,1,2,1,2
MSTRG.8962|DAFT,0,2,1,3,1,4
TrSC58v2_9160,0,0,0,0,0,2
MSTRG.8964,0,0,0,0,0,4
TrSC58v2_9169|C3747_661g17,0,0,0,0,0,3
MSTRG.8974|C3747_661g17,0,0,0,1,0,3
MSTRG.8961|SA85-1.1,8,4,26,10,11,51
TrSC58v2_9158|SA85-1.1,7,0,0,0,0,45
MSTRG.8963,42,10,62,69,25,232
MSTRG.8965|TRSC58_02016,4,4,2,9,5,14
TrSC58v2_9161|TRSC58_02016,1,0,1,2,1,4
MSTRG.8966|TcYC6_0130780,4,4,1,6,2,12
TrSC58v2_9162|TcYC6_0130780,1,2,0,1,0,10
MSTRG.8967|TRSC58_02016,4,5,3,11,2,13
TrSC58v2_9163|TRSC58_02016,3,4,1,2,1,9
MSTRG.8968|TcYC6_0130780,6,2,10,9,2,23
TrSC58v2_9164|TcYC6_0130780,4,1,2,1,0,18
MSTRG.8970|TRSC58_02016,4,10,5,2,6,5
TrSC58v2_9165|TRSC58_02016,4,1,1,19,1,44
MSTRG.8969,6,13,21,12,12,42
MSTRG.8971|TCNA,6,1,13,9,6,27
TrSC58v2_9166|TCNA,5,0,10,8,0,23
MSTRG.8972|TcG_08227,2,9,7,9,4,17
TrSC58v2_9167|TcG_08227,1,3,7,1,2,16
MSTRG.8973|TRSC58_02016,3,8,9,6,4,9
TrSC58v2_9168|TRSC58_02016,1,2,2,7,1,37
MSTRG.8975|TRSC58_02016,1,4,8,11,2,24
TrSC58v2_9170|TRSC58_02016,1,3,4,6,2,13
MSTRG.8977|TRSC58_02016,2,0,2,3,1,6
TrSC58v2_9174|TRSC58_02016,1,0,2,3,1,5
MSTRG.8978,34,21,46,45,30,141
MSTRG.8979,24,12,51,31,15,60
TrSC58v2_9463,0,11,0,28,0,55
MSTRG.8980|TCSYLVIO_008666,4,5,9,26,12,51
MSTRG.8981|TRSC58_06890,6,3,8,15,16,27
MSTRG.8982|C3747_92g181,4,23,23,42,32,88
MSTRG.8983,63,29,60,164,92,418
MSTRG.8984|TRSC58_02016,2,5,2,18,7,33
MSTRG.8986|TRSC58_05940,3,6,10,8,9,25
TrSC58v2_9182|TRSC58_05940,1,1,1,1,8,23
MSTRG.8985|TcYC6_0130770,3,0,2,16,0,28
MSTRG.8989|Tb427.07.7420,15,11,25,30,20,105
TrSC58v2_9185|Tb427.07.7420,2,8,22,28,16,89
MSTRG.8990|Tb427.07.7420,14,9,21,21,29,97
TrSC58v2_9186|Tb427.07.7420,0,7,19,18,1,72
MSTRG.8991|Tb427.07.7420,15,9,28,36,22,106
TrSC58v2_9187|Tb427.07.7420,0,7,22,27,18,85
MSTRG.8998|TRSC58_05128,15,11,27,53,24,126
TrSC58v2_9194|TRSC58_05128,13,8,24,43,22,119
MSTRG.9000|PRP28,11,19,18,26,7,149
TrSC58v2_9195|PRP28,8,15,17,22,6,4
MSTRG.9001|COG4,16,18,31,83,15,77
TrSC58v2_9196|COG4,12,15,27,3,11,69
MSTRG.9002|U2surp,13,17,12,28,16,124
TrSC58v2_9197|U2surp,11,14,11,4,12,4
MSTRG.8993,0,0,0,16,0,117
TrSC58v2_9192|TRSC58_05419,0,1,4,4,13,42
MSTRG.8996|TRSC58_05419,0,2,5,5,16,46
MSTRG.8993|PEG3,27,25,59,107,52,126
TrSC58v2_9189|PEG3,18,13,10,50,35,0
MSTRG.8994|C3747_65g21,3,0,0,3,3,7
TrSC58v2_9190|C3747_65g21,2,0,0,3,1,6
MSTRG.8995|CRK2,3,8,14,9,16,33
TrSC58v2_9191|CRK2,0,0,1,0,1,28
MSTRG.8997|TRSC58_04934,4,10,4,9,3,36
TrSC58v2_9193|TRSC58_04934,0,9,4,8,2,5
MSTRG.9003|TRSC58_06406,7,4,14,8,15,55
TrSC58v2_9198|TRSC58_06406,6,4,11,8,2,4
MSTRG.9004|SLC35D2,5,18,7,7,7,20
TrSC58v2_9199|SLC35D2,4,0,5,5,0,16
MSTRG.9005,23,16,46,104,0,225
TrSC58v2_9200|KIF6,1,1,0,0,6,9
MSTRG.9005|KIF6,1,3,6,27,34,78
MSTRG.9006|INVS,12,7,15,24,12,99
TrSC58v2_9202|INVS,8,5,14,21,9,27
MSTRG.9008|nox,10,2,9,10,5,29
TrSC58v2_9204|nox,0,1,8,9,3,27
MSTRG.9007|NOD2,7,7,7,10,14,81
TrSC58v2_9203|NOD2,6,5,6,9,10,3
MSTRG.9009|TRSC58_06521,10,20,22,24,17,103
TrSC58v2_9205|TRSC58_06521,8,16,18,19,13,92
MSTRG.9010|F37C4.5,16,7,22,38,10,62
TrSC58v2_9206|F37C4.5,14,5,1,10,7,57
MSTRG.9011|TcYC6_0106660,8,13,4,14,4,46
MSTRG.9012|TRSC58_06816,3,2,4,6,5,13
MSTRG.9014|kif19,4,3,3,7,6,42
MSTRG.9013|TRSC58_06370,12,2,8,8,10,18
MSTRG.9016|pacA,22,0,35,71,47,178
MSTRG.9019|GRESAG,5,9,9,11,4,31
MSTRG.9027|TRSC58_04748,6,5,14,12,5,37
MSTRG.9028|WARS1,11,10,17,20,15,62
MSTRG.9029|hus1,7,4,13,22,6,34
MSTRG.9030|C3747_152g103,5,19,17,35,23,125
MSTRG.9031|C3747_302g58,12,9,20,22,36,126
MSTRG.9032|PTR1,3,3,8,12,6,35
MSTRG.9020,80,39,89,180,133,530
MSTRG.9015,1,8,4,12,7,39
MSTRG.9017|TRSC58_07029,16,9,8,9,9,57
MSTRG.9020|ESAG4,36,29,60,50,31,111
MSTRG.9021|ESAG4,5,3,7,11,14,33
MSTRG.9022|TRSC58_07029,11,7,9,10,15,36
MSTRG.9023|TRSC58_07029,3,4,3,6,4,13
MSTRG.9024|TRSC58_06059,4,2,2,2,2,8
MSTRG.9025|ESAG4,4,3,7,11,16,36
MSTRG.9026|PEG3,5,5,7,18,9,16
MSTRG.9018|TRSC58_07029,10,4,11,16,6,52
MSTRG.9035|TcYC6_0033220,0,0,7,4,5,26
MSTRG.9033|TcBrA4_0051300,13,11,13,17,19,47
MSTRG.9034|yipf6,7,12,17,21,21,99
MSTRG.9036|TcYC6_0033210,4,7,4,3,0,25
MSTRG.9037|TRSC58_04643,9,4,13,14,7,27
MSTRG.9038|TcBrA4_0051300,8,9,11,9,6,21
MSTRG.9039|TCP17,30,29,105,96,68,320
MSTRG.9040|TcCL_Unassigned02274,11,15,26,41,29,77
MSTRG.9041|TRSC58_03349,19,12,18,18,36,83
MSTRG.9042|TRSC58_02882,40,23,74,40,31,171
MSTRG.9043|LRRC34,39,22,65,92,29,205
MSTRG.9044|Abhd4,30,20,38,80,14,151
MSTRG.9045|VATL,14,23,17,23,9,129
MSTRG.9049|TRSC58_04748,10,14,14,28,9,70
MSTRG.9047|WARS1,11,10,17,20,15,58
MSTRG.9050|hus1,7,4,15,26,8,38
MSTRG.9051|BCY84_19742,4,21,20,31,21,141
MSTRG.9052|TcBrA4_0139350,4,6,8,18,23,62
MSTRG.9054|PR46a,2,17,27,14,13,110
MSTRG.9053|TRSC58_06073,7,3,3,11,9,59
MSTRG.9055|cps12A,20,17,36,50,38,180
MSTRG.9056|CRK2,3,4,11,4,3,56
MSTRG.9046|cypC,4,3,19,15,20,62
MSTRG.9048,95,118,220,512,117,358
MSTRG.9048|C4B63_82g85,175,83,270,255,242,1216
MSTRG.9057|C4B63_35g373,21,10,47,100,57,195
MSTRG.9058|serac1,19,22,49,51,46,142
MSTRG.9059|TRSC58_02982,13,9,18,36,33,104
MSTRG.9060|OMS1,4,3,15,26,13,53
MSTRG.9062|TCNA,3,0,0,5,5,10
MSTRG.9065,1,0,3,0,1,2
TrSC58v2_9276,1,0,3,0,1,2
MSTRG.9063|TRSC58_06668,33,14,13,7,2,79
MSTRG.9069|TRSC58_06865,1,0,1,2,0,3
TrSC58v2_9284|TRSC58_06865,1,0,1,1,0,2
MSTRG.9070|Tc_MARK_8730,3,6,3,2,1,16
TrSC58v2_9285|Tc_MARK_8730,1,5,2,0,1,15
MSTRG.9074|TcG_07328,9,0,2,14,4,43
MSTRG.9073|C4B63_61g60,16,4,12,17,7,66
MSTRG.9075|TRSC58_05625,3,13,8,25,8,45
MSTRG.9076|TRSC58_06077,8,10,29,13,19,83
MSTRG.9079|Tc_MARK_7705,8,11,13,34,15,90
MSTRG.9080|GMPR,20,4,31,68,55,117
MSTRG.9078|CEF1,20,21,10,45,45,147
MSTRG.9082|TRSC58_06176,2,3,11,5,0,3
MSTRG.9095|PLR-1,2,2,8,9,2,44
MSTRG.9094|MJ1136,16,28,16,32,28,78
MSTRG.9096|gp63,9,7,20,34,14,38
MSTRG.9098|TRSC58_01651,21,0,34,58,38,148
MSTRG.9099|PSMD9,8,10,5,17,0,17
MSTRG.9100|dst1,3,11,73,29,17,80
MSTRG.9103|TRSC58_01960,7,4,10,27,13,47
MSTRG.9102|Nbn,15,8,29,20,18,56
MSTRG.9104|Ebp,11,4,4,7,7,31
MSTRG.9105|TTLL1,5,11,7,9,12,21
MSTRG.9106|XRN4,23,18,26,28,17,104
MSTRG.9107|TRSC58_05828,8,17,52,37,47,168
MSTRG.9108|TYDC2,2,4,6,7,7,23
MSTRG.9111|C3747_186g6,3,2,7,7,0,11
MSTRG.9112|TRSC58_02502,4,4,14,12,5,33
MSTRG.9113|C4B63_35g158,1,2,9,9,3,25
MSTRG.9115|TRSC58_00439,3,0,2,13,13,23
MSTRG.9116|pyr4,5,6,7,3,2,23
MSTRG.9090|TRSC58_06370,0,4,3,27,11,34
MSTRG.9086,788,608,1301,2224,1229,5113
MSTRG.9086|C4B63_44g149,25,9,54,31,17,162
MSTRG.9086|C3747_141g54,49,39,74,44,82,277
MSTRG.9087|AVP1,85,91,193,245,134,713
MSTRG.9088,8,0,10,0,0,27
MSTRG.9088|TcYC6_0106660,2,0,3,14,7,22
MSTRG.9089|TRSC58_06816,4,5,15,36,16,41
MSTRG.9091|KIF19,14,11,37,48,14,139
MSTRG.9092|pacA,76,27,102,131,66,359
MSTRG.9093|TRSC58_07029,7,5,0,23,8,49
MSTRG.9119|C4B63_35g158,9,14,29,29,6,93
TrSC58v2_9341|C4B63_35g158,8,11,23,24,0,74
MSTRG.9123|Tc_MARK_8865,6,0,4,2,2,13
TrSC58v2_9344|Tc_MARK_8865,1,0,1,1,2,10
MSTRG.9124|TcCL_ESM12910,4,0,2,0,0,0
TrSC58v2_9345|TcCL_ESM12910,0,0,0,0,0,0
MSTRG.9126|TYDC2,2,6,3,15,7,26
TrSC58v2_9347|TYDC2,0,5,0,13,6,24
MSTRG.9127|TRSC58_05828,8,3,6,11,5,36
TrSC58v2_9348|TRSC58_05828,0,3,6,1,4,4
MSTRG.9128|XRN4,5,7,12,10,4,39
TrSC58v2_9349|XRN4,4,5,11,8,0,33
MSTRG.9131|yhfR,5,5,15,20,10,65
TrSC58v2_9353|yhfR,0,3,12,17,8,1
MSTRG.9133|PLR-1,2,5,4,2,2,8
TrSC58v2_9355|PLR-1,1,0,2,1,1,7
MSTRG.9134|gp63,17,21,24,39,31,103
TrSC58v2_9356|gp63,14,17,30,35,25,124
MSTRG.9142|BGAMMA,1,0,1,3,1,3
TrSC58v2_9370|BGAMMA,1,0,1,2,1,4
TrSC58v2_9371|PPP2R3A,2,0,2,0,3,6
MSTRG.9143|PPP2R3A,1,0,1,2,1,5
MSTRG.9145|BCY84_22021,6,0,16,12,5,38
TrSC58v2_9373|BCY84_22021,5,0,12,9,3,27
MSTRG.9135,3,16,26,27,20,72
MSTRG.9136|TCSYLVIO_009855,15,11,35,49,20,157
TrSC58v2_9357|TCSYLVIO_009855,15,10,32,47,19,141
MSTRG.9137|TRSC58_05849,2,2,6,11,13,31
TrSC58v2_9358|TRSC58_05849,0,0,2,0,1,1
MSTRG.9138|C3747_143g132,16,12,35,67,48,155
TrSC58v2_9359|C3747_143g132,13,10,30,35,46,128
MSTRG.9139|lsm7,15,19,36,41,28,129
TrSC58v2_9360|lsm7,12,16,29,33,26,110
MSTRG.9140,35,27,34,88,41,212
MSTRG.9141|gp63,8,4,1,2,23,2
MSTRG.9141,11,9,44,43,27,212
TrSC58v2_9363|gp63,0,3,1,3,4,2
MSTRG.9154|TcBrA4_0135300,2,0,13,12,4,31
TrSC58v2_9381|TcBrA4_0135300,1,0,1,11,4,29
MSTRG.9155|TRSC58_02692,2,7,3,4,4,23
TrSC58v2_9382|TRSC58_02692,1,5,2,3,0,20
MSTRG.9157|TER94,2,1,5,7,5,16
MSTRG.9147,0,8,15,10,4,42
TrSC58v2_9375|ACBD5,0,2,4,3,1,21
MSTRG.9148|ACBD5,0,3,5,3,5,25
MSTRG.9146|TRSC58_02251,12,25,40,34,19,154
TrSC58v2_9374|TRSC58_02251,9,23,37,29,17,136
MSTRG.9149|Tc_MARK_7728,10,15,31,24,19,144
TrSC58v2_9376|Tc_MARK_7728,10,13,23,22,15,128
MSTRG.9150|TRSC58_01981,11,15,14,11,7,39
TrSC58v2_9377|TRSC58_01981,8,12,11,8,5,35
MSTRG.9151|chtf18,22,12,14,28,31,72
TrSC58v2_9378|chtf18,20,10,10,22,0,57
MSTRG.9152|TRSC58_05893,6,5,22,4,9,35
TrSC58v2_9379|TRSC58_05893,3,4,0,0,7,25
MSTRG.9162|C4B63_137g143c,2,0,4,6,4,26
MSTRG.9158,2,3,0,9,0,4
MSTRG.9159|gp63,5,2,9,19,11,38
MSTRG.9160|vat,5,4,17,12,10,47
MSTRG.9163|C3747_10g9,8,3,39,43,14,63
MSTRG.9164,135,0,0,0,0,0
MSTRG.9164|GBLP,89,277,399,639,380,1787
MSTRG.9165|TcCL_ESM03831,6,7,11,9,0,8
MSTRG.9166|C4B63_137g43,3,0,17,23,10,47
MSTRG.9169|HSP70,19,13,22,35,15,81
MSTRG.9167,89,91,189,272,165,762
MSTRG.9167|HSP70,65,77,155,235,177,572
MSTRG.9168|HSP70,10,12,20,37,36,117
MSTRG.9171|TRSC58_07193,6,4,4,25,35,69
MSTRG.9172,6,52,62,124,52,221
MSTRG.9175|GSP,6,0,4,8,11,32
MSTRG.9181|UGT2A3,9,18,22,25,0,59
MSTRG.9173|ddx31,8,3,29,9,15,66
MSTRG.9174|Kif18a,102,134,305,472,290,1171
MSTRG.9178|ESAG4,1,6,6,2,5,17
TrSC58v2_9409|ESAG4,1,0,3,1,4,3
MSTRG.9182|NUDC,33,19,54,47,20,122
MSTRG.9183|TRSC58_02735,5,3,6,14,15,55
MSTRG.9184|aifB,6,4,19,28,26,70
MSTRG.9188|TRSC58_00931,4,9,13,15,11,94
MSTRG.9186|utp25,10,4,31,38,25,114
MSTRG.9185,0,51,0,0,62,249
MSTRG.9185|TRSC58_07409,27,2,42,39,11,6
MSTRG.9185|Dzip1l,7,6,51,21,2,23
MSTRG.9197|gdhA,24,27,24,38,54,124
MSTRG.9198|BCY84_12244,4,2,6,27,16,30
MSTRG.9199|Tc_MARK_8184,2,4,17,16,12,37
MSTRG.9190|GP85,2,0,4,1,0,6
MSTRG.9191|GP85,14,7,23,14,9,49
MSTRG.9189,1,6,17,23,22,84
MSTRG.9193,27,35,41,74,26,183
MSTRG.9194|SA85-1.1,26,19,31,64,27,171
MSTRG.9192,7,0,15,9,3,22
MSTRG.9195|TRSC58_07193,37,25,57,125,94,246
MSTRG.9196,7,34,65,66,39,245
MSTRG.9200,23,20,54,64,59,229
MSTRG.9202|Tc_MARK_1197,12,13,22,23,18,118
TrSC58v2_9428|Tc_MARK_1197,10,2,20,25,16,104
MSTRG.9203|yigL,5,10,33,9,9,42
TrSC58v2_9429|yigL,4,0,2,11,6,33
MSTRG.9204|gp63,5,1,3,3,5,38
TrSC58v2_9430|gp63,0,1,0,3,5,23
MSTRG.9205|PRL-1,5,5,3,5,3,7
TrSC58v2_9431|PRL-1,4,0,1,4,3,6
MSTRG.9206,3,0,5,5,3,18
MSTRG.9208|mcfS,6,9,12,16,7,44
TrSC58v2_9433|mcfS,0,0,10,0,0,32
MSTRG.9209|TRSC58_03084,8,0,14,14,11,37
TrSC58v2_9434|TRSC58_03084,7,0,2,13,9,33
MSTRG.9210|TRSC58_00252,8,8,11,17,16,68
TrSC58v2_9435|TRSC58_00252,0,0,10,15,15,57
MSTRG.9213|TCNA,8,0,0,4,3,0
TrSC58v2_9438|TCNA,0,0,0,0,2,0
MSTRG.9211|C3747_90g177,6,7,16,25,21,80
TrSC58v2_9436|C3747_90g177,6,6,15,32,24,89
MSTRG.9212|TCSYLVIO_001208,5,4,8,15,9,19
TrSC58v2_9437|TCSYLVIO_001208,3,0,7,16,11,21
MSTRG.9216|TCNA,15,10,33,28,9,85
TrSC58v2_9442|TCNA,12,2,27,21,7,68
MSTRG.9217,7,0,21,15,6,83
MSTRG.9218,9,3,44,7,29,78
MSTRG.9219,16,10,37,33,10,145
MSTRG.9220|gp63,3,0,0,3,2,3
MSTRG.9222|TCSYLVIO_002999,20,6,52,44,13,155
MSTRG.9221|SA85-1.1,19,24,49,85,53,263
MSTRG.9223|TRSC58_00279,3,1,1,0,2,5
MSTRG.9226,4,5,9,45,37,85
MSTRG.9227|TRSC58_02285,2,0,2,0,0,3
MSTRG.9228|TRSC58_02285,5,0,6,23,24,36
MSTRG.9230|GP85,9,15,15,8,34,54
MSTRG.14,0,0,12,17,4,75
TrSC58v2_21|SA85-1.1,0,0,3,0,2,4
MSTRG.23|SA85-1.1,0,8,4,0,3,5
MSTRG.26|C3747_7g1183c,0,0,0,2,5,9
MSTRG.28|C3747_7g1183c,0,0,0,3,5,9
TrSC58v2_28|dot-1.1,0,0,1,1,2,7
MSTRG.30|dot-1.1,0,2,11,6,2,7
TrSC58v2_30|DER1,0,0,0,0,1,12
MSTRG.32|DER1,0,4,4,0,4,14
TrSC58v2_32|TRSC58_05719,0,0,0,0,2,18
MSTRG.34|TRSC58_05719,0,0,0,5,3,16
TrSC58v2_37|Tc_MARK_4252,0,0,0,0,0,0
MSTRG.39|Tc_MARK_4252,0,0,0,2,0,16
TrSC58v2_40|Cep20,0,5,0,6,5,21
MSTRG.42|Cep20,0,6,8,6,6,24
TrSC58v2_41|Chmp1a,0,0,2,6,3,14
MSTRG.43|Chmp1a,0,0,13,7,5,15
TrSC58v2_43|TRSC58_06842,0,0,1,2,0,4
MSTRG.45|TRSC58_06842,0,0,3,3,0,18
TrSC58v2_47|TRSC58_05372,0,0,8,7,9,0
MSTRG.49|TRSC58_05372,0,0,10,9,11,27
TrSC58v2_52|C3747_274g13,0,0,5,8,0,24
MSTRG.54|C3747_274g13,0,7,6,10,20,29
TrSC58v2_53|TRSC58_01550,0,0,0,0,0,1
MSTRG.55|TRSC58_01550,0,0,0,0,0,4
TrSC58v2_57|TRSC58_01365,0,1,0,1,1,2
MSTRG.59|TRSC58_01365,0,3,0,3,3,6
TrSC58v2_60|TRSC58_02325,0,0,3,0,2,19
MSTRG.62|TRSC58_02325,0,5,4,12,3,21
TrSC58v2_62|At1g08940,0,0,0,2,8,31
MSTRG.64|At1g08940,0,8,19,27,9,36
TrSC58v2_63|ZNHIT3,0,0,0,2,3,2
MSTRG.65|ZNHIT3,0,0,0,7,3,20
MSTRG.68,0,0,0,17,2,41
TrSC58v2_67|DQ04_02281050,0,0,0,5,1,2
MSTRG.70|DQ04_02281050,0,0,0,6,2,24
TrSC58v2_68|MDP1,0,1,1,3,0,18
MSTRG.71|MDP1,0,3,13,8,4,21
TrSC58v2_72|TRSC58_02116,0,0,1,2,0,9
MSTRG.76|TRSC58_02116,0,4,7,10,0,10
TrSC58v2_73|TRSC58_02243,0,0,1,6,5,15
MSTRG.77|TRSC58_02243,0,0,6,7,7,18
TrSC58v2_75|CSNK1G3,0,0,2,13,0,16
MSTRG.79|CSNK1G3,0,0,3,16,12,18
TrSC58v2_76|TRSC58_05208,0,5,7,19,8,12
MSTRG.80|TRSC58_05208,0,6,9,23,9,57
MSTRG.83,0,0,2,3,3,2
TrSC58v2_86|TRSC58_03378,0,3,7,10,8,29
MSTRG.90|TRSC58_03378,0,5,10,14,10,36
TrSC58v2_156|METTL9,0,1,5,7,1,16
MSTRG.156|METTL9,0,4,3,9,13,18
TrSC58v2_158|TRSC58_05661,0,1,1,0,0,28
MSTRG.158|TRSC58_05661,0,3,3,15,2,31
TrSC58v2_161|TRSC58_04185,0,0,1,1,2,4
MSTRG.161|TRSC58_04185,0,0,5,10,7,12
TrSC58v2_163|TRSC58_02766,0,0,0,1,2,3
MSTRG.163|TRSC58_02766,0,0,0,3,2,1
TrSC58v2_164|TRSC58_01758,0,1,0,0,2,10
MSTRG.164|TRSC58_01758,0,1,5,0,7,12
TrSC58v2_169|rppH,0,0,2,0,3,10
MSTRG.170|rppH,0,0,5,7,4,10
TrSC58v2_551|ODA7,0,0,1,4,1,8
MSTRG.557|ODA7,0,4,2,5,6,9
TrSC58v2_553|TcCL_ESM03902,0,1,0,0,1,0
MSTRG.560|TcCL_ESM03902,0,1,0,0,2,0
MSTRG.561,0,0,19,9,1,3
TrSC58v2_554|TcSYL_0070780,0,1,0,1,1,3
MSTRG.562|TcSYL_0070780,0,4,0,2,7,4
TrSC58v2_557|DQ04_14591020,0,0,1,1,1,8
MSTRG.565|DQ04_14591020,0,0,1,3,2,8
TrSC58v2_561|TcCL_ESM08843,0,0,0,0,0,0
TrSC58v2_561.t1.e1|TcCL_ESM08843,0,0,0,0,0,0
TrSC58v2_982|TRSC58_04511,0,0,1,0,0,1
MSTRG.979|TRSC58_04511,0,0,2,0,0,1
TrSC58v2_993|TRSC58_01974,0,0,0,4,2,8
MSTRG.987|TRSC58_01974,0,0,0,5,3,9
TrSC58v2_997|C3747_37g177,0,0,0,0,0,11
MSTRG.991|C3747_37g177,0,0,0,0,7,11
TrSC58v2_998|BT_1078,0,0,2,11,3,40
MSTRG.992|BT_1078,0,0,14,12,20,46
TrSC58v2_1001|TRSC58_05564,0,7,19,19,18,42
MSTRG.995|TRSC58_05564,0,9,25,22,20,49
TrSC58v2_1002|TRSC58_04400,0,0,2,0,0,0
MSTRG.996|TRSC58_04400,0,4,3,0,0,8
TrSC58v2_1004|DDB0186972,0,0,0,0,1,2
MSTRG.998|DDB0186972,0,0,3,0,4,27
TrSC58v2_1005|yybD,0,1,2,1,0,1
MSTRG.999|yybD,0,2,2,7,4,7
TrSC58v2_1007|TRSC58_05001,0,0,1,0,1,20
MSTRG.1001|TRSC58_05001,0,0,7,2,1,22
TrSC58v2_1009|TRSC58_06232,0,0,15,18,0,66
MSTRG.1003|TRSC58_06232,0,0,18,27,15,72
TrSC58v2_1016|TRSC58_07029,0,0,0,0,0,0
MSTRG.1010|TRSC58_07029,0,3,0,0,3,5
MSTRG.1013|TRSC58_04597,0,8,19,26,15,44
MSTRG.1076|Tc_MARK_2683,0,11,6,3,6,29
MSTRG.1556|RABEPK,0,0,6,15,9,29
MSTRG.1560|VPS54,0,9,7,25,27,71
MSTRG.1563|ARL3,0,0,3,14,0,33
MSTRG.1572|PRO-1,0,0,3,1,2,8
MSTRG.1578|TcBrA4_0081860,0,0,21,2,10,42
MSTRG.1581|MORN3,0,0,0,6,0,8
MSTRG.1582|TcCLB.508479.170,0,0,0,11,11,12
TrSC58v2_1632|RAB4B,0,0,0,6,10,39
MSTRG.1587|RAB4B,0,0,8,7,2,45
TrSC58v2_1636|At2g25737,0,0,1,0,2,6
MSTRG.1590|At2g25737,0,2,5,5,3,7
TrSC58v2_1637|BCY84_01460,0,0,2,1,3,1
MSTRG.1591|BCY84_01460,0,0,5,3,4,3
MSTRG.1735|TRSC58_03481,0,8,23,12,13,40
MSTRG.1737|rusf1,0,4,9,13,7,52
MSTRG.1738|Tc_MARK_2853,0,9,0,10,7,32
MSTRG.1739|TRSC58_01698,0,12,40,29,46,150
MSTRG.1741,0,2,2,0,7,10
MSTRG.1742|plsC,0,3,21,12,4,51
MSTRG.1745|TRSC58_00772,0,0,0,2,4,13
TrSC58v2_1797,0,0,0,0,0,1
TrSC58v2_1797.t1.e1,0,0,0,0,0,1
TrSC58v2_1798,0,0,0,0,1,1
TrSC58v2_1798.t1.e1,0,0,0,0,1,1
TrSC58v2_1799,0,0,0,0,0,0
TrSC58v2_1799.t1.e1,0,0,0,0,0,0
TrSC58v2_1800,0,0,0,0,1,1
TrSC58v2_1800.t1.e1,0,0,0,0,1,1
TrSC58v2_1801,0,0,0,0,1,1
TrSC58v2_1801.t1.e1,0,0,0,0,1,1
TrSC58v2_1802,0,0,0,0,1,0
TrSC58v2_1802.t1.e1,0,0,0,0,1,0
TrSC58v2_1803,0,0,0,0,1,1
TrSC58v2_1803.t1.e1,0,0,0,0,1,1
TrSC58v2_1804,0,0,0,0,1,0
TrSC58v2_1804.t1.e1,0,0,0,0,1,0
TrSC58v2_1805,0,0,0,0,1,0
TrSC58v2_1805.t1.e1,0,0,0,0,1,0
TrSC58v2_1806,0,0,0,0,1,1
TrSC58v2_1806.t1.e1,0,0,0,0,1,1
TrSC58v2_1807,0,0,0,0,1,1
TrSC58v2_1807.t1.e1,0,0,0,0,1,1
MSTRG.1755|mtq2,0,0,17,9,6,33
MSTRG.1756|TRSC58_00359,0,7,4,3,3,12
MSTRG.1760|TRSC58_05359,0,9,13,15,11,47
MSTRG.1764|TRSC58_05113,0,0,23,16,19,66
MSTRG.1765|TRSC58_01460,0,0,4,16,5,29
MSTRG.1766,0,0,13,11,6,32
MSTRG.1767|EDA2,0,14,12,41,35,65
MSTRG.1775|TcYC6_0051660,0,8,6,2,6,21
MSTRG.1780|TRSC58_04160,0,2,24,7,11,24
MSTRG.1783|LPPD,0,0,3,17,7,35
MSTRG.1784|TRSC58_01177,0,2,4,19,0,13
MSTRG.1788|TRSC58_05458,0,0,11,21,0,31
MSTRG.1789|CBR2,0,9,6,12,10,68
MSTRG.1792|NO26,0,0,11,20,7,44
MSTRG.1801|TUT4,0,4,12,0,4,34
MSTRG.1802|TRSC58_06064,0,8,3,3,18,9
TrSC58v2_1932|TRSC58_01454,0,2,1,6,2,21
MSTRG.1883|TRSC58_01454,0,2,3,6,2,18
TrSC58v2_1934|COG5,0,0,10,9,11,3
MSTRG.1885|COG5,0,0,12,10,13,85
TrSC58v2_1937|TRSC58_03070,0,0,2,1,3,23
MSTRG.1888|TRSC58_03070,0,0,12,34,8,24
MSTRG.1977|C3747_37g9,0,2,4,0,17,7
MSTRG.1981|TcYC6_0103260,0,6,17,10,11,25
TrSC58v2_2376|gsp-1,0,0,7,16,9,28
MSTRG.2313|gsp-1,0,4,9,18,10,31
TrSC58v2_2378|TRSC58_00357,0,0,7,12,3,4
MSTRG.2315|TRSC58_00357,0,7,8,14,4,56
TrSC58v2_2387|TRSC58_06264,0,3,1,16,1,21
MSTRG.2321|TRSC58_06264,0,4,24,18,12,24
TrSC58v2_2393|TRSC58_01851,0,1,10,10,10,29
MSTRG.2327|TRSC58_01851,0,1,13,11,12,46
MSTRG.2329,0,10,0,6,6,36
TrSC58v2_2395|TRSC58_02553,0,1,0,1,1,1
MSTRG.2329|TRSC58_02553,0,1,9,1,1,7
TrSC58v2_2398|TRSC58_05557,0,0,4,1,1,23
MSTRG.2332|TRSC58_05557,0,3,4,7,3,33
TrSC58v2_2399|TRSC58_05188,0,0,3,0,10,40
MSTRG.2333|TRSC58_05188,0,0,4,29,11,46
TrSC58v2_2405|TcCL_NonESM02347,0,0,1,1,0,2
MSTRG.2339|TcCL_NonESM02347,0,0,3,2,0,3
TrSC58v2_2406|ATTY,0,0,0,0,0,0
TrSC58v2_2406.t1.e1|ATTY,0,0,0,0,0,0
TrSC58v2_2407|ATTY,0,0,0,1,0,1
TrSC58v2_2407.t1.e1|ATTY,0,0,1,1,0,1
MSTRG.2969|TRSC58_04886,0,0,4,4,7,26
MSTRG.2970|TcG_09041,0,8,6,3,0,24
TrSC58v2_3061|TCNA,0,0,0,2,2,4
MSTRG.2975|TCNA,0,0,2,2,3,4
MSTRG.2977|TRSC58_07112,0,4,0,27,14,31
MSTRG.2984,0,4,3,8,15,21
TrSC58v2_3071.t1.e1|PRO-1,0,0,0,0,0,0
TrSC58v2_3071|PRO-1,0,0,0,1,0,1
TrSC58v2_3074.t1.e1|PRO-1,0,0,0,0,0,0
TrSC58v2_3074|PRO-1,0,0,0,0,0,0
TrSC58v2_3075.t1.e1|THT2A,0,0,0,0,0,0
TrSC58v2_3075|THT2A,0,0,0,0,0,0
MSTRG.3261,0,3,20,23,32,28
TrSC58v2_3366|TRSC58_00439,0,0,1,6,2,9
MSTRG.3266|TRSC58_00439,0,0,3,7,5,9
TrSC58v2_3367|TcCLB.511643.4,0,1,0,0,0,1
MSTRG.3267|TcCLB.511643.4,0,2,0,2,0,2
TrSC58v2_3368|Tc_MARK_8866,0,0,1,0,0,1
MSTRG.3268|Tc_MARK_8866,0,0,7,0,2,6
TrSC58v2_3373|Trs20,0,0,12,3,1,13
MSTRG.3273|Trs20,0,0,11,3,8,12
TrSC58v2_3375|TRSC58_07193,0,0,2,2,1,2
MSTRG.3275|TRSC58_07193,0,0,7,6,5,9
TrSC58v2_3376|TvY486_1015550,0,1,0,1,1,4
MSTRG.3276|TvY486_1015550,0,1,6,2,1,4
TrSC58v2_3377|TvY486_0031820,0,1,0,2,1,0
MSTRG.3277|TvY486_0031820,0,2,0,2,1,0
TrSC58v2_3486|C3747_117g515c,0,0,1,2,2,2
MSTRG.3388|C3747_117g515c,0,0,6,9,3,11
TrSC58v2_3490|Tc_MARK_5314,0,1,7,2,1,4
MSTRG.3392|Tc_MARK_5314,0,1,8,15,6,43
TrSC58v2_3503|TRSC58_00222,0,0,4,13,0,27
MSTRG.3405|TRSC58_00222,0,4,5,14,9,32
TrSC58v2_3506|bckd-1A,0,9,4,9,7,25
MSTRG.3408|bckd-1A,0,10,5,11,8,31
TrSC58v2_3507|C3747_117g86,0,0,1,1,0,2
MSTRG.3409|C3747_117g86,0,4,3,9,0,5
TrSC58v2_3510|TcCL_NonESM04708,0,0,0,0,2,1
MSTRG.3412|TcCL_NonESM04708,0,0,0,0,5,3
MSTRG.3584|GIN4,0,0,4,4,5,38
MSTRG.3586|ANP1,0,22,34,61,26,163
MSTRG.3589|TRSC58_04282,0,4,9,7,3,16
MSTRG.3590|TRSC58_01514,0,4,0,0,9,19
MSTRG.3591|slc49a4,0,0,4,4,4,11
MSTRG.3594|TRSC58_03104,0,4,12,25,17,56
MSTRG.3596|TRSC58_05861,0,4,4,7,4,16
TrSC58v2_3705|colt,0,0,0,0,0,1
MSTRG.3605|colt,0,0,0,0,0,3
TrSC58v2_3706|Slc25a20,0,0,0,0,0,1
MSTRG.3606|Slc25a20,0,0,0,0,0,1
TrSC58v2_3707|DYNLRB1,0,0,0,0,2,8
MSTRG.3607|DYNLRB1,0,0,0,0,5,7
TrSC58v2_3711|rcl1,0,4,0,5,0,0
MSTRG.3611|rcl1,0,5,11,6,0,21
TrSC58v2_3717|TcYC6_0067850,0,0,0,6,1,10
MSTRG.3617|TcYC6_0067850,0,0,0,8,19,14
TrSC58v2_3962|TRSC58_06823,0,1,0,12,3,19
MSTRG.3857|TRSC58_06823,0,4,0,16,10,20
TrSC58v2_3965|TRSC58_04059,0,0,3,13,0,2
MSTRG.3860|TRSC58_04059,0,11,4,16,8,40
TrSC58v2_3969|LINJ.12.0730,0,0,0,5,0,11
MSTRG.3864|LINJ.12.0730,0,0,0,6,0,13
TrSC58v2_3972|Tc_MARK_4361,0,1,0,3,4,20
MSTRG.3867|Tc_MARK_4361,0,3,0,3,4,23
TrSC58v2_3979|TRSC58_01923,0,0,1,0,4,1
MSTRG.3874|TRSC58_01923,0,0,1,5,4,12
TrSC58v2_3980|Hdhd5,0,5,10,2,2,24
MSTRG.3875|Hdhd5,0,7,11,3,3,38
TrSC58v2_3982|TRSC58_06274,0,0,0,0,1,13
MSTRG.3877|TRSC58_06274,0,11,4,15,8,15
MSTRG.3883|TcYC6_0012870,0,8,10,17,11,37
MSTRG.4114|TcYC6_0120040,0,0,13,18,0,29
TrSC58v2_4249|TcBrA4_0081860,0,1,4,6,2,32
MSTRG.4117|TcBrA4_0081860,0,4,5,7,16,34
MSTRG.4120,0,4,17,14,19,54
TrSC58v2_4465|At2g19790,0,2,3,4,1,6
MSTRG.4344|At2g19790,0,2,3,5,2,7
TrSC58v2_4468|TRSC58_06613,0,0,8,23,14,28
MSTRG.4347|TRSC58_06613,0,0,12,27,16,38
TrSC58v2_4469|TM35_000033340,0,0,7,6,1,12
MSTRG.4348|TM35_000033340,0,0,8,7,9,15
TrSC58v2_4471|TRSC58_02345,0,0,1,1,0,8
MSTRG.4350|TRSC58_02345,0,0,2,4,0,9
TrSC58v2_4476|PYK1,0,14,2,1,9,51
MSTRG.4355|PYK1,0,17,13,52,10,62
TrSC58v2_4477|srp19,0,0,0,1,1,8
MSTRG.4356|srp19,0,4,0,13,1,9
TrSC58v2_4478|DIP13,0,1,0,1,1,13
MSTRG.4357|DIP13,0,5,0,6,4,16
MSTRG.4358|TRSC58_04178,0,0,0,0,0,4
MSTRG.4360|TRSC58_01144,0,3,0,11,12,23
MSTRG.4361|unc-64,0,8,9,22,24,44
MSTRG.4366|TcYC6_0012870,0,8,9,6,7,22
MSTRG.4368|TRSC58_07112,0,0,5,2,6,10
MSTRG.4370|TRSC58_02356,0,5,6,13,4,30
MSTRG.4383|TRSC58_05482,0,7,13,21,27,48
MSTRG.4585|DQ04_00981000,0,4,2,4,6,13
MSTRG.4589|TRSC58_00802,0,0,4,7,0,15
MSTRG.4785|Tc_MARK_624,0,7,5,27,5,40
MSTRG.4786|gln-1,0,3,3,0,4,22
TrSC58v2_5120|Renbp,0,0,0,0,0,0
TrSC58v2_5120.t1.e1|Renbp,0,0,0,0,0,0
TrSC58v2_5123|Renbp,0,0,0,0,0,0
TrSC58v2_5123.t1.e1|Renbp,0,0,0,0,0,0
TrSC58v2_5124|Renbp,0,0,0,0,0,0
TrSC58v2_5124.t1.e1|Renbp,0,0,0,0,0,0
MSTRG.4984|Renbp,0,0,0,3,0,2
MSTRG.4987|TRSC58_06513,0,0,9,20,0,17
MSTRG.4992|etfB,0,15,18,22,17,67
MSTRG.4994|rpb-6,0,0,4,0,18,35
MSTRG.4999|UCHL3,0,4,9,23,7,32
MSTRG.5270|TRSC58_02819,0,0,0,0,3,15
MSTRG.5273|TcYC6_0112460,0,11,11,8,13,43
MSTRG.5280|TRSC58_07057,0,17,26,20,18,41
MSTRG.5281|PUS1,0,0,47,50,37,108
MSTRG.5285|Sqor,0,7,5,38,13,61
MSTRG.5286|TRSC58_05786,0,0,4,7,0,31
MSTRG.5295|TcYC6_0112700,0,10,9,17,3,14
MSTRG.5311|cnrB,0,0,11,8,21,17
TrSC58v2_5452|TCNA,0,0,1,0,4,1
MSTRG.5312|TCNA,0,0,2,2,5,24
TrSC58v2_5453|TCNA,0,1,0,0,1,0
MSTRG.5313|TCNA,0,1,0,0,1,1
TrSC58v2_5460|TRSC58_03869,0,0,3,0,4,15
MSTRG.5320|TRSC58_03869,0,0,5,8,5,17
TrSC58v2_5465|C3747_114g92,0,0,0,3,1,1
MSTRG.5325|C3747_114g92,0,0,0,3,8,8
TrSC58v2_5466|TRSC58_00595,0,0,1,0,10,1
MSTRG.5326|TRSC58_00595,0,0,6,12,11,5
TrSC58v2_5468|TRSC58_00902,0,0,3,5,1,4
MSTRG.5328|TRSC58_00902,0,0,3,6,3,23
TrSC58v2_5470|acp4,0,8,7,29,16,64
MSTRG.5330|acp4,0,10,11,31,19,80
TrSC58v2_5476|TRSC58_02581,0,0,0,1,0,1
MSTRG.5336|TRSC58_02581,0,0,3,15,0,16
TrSC58v2_5477|DED1,0,0,0,8,0,23
MSTRG.5337|DED1,0,4,7,12,4,30
TrSC58v2_5479|isyna1-b,0,0,5,0,0,38
MSTRG.5339|isyna1-b,0,7,7,16,24,43
TrSC58v2_5481|TRSC58_06248,0,0,10,0,0,10
MSTRG.5341|TRSC58_06248,0,5,13,4,4,13
MSTRG.5416|TRSC58_01482,0,8,0,6,5,38
MSTRG.5417|TRSC58_05764,0,0,0,12,0,20
MSTRG.5421|TcYC6_0071620,0,15,2,19,12,43
MSTRG.5423|DQ04_06241010,0,0,0,8,2,8
MSTRG.5426|TRSC58_01235,0,5,7,11,0,0
MSTRG.5434|NRKA,0,0,9,38,7,65
MSTRG.5441|TcYC6_0071380,0,5,28,44,23,70
MSTRG.5453|TRSC58_01534,0,0,0,8,0,20
MSTRG.5460|Dusp7,0,3,5,8,5,34
MSTRG.5461|TRSC58_06604,0,0,3,12,12,33
MSTRG.5463|dst4,0,0,5,8,0,5
MSTRG.5464|COX18,0,11,8,24,7,57
MSTRG.5465|TRSC58_04377,0,9,7,7,4,9
MSTRG.5466|TRSC58_04096,0,5,0,19,8,52
MSTRG.5468|psd,0,7,28,10,13,33
MSTRG.5471|TRSC58_02381,0,10,5,34,12,59
MSTRG.5477|At4g30220,0,4,3,8,4,16
MSTRG.5478|IRK,0,8,18,15,12,73
MSTRG.5485|chmp1,0,13,24,41,14,55
MSTRG.5487|ZMYND12,0,5,7,24,11,85
MSTRG.5636|map3k13-a,0,3,6,7,9,25
MSTRG.5638|TCSYLVIO_010731,0,2,0,5,2,15
MSTRG.5646|TRSC58_05397,0,0,0,5,8,31
MSTRG.5647|Tb927.3.5550,0,2,4,18,11,25
MSTRG.5649,0,9,2,8,10,34
MSTRG.5655|TRSC58_05388,0,0,4,0,9,25
MSTRG.5657|TRSC58_01469,0,18,18,21,34,122
MSTRG.5912|PSR1,0,0,10,15,20,41
TrSC58v2_6063|TRSC58_00641,0,1,0,0,0,2
MSTRG.5916|TRSC58_00641,0,6,0,4,11,19
TrSC58v2_6065|ARL2,0,0,0,0,1,23
MSTRG.5918|ARL2,0,4,4,4,25,26
TrSC58v2_6067|ret3,0,0,4,9,1,29
MSTRG.5920|ret3,0,0,19,10,6,32
TrSC58v2_6068|TRSC58_02073,0,8,5,13,12,34
MSTRG.5921|TRSC58_02073,0,8,6,13,12,34
TrSC58v2_6075.t1.e1|TCNA,0,0,0,1,0,0
TrSC58v2_6075|TCNA,0,0,0,1,0,0
TrSC58v2_6076.t1.e1|TcCLB.510979.40,0,0,0,0,0,0
TrSC58v2_6076|TcCLB.510979.40,0,0,0,0,0,0
MSTRG.5929|C3747_186g4,0,2,2,2,8,8
TrSC58v2_6238|TRSC58_01606,0,0,13,13,11,62
MSTRG.6075|TRSC58_01606,0,4,14,16,13,68
MSTRG.6086|TcCL_ESM04361,0,4,23,16,4,36
MSTRG.6089|VAC14,0,3,5,18,12,61
MSTRG.6096|TRSC58_06211,0,10,29,38,15,150
MSTRG.6097|Nek1,0,8,7,13,4,12
TrSC58v2_6359.t1.e1|ESAG4,0,0,0,1,0,0
TrSC58v2_6359|ESAG4,0,0,0,1,0,0
MSTRG.6200|PMC1,0,0,1,3,2,9
MSTRG.6202|patA,0,0,3,7,10,13
MSTRG.6314,0,0,0,3,0,0
MSTRG.6315|GP85,0,3,7,10,3,27
MSTRG.6345,0,0,4,2,2,23
MSTRG.6346|SA85-1.1,0,1,7,14,4,6
MSTRG.6352|mlkA,0,4,3,0,4,46
MSTRG.6353|TRSC58_06026,0,3,5,0,11,17
MSTRG.6354|fabG,0,7,15,7,3,22
TrSC58v2_6609|TRSC58_01643,0,1,0,0,0,0
MSTRG.6450|TRSC58_01643,0,1,0,3,0,3
MSTRG.6451|TCNA,0,0,0,5,0,3
MSTRG.6454|GP85,0,1,2,6,5,6
MSTRG.6455|SA85-1.1,0,0,5,2,2,8
MSTRG.6456|TcCLB.508229.60,0,0,2,2,2,3
MSTRG.6453|TRSC58_07196,0,0,0,2,0,2
MSTRG.6550|TRSC58_04513,0,3,6,29,12,44
MSTRG.6557|Tc00.1047053506753.170,0,0,4,8,7,34
MSTRG.6558|TRSC58_04938,0,8,0,7,13,17
MSTRG.6562|CG4456,0,11,6,18,0,32
MSTRG.6564|CYB5,0,3,20,8,7,51
MSTRG.6565|TRSC58_02618,0,6,0,13,5,28
MSTRG.6567|Nlrc3,0,0,8,8,0,24
MSTRG.6568|ropn1l,0,0,10,6,5,42
MSTRG.6569|GFT1,0,0,8,5,7,8
MSTRG.6571|TRSC58_03628,0,10,0,7,3,8
MSTRG.6580|TcG_10590,0,0,0,0,0,0
MSTRG.6583|msrAB,0,0,6,7,11,23
MSTRG.6585|SLC35F2,0,4,24,4,4,18
MSTRG.6586|C3747_246g28,0,17,15,7,23,60
MSTRG.6587|TRSC58_00608,0,9,18,0,7,27
MSTRG.6591|TRSC58_02076,0,0,13,11,8,38
MSTRG.6596|QDPR,0,8,5,3,18,29
MSTRG.6600|TRSC58_02963,0,8,9,5,7,9
MSTRG.6608|TRSC58_01886,0,0,10,7,9,40
MSTRG.6609|SIT4,0,0,4,13,8,8
MSTRG.6616|TRSC58_00438,0,4,0,8,11,27
MSTRG.6625|TRSC58_04199,0,4,18,11,8,72
MSTRG.6628|TRSC58_02347,0,12,7,16,8,52
MSTRG.6627,0,10,11,29,20,68
MSTRG.6633|NHP2,0,12,18,26,9,79
MSTRG.6680|PDCD2L,0,7,0,7,4,26
MSTRG.6681|TRSC58_02943,0,0,8,3,0,26
MSTRG.6689|TRSC58_06795,0,0,0,3,0,0
MSTRG.6690|ZIP8,0,2,3,6,2,13
MSTRG.6691|ZIP9,0,0,2,1,0,2
MSTRG.6692|ZIP8,0,3,6,8,3,28
MSTRG.6693|ZIP9,0,0,2,1,0,2
MSTRG.6696|ZIP8,0,2,4,6,2,21
TrSC58v2_6870|TRSC58_07029,0,0,0,0,1,3
MSTRG.6701|TRSC58_07029,0,0,3,0,2,4
MSTRG.6723|TRSC58_02535,0,0,9,21,8,20
MSTRG.6724|TRSC58_02022,0,0,0,17,4,7
MSTRG.6728|ERCC1,0,4,9,5,0,27
TrSC58v2_6977|H2A,0,1,1,1,1,1
MSTRG.6810|H2A,0,2,1,2,1,8
TrSC58v2_6978|H2A,0,0,0,0,0,0
MSTRG.6811|H2A,0,1,1,1,0,4
TrSC58v2_6979|H2A,0,0,0,0,0,0
MSTRG.6812|H2A,0,1,1,1,0,4
TrSC58v2_6980|H2A,0,1,1,1,1,2
MSTRG.6813|H2A,0,2,1,2,1,10
TrSC58v2_6981.t1.e1|H2A,0,0,0,0,0,0
TrSC58v2_6981|H2A,0,0,0,0,0,0
TrSC58v2_6982.t1.e1|H2A,0,0,0,0,0,0
TrSC58v2_6982|H2A,0,0,0,0,0,0
TrSC58v2_6983.t1.e1|H2A,0,0,0,0,0,0
TrSC58v2_6983|H2A,0,0,0,0,0,0
TrSC58v2_6984|TcBrA4_0132580,0,0,0,0,0,0
TrSC58v2_6984.t1.e1|TcBrA4_0132580,0,0,0,0,0,0
TrSC58v2_7203.t1.e1|TRSC58_06890,0,0,0,0,0,0
TrSC58v2_7203|TRSC58_06890,0,0,0,0,0,0
MSTRG.7036|TRSC58_06865,0,0,4,0,0,0
MSTRG.7038|PRO-1,0,0,0,0,3,2
MSTRG.7039|Tc_MARK_319,0,0,0,3,0,4
MSTRG.7052|NCU08340,0,5,16,28,16,49
MSTRG.7068|Herc4,0,12,10,4,8,35
MSTRG.7084|ACP2,0,11,11,9,4,24
MSTRG.7085|ACP2,0,3,3,3,1,5
MSTRG.7086|ACP2,0,3,3,3,2,6
MSTRG.7087|ACP2,0,3,5,5,2,23
MSTRG.7088|TRSC58_02259,0,0,2,0,0,3
MSTRG.7089|ACP2,0,41,17,18,13,65
TrSC58v2_7262|At5g12190,0,2,2,5,3,15
MSTRG.7093|At5g12190,0,4,11,6,4,17
TrSC58v2_7267|Brpf3,0,1,13,15,4,34
MSTRG.7098|Brpf3,0,1,16,14,4,38
TrSC58v2_7268|TRSC58_00827,0,0,0,8,7,16
MSTRG.7099|TRSC58_00827,0,0,2,6,7,22
TrSC58v2_7274|RDS3,0,1,1,1,5,12
MSTRG.7105|RDS3,0,2,3,4,6,13
TrSC58v2_7276|TRSC58_07446,0,0,0,0,6,10
MSTRG.7107|TRSC58_07446,0,0,0,0,7,11
TrSC58v2_7283|TRSC58_00590,0,0,0,4,1,13
MSTRG.7113|TRSC58_00590,0,4,0,14,7,15
TrSC58v2_7302.t1.e1|TcCL_ESM08839,0,0,0,0,0,0
TrSC58v2_7302|TcCL_ESM08839,0,0,0,0,0,0
TrSC58v2_7405|TvY486_0042720,0,0,0,0,0,0
TrSC58v2_7405.t1.e1|TvY486_0042720,0,0,0,0,0,0
TrSC58v2_7508|DDB_G0270580,0,3,0,1,7,23
MSTRG.7344|DDB_G0270580,0,4,8,26,9,29
TrSC58v2_7509|TRSC58_03740,0,0,0,1,4,32
MSTRG.7345|TRSC58_03740,0,4,6,15,5,26
MSTRG.7352|TRSC58_07029,0,0,3,0,1,6
MSTRG.7347|ESAG4,0,0,0,0,0,2
MSTRG.7355|TcCL_NonESM13230,0,3,4,2,0,9
MSTRG.7356|TcCL_NonESM13298,0,0,2,8,9,10
MSTRG.7357|KRP95,0,0,0,8,17,16
MSTRG.7358|KRP85,0,2,2,2,5,11
MSTRG.7363|UPF1,0,6,23,33,23,113
TrSC58v2_7529|TRSC58_03722,0,1,0,0,0,2
MSTRG.7366|TRSC58_03722,0,2,0,2,0,3
TrSC58v2_7530|TRSC58_02905,0,0,0,9,5,14
MSTRG.7367|TRSC58_02905,0,4,9,11,7,41
TrSC58v2_7532|TRSC58_04895,0,4,1,11,1,11
MSTRG.7369|TRSC58_04895,0,5,3,12,4,12
TrSC58v2_7537|TcCL_ESM05955,0,3,0,3,8,18
MSTRG.7374|TcCL_ESM05955,0,3,27,16,10,24
TrSC58v2_7574|Crat,0,0,10,8,7,5
MSTRG.7411|Crat,0,0,11,10,8,7
TrSC58v2_7576|Mettl25,0,11,17,19,14,62
MSTRG.7414|Mettl25,0,16,20,22,15,79
TrSC58v2_7580|TRSC58_01057,0,0,0,2,0,5
MSTRG.7419|TRSC58_01057,0,7,0,13,8,51
TrSC58v2_7582|SPBC29A10.16c,0,1,0,1,1,3
MSTRG.7421|SPBC29A10.16c,0,2,8,1,1,7
TrSC58v2_7590|C4B63_25g256,0,0,5,2,5,26
MSTRG.7429|C4B63_25g256,0,7,6,17,6,28
TrSC58v2_7594|TBC1D5,0,0,6,4,0,11
MSTRG.7433|TBC1D5,0,0,9,5,8,15
TrSC58v2_7595|MGL2,0,0,0,7,1,12
MSTRG.7434|MGL2,0,0,7,7,8,13
TrSC58v2_7596|GP85,0,0,0,0,1,1
MSTRG.7435|GP85,0,0,0,0,2,1
TrSC58v2_7598|gp63,0,0,0,0,0,9
MSTRG.7437|gp63,0,0,2,4,0,11
MSTRG.7443|TRSC58_06436,0,0,0,0,0,4
MSTRG.7444|TRSC58_06436,0,0,3,0,0,13
MSTRG.7445|TRSC58_00689,0,0,0,0,0,2
MSTRG.7446|GP85,0,0,10,7,2,33
MSTRG.7448|TRSC58_05724,0,0,8,22,0,33
MSTRG.7449|ABHD17B,0,3,21,25,17,59
TrSC58v2_7660|TRSC58_02415,0,0,5,0,0,5
MSTRG.7505|TRSC58_02415,0,0,7,18,7,43
MSTRG.7509,0,0,13,5,3,52
MSTRG.7512,0,3,35,19,15,77
TrSC58v2_7740|ESAG4,0,1,1,2,0,4
MSTRG.7596|ESAG4,0,1,2,2,1,5
TrSC58v2_7741|TRSC58_06524,0,0,0,0,0,0
MSTRG.7597|TRSC58_06524,0,0,0,3,0,0
MSTRG.7659|CATR,0,15,10,28,12,33
MSTRG.7670|patA,0,0,0,5,3,9
TrSC58v2_7816|midA,0,0,0,1,1,0
MSTRG.7673|midA,0,0,4,19,14,15
TrSC58v2_7817|TRSC58_01532,0,3,8,5,16,40
MSTRG.7674|TRSC58_01532,0,3,11,42,19,49
TrSC58v2_7819|DDB_G0292140,0,0,1,0,0,32
MSTRG.7676|DDB_G0292140,0,8,19,9,8,34
TrSC58v2_7826|TcYC6_0030960,0,1,4,4,4,9
MSTRG.7682|TcYC6_0030960,0,4,4,5,4,10
TrSC58v2_7832|TcSYL_0173820,0,0,2,6,0,6
MSTRG.7692|TcSYL_0173820,0,4,3,7,0,6
TrSC58v2_7833|TRSC58_00343,0,0,2,1,5,13
MSTRG.7693|TRSC58_00343,0,0,6,2,5,16
MSTRG.7737|TRSC58_03538,0,3,7,4,0,21
MSTRG.7745|TRSC58_04748,0,0,2,2,1,3
MSTRG.7746|TRSC58_04748,0,1,2,2,1,4
MSTRG.7747|TRSC58_04748,0,1,2,2,1,4
MSTRG.7748|TRSC58_04748,0,1,0,2,1,4
MSTRG.7749|TRSC58_04748,0,1,0,2,1,4
MSTRG.7750|TRSC58_04748,0,4,1,5,1,13
MSTRG.7751|TRSC58_04748,0,7,3,13,5,30
MSTRG.7760|Tc_MARK_6403,0,0,0,2,0,0
MSTRG.7771|TRSC58_00505,0,4,10,22,10,52
MSTRG.7776|TRSC58_04036,0,0,2,6,4,6
MSTRG.7827|TcG_03105,0,0,0,0,1,1
MSTRG.7828,0,6,7,1,2,27
TrSC58v2_7985.t1.e1|FAM186A,0,0,0,0,0,0
TrSC58v2_7985|FAM186A,0,0,0,0,0,0
TrSC58v2_7995|C3747_69g180,0,1,1,0,0,1
MSTRG.7849|C3747_69g180,0,2,4,0,0,3
TrSC58v2_7998|DQ04_04321010,0,0,8,0,0,1
MSTRG.7852|DQ04_04321010,0,0,9,19,8,76
TrSC58v2_8002|IDLC,0,1,17,13,1,57
MSTRG.7856|IDLC,0,1,19,15,12,69
TrSC58v2_8006|TRSC58_04670,0,0,8,5,0,20
MSTRG.7860|TRSC58_04670,0,0,9,6,0,24
TrSC58v2_8010|TRSC58_04663,0,5,1,6,3,3
MSTRG.7864|TRSC58_04663,0,7,7,7,3,45
TrSC58v2_8013|TRSC58_06746,0,0,8,5,0,50
MSTRG.7867|TRSC58_06746,0,8,10,7,15,64
TrSC58v2_8014|TcG_00699,0,5,6,0,8,34
MSTRG.7868|TcG_00699,0,7,7,17,11,38
TrSC58v2_8034|BCY84_02303,0,0,1,6,1,14
MSTRG.7882|BCY84_02303,0,0,4,7,6,13
TrSC58v2_8037|TRSC58_01140,0,0,1,2,4,16
MSTRG.7885|TRSC58_01140,0,0,2,15,5,15
TrSC58v2_8038|DNJ1,0,0,0,1,1,2
MSTRG.7886|DNJ1,0,0,0,1,3,3
TrSC58v2_8039|TcYC6_0082060,0,1,1,6,0,14
MSTRG.7887|TcYC6_0082060,0,10,9,9,4,15
TrSC58v2_8051|TRSC58_00816,0,5,12,0,8,1
MSTRG.7900|TRSC58_00816,0,6,14,28,9,85
MSTRG.7903,0,0,23,4,0,30
TrSC58v2_8054|TRSC58_04508,0,0,0,1,0,8
MSTRG.7903|TRSC58_04508,0,0,11,11,4,13
TrSC58v2_8065|TcCLB.508229.60,0,0,1,1,2,2
MSTRG.7913|TcCLB.508229.60,0,0,1,1,1,1
TrSC58v2_8067|GP85,0,0,1,3,0,0
MSTRG.7915|GP85,0,2,1,3,2,6
TrSC58v2_8069|GP85,0,0,0,0,0,1
MSTRG.7916|GP85,0,0,0,5,0,4
MSTRG.7917|TCNA,0,0,0,0,5,5
MSTRG.7918|TCNA,0,0,0,0,0,8
TrSC58v2_8073|TRSC58_00467,0,5,14,7,18,2
MSTRG.7920|TRSC58_00467,0,6,17,9,22,91
TrSC58v2_8074|G6PD5,0,0,4,5,8,23
MSTRG.7921|G6PD5,0,0,5,6,9,29
TrSC58v2_8077|At2g01600,0,8,0,1,1,1
MSTRG.7924|At2g01600,0,12,12,45,24,61
TrSC58v2_8084|TcYC6_0081030,0,0,1,5,1,7
MSTRG.7930|TcYC6_0081030,0,4,3,6,7,7
TrSC58v2_8088|RF_0381,0,1,12,1,0,47
MSTRG.7934|RF_0381,0,3,14,16,8,49
TrSC58v2_8089|TRSC58_00004,0,1,8,0,0,12
MSTRG.7935|TRSC58_00004,0,4,9,0,0,13
TrSC58v2_8093|Ppp4r4,0,5,0,1,1,3
MSTRG.7939|Ppp4r4,0,6,22,59,31,143
TrSC58v2_8094|TRSC58_04157,0,0,1,12,6,12
MSTRG.7940|TRSC58_04157,0,0,2,13,7,13
TrSC58v2_8096|TcYC6_0081140,0,0,0,3,0,9
MSTRG.7942|TcYC6_0081140,0,0,6,4,0,11
TrSC58v2_8143|TRSC58_06116,0,1,6,2,3,7
MSTRG.7989|TRSC58_06116,0,2,8,2,4,7
TrSC58v2_8147|DQ04_05521040,0,3,0,8,7,25
MSTRG.7993|DQ04_05521040,0,3,11,8,8,33
MSTRG.8003,0,0,4,5,4,35
TrSC58v2_8236|TRSC58_01072,0,1,1,0,1,4
MSTRG.8080|TRSC58_01072,0,3,2,3,3,14
TrSC58v2_8240|TcYC6_0064650,0,0,0,2,1,17
MSTRG.8084|TcYC6_0064650,0,0,7,3,9,19
TrSC58v2_8242|TRSC58_04566,0,0,0,0,1,1
MSTRG.8086|TRSC58_04566,0,4,4,0,3,3
TrSC58v2_8246|TRSC58_05552,0,1,1,4,9,18
MSTRG.8090|TRSC58_05552,0,14,15,5,10,20
TrSC58v2_8248|LUL2,0,0,0,0,0,18
MSTRG.8092|LUL2,0,0,12,12,0,20
TrSC58v2_8252|TcYC6_0064530,0,0,1,0,1,2
MSTRG.8096|TcYC6_0064530,0,0,1,0,3,3
TrSC58v2_8264|TRSC58_05449,0,1,0,0,3,2
MSTRG.8109|TRSC58_05449,0,5,8,16,3,8
TrSC58v2_8278|TRSC58_01652,0,4,0,9,0,36
MSTRG.8123|TRSC58_01652,0,5,12,10,0,42
TrSC58v2_8287.t1.e1|TRSC58_02290,0,0,0,0,0,0
TrSC58v2_8287|TRSC58_02290,0,0,0,0,0,0
TrSC58v2_8289|TRSC58_02290,0,0,1,1,0,1
MSTRG.8134|TRSC58_02290,0,0,1,1,0,1
TrSC58v2_8352|H3,0,0,0,0,0,0
TrSC58v2_8352.t1.e1|H3,0,0,0,0,0,0
TrSC58v2_8353|H3,0,0,0,0,0,0
TrSC58v2_8353.t1.e1|H3,0,0,0,0,0,0
TrSC58v2_8354|H3,0,0,0,0,0,0
TrSC58v2_8354.t1.e1|H3,0,0,0,0,0,0
TrSC58v2_8355|H3,0,0,0,0,0,0
TrSC58v2_8355.t1.e1|H3,0,0,0,0,0,0
TrSC58v2_8356|H3,0,0,0,0,0,0
TrSC58v2_8356.t1.e1|H3,0,0,0,0,0,0
TrSC58v2_8357|H3,0,0,0,0,0,0
TrSC58v2_8357.t1.e1|H3,0,0,0,0,0,0
TrSC58v2_8358|H3,0,0,0,0,0,0
TrSC58v2_8358.t1.e1|H3,0,0,0,0,0,0
TrSC58v2_8359|H3,0,0,0,0,0,0
TrSC58v2_8359.t1.e1|H3,0,0,0,0,0,0
TrSC58v2_8360|H3,0,0,0,0,0,0
TrSC58v2_8360.t1.e1|H3,0,0,0,0,0,0
TrSC58v2_8361|H3,0,0,0,0,0,0
TrSC58v2_8361.t1.e1|H3,0,0,0,0,0,0
TrSC58v2_8362|H3,0,0,0,0,0,0
TrSC58v2_8362.t1.e1|H3,0,0,0,0,0,0
TrSC58v2_8363|H3,0,0,0,0,0,0
TrSC58v2_8363.t1.e1|H3,0,0,0,0,0,0
MSTRG.8206|H3,0,0,0,0,0,2
TrSC58v2_8365|H3,0,0,0,0,0,0
TrSC58v2_8365.t1.e1|H3,0,0,0,0,0,1
TrSC58v2_8366|H3,0,0,0,0,0,0
TrSC58v2_8366.t1.e1|H3,0,0,0,0,0,1
TrSC58v2_8367|H3,0,0,0,0,0,0
TrSC58v2_8367.t1.e1|H3,0,0,0,0,0,1
MSTRG.8210|LZTFL1,0,0,4,15,10,20
MSTRG.8217|TcBrA4_0079780,0,12,24,15,9,76
MSTRG.8219|NSDHL,0,0,5,24,10,46
MSTRG.8224|lsm7,0,0,0,0,2,9
MSTRG.8223,0,10,5,9,2,44
MSTRG.8232,0,11,9,23,10,56
MSTRG.8232|DQ04_00871000,0,2,2,2,2,2
MSTRG.8237|TcYC6_0117510,0,3,5,0,0,12
TrSC58v2_8404|TcCL_ESM03924,0,0,1,1,2,16
MSTRG.8243|TcCL_ESM03924,0,0,3,27,3,17
TrSC58v2_8410|TRSC58_07230,0,0,7,8,0,0
MSTRG.8249|TRSC58_07230,0,0,9,12,11,42
TrSC58v2_8411|Tc_MARK_2328,0,2,1,5,0,24
MSTRG.8250|Tc_MARK_2328,0,7,1,7,8,26
TrSC58v2_8413|TRSC58_03688,0,0,4,0,2,16
MSTRG.8252|TRSC58_03688,0,0,4,4,14,18
TrSC58v2_8417|TRSC58_03997,0,1,1,7,2,14
MSTRG.8256|TRSC58_03997,0,4,14,9,16,20
TrSC58v2_8419|TRSC58_02791,0,0,0,0,0,1
MSTRG.8258|TRSC58_02791,0,0,0,3,0,1
MSTRG.8315|TRSC58_03573,0,0,0,4,2,21
MSTRG.8316|TRSC58_02524,0,4,27,20,9,36
TrSC58v2_8494|TRSC58_03638,0,0,7,11,2,13
MSTRG.8333|TRSC58_03638,0,0,7,10,14,15
TrSC58v2_8495|SLC25A1,0,0,1,7,0,0
MSTRG.8334|SLC25A1,0,5,23,8,0,31
TrSC58v2_8544.t1.e1|TBB,0,0,0,0,0,0
TrSC58v2_8544|TBB,0,0,0,0,0,0
TrSC58v2_8545|TBB,0,0,0,1,1,2
MSTRG.8370|TBB,0,0,0,1,1,2
MSTRG.8418|Tbc1d20,0,0,13,0,5,46
MSTRG.8421|chordc1,0,13,23,15,8,51
MSTRG.8423|Espl1,0,11,37,21,16,70
MSTRG.8427|TRSC58_06530,0,3,5,9,11,30
MSTRG.8429|TRSC58_04697,0,13,29,15,7,39
MSTRG.8430|amaA,0,0,17,4,3,43
MSTRG.8431|cpsA2,0,4,10,3,5,5
MSTRG.8432|amaA,0,5,10,4,5,4
MSTRG.8433,0,0,6,4,0,6
MSTRG.8434|PPR10,0,3,17,18,34,45
MSTRG.8435|TRSC58_00307,0,0,10,10,7,34
MSTRG.8437|TcBrA4_0026530,0,0,0,8,9,27
TrSC58v2_8632|RNU1,0,0,0,0,0,20
MSTRG.8473|RNU1,0,4,15,14,3,24
TrSC58v2_8637|Tc_MARK_5298,0,0,0,0,0,2
MSTRG.8478|Tc_MARK_5298,0,2,0,2,3,7
TrSC58v2_8638|TcCL_NonESM11071,0,0,1,1,0,2
MSTRG.8479|TcCL_NonESM11071,0,0,3,2,0,5
TrSC58v2_8641|TCNA,0,0,2,3,2,10
MSTRG.8482|TCNA,0,0,5,3,3,10
TrSC58v2_8642|TCSYLVIO_001170,0,1,2,0,1,7
MSTRG.8483|TCSYLVIO_001170,0,6,6,0,2,7
MSTRG.8486|PRO-1,0,0,0,3,0,2
TrSC58v2_8649|THT2C,0,0,0,0,0,0
TrSC58v2_8649.t1.e1|THT2C,0,0,0,0,0,0
TrSC58v2_8704|TCSYLVIO_001417,0,0,4,0,1,5
MSTRG.8539|TCSYLVIO_001417,0,2,5,8,1,5
TrSC58v2_8706|H2A,0,1,1,1,1,2
MSTRG.8541|H2A,0,2,1,2,2,9
TrSC58v2_8707|H2A,0,0,0,0,0,0
MSTRG.8542|H2A,0,1,1,1,0,4
TrSC58v2_8708|H2A,0,0,0,0,0,0
MSTRG.8543|H2A,0,1,1,1,0,4
TrSC58v2_8709|H2A,0,1,1,1,1,2
MSTRG.8544|H2A,0,2,1,2,1,10
TrSC58v2_8710.t1.e1|H2A,0,0,0,0,0,0
TrSC58v2_8710|H2A,0,0,0,0,0,0
TrSC58v2_8711.t1.e1|H2A,0,0,0,0,0,0
TrSC58v2_8711|H2A,0,0,0,0,0,0
TrSC58v2_8712.t1.e1|H2A,0,0,0,0,0,0
TrSC58v2_8712|H2A,0,0,0,0,0,0
TrSC58v2_8713.t1.e1|H2A,0,0,0,0,0,0
TrSC58v2_8713|H2A,0,0,0,0,0,0
TrSC58v2_8714.t1.e1|H2A,0,0,0,0,0,0
TrSC58v2_8714|H2A,0,0,0,0,0,0
TrSC58v2_8715.t1.e1|H2A,0,0,0,0,0,0
TrSC58v2_8715|H2A,0,0,0,0,0,0
TrSC58v2_8716.t1.e1|H2A,0,0,0,0,0,0
TrSC58v2_8716|H2A,0,0,0,0,0,0
TrSC58v2_8717.t1.e1|H2A,0,0,0,0,0,0
TrSC58v2_8717|H2A,0,0,0,0,0,0
TrSC58v2_8718.t1.e1|H2A,0,0,0,0,0,0
TrSC58v2_8718|H2A,0,0,0,0,0,0
TrSC58v2_8719.t1.e1|H2A,0,0,0,0,0,0
TrSC58v2_8719|H2A,0,0,0,0,0,0
TrSC58v2_8720.t1.e1|H2A,0,0,0,0,0,0
TrSC58v2_8720|H2A,0,0,0,0,0,0
TrSC58v2_8721.t1.e1|H2A,0,0,0,0,0,0
TrSC58v2_8721|H2A,0,0,0,0,0,0
TrSC58v2_8722.t1.e1|H2A,0,0,0,0,0,0
TrSC58v2_8722|H2A,0,0,0,0,0,0
TrSC58v2_8723.t1.e1|H2A,0,0,0,0,0,0
TrSC58v2_8723|H2A,0,0,0,0,0,0
TrSC58v2_8724.t1.e1|H2A,0,0,0,0,0,0
TrSC58v2_8724|H2A,0,0,0,0,0,0
TrSC58v2_8725.t1.e1|H2A,0,0,0,0,0,0
TrSC58v2_8725|H2A,0,0,0,0,0,0
TrSC58v2_8726.t1.e1|H2A,0,0,0,0,0,0
TrSC58v2_8726|H2A,0,0,0,0,0,0
TrSC58v2_8727.t1.e1|H2A,0,0,0,0,0,0
TrSC58v2_8727|H2A,0,0,0,0,0,0
TrSC58v2_8728.t1.e1|H2A,0,0,0,0,0,0
TrSC58v2_8728|H2A,0,0,0,0,0,0
TrSC58v2_8730|MICU,0,9,7,8,0,16
MSTRG.8546|MICU,0,12,8,9,11,19
TrSC58v2_8736|TRSC58_06457,0,1,5,0,1,37
MSTRG.8551|TRSC58_06457,0,2,6,38,8,40
TrSC58v2_8739|TRSC58_00964,0,0,2,9,0,39
MSTRG.8554|TRSC58_00964,0,0,21,10,21,47
TrSC58v2_8745|SMD1B,0,1,2,10,2,19
MSTRG.8560|SMD1B,0,1,7,11,3,20
TrSC58v2_8747|TRSC58_00082,0,1,1,2,0,3
MSTRG.8562|TRSC58_00082,0,2,2,3,0,20
TrSC58v2_8748|TRSC58_03739,0,0,4,8,6,25
MSTRG.8563|TRSC58_03739,0,11,6,11,7,31
TrSC58v2_8753|pknB,0,0,0,3,0,15
MSTRG.8568|pknB,0,0,0,10,4,17
TrSC58v2_8763|lsm7,0,0,0,4,6,8
MSTRG.8579|lsm7,0,4,0,5,6,9
MSTRG.8583|gp63,0,0,2,2,0,2
MSTRG.8592|TcYC6_0011700,0,8,20,17,9,55
MSTRG.8602|PIF3,0,6,0,3,7,4
MSTRG.8604,0,18,83,122,43,229
MSTRG.8614|C3747_10g603,0,15,12,46,31,67
MSTRG.8634|DPCD,0,0,6,13,6,30
MSTRG.8635|rpc19,0,9,4,0,0,13
MSTRG.8636|sua5,0,8,3,36,11,38
MSTRG.8638|cep76,0,16,16,36,22,48
MSTRG.8642|TRSC58_06866,0,6,9,11,0,30
TrSC58v2_8826|DQ04_02141070,0,0,0,0,0,0
TrSC58v2_8826.t1.e1|DQ04_02141070,0,0,0,0,0,0
MSTRG.8645|AIRP1,0,3,16,34,16,63
MSTRG.8646|TRSC58_07374,0,4,4,15,13,21
MSTRG.8649|ARF3,0,3,11,16,15,48
MSTRG.8654|RB0614,0,0,4,8,16,41
MSTRG.8666|TCNA,0,0,2,0,6,15
MSTRG.8671|TRSC58_03148,0,2,29,21,18,72
TrSC58v2_8856|VTI12,0,0,0,0,1,33
MSTRG.8672|VTI12,0,4,4,11,13,50
TrSC58v2_8857|Cda,0,0,0,1,0,2
MSTRG.8673|Cda,0,4,0,4,8,12
TrSC58v2_8858|At5g25050,0,0,0,2,0,0
MSTRG.8674|At5g25050,0,0,4,3,0,7
TrSC58v2_8865|TRSC58_06575,0,0,2,0,0,4
MSTRG.8681|TRSC58_06575,0,0,3,0,3,5
MSTRG.8682|TRSC58_01339,0,0,0,6,0,16
MSTRG.8689|HMPREF0351_12196,0,0,5,14,5,48
TrSC58v2_8879|TvY486_0042720,0,0,0,0,0,0
TrSC58v2_8879.t1.e1|TvY486_0042720,0,0,0,0,0,0
TrSC58v2_8880|TvY486_0042720,0,0,0,0,0,0
TrSC58v2_8880.t1.e1|TvY486_0042720,0,0,0,0,0,0
TrSC58v2_8881|TvY486_0042720,0,0,0,0,0,0
TrSC58v2_8881.t1.e1|TvY486_0042720,0,0,0,0,0,0
TrSC58v2_8882|cul-2,0,0,8,17,4,36
MSTRG.8693|cul-2,0,4,12,19,4,42
TrSC58v2_8904|TRSC58_00107,0,7,13,7,3,38
MSTRG.8715|TRSC58_00107,0,9,15,10,24,42
TrSC58v2_8911|DQ04_02881070,0,0,1,1,1,4
MSTRG.8722|DQ04_02881070,0,2,2,1,3,4
TrSC58v2_8912|DQ04_02881070,0,0,0,2,1,2
MSTRG.8723|DQ04_02881070,0,0,0,2,5,3
TrSC58v2_8913|DQ04_02881070,0,2,5,2,2,13
MSTRG.8724|DQ04_02881070,0,4,6,3,12,14
TrSC58v2_8916|ZIP1,0,0,1,0,0,2
MSTRG.8727|ZIP1,0,0,2,2,0,19
MSTRG.8737|At3g13620,0,11,16,31,12,83
MSTRG.8740|At1g32220,0,0,8,10,12,52
MSTRG.8749|TcYC6_0019160,0,0,0,10,10,32
MSTRG.8772,0,10,14,9,15,55
TrSC58v2_8967|C3747_237g34,0,0,1,3,2,2
MSTRG.8776|C3747_237g34,0,0,1,3,2,2
TrSC58v2_8968|HAS1,0,1,1,3,1,8
MSTRG.8777|HAS1,0,1,1,3,2,8
MSTRG.8788|TRSC58_06086,0,7,15,18,3,46
MSTRG.8796|TRSC58_04540,0,4,4,12,7,9
MSTRG.8798|TRSC58_01113,0,4,4,12,18,71
MSTRG.8803|TcYC6_0055530,0,0,0,5,0,13
MSTRG.8810|TcBrA4_0115930,0,0,4,0,0,4
MSTRG.8844|TCSYLVIO_008580,0,0,9,0,0,9
TrSC58v2_9040|TRSC58_03697,0,5,5,7,12,29
MSTRG.8845|TRSC58_03697,0,7,6,9,16,37
TrSC58v2_9042|DTYMK,0,0,0,0,1,1
MSTRG.8847|DTYMK,0,0,0,0,10,22
TrSC58v2_9045|TcCL_NonESM07247,0,0,0,1,0,6
MSTRG.8850|TcCL_NonESM07247,0,0,0,8,0,7
MSTRG.8922,0,0,12,13,34,5
MSTRG.8923|gmppb-b,0,20,32,61,38,146
TrSC58v2_9136|gp63,0,0,0,0,2,3
MSTRG.8943|gp63,0,0,2,2,2,4
TrSC58v2_9137|gp63,0,0,1,0,1,1
MSTRG.8944|gp63,0,0,1,0,1,2
TrSC58v2_9138.t1.e1|Triobp,0,0,0,0,1,0
TrSC58v2_9138|Triobp,0,0,0,0,1,0
TrSC58v2_9139|gp63,0,0,0,0,2,3
MSTRG.8945|gp63,0,0,2,1,2,4
TrSC58v2_9142|TcCLB.511575.110,0,2,0,6,3,32
MSTRG.8946|TcCLB.511575.110,0,3,12,8,6,28
TrSC58v2_9146|TRSC58_02630,0,0,15,13,2,30
MSTRG.8949|TRSC58_02630,0,4,17,14,3,35
MSTRG.8958,0,4,16,10,12,71
TrSC58v2_9156.t1.e1,0,0,0,0,0,0
TrSC58v2_9156,0,0,0,0,0,0
MSTRG.8960|X-element\ORF2,0,13,5,0,4,6
TrSC58v2_9183|GNL2,0,0,3,5,5,17
MSTRG.8987|GNL2,0,0,4,7,6,18
TrSC58v2_9184|TRSC58_04842,0,0,4,0,1,12
MSTRG.8988|TRSC58_04842,0,0,4,0,4,13
TrSC58v2_9188|At3g45770,0,0,1,15,3,39
MSTRG.8992|At3g45770,0,7,17,19,3,46
MSTRG.8999,0,5,12,20,4,27
TrSC58v2_9262|PRO-1,0,0,0,0,0,0
TrSC58v2_9262.t1.e1|PRO-1,0,0,0,0,0,0
TrSC58v2_9263|THT2C,0,0,0,0,0,0
TrSC58v2_9263.t1.e1|THT2C,0,0,0,0,0,0
MSTRG.9061|CHMP6,0,0,7,12,0,17
MSTRG.9064|gp63,0,9,22,21,15,64
MSTRG.9066|TCNA,0,0,5,6,0,9
TrSC58v2_9278|TRSC58_05410,0,0,0,0,0,0
TrSC58v2_9278.t1.e1|TRSC58_05410,0,0,0,0,0,0
TrSC58v2_9279,0,0,0,0,0,0
TrSC58v2_9279.t1.e1,0,0,0,0,0,0
TrSC58v2_9282|ESAG4,0,0,6,10,3,16
MSTRG.9067|ESAG4,0,6,8,13,4,25
TrSC58v2_9283|TRSC58_06865,0,0,0,2,0,0
MSTRG.9068|TRSC58_06865,0,0,0,2,0,0
MSTRG.9071|TcCL_Unassigned05216,0,0,0,0,0,6
TrSC58v2_9287|TRSC58_06890,0,0,0,0,0,0
TrSC58v2_9287.t1.e1|TRSC58_06890,0,0,0,0,0,0
MSTRG.9072|TCSYLVIO_009456,0,0,0,4,0,2
MSTRG.9077|C42C1.13,0,0,12,19,0,54
MSTRG.9081|LOG7,0,5,18,16,13,43
MSTRG.9083|TcCLB.511317.60,0,0,1,5,2,3
TrSC58v2_9314|colt,0,0,0,0,0,0
TrSC58v2_9314.t1.e1|colt,0,0,0,0,0,0
MSTRG.9084|C4B63_35g591c,0,6,12,11,5,28
MSTRG.9085|PRL-1,0,0,4,6,13,14
MSTRG.9097,0,7,7,16,11,34
MSTRG.9101|Tc00.1047053503473.20,0,11,26,33,16,71
MSTRG.9109|TcCL_ESM12910,0,2,0,0,2,6
MSTRG.9110|Tc_MARK_8865,0,2,3,8,6,23
MSTRG.9114|TcCLB.511643.4,0,3,0,1,1,5
MSTRG.9117|Tb927.5.3830,0,0,0,0,2,0
TrSC58v2_9340|TRSC58_00439,0,0,1,3,2,5
MSTRG.9118|TRSC58_00439,0,0,3,8,5,12
TrSC58v2_9342|TRSC58_02502,0,0,3,0,0,7
MSTRG.9120|TRSC58_02502,0,0,4,8,8,14
TrSC58v2_9343|C3747_186g6,0,0,0,0,0,1
MSTRG.9121|C3747_186g6,0,0,0,0,4,4
MSTRG.9122,0,0,8,30,3,12
TrSC58v2_9346|DQ04_02981020,0,0,7,0,1,4
MSTRG.9125|DQ04_02981020,0,4,8,12,2,4
TrSC58v2_9352|TRSC58_01719,0,0,0,0,0,1
MSTRG.9129|TRSC58_01719,0,0,0,0,0,10
MSTRG.9130,0,0,4,5,5,37
TrSC58v2_9354|DQ04_04431070,0,1,0,1,1,1
MSTRG.9132|DQ04_04431070,0,4,0,2,1,1
TrSC58v2_9372|C3747_23g114,0,0,1,2,6,22
MSTRG.9144|C3747_23g114,0,4,3,4,7,25
TrSC58v2_9380,0,1,0,0,0,2
MSTRG.9153,0,3,0,0,0,5
MSTRG.9156|TcSYL_0108050,0,2,3,3,0,8
MSTRG.9161|ALKBH7,0,0,4,15,2,24
MSTRG.9170|TRSC58_02884,0,4,2,6,2,9
MSTRG.9176|BCY84_13615,0,9,8,6,3,20
MSTRG.9177|TRSC58_04792,0,0,0,0,0,4
TrSC58v2_9410|ESAG4,0,0,0,0,0,3
MSTRG.9179|ESAG4,0,0,0,0,0,4
MSTRG.9180,0,8,29,16,20,29
MSTRG.9187|TRSC58_05660,0,2,15,7,15,40
MSTRG.9201|TcYC6_0100850,0,4,5,10,9,39
TrSC58v2_9432|C4B63_35g591c,0,0,0,1,1,1
MSTRG.9207|C4B63_35g591c,0,0,0,1,1,2
TrSC58v2_9439,0,0,0,0,0,0
MSTRG.9214,0,0,0,0,0,3
TrSC58v2_9440.t1.e1,0,0,0,0,0,1
TrSC58v2_9440,0,0,0,0,0,1
TrSC58v2_9441|TRSC58_04771,0,0,1,1,1,2
MSTRG.9215|TRSC58_04771,0,0,1,1,1,2
TrSC58v2_9443.t1.e1|TCDM_11920,0,0,0,0,0,1
TrSC58v2_9443|TCDM_11920,0,0,0,0,0,1
TrSC58v2_9445|GP85,0,0,0,0,0,0
TrSC58v2_9445.t1.e1|GP85,0,0,0,0,0,0
MSTRG.9224|TRSC58_07193,0,0,2,2,0,5
MSTRG.9225|TRSC58_06424,0,0,5,2,0,3
TrSC58v2_9452|MUC4,0,0,0,1,0,1
TrSC58v2_9452.t1.e1|MUC4,0,0,0,1,0,1
MSTRG.9229,0,5,14,13,0,57
